fold_id,event_id,cycle_id,cycle_number,timestamp,token,source_type,validation_status,selected,rule,actual_profit_usd,actual_profitable
1,HISTORICAL:CYCLE-000006-20260730T214218000000:00000501,CYCLE-000006-20260730T214218000000,6,2026-07-30T21:42:18.000+00:00,BOLT,HISTORICAL,HISTORICAL_UNVALIDATED,True,BASE_FILTER_ONLY,0.025919000000000025,True
1,HISTORICAL:CYCLE-000006-20260730T214218000000:00000502,CYCLE-000006-20260730T214218000000,6,2026-07-30T21:42:18.000+00:00,PENGU,HISTORICAL,HISTORICAL_UNVALIDATED,False,BASE_FILTER_ONLY,-0.0011149999999999754,False
1,HISTORICAL:CYCLE-000006-20260730T214218000000:00000503,CYCLE-000006-20260730T214218000000,6,2026-07-30T21:42:18.000+00:00,TSLAx,HISTORICAL,HISTORICAL_UNVALIDATED,False,BASE_FILTER_ONLY,-0.0017510000000000563,False
1,HISTORICAL:CYCLE-000006-20260730T214218000000:00000504,CYCLE-000006-20260730T214218000000,6,2026-07-30T21:42:18.000+00:00,PUMP,HISTORICAL,HISTORICAL_UNVALIDATED,False,BASE_FILTER_ONLY,-0.001800000000000022,False
1,HISTORICAL:CYCLE-000006-20260730T214218000000:00000505,CYCLE-000006-20260730T214218000000,6,2026-07-30T21:42:18.000+00:00,JUP,HISTORICAL,HISTORICAL_UNVALIDATED,False,BASE_FILTER_ONLY,-0.001856000000000078,False
1,HISTORICAL:CYCLE-000006-20260730T214218000000:00000506,CYCLE-000006-20260730T214218000000,6,2026-07-30T21:42:18.000+00:00,bSOL,HISTORICAL,HISTORICAL_UNVALIDATED,False,BASE_FILTER_ONLY,-0.0018569999999999958,False
1,HISTORICAL:CYCLE-000006-20260730T214218000000:00000507,CYCLE-000006-20260730T214218000000,6,2026-07-30T21:42:18.000+00:00,CRCLx,HISTORICAL,HISTORICAL_UNVALIDATED,False,BASE_FILTER_ONLY,-0.0018590000000000533,False
1,HISTORICAL:CYCLE-000006-20260730T214218000000:00000508,CYCLE-000006-20260730T214218000000,6,2026-07-30T21:42:18.000+00:00,JupUSD,HISTORICAL,HISTORICAL_UNVALIDATED,False,BASE_FILTER_ONLY,-0.001883999999999995,False
1,HISTORICAL:CYCLE-000006-20260730T214218000000:00000509,CYCLE-000006-20260730T214218000000,6,2026-07-30T21:42:18.000+00:00,USDe,HISTORICAL,HISTORICAL_UNVALIDATED,False,BASE_FILTER_ONLY,-0.0018860000000000526,False
1,HISTORICAL:CYCLE-000006-20260730T214218000000:00000510,CYCLE-000006-20260730T214218000000,6,2026-07-30T21:42:18.000+00:00,USD1,HISTORICAL,HISTORICAL_UNVALIDATED,False,BASE_FILTER_ONLY,-0.0019059999999999615,False
1,HISTORICAL:CYCLE-000006-20260730T214218000000:00000511,CYCLE-000006-20260730T214218000000,6,2026-07-30T21:42:18.000+00:00,USDT,HISTORICAL,HISTORICAL_UNVALIDATED,False,BASE_FILTER_ONLY,-0.0019070000000001013,False
1,HISTORICAL:CYCLE-000006-20260730T214218000000:00000512,CYCLE-000006-20260730T214218000000,6,2026-07-30T21:42:18.000+00:00,mSOL,HISTORICAL,HISTORICAL_UNVALIDATED,False,BASE_FILTER_ONLY,-0.0019100000000000766,False
1,HISTORICAL:CYCLE-000006-20260730T214218000000:00000513,CYCLE-000006-20260730T214218000000,6,2026-07-30T21:42:18.000+00:00,$WIF,HISTORICAL,HISTORICAL_UNVALIDATED,False,BASE_FILTER_ONLY,-0.0019130000000000518,False
1,HISTORICAL:CYCLE-000006-20260730T214218000000:00000514,CYCLE-000006-20260730T214218000000,6,2026-07-30T21:42:18.000+00:00,JLP,HISTORICAL,HISTORICAL_UNVALIDATED,False,BASE_FILTER_ONLY,-0.0019210000000000598,False
1,HISTORICAL:CYCLE-000006-20260730T214218000000:00000515,CYCLE-000006-20260730T214218000000,6,2026-07-30T21:42:18.000+00:00,JitoSOL,HISTORICAL,HISTORICAL_UNVALIDATED,False,BASE_FILTER_ONLY,-0.0019290000000000678,False
1,HISTORICAL:CYCLE-000006-20260730T214218000000:00000516,CYCLE-000006-20260730T214218000000,6,2026-07-30T21:42:18.000+00:00,SOL,HISTORICAL,HISTORICAL_UNVALIDATED,False,BASE_FILTER_ONLY,-0.0019379999999999935,False
1,HISTORICAL:CYCLE-000006-20260730T214218000000:00000517,CYCLE-000006-20260730T214218000000,6,2026-07-30T21:42:18.000+00:00,JupSOL,HISTORICAL,HISTORICAL_UNVALIDATED,False,BASE_FILTER_ONLY,-0.0019420000000001086,False
1,HISTORICAL:CYCLE-000006-20260730T214218000000:00000518,CYCLE-000006-20260730T214218000000,6,2026-07-30T21:42:18.000+00:00,Bonk,HISTORICAL,HISTORICAL_UNVALIDATED,False,BASE_FILTER_ONLY,-0.0019469999999999193,False
1,HISTORICAL:CYCLE-000006-20260730T214218000000:00000519,CYCLE-000006-20260730T214218000000,6,2026-07-30T21:42:18.000+00:00,SPCX,HISTORICAL,HISTORICAL_UNVALIDATED,False,BASE_FILTER_ONLY,-0.0019659999999999105,False
1,HISTORICAL:CYCLE-000006-20260730T214218000000:00000520,CYCLE-000006-20260730T214218000000,6,2026-07-30T21:42:18.000+00:00,MU,HISTORICAL,HISTORICAL_UNVALIDATED,False,BASE_FILTER_ONLY,-0.001981000000000009,False
1,HISTORICAL:CYCLE-000006-20260730T214218000000:00000521,CYCLE-000006-20260730T214218000000,6,2026-07-30T21:42:18.000+00:00,HYPE,HISTORICAL,HISTORICAL_UNVALIDATED,False,BASE_FILTER_ONLY,-0.0019869999999999593,False
1,HISTORICAL:CYCLE-000006-20260730T214218000000:00000522,CYCLE-000006-20260730T214218000000,6,2026-07-30T21:42:18.000+00:00,USDG,HISTORICAL,HISTORICAL_UNVALIDATED,False,BASE_FILTER_ONLY,-0.001996000000000107,False
1,HISTORICAL:CYCLE-000006-20260730T214218000000:00000523,CYCLE-000006-20260730T214218000000,6,2026-07-30T21:42:18.000+00:00,CASH,HISTORICAL,HISTORICAL_UNVALIDATED,False,BASE_FILTER_ONLY,-0.002005000000000033,False
1,HISTORICAL:CYCLE-000006-20260730T214218000000:00000524,CYCLE-000006-20260730T214218000000,6,2026-07-30T21:42:18.000+00:00,PYUSD,HISTORICAL,HISTORICAL_UNVALIDATED,False,BASE_FILTER_ONLY,-0.002009000000000037,False
1,HISTORICAL:CYCLE-000006-20260730T214218000000:00000525,CYCLE-000006-20260730T214218000000,6,2026-07-30T21:42:18.000+00:00,syrupUSDC,HISTORICAL,HISTORICAL_UNVALIDATED,False,BASE_FILTER_ONLY,-0.0020109999999999833,False
1,HISTORICAL:CYCLE-000006-20260730T214218000000:00000526,CYCLE-000006-20260730T214218000000,6,2026-07-30T21:42:18.000+00:00,USDS,HISTORICAL,HISTORICAL_UNVALIDATED,False,BASE_FILTER_ONLY,-0.0020189999999999913,False
1,HISTORICAL:CYCLE-000006-20260730T214218000000:00000527,CYCLE-000006-20260730T214218000000,6,2026-07-30T21:42:18.000+00:00,TRX,HISTORICAL,HISTORICAL_UNVALIDATED,False,BASE_FILTER_ONLY,-0.002024000000000024,False
1,HISTORICAL:CYCLE-000006-20260730T214218000000:00000528,CYCLE-000006-20260730T214218000000,6,2026-07-30T21:42:18.000+00:00,PRIME,HISTORICAL,HISTORICAL_UNVALIDATED,False,BASE_FILTER_ONLY,-0.0020430000000000153,False
1,HISTORICAL:CYCLE-000006-20260730T214218000000:00000529,CYCLE-000006-20260730T214218000000,6,2026-07-30T21:42:18.000+00:00,EURC,HISTORICAL,HISTORICAL_UNVALIDATED,False,BASE_FILTER_ONLY,-0.0020869999999999483,False
1,HISTORICAL:CYCLE-000006-20260730T214218000000:00000530,CYCLE-000006-20260730T214218000000,6,2026-07-30T21:42:18.000+00:00,USX,HISTORICAL,HISTORICAL_UNVALIDATED,False,BASE_FILTER_ONLY,-0.00209300000000001,False
1,HISTORICAL:CYCLE-000006-20260730T214218000000:00000531,CYCLE-000006-20260730T214218000000,6,2026-07-30T21:42:18.000+00:00,SPYx,HISTORICAL,HISTORICAL_UNVALIDATED,False,BASE_FILTER_ONLY,-0.0021029999999999643,False
1,HISTORICAL:CYCLE-000006-20260730T214218000000:00000532,CYCLE-000006-20260730T214218000000,6,2026-07-30T21:42:18.000+00:00,ETH,HISTORICAL,HISTORICAL_UNVALIDATED,False,BASE_FILTER_ONLY,-0.0021430000000000043,False
1,HISTORICAL:CYCLE-000006-20260730T214218000000:00000533,CYCLE-000006-20260730T214218000000,6,2026-07-30T21:42:18.000+00:00,ONyc,HISTORICAL,HISTORICAL_UNVALIDATED,False,BASE_FILTER_ONLY,-0.0021579999999999915,False
1,HISTORICAL:CYCLE-000006-20260730T214218000000:00000534,CYCLE-000006-20260730T214218000000,6,2026-07-30T21:42:18.000+00:00,ZEC,HISTORICAL,HISTORICAL_UNVALIDATED,False,BASE_FILTER_ONLY,-0.0021700000000000035,False
1,HISTORICAL:CYCLE-000006-20260730T214218000000:00000535,CYCLE-000006-20260730T214218000000,6,2026-07-30T21:42:18.000+00:00,ANSEM,HISTORICAL,HISTORICAL_UNVALIDATED,False,BASE_FILTER_ONLY,-0.0021900000000000235,False
1,HISTORICAL:CYCLE-000006-20260730T214218000000:00000536,CYCLE-000006-20260730T214218000000,6,2026-07-30T21:42:18.000+00:00,BIRB,HISTORICAL,HISTORICAL_UNVALIDATED,False,BASE_FILTER_ONLY,-0.0022020000000000355,False
1,HISTORICAL:CYCLE-000006-20260730T214218000000:00000537,CYCLE-000006-20260730T214218000000,6,2026-07-30T21:42:18.000+00:00,NVDAx,HISTORICAL,HISTORICAL_UNVALIDATED,False,BASE_FILTER_ONLY,-0.0022830000000000333,False
1,HISTORICAL:CYCLE-000006-20260730T214218000000:00000538,CYCLE-000006-20260730T214218000000,6,2026-07-30T21:42:18.000+00:00,QQQx,HISTORICAL,HISTORICAL_UNVALIDATED,False,BASE_FILTER_ONLY,-0.002372000000000039,False
1,HISTORICAL:CYCLE-000006-20260730T214218000000:00000539,CYCLE-000006-20260730T214218000000,6,2026-07-30T21:42:18.000+00:00,RAY,HISTORICAL,HISTORICAL_UNVALIDATED,False,BASE_FILTER_ONLY,-0.002399999999999956,False
1,HISTORICAL:CYCLE-000006-20260730T214218000000:00000540,CYCLE-000006-20260730T214218000000,6,2026-07-30T21:42:18.000+00:00,cbBTC,HISTORICAL,HISTORICAL_UNVALIDATED,False,BASE_FILTER_ONLY,-0.0024290000000000127,False
1,HISTORICAL:CYCLE-000006-20260730T214218000000:00000541,CYCLE-000006-20260730T214218000000,6,2026-07-30T21:42:18.000+00:00,JTO,HISTORICAL,HISTORICAL_UNVALIDATED,False,BASE_FILTER_ONLY,-0.0025089999999999817,False
1,HISTORICAL:CYCLE-000006-20260730T214218000000:00000542,CYCLE-000006-20260730T214218000000,6,2026-07-30T21:42:18.000+00:00,ANTFUN,HISTORICAL,HISTORICAL_UNVALIDATED,False,BASE_FILTER_ONLY,-0.002551999999999997,False
1,HISTORICAL:CYCLE-000006-20260730T214218000000:00000543,CYCLE-000006-20260730T214218000000,6,2026-07-30T21:42:18.000+00:00,Fartcoin,HISTORICAL,HISTORICAL_UNVALIDATED,False,BASE_FILTER_ONLY,-0.0025810000000000537,False
1,HISTORICAL:CYCLE-000006-20260730T214218000000:00000544,CYCLE-000006-20260730T214218000000,6,2026-07-30T21:42:18.000+00:00,TRUMP,HISTORICAL,HISTORICAL_UNVALIDATED,False,BASE_FILTER_ONLY,-0.002611999999999946,False
1,HISTORICAL:CYCLE-000006-20260730T214218000000:00000545,CYCLE-000006-20260730T214218000000,6,2026-07-30T21:42:18.000+00:00,neet,HISTORICAL,HISTORICAL_UNVALIDATED,False,BASE_FILTER_ONLY,-0.002611999999999946,False
1,HISTORICAL:CYCLE-000006-20260730T214218000000:00000546,CYCLE-000006-20260730T214218000000,6,2026-07-30T21:42:18.000+00:00,ORCA,HISTORICAL,HISTORICAL_UNVALIDATED,False,BASE_FILTER_ONLY,-0.0027340000000000125,False
1,HISTORICAL:CYCLE-000006-20260730T214218000000:00000547,CYCLE-000006-20260730T214218000000,6,2026-07-30T21:42:18.000+00:00,WBTC,HISTORICAL,HISTORICAL_UNVALIDATED,False,BASE_FILTER_ONLY,-0.0029970000000000257,False
1,HISTORICAL:CYCLE-000006-20260730T214218000000:00000548,CYCLE-000006-20260730T214218000000,6,2026-07-30T21:42:18.000+00:00,MSTRx,HISTORICAL,HISTORICAL_UNVALIDATED,False,BASE_FILTER_ONLY,-0.0030139999999999594,False
1,HISTORICAL:CYCLE-000006-20260730T214218000000:00000549,CYCLE-000006-20260730T214218000000,6,2026-07-30T21:42:18.000+00:00,GEOD,HISTORICAL,HISTORICAL_UNVALIDATED,False,BASE_FILTER_ONLY,-0.003055000000000028,False
1,HISTORICAL:CYCLE-000006-20260730T214218000000:00000550,CYCLE-000006-20260730T214218000000,6,2026-07-30T21:42:18.000+00:00,META,HISTORICAL,HISTORICAL_UNVALIDATED,False,BASE_FILTER_ONLY,-0.0031250000000000427,False
1,HISTORICAL:CYCLE-000006-20260730T214218000000:00000551,CYCLE-000006-20260730T214218000000,6,2026-07-30T21:42:18.000+00:00,BILL,HISTORICAL,HISTORICAL_UNVALIDATED,False,BASE_FILTER_ONLY,-0.0031740000000000084,False
1,HISTORICAL:CYCLE-000006-20260730T214218000000:00000552,CYCLE-000006-20260730T214218000000,6,2026-07-30T21:42:18.000+00:00,POPCAT,HISTORICAL,HISTORICAL_UNVALIDATED,False,BASE_FILTER_ONLY,-0.003183000000000045,False
1,HISTORICAL:CYCLE-000006-20260730T214218000000:00000553,CYCLE-000006-20260730T214218000000,6,2026-07-30T21:42:18.000+00:00,MET,HISTORICAL,HISTORICAL_UNVALIDATED,False,BASE_FILTER_ONLY,-0.00327900000000003,False
1,HISTORICAL:CYCLE-000006-20260730T214218000000:00000554,CYCLE-000006-20260730T214218000000,6,2026-07-30T21:42:18.000+00:00,arc,HISTORICAL,HISTORICAL_UNVALIDATED,False,BASE_FILTER_ONLY,-0.003307999999999976,False
1,HISTORICAL:CYCLE-000006-20260730T214218000000:00000555,CYCLE-000006-20260730T214218000000,6,2026-07-30T21:42:18.000+00:00,SKHY,HISTORICAL,HISTORICAL_UNVALIDATED,False,BASE_FILTER_ONLY,-0.0035530000000000266,False
1,HISTORICAL:CYCLE-000006-20260730T214218000000:00000556,CYCLE-000006-20260730T214218000000,6,2026-07-30T21:42:18.000+00:00,SPX,HISTORICAL,HISTORICAL_UNVALIDATED,False,BASE_FILTER_ONLY,-0.0038010000000000526,False
1,HISTORICAL:CYCLE-000006-20260730T214218000000:00000557,CYCLE-000006-20260730T214218000000,6,2026-07-30T21:42:18.000+00:00,USELESS,HISTORICAL,HISTORICAL_UNVALIDATED,False,BASE_FILTER_ONLY,-0.0038340000000000023,False
1,HISTORICAL:CYCLE-000006-20260730T214218000000:00000558,CYCLE-000006-20260730T214218000000,6,2026-07-30T21:42:18.000+00:00,Jimothy,HISTORICAL,HISTORICAL_UNVALIDATED,False,BASE_FILTER_ONLY,-0.003931000000000016,False
1,HISTORICAL:CYCLE-000006-20260730T214218000000:00000559,CYCLE-000006-20260730T214218000000,6,2026-07-30T21:42:18.000+00:00,jellyjelly,HISTORICAL,HISTORICAL_UNVALIDATED,False,BASE_FILTER_ONLY,-0.004036000000000038,False
1,HISTORICAL:CYCLE-000006-20260730T214218000000:00000560,CYCLE-000006-20260730T214218000000,6,2026-07-30T21:42:18.000+00:00,CARDS,HISTORICAL,HISTORICAL_UNVALIDATED,False,BASE_FILTER_ONLY,-0.004803,False
1,HISTORICAL:CYCLE-000006-20260730T214218000000:00000561,CYCLE-000006-20260730T214218000000,6,2026-07-30T21:42:18.000+00:00,ZEREBRO,HISTORICAL,HISTORICAL_UNVALIDATED,False,BASE_FILTER_ONLY,-0.004817999999999987,False
1,HISTORICAL:CYCLE-000006-20260730T214218000000:00000562,CYCLE-000006-20260730T214218000000,6,2026-07-30T21:42:18.000+00:00,BOME,HISTORICAL,HISTORICAL_UNVALIDATED,False,BASE_FILTER_ONLY,-0.004898999999999985,False
1,HISTORICAL:CYCLE-000006-20260730T214218000000:00000563,CYCLE-000006-20260730T214218000000,6,2026-07-30T21:42:18.000+00:00,ORE,HISTORICAL,HISTORICAL_UNVALIDATED,False,BASE_FILTER_ONLY,-0.0051930000000000014,False
1,HISTORICAL:CYCLE-000006-20260730T214218000000:00000564,CYCLE-000006-20260730T214218000000,6,2026-07-30T21:42:18.000+00:00,TROLL,HISTORICAL,HISTORICAL_UNVALIDATED,False,BASE_FILTER_ONLY,-0.005628999999999993,False
1,HISTORICAL:CYCLE-000006-20260730T214218000000:00000565,CYCLE-000006-20260730T214218000000,6,2026-07-30T21:42:18.000+00:00,CHATOSHI,HISTORICAL,HISTORICAL_UNVALIDATED,False,BASE_FILTER_ONLY,-0.005877000000000019,False
1,HISTORICAL:CYCLE-000006-20260730T214218000000:00000566,CYCLE-000006-20260730T214218000000,6,2026-07-30T21:42:18.000+00:00,AAPLx,HISTORICAL,HISTORICAL_UNVALIDATED,False,BASE_FILTER_ONLY,-0.00600900000000004,False
1,HISTORICAL:CYCLE-000006-20260730T214218000000:00000567,CYCLE-000006-20260730T214218000000,6,2026-07-30T21:42:18.000+00:00,pippin,HISTORICAL,HISTORICAL_UNVALIDATED,False,BASE_FILTER_ONLY,-0.006145999999999983,False
1,HISTORICAL:CYCLE-000006-20260730T214218000000:00000568,CYCLE-000006-20260730T214218000000,6,2026-07-30T21:42:18.000+00:00,SHIB,HISTORICAL,HISTORICAL_UNVALIDATED,False,BASE_FILTER_ONLY,-0.006658000000000051,False
1,HISTORICAL:CYCLE-000006-20260730T214218000000:00000569,CYCLE-000006-20260730T214218000000,6,2026-07-30T21:42:18.000+00:00,CLANKER,HISTORICAL,HISTORICAL_UNVALIDATED,False,BASE_FILTER_ONLY,-0.006678999999999989,False
1,HISTORICAL:CYCLE-000006-20260730T214218000000:00000570,CYCLE-000006-20260730T214218000000,6,2026-07-30T21:42:18.000+00:00,MEW,HISTORICAL,HISTORICAL_UNVALIDATED,False,BASE_FILTER_ONLY,-0.006793999999999965,False
1,HISTORICAL:CYCLE-000006-20260730T214218000000:00000571,CYCLE-000006-20260730T214218000000,6,2026-07-30T21:42:18.000+00:00,GIKO,HISTORICAL,HISTORICAL_UNVALIDATED,False,BASE_FILTER_ONLY,-0.0068200000000000465,False
1,HISTORICAL:CYCLE-000006-20260730T214218000000:00000572,CYCLE-000006-20260730T214218000000,6,2026-07-30T21:42:18.000+00:00,FUN,HISTORICAL,HISTORICAL_UNVALIDATED,False,BASE_FILTER_ONLY,-0.006823000000000022,False
1,HISTORICAL:CYCLE-000006-20260730T214218000000:00000573,CYCLE-000006-20260730T214218000000,6,2026-07-30T21:42:18.000+00:00,QST,HISTORICAL,HISTORICAL_UNVALIDATED,False,BASE_FILTER_ONLY,-0.00683699999999998,False
1,HISTORICAL:CYCLE-000006-20260730T214218000000:00000574,CYCLE-000006-20260730T214218000000,6,2026-07-30T21:42:18.000+00:00,RWA,HISTORICAL,HISTORICAL_UNVALIDATED,False,BASE_FILTER_ONLY,-0.0068960000000000115,False
1,HISTORICAL:CYCLE-000006-20260730T214218000000:00000575,CYCLE-000006-20260730T214218000000,6,2026-07-30T21:42:18.000+00:00,BP,HISTORICAL,HISTORICAL_UNVALIDATED,False,BASE_FILTER_ONLY,-0.007072999999999994,False
1,HISTORICAL:CYCLE-000006-20260730T214218000000:00000576,CYCLE-000006-20260730T214218000000,6,2026-07-30T21:42:18.000+00:00,TripleT,HISTORICAL,HISTORICAL_UNVALIDATED,False,BASE_FILTER_ONLY,-0.0073199999999999914,False
1,HISTORICAL:CYCLE-000006-20260730T214218000000:00000577,CYCLE-000006-20260730T214218000000,6,2026-07-30T21:42:18.000+00:00,KET,HISTORICAL,HISTORICAL_UNVALIDATED,False,BASE_FILTER_ONLY,-0.007809999999999982,False
1,HISTORICAL:CYCLE-000006-20260730T214218000000:00000578,CYCLE-000006-20260730T214218000000,6,2026-07-30T21:42:18.000+00:00,Buttcoin,HISTORICAL,HISTORICAL_UNVALIDATED,False,BASE_FILTER_ONLY,-0.007916000000000032,False
1,HISTORICAL:CYCLE-000006-20260730T214218000000:00000579,CYCLE-000006-20260730T214218000000,6,2026-07-30T21:42:18.000+00:00,KIN,HISTORICAL,HISTORICAL_UNVALIDATED,False,BASE_FILTER_ONLY,-0.008187999999999971,False
1,HISTORICAL:CYCLE-000006-20260730T214218000000:00000580,CYCLE-000006-20260730T214218000000,6,2026-07-30T21:42:18.000+00:00,Cupsey,HISTORICAL,HISTORICAL_UNVALIDATED,False,BASE_FILTER_ONLY,-0.010306999999999953,False
1,HISTORICAL:CYCLE-000006-20260730T214218000000:00000581,CYCLE-000006-20260730T214218000000,6,2026-07-30T21:42:18.000+00:00,CRED,HISTORICAL,HISTORICAL_UNVALIDATED,False,BASE_FILTER_ONLY,-0.011427999999999992,False
1,HISTORICAL:CYCLE-000006-20260730T214218000000:00000582,CYCLE-000006-20260730T214218000000,6,2026-07-30T21:42:18.000+00:00,BELIEVE,HISTORICAL,HISTORICAL_UNVALIDATED,False,BASE_FILTER_ONLY,-0.011790999999999994,False
1,HISTORICAL:CYCLE-000006-20260730T214218000000:00000583,CYCLE-000006-20260730T214218000000,6,2026-07-30T21:42:18.000+00:00,Aliens,HISTORICAL,HISTORICAL_UNVALIDATED,False,BASE_FILTER_ONLY,-0.014294000000000027,False
1,HISTORICAL:CYCLE-000006-20260730T214218000000:00000584,CYCLE-000006-20260730T214218000000,6,2026-07-30T21:42:18.000+00:00,MICHI,HISTORICAL,HISTORICAL_UNVALIDATED,False,BASE_FILTER_ONLY,-0.014823000000000029,False
1,HISTORICAL:CYCLE-000006-20260730T214218000000:00000585,CYCLE-000006-20260730T214218000000,6,2026-07-30T21:42:18.000+00:00,DJI6930,HISTORICAL,HISTORICAL_UNVALIDATED,False,BASE_FILTER_ONLY,-0.017854000000000037,False
1,HISTORICAL:CYCLE-000006-20260730T214218000000:00000586,CYCLE-000006-20260730T214218000000,6,2026-07-30T21:42:18.000+00:00,memecoin,HISTORICAL,HISTORICAL_UNVALIDATED,False,BASE_FILTER_ONLY,-0.01946099999999995,False
1,HISTORICAL:CYCLE-000006-20260730T214218000000:00000587,CYCLE-000006-20260730T214218000000,6,2026-07-30T21:42:18.000+00:00,crypto,HISTORICAL,HISTORICAL_UNVALIDATED,False,BASE_FILTER_ONLY,-0.01968599999999998,False
1,HISTORICAL:CYCLE-000006-20260730T214218000000:00000588,CYCLE-000006-20260730T214218000000,6,2026-07-30T21:42:18.000+00:00,SAN,HISTORICAL,HISTORICAL_UNVALIDATED,False,BASE_FILTER_ONLY,-0.019706,False
1,HISTORICAL:CYCLE-000006-20260730T214218000000:00000589,CYCLE-000006-20260730T214218000000,6,2026-07-30T21:42:18.000+00:00,HODL,HISTORICAL,HISTORICAL_UNVALIDATED,False,BASE_FILTER_ONLY,-0.020469999999999988,False
1,HISTORICAL:CYCLE-000006-20260730T214218000000:00000590,CYCLE-000006-20260730T214218000000,6,2026-07-30T21:42:18.000+00:00,COPPERINU,HISTORICAL,HISTORICAL_UNVALIDATED,False,BASE_FILTER_ONLY,-0.02141599999999999,False
1,HISTORICAL:CYCLE-000006-20260730T214218000000:00000591,CYCLE-000006-20260730T214218000000,6,2026-07-30T21:42:18.000+00:00,PURCH,HISTORICAL,HISTORICAL_UNVALIDATED,False,BASE_FILTER_ONLY,-0.02144299999999999,False
1,HISTORICAL:CYCLE-000006-20260730T214218000000:00000592,CYCLE-000006-20260730T214218000000,6,2026-07-30T21:42:18.000+00:00,NOTHING,HISTORICAL,HISTORICAL_UNVALIDATED,False,BASE_FILTER_ONLY,-0.021510999999999947,False
1,HISTORICAL:CYCLE-000006-20260730T214218000000:00000593,CYCLE-000006-20260730T214218000000,6,2026-07-30T21:42:18.000+00:00,DEXTER,HISTORICAL,HISTORICAL_UNVALIDATED,False,BASE_FILTER_ONLY,-0.021638000000000046,False
1,HISTORICAL:CYCLE-000006-20260730T214218000000:00000594,CYCLE-000006-20260730T214218000000,6,2026-07-30T21:42:18.000+00:00,PEPONK,HISTORICAL,HISTORICAL_UNVALIDATED,False,BASE_FILTER_ONLY,-0.021716999999999986,False
1,HISTORICAL:CYCLE-000006-20260730T214218000000:00000595,CYCLE-000006-20260730T214218000000,6,2026-07-30T21:42:18.000+00:00,LAYOFF,HISTORICAL,HISTORICAL_UNVALIDATED,False,BASE_FILTER_ONLY,-0.021745000000000014,False
1,HISTORICAL:CYCLE-000006-20260730T214218000000:00000596,CYCLE-000006-20260730T214218000000,6,2026-07-30T21:42:18.000+00:00,WIZARD,HISTORICAL,HISTORICAL_UNVALIDATED,False,BASE_FILTER_ONLY,-0.022440000000000015,False
1,HISTORICAL:CYCLE-000006-20260730T214218000000:00000597,CYCLE-000006-20260730T214218000000,6,2026-07-30T21:42:18.000+00:00,Stickman,HISTORICAL,HISTORICAL_UNVALIDATED,False,BASE_FILTER_ONLY,-0.022750999999999966,False
1,HISTORICAL:CYCLE-000006-20260730T214218000000:00000598,CYCLE-000006-20260730T214218000000,6,2026-07-30T21:42:18.000+00:00,CWU,HISTORICAL,HISTORICAL_UNVALIDATED,False,BASE_FILTER_ONLY,-0.041317999999999966,False
1,HISTORICAL:CYCLE-000006-20260730T214218000000:00000599,CYCLE-000006-20260730T214218000000,6,2026-07-30T21:42:18.000+00:00,CPT,HISTORICAL,HISTORICAL_UNVALIDATED,False,BASE_FILTER_ONLY,-0.04163499999999998,False
1,HISTORICAL:CYCLE-000006-20260730T214218000000:00000600,CYCLE-000006-20260730T214218000000,6,2026-07-30T21:42:18.000+00:00,DUMP,HISTORICAL,HISTORICAL_UNVALIDATED,False,BASE_FILTER_ONLY,-0.20155100000000004,False
1,HISTORICAL:CYCLE-000007-20260731T024036000000:00000601,CYCLE-000007-20260731T024036000000,7,2026-07-31T02:40:36.000+00:00,SKHY,HISTORICAL,HISTORICAL_UNVALIDATED,False,BASE_FILTER_ONLY,-0.0016190000000000353,False
1,HISTORICAL:CYCLE-000007-20260731T024036000000:00000602,CYCLE-000007-20260731T024036000000,7,2026-07-31T02:40:36.000+00:00,MU,HISTORICAL,HISTORICAL_UNVALIDATED,False,BASE_FILTER_ONLY,-0.0016460000000000346,False
1,HISTORICAL:CYCLE-000007-20260731T024036000000:00000603,CYCLE-000007-20260731T024036000000,7,2026-07-31T02:40:36.000+00:00,USDT,HISTORICAL,HISTORICAL_UNVALIDATED,False,BASE_FILTER_ONLY,-0.001724000000000057,False
1,HISTORICAL:CYCLE-000007-20260731T024036000000:00000604,CYCLE-000007-20260731T024036000000,7,2026-07-31T02:40:36.000+00:00,JupUSD,HISTORICAL,HISTORICAL_UNVALIDATED,False,BASE_FILTER_ONLY,-0.00172799999999995,False
1,HISTORICAL:CYCLE-000007-20260731T024036000000:00000605,CYCLE-000007-20260731T024036000000,7,2026-07-31T02:40:36.000+00:00,PENGU,HISTORICAL,HISTORICAL_UNVALIDATED,False,BASE_FILTER_ONLY,-0.0017620000000000396,False
1,HISTORICAL:CYCLE-000007-20260731T024036000000:00000606,CYCLE-000007-20260731T024036000000,7,2026-07-31T02:40:36.000+00:00,USD1,HISTORICAL,HISTORICAL_UNVALIDATED,False,BASE_FILTER_ONLY,-0.001779999999999891,False
1,HISTORICAL:CYCLE-000007-20260731T024036000000:00000607,CYCLE-000007-20260731T024036000000,7,2026-07-31T02:40:36.000+00:00,mSOL,HISTORICAL,HISTORICAL_UNVALIDATED,False,BASE_FILTER_ONLY,-0.0018169999999999558,False
1,HISTORICAL:CYCLE-000007-20260731T024036000000:00000608,CYCLE-000007-20260731T024036000000,7,2026-07-31T02:40:36.000+00:00,TRUMP,HISTORICAL,HISTORICAL_UNVALIDATED,False,BASE_FILTER_ONLY,-0.0018290000000000788,False
1,HISTORICAL:CYCLE-000007-20260731T024036000000:00000609,CYCLE-000007-20260731T024036000000,7,2026-07-31T02:40:36.000+00:00,USDG,HISTORICAL,HISTORICAL_UNVALIDATED,False,BASE_FILTER_ONLY,-0.0018389999999999223,False
1,HISTORICAL:CYCLE-000007-20260731T024036000000:00000610,CYCLE-000007-20260731T024036000000,7,2026-07-31T02:40:36.000+00:00,PYUSD,HISTORICAL,HISTORICAL_UNVALIDATED,False,BASE_FILTER_ONLY,-0.00184800000000007,False
1,HISTORICAL:CYCLE-000007-20260731T024036000000:00000611,CYCLE-000007-20260731T024036000000,7,2026-07-31T02:40:36.000+00:00,PUMP,HISTORICAL,HISTORICAL_UNVALIDATED,False,BASE_FILTER_ONLY,-0.0018590000000000533,False
1,HISTORICAL:CYCLE-000007-20260731T024036000000:00000612,CYCLE-000007-20260731T024036000000,7,2026-07-31T02:40:36.000+00:00,SOL,HISTORICAL,HISTORICAL_UNVALIDATED,False,BASE_FILTER_ONLY,-0.0018819999999999375,False
1,HISTORICAL:CYCLE-000007-20260731T024036000000:00000613,CYCLE-000007-20260731T024036000000,7,2026-07-31T02:40:36.000+00:00,NVDAx,HISTORICAL,HISTORICAL_UNVALIDATED,False,BASE_FILTER_ONLY,-0.0018970000000000358,False
1,HISTORICAL:CYCLE-000007-20260731T024036000000:00000614,CYCLE-000007-20260731T024036000000,7,2026-07-31T02:40:36.000+00:00,ETH,HISTORICAL,HISTORICAL_UNVALIDATED,False,BASE_FILTER_ONLY,-0.0019229999999998953,False
1,HISTORICAL:CYCLE-000007-20260731T024036000000:00000615,CYCLE-000007-20260731T024036000000,7,2026-07-31T02:40:36.000+00:00,JitoSOL,HISTORICAL,HISTORICAL_UNVALIDATED,False,BASE_FILTER_ONLY,-0.001932000000000043,False
1,HISTORICAL:CYCLE-000007-20260731T024036000000:00000616,CYCLE-000007-20260731T024036000000,7,2026-07-31T02:40:36.000+00:00,JupSOL,HISTORICAL,HISTORICAL_UNVALIDATED,False,BASE_FILTER_ONLY,-0.001940000000000051,False
1,HISTORICAL:CYCLE-000007-20260731T024036000000:00000617,CYCLE-000007-20260731T024036000000,7,2026-07-31T02:40:36.000+00:00,CRCLx,HISTORICAL,HISTORICAL_UNVALIDATED,False,BASE_FILTER_ONLY,-0.0019450000000000838,False
1,HISTORICAL:CYCLE-000007-20260731T024036000000:00000618,CYCLE-000007-20260731T024036000000,7,2026-07-31T02:40:36.000+00:00,JLP,HISTORICAL,HISTORICAL_UNVALIDATED,False,BASE_FILTER_ONLY,-0.0019499999999998945,False
1,HISTORICAL:CYCLE-000007-20260731T024036000000:00000619,CYCLE-000007-20260731T024036000000,7,2026-07-31T02:40:36.000+00:00,USDe,HISTORICAL,HISTORICAL_UNVALIDATED,False,BASE_FILTER_ONLY,-0.001956999999999985,False
1,HISTORICAL:CYCLE-000007-20260731T024036000000:00000620,CYCLE-000007-20260731T024036000000,7,2026-07-31T02:40:36.000+00:00,SPYx,HISTORICAL,HISTORICAL_UNVALIDATED,False,BASE_FILTER_ONLY,-0.001981000000000009,False
1,HISTORICAL:CYCLE-000007-20260731T024036000000:00000621,CYCLE-000007-20260731T024036000000,7,2026-07-31T02:40:36.000+00:00,EURC,HISTORICAL,HISTORICAL_UNVALIDATED,False,BASE_FILTER_ONLY,-0.002,False
1,HISTORICAL:CYCLE-000007-20260731T024036000000:00000622,CYCLE-000007-20260731T024036000000,7,2026-07-31T02:40:36.000+00:00,USDS,HISTORICAL,HISTORICAL_UNVALIDATED,False,BASE_FILTER_ONLY,-0.002005000000000033,False
1,HISTORICAL:CYCLE-000007-20260731T024036000000:00000623,CYCLE-000007-20260731T024036000000,7,2026-07-31T02:40:36.000+00:00,syrupUSDC,HISTORICAL,HISTORICAL_UNVALIDATED,False,BASE_FILTER_ONLY,-0.0020099999999999545,False
1,HISTORICAL:CYCLE-000007-20260731T024036000000:00000624,CYCLE-000007-20260731T024036000000,7,2026-07-31T02:40:36.000+00:00,CASH,HISTORICAL,HISTORICAL_UNVALIDATED,False,BASE_FILTER_ONLY,-0.0020109999999999833,False
1,HISTORICAL:CYCLE-000007-20260731T024036000000:00000625,CYCLE-000007-20260731T024036000000,7,2026-07-31T02:40:36.000+00:00,hyloSOL,HISTORICAL,HISTORICAL_UNVALIDATED,False,BASE_FILTER_ONLY,-0.002013000000000041,False
1,HISTORICAL:CYCLE-000007-20260731T024036000000:00000626,CYCLE-000007-20260731T024036000000,7,2026-07-31T02:40:36.000+00:00,bSOL,HISTORICAL,HISTORICAL_UNVALIDATED,False,BASE_FILTER_ONLY,-0.002036000000000036,False
1,HISTORICAL:CYCLE-000007-20260731T024036000000:00000627,CYCLE-000007-20260731T024036000000,7,2026-07-31T02:40:36.000+00:00,cbBTC,HISTORICAL,HISTORICAL_UNVALIDATED,False,BASE_FILTER_ONLY,-0.0020369999999999538,False
1,HISTORICAL:CYCLE-000007-20260731T024036000000:00000628,CYCLE-000007-20260731T024036000000,7,2026-07-31T02:40:36.000+00:00,PRIME,HISTORICAL,HISTORICAL_UNVALIDATED,False,BASE_FILTER_ONLY,-0.0020529999999999698,False
1,HISTORICAL:CYCLE-000007-20260731T024036000000:00000629,CYCLE-000007-20260731T024036000000,7,2026-07-31T02:40:36.000+00:00,USX,HISTORICAL,HISTORICAL_UNVALIDATED,False,BASE_FILTER_ONLY,-0.002101000000000018,False
1,HISTORICAL:CYCLE-000007-20260731T024036000000:00000630,CYCLE-000007-20260731T024036000000,7,2026-07-31T02:40:36.000+00:00,BIRB,HISTORICAL,HISTORICAL_UNVALIDATED,False,BASE_FILTER_ONLY,-0.002121000000000038,False
1,HISTORICAL:CYCLE-000007-20260731T024036000000:00000631,CYCLE-000007-20260731T024036000000,7,2026-07-31T02:40:36.000+00:00,TRX,HISTORICAL,HISTORICAL_UNVALIDATED,False,BASE_FILTER_ONLY,-0.002167999999999946,False
1,HISTORICAL:CYCLE-000007-20260731T024036000000:00000632,CYCLE-000007-20260731T024036000000,7,2026-07-31T02:40:36.000+00:00,DBR,HISTORICAL,HISTORICAL_UNVALIDATED,False,BASE_FILTER_ONLY,-0.002187999999999966,False
1,HISTORICAL:CYCLE-000007-20260731T024036000000:00000633,CYCLE-000007-20260731T024036000000,7,2026-07-31T02:40:36.000+00:00,ONyc,HISTORICAL,HISTORICAL_UNVALIDATED,False,BASE_FILTER_ONLY,-0.00219199999999997,False
1,HISTORICAL:CYCLE-000007-20260731T024036000000:00000634,CYCLE-000007-20260731T024036000000,7,2026-07-31T02:40:36.000+00:00,SPCX,HISTORICAL,HISTORICAL_UNVALIDATED,False,BASE_FILTER_ONLY,-0.0021929999999999988,False
1,HISTORICAL:CYCLE-000007-20260731T024036000000:00000635,CYCLE-000007-20260731T024036000000,7,2026-07-31T02:40:36.000+00:00,HYPE,HISTORICAL,HISTORICAL_UNVALIDATED,False,BASE_FILTER_ONLY,-0.002215999999999994,False
1,HISTORICAL:CYCLE-000007-20260731T024036000000:00000636,CYCLE-000007-20260731T024036000000,7,2026-07-31T02:40:36.000+00:00,ZEC,HISTORICAL,HISTORICAL_UNVALIDATED,False,BASE_FILTER_ONLY,-0.0022349999999999853,False
1,HISTORICAL:CYCLE-000007-20260731T024036000000:00000637,CYCLE-000007-20260731T024036000000,7,2026-07-31T02:40:36.000+00:00,TSLAx,HISTORICAL,HISTORICAL_UNVALIDATED,False,BASE_FILTER_ONLY,-0.0022539999999999765,False
1,HISTORICAL:CYCLE-000007-20260731T024036000000:00000638,CYCLE-000007-20260731T024036000000,7,2026-07-31T02:40:36.000+00:00,WBTC,HISTORICAL,HISTORICAL_UNVALIDATED,False,BASE_FILTER_ONLY,-0.0022579999999999805,False
1,HISTORICAL:CYCLE-000007-20260731T024036000000:00000639,CYCLE-000007-20260731T024036000000,7,2026-07-31T02:40:36.000+00:00,POPCAT,HISTORICAL,HISTORICAL_UNVALIDATED,False,BASE_FILTER_ONLY,-0.0022940000000000165,False
1,HISTORICAL:CYCLE-000007-20260731T024036000000:00000640,CYCLE-000007-20260731T024036000000,7,2026-07-31T02:40:36.000+00:00,neet,HISTORICAL,HISTORICAL_UNVALIDATED,False,BASE_FILTER_ONLY,-0.002299999999999967,False
1,HISTORICAL:CYCLE-000007-20260731T024036000000:00000641,CYCLE-000007-20260731T024036000000,7,2026-07-31T02:40:36.000+00:00,eUSX,HISTORICAL,HISTORICAL_UNVALIDATED,False,BASE_FILTER_ONLY,-0.0023030000000000533,False
1,HISTORICAL:CYCLE-000007-20260731T024036000000:00000642,CYCLE-000007-20260731T024036000000,7,2026-07-31T02:40:36.000+00:00,RAY,HISTORICAL,HISTORICAL_UNVALIDATED,False,BASE_FILTER_ONLY,-0.0023069999999999462,False
1,HISTORICAL:CYCLE-000007-20260731T024036000000:00000643,CYCLE-000007-20260731T024036000000,7,2026-07-31T02:40:36.000+00:00,QQQx,HISTORICAL,HISTORICAL_UNVALIDATED,False,BASE_FILTER_ONLY,-0.0023769999999999607,False
1,HISTORICAL:CYCLE-000007-20260731T024036000000:00000644,CYCLE-000007-20260731T024036000000,7,2026-07-31T02:40:36.000+00:00,Fartcoin,HISTORICAL,HISTORICAL_UNVALIDATED,False,BASE_FILTER_ONLY,-0.0024459999999999465,False
1,HISTORICAL:CYCLE-000007-20260731T024036000000:00000645,CYCLE-000007-20260731T024036000000,7,2026-07-31T02:40:36.000+00:00,ANTFUN,HISTORICAL,HISTORICAL_UNVALIDATED,False,BASE_FILTER_ONLY,-0.0024750000000000032,False
1,HISTORICAL:CYCLE-000007-20260731T024036000000:00000646,CYCLE-000007-20260731T024036000000,7,2026-07-31T02:40:36.000+00:00,JUP,HISTORICAL,HISTORICAL_UNVALIDATED,False,BASE_FILTER_ONLY,-0.0026030000000000202,False
1,HISTORICAL:CYCLE-000007-20260731T024036000000:00000647,CYCLE-000007-20260731T024036000000,7,2026-07-31T02:40:36.000+00:00,JTO,HISTORICAL,HISTORICAL_UNVALIDATED,False,BASE_FILTER_ONLY,-0.0027049999999999557,False
1,HISTORICAL:CYCLE-000007-20260731T024036000000:00000648,CYCLE-000007-20260731T024036000000,7,2026-07-31T02:40:36.000+00:00,Bonk,HISTORICAL,HISTORICAL_UNVALIDATED,False,BASE_FILTER_ONLY,-0.0027139999999999925,False
1,HISTORICAL:CYCLE-000007-20260731T024036000000:00000649,CYCLE-000007-20260731T024036000000,7,2026-07-31T02:40:36.000+00:00,$WIF,HISTORICAL,HISTORICAL_UNVALIDATED,False,BASE_FILTER_ONLY,-0.002720000000000054,False
1,HISTORICAL:CYCLE-000007-20260731T024036000000:00000650,CYCLE-000007-20260731T024036000000,7,2026-07-31T02:40:36.000+00:00,jellyjelly,HISTORICAL,HISTORICAL_UNVALIDATED,False,BASE_FILTER_ONLY,-0.0027779999999999454,False
1,HISTORICAL:CYCLE-000007-20260731T024036000000:00000651,CYCLE-000007-20260731T024036000000,7,2026-07-31T02:40:36.000+00:00,CARDS,HISTORICAL,HISTORICAL_UNVALIDATED,False,BASE_FILTER_ONLY,-0.0028019999999999694,False
1,HISTORICAL:CYCLE-000007-20260731T024036000000:00000652,CYCLE-000007-20260731T024036000000,7,2026-07-31T02:40:36.000+00:00,arc,HISTORICAL,HISTORICAL_UNVALIDATED,False,BASE_FILTER_ONLY,-0.0028899999999999464,False
1,HISTORICAL:CYCLE-000007-20260731T024036000000:00000653,CYCLE-000007-20260731T024036000000,7,2026-07-31T02:40:36.000+00:00,GEOD,HISTORICAL,HISTORICAL_UNVALIDATED,False,BASE_FILTER_ONLY,-0.0029419999999999984,False
1,HISTORICAL:CYCLE-000007-20260731T024036000000:00000654,CYCLE-000007-20260731T024036000000,7,2026-07-31T02:40:36.000+00:00,SPX,HISTORICAL,HISTORICAL_UNVALIDATED,False,BASE_FILTER_ONLY,-0.0029740000000000304,False
1,HISTORICAL:CYCLE-000007-20260731T024036000000:00000655,CYCLE-000007-20260731T024036000000,7,2026-07-31T02:40:36.000+00:00,MET,HISTORICAL,HISTORICAL_UNVALIDATED,False,BASE_FILTER_ONLY,-0.003163000000000025,False
1,HISTORICAL:CYCLE-000007-20260731T024036000000:00000656,CYCLE-000007-20260731T024036000000,7,2026-07-31T02:40:36.000+00:00,ANSEM,HISTORICAL,HISTORICAL_UNVALIDATED,False,BASE_FILTER_ONLY,-0.00329199999999996,False
1,HISTORICAL:CYCLE-000007-20260731T024036000000:00000657,CYCLE-000007-20260731T024036000000,7,2026-07-31T02:40:36.000+00:00,BILL,HISTORICAL,HISTORICAL_UNVALIDATED,False,BASE_FILTER_ONLY,-0.00329900000000005,False
1,HISTORICAL:CYCLE-000007-20260731T024036000000:00000658,CYCLE-000007-20260731T024036000000,7,2026-07-31T02:40:36.000+00:00,COINx,HISTORICAL,HISTORICAL_UNVALIDATED,False,BASE_FILTER_ONLY,-0.003426999999999956,False
1,HISTORICAL:CYCLE-000007-20260731T024036000000:00000659,CYCLE-000007-20260731T024036000000,7,2026-07-31T02:40:36.000+00:00,ORCA,HISTORICAL,HISTORICAL_UNVALIDATED,False,BASE_FILTER_ONLY,-0.0036019999999999924,False
1,HISTORICAL:CYCLE-000007-20260731T024036000000:00000660,CYCLE-000007-20260731T024036000000,7,2026-07-31T02:40:36.000+00:00,USELESS,HISTORICAL,HISTORICAL_UNVALIDATED,False,BASE_FILTER_ONLY,-0.0037420000000000214,False
1,HISTORICAL:CYCLE-000007-20260731T024036000000:00000661,CYCLE-000007-20260731T024036000000,7,2026-07-31T02:40:36.000+00:00,KET,HISTORICAL,HISTORICAL_UNVALIDATED,False,BASE_FILTER_ONLY,-0.003933999999999991,False
1,HISTORICAL:CYCLE-000007-20260731T024036000000:00000662,CYCLE-000007-20260731T024036000000,7,2026-07-31T02:40:36.000+00:00,TROLL,HISTORICAL,HISTORICAL_UNVALIDATED,False,BASE_FILTER_ONLY,-0.004743000000000051,False
1,HISTORICAL:CYCLE-000007-20260731T024036000000:00000663,CYCLE-000007-20260731T024036000000,7,2026-07-31T02:40:36.000+00:00,Infinex,HISTORICAL,HISTORICAL_UNVALIDATED,False,BASE_FILTER_ONLY,-0.005286000000000011,False
1,HISTORICAL:CYCLE-000007-20260731T024036000000:00000664,CYCLE-000007-20260731T024036000000,7,2026-07-31T02:40:36.000+00:00,pippin,HISTORICAL,HISTORICAL_UNVALIDATED,False,BASE_FILTER_ONLY,-0.005307999999999978,False
1,HISTORICAL:CYCLE-000007-20260731T024036000000:00000665,CYCLE-000007-20260731T024036000000,7,2026-07-31T02:40:36.000+00:00,Jimothy,HISTORICAL,HISTORICAL_UNVALIDATED,False,BASE_FILTER_ONLY,-0.005323999999999994,False
1,HISTORICAL:CYCLE-000007-20260731T024036000000:00000666,CYCLE-000007-20260731T024036000000,7,2026-07-31T02:40:36.000+00:00,MSTRx,HISTORICAL,HISTORICAL_UNVALIDATED,False,BASE_FILTER_ONLY,-0.005664000000000001,False
1,HISTORICAL:CYCLE-000007-20260731T024036000000:00000667,CYCLE-000007-20260731T024036000000,7,2026-07-31T02:40:36.000+00:00,ORE,HISTORICAL,HISTORICAL_UNVALIDATED,False,BASE_FILTER_ONLY,-0.005766000000000047,False
1,HISTORICAL:CYCLE-000007-20260731T024036000000:00000668,CYCLE-000007-20260731T024036000000,7,2026-07-31T02:40:36.000+00:00,TripleT,HISTORICAL,HISTORICAL_UNVALIDATED,False,BASE_FILTER_ONLY,-0.006045999999999994,False
1,HISTORICAL:CYCLE-000007-20260731T024036000000:00000669,CYCLE-000007-20260731T024036000000,7,2026-07-31T02:40:36.000+00:00,BP,HISTORICAL,HISTORICAL_UNVALIDATED,False,BASE_FILTER_ONLY,-0.006089000000000009,False
1,HISTORICAL:CYCLE-000007-20260731T024036000000:00000670,CYCLE-000007-20260731T024036000000,7,2026-07-31T02:40:36.000+00:00,ZEREBRO,HISTORICAL,HISTORICAL_UNVALIDATED,False,BASE_FILTER_ONLY,-0.006720999999999975,False
1,HISTORICAL:CYCLE-000007-20260731T024036000000:00000671,CYCLE-000007-20260731T024036000000,7,2026-07-31T02:40:36.000+00:00,BOME,HISTORICAL,HISTORICAL_UNVALIDATED,False,BASE_FILTER_ONLY,-0.006727000000000037,False
1,HISTORICAL:CYCLE-000007-20260731T024036000000:00000672,CYCLE-000007-20260731T024036000000,7,2026-07-31T02:40:36.000+00:00,Ban,HISTORICAL,HISTORICAL_UNVALIDATED,False,BASE_FILTER_ONLY,-0.006749000000000003,False
1,HISTORICAL:CYCLE-000007-20260731T024036000000:00000673,CYCLE-000007-20260731T024036000000,7,2026-07-31T02:40:36.000+00:00,MEW,HISTORICAL,HISTORICAL_UNVALIDATED,False,BASE_FILTER_ONLY,-0.00683100000000003,False
1,HISTORICAL:CYCLE-000007-20260731T024036000000:00000674,CYCLE-000007-20260731T024036000000,7,2026-07-31T02:40:36.000+00:00,OIIAOIIA,HISTORICAL,HISTORICAL_UNVALIDATED,False,BASE_FILTER_ONLY,-0.00683699999999998,False
1,HISTORICAL:CYCLE-000007-20260731T024036000000:00000675,CYCLE-000007-20260731T024036000000,7,2026-07-31T02:40:36.000+00:00,NiggaButt,HISTORICAL,HISTORICAL_UNVALIDATED,False,BASE_FILTER_ONLY,-0.0068399999999999555,False
1,HISTORICAL:CYCLE-000007-20260731T024036000000:00000676,CYCLE-000007-20260731T024036000000,7,2026-07-31T02:40:36.000+00:00,GTA 6 Coin,HISTORICAL,HISTORICAL_UNVALIDATED,False,BASE_FILTER_ONLY,-0.006901999999999962,False
1,HISTORICAL:CYCLE-000007-20260731T024036000000:00000677,CYCLE-000007-20260731T024036000000,7,2026-07-31T02:40:36.000+00:00,SELFIE,HISTORICAL,HISTORICAL_UNVALIDATED,False,BASE_FILTER_ONLY,-0.006905000000000048,False
1,HISTORICAL:CYCLE-000007-20260731T024036000000:00000678,CYCLE-000007-20260731T024036000000,7,2026-07-31T02:40:36.000+00:00,soba,HISTORICAL,HISTORICAL_UNVALIDATED,False,BASE_FILTER_ONLY,-0.0069320000000000475,False
1,HISTORICAL:CYCLE-000007-20260731T024036000000:00000679,CYCLE-000007-20260731T024036000000,7,2026-07-31T02:40:36.000+00:00,META,HISTORICAL,HISTORICAL_UNVALIDATED,False,BASE_FILTER_ONLY,-0.007027000000000004,False
1,HISTORICAL:CYCLE-000007-20260731T024036000000:00000680,CYCLE-000007-20260731T024036000000,7,2026-07-31T02:40:36.000+00:00,PILL,HISTORICAL,HISTORICAL_UNVALIDATED,False,BASE_FILTER_ONLY,-0.0070320000000000365,False
1,HISTORICAL:CYCLE-000007-20260731T024036000000:00000681,CYCLE-000007-20260731T024036000000,7,2026-07-31T02:40:36.000+00:00,VDR,HISTORICAL,HISTORICAL_UNVALIDATED,False,BASE_FILTER_ONLY,-0.007059000000000036,False
1,HISTORICAL:CYCLE-000007-20260731T024036000000:00000682,CYCLE-000007-20260731T024036000000,7,2026-07-31T02:40:36.000+00:00,Real,HISTORICAL,HISTORICAL_UNVALIDATED,False,BASE_FILTER_ONLY,-0.00795100000000004,False
1,HISTORICAL:CYCLE-000007-20260731T024036000000:00000683,CYCLE-000007-20260731T024036000000,7,2026-07-31T02:40:36.000+00:00,Buttcoin,HISTORICAL,HISTORICAL_UNVALIDATED,False,BASE_FILTER_ONLY,-0.008130999999999998,False
1,HISTORICAL:CYCLE-000007-20260731T024036000000:00000684,CYCLE-000007-20260731T024036000000,7,2026-07-31T02:40:36.000+00:00,Cupsey,HISTORICAL,HISTORICAL_UNVALIDATED,False,BASE_FILTER_ONLY,-0.008272000000000055,False
1,HISTORICAL:CYCLE-000007-20260731T024036000000:00000685,CYCLE-000007-20260731T024036000000,7,2026-07-31T02:40:36.000+00:00,CRED,HISTORICAL,HISTORICAL_UNVALIDATED,False,BASE_FILTER_ONLY,-0.01042900000000002,False
1,HISTORICAL:CYCLE-000007-20260731T024036000000:00000686,CYCLE-000007-20260731T024036000000,7,2026-07-31T02:40:36.000+00:00,STRK,HISTORICAL,HISTORICAL_UNVALIDATED,False,BASE_FILTER_ONLY,-0.015606000000000007,False
1,HISTORICAL:CYCLE-000007-20260731T024036000000:00000687,CYCLE-000007-20260731T024036000000,7,2026-07-31T02:40:36.000+00:00,KERMIT,HISTORICAL,HISTORICAL_UNVALIDATED,False,BASE_FILTER_ONLY,-0.020677999999999974,False
1,HISTORICAL:CYCLE-000007-20260731T024036000000:00000688,CYCLE-000007-20260731T024036000000,7,2026-07-31T02:40:36.000+00:00,RAGEGUY,HISTORICAL,HISTORICAL_UNVALIDATED,False,BASE_FILTER_ONLY,-0.02074799999999999,False
1,HISTORICAL:CYCLE-000007-20260731T024036000000:00000689,CYCLE-000007-20260731T024036000000,7,2026-07-31T02:40:36.000+00:00,MITCH,HISTORICAL,HISTORICAL_UNVALIDATED,False,BASE_FILTER_ONLY,-0.02080800000000005,False
1,HISTORICAL:CYCLE-000007-20260731T024036000000:00000690,CYCLE-000007-20260731T024036000000,7,2026-07-31T02:40:36.000+00:00,Clude,HISTORICAL,HISTORICAL_UNVALIDATED,False,BASE_FILTER_ONLY,-0.02166100000000004,False
1,HISTORICAL:CYCLE-000007-20260731T024036000000:00000691,CYCLE-000007-20260731T024036000000,7,2026-07-31T02:40:36.000+00:00,boob,HISTORICAL,HISTORICAL_UNVALIDATED,False,BASE_FILTER_ONLY,-0.021711999999999954,False
1,HISTORICAL:CYCLE-000007-20260731T024036000000:00000692,CYCLE-000007-20260731T024036000000,7,2026-07-31T02:40:36.000+00:00,CHAD,HISTORICAL,HISTORICAL_UNVALIDATED,False,BASE_FILTER_ONLY,-0.021729,False
1,HISTORICAL:CYCLE-000007-20260731T024036000000:00000693,CYCLE-000007-20260731T024036000000,7,2026-07-31T02:40:36.000+00:00,我的刀盾,HISTORICAL,HISTORICAL_UNVALIDATED,False,BASE_FILTER_ONLY,-0.021781999999999968,False
1,HISTORICAL:CYCLE-000007-20260731T024036000000:00000694,CYCLE-000007-20260731T024036000000,7,2026-07-31T02:40:36.000+00:00,attn,HISTORICAL,HISTORICAL_UNVALIDATED,False,BASE_FILTER_ONLY,-0.02183299999999999,False
1,HISTORICAL:CYCLE-000007-20260731T024036000000:00000695,CYCLE-000007-20260731T024036000000,7,2026-07-31T02:40:36.000+00:00,NYAN,HISTORICAL,HISTORICAL_UNVALIDATED,False,BASE_FILTER_ONLY,-0.022536,False
1,HISTORICAL:CYCLE-000007-20260731T024036000000:00000696,CYCLE-000007-20260731T024036000000,7,2026-07-31T02:40:36.000+00:00,KABUTO,HISTORICAL,HISTORICAL_UNVALIDATED,False,BASE_FILTER_ONLY,-0.022634000000000043,False
1,HISTORICAL:CYCLE-000007-20260731T024036000000:00000697,CYCLE-000007-20260731T024036000000,7,2026-07-31T02:40:36.000+00:00,PFP,HISTORICAL,HISTORICAL_UNVALIDATED,False,BASE_FILTER_ONLY,-0.022797999999999985,False
1,HISTORICAL:CYCLE-000007-20260731T024036000000:00000698,CYCLE-000007-20260731T024036000000,7,2026-07-31T02:40:36.000+00:00,HANTA,HISTORICAL,HISTORICAL_UNVALIDATED,False,BASE_FILTER_ONLY,-0.024621000000000004,False
1,HISTORICAL:CYCLE-000007-20260731T024036000000:00000699,CYCLE-000007-20260731T024036000000,7,2026-07-31T02:40:36.000+00:00,MINER,HISTORICAL,HISTORICAL_UNVALIDATED,False,BASE_FILTER_ONLY,-0.02471599999999996,False
1,HISTORICAL:CYCLE-000007-20260731T024036000000:00000700,CYCLE-000007-20260731T024036000000,7,2026-07-31T02:40:36.000+00:00,SANTA,HISTORICAL,HISTORICAL_UNVALIDATED,False,BASE_FILTER_ONLY,-0.026703000000000032,False
2,HISTORICAL:CYCLE-000008-20260731T031232000000:00000701,CYCLE-000008-20260731T031232000000,8,2026-07-31T03:12:32.000+00:00,JUP,HISTORICAL,HISTORICAL_UNVALIDATED,False,BASE_FILTER_ONLY,-0.0014259999999999256,False
2,HISTORICAL:CYCLE-000008-20260731T031232000000:00000702,CYCLE-000008-20260731T031232000000,8,2026-07-31T03:12:32.000+00:00,JLP,HISTORICAL,HISTORICAL_UNVALIDATED,False,BASE_FILTER_ONLY,-0.0015190000000000464,False
2,HISTORICAL:CYCLE-000008-20260731T031232000000:00000703,CYCLE-000008-20260731T031232000000,8,2026-07-31T03:12:32.000+00:00,TRUMP,HISTORICAL,HISTORICAL_UNVALIDATED,False,BASE_FILTER_ONLY,-0.0016339999999999116,False
2,HISTORICAL:CYCLE-000008-20260731T031232000000:00000704,CYCLE-000008-20260731T031232000000,8,2026-07-31T03:12:32.000+00:00,POPCAT,HISTORICAL,HISTORICAL_UNVALIDATED,False,BASE_FILTER_ONLY,-0.0016689999999999188,False
2,HISTORICAL:CYCLE-000008-20260731T031232000000:00000705,CYCLE-000008-20260731T031232000000,8,2026-07-31T03:12:32.000+00:00,ZEREBRO,HISTORICAL,HISTORICAL_UNVALIDATED,False,BASE_FILTER_ONLY,-0.001716000000000049,False
2,HISTORICAL:CYCLE-000008-20260731T031232000000:00000706,CYCLE-000008-20260731T031232000000,8,2026-07-31T03:12:32.000+00:00,TSLAx,HISTORICAL,HISTORICAL_UNVALIDATED,False,BASE_FILTER_ONLY,-0.001784000000000006,False
2,HISTORICAL:CYCLE-000008-20260731T031232000000:00000707,CYCLE-000008-20260731T031232000000,8,2026-07-31T03:12:32.000+00:00,ETH,HISTORICAL,HISTORICAL_UNVALIDATED,False,BASE_FILTER_ONLY,-0.001816000000000038,False
2,HISTORICAL:CYCLE-000008-20260731T031232000000:00000708,CYCLE-000008-20260731T031232000000,8,2026-07-31T03:12:32.000+00:00,MU,HISTORICAL,HISTORICAL_UNVALIDATED,False,BASE_FILTER_ONLY,-0.0018270000000000213,False
2,HISTORICAL:CYCLE-000008-20260731T031232000000:00000709,CYCLE-000008-20260731T031232000000,8,2026-07-31T03:12:32.000+00:00,PENGU,HISTORICAL,HISTORICAL_UNVALIDATED,False,BASE_FILTER_ONLY,-0.0018350000000000293,False
2,HISTORICAL:CYCLE-000008-20260731T031232000000:00000710,CYCLE-000008-20260731T031232000000,8,2026-07-31T03:12:32.000+00:00,JupSOL,HISTORICAL,HISTORICAL_UNVALIDATED,False,BASE_FILTER_ONLY,-0.0018549999999999383,False
2,HISTORICAL:CYCLE-000008-20260731T031232000000:00000711,CYCLE-000008-20260731T031232000000,8,2026-07-31T03:12:32.000+00:00,ONyc,HISTORICAL,HISTORICAL_UNVALIDATED,False,BASE_FILTER_ONLY,-0.001892000000000003,False
2,HISTORICAL:CYCLE-000008-20260731T031232000000:00000712,CYCLE-000008-20260731T031232000000,8,2026-07-31T03:12:32.000+00:00,HYPE,HISTORICAL,HISTORICAL_UNVALIDATED,False,BASE_FILTER_ONLY,-0.001900000000000011,False
2,HISTORICAL:CYCLE-000008-20260731T031232000000:00000713,CYCLE-000008-20260731T031232000000,8,2026-07-31T03:12:32.000+00:00,USD1,HISTORICAL,HISTORICAL_UNVALIDATED,False,BASE_FILTER_ONLY,-0.0019050000000000438,False
2,HISTORICAL:CYCLE-000008-20260731T031232000000:00000714,CYCLE-000008-20260731T031232000000,8,2026-07-31T03:12:32.000+00:00,SKHY,HISTORICAL,HISTORICAL_UNVALIDATED,False,BASE_FILTER_ONLY,-0.001924000000000035,False
2,HISTORICAL:CYCLE-000008-20260731T031232000000:00000715,CYCLE-000008-20260731T031232000000,8,2026-07-31T03:12:32.000+00:00,cbBTC,HISTORICAL,HISTORICAL_UNVALIDATED,False,BASE_FILTER_ONLY,-0.0019340000000001006,False
2,HISTORICAL:CYCLE-000008-20260731T031232000000:00000716,CYCLE-000008-20260731T031232000000,8,2026-07-31T03:12:32.000+00:00,SPYx,HISTORICAL,HISTORICAL_UNVALIDATED,False,BASE_FILTER_ONLY,-0.0019469999999999193,False
2,HISTORICAL:CYCLE-000008-20260731T031232000000:00000717,CYCLE-000008-20260731T031232000000,8,2026-07-31T03:12:32.000+00:00,USDT,HISTORICAL,HISTORICAL_UNVALIDATED,False,BASE_FILTER_ONLY,-0.0019549999999999273,False
2,HISTORICAL:CYCLE-000008-20260731T031232000000:00000718,CYCLE-000008-20260731T031232000000,8,2026-07-31T03:12:32.000+00:00,JupUSD,HISTORICAL,HISTORICAL_UNVALIDATED,False,BASE_FILTER_ONLY,-0.0019549999999999273,False
2,HISTORICAL:CYCLE-000008-20260731T031232000000:00000719,CYCLE-000008-20260731T031232000000,8,2026-07-31T03:12:32.000+00:00,NVDAx,HISTORICAL,HISTORICAL_UNVALIDATED,False,BASE_FILTER_ONLY,-0.001956000000000067,False
2,HISTORICAL:CYCLE-000008-20260731T031232000000:00000720,CYCLE-000008-20260731T031232000000,8,2026-07-31T03:12:32.000+00:00,SOL,HISTORICAL,HISTORICAL_UNVALIDATED,False,BASE_FILTER_ONLY,-0.001969000000000108,False
2,HISTORICAL:CYCLE-000008-20260731T031232000000:00000721,CYCLE-000008-20260731T031232000000,8,2026-07-31T03:12:32.000+00:00,USDG,HISTORICAL,HISTORICAL_UNVALIDATED,False,BASE_FILTER_ONLY,-0.001988000000000099,False
2,HISTORICAL:CYCLE-000008-20260731T031232000000:00000722,CYCLE-000008-20260731T031232000000,8,2026-07-31T03:12:32.000+00:00,USDe,HISTORICAL,HISTORICAL_UNVALIDATED,False,BASE_FILTER_ONLY,-0.001988000000000099,False
2,HISTORICAL:CYCLE-000008-20260731T031232000000:00000723,CYCLE-000008-20260731T031232000000,8,2026-07-31T03:12:32.000+00:00,PYUSD,HISTORICAL,HISTORICAL_UNVALIDATED,False,BASE_FILTER_ONLY,-0.0020019999999999465,False
2,HISTORICAL:CYCLE-000008-20260731T031232000000:00000724,CYCLE-000008-20260731T031232000000,8,2026-07-31T03:12:32.000+00:00,JitoSOL,HISTORICAL,HISTORICAL_UNVALIDATED,False,BASE_FILTER_ONLY,-0.0020019999999999465,False
2,HISTORICAL:CYCLE-000008-20260731T031232000000:00000725,CYCLE-000008-20260731T031232000000,8,2026-07-31T03:12:32.000+00:00,CASH,HISTORICAL,HISTORICAL_UNVALIDATED,False,BASE_FILTER_ONLY,-0.0020019999999999465,False
2,HISTORICAL:CYCLE-000008-20260731T031232000000:00000726,CYCLE-000008-20260731T031232000000,8,2026-07-31T03:12:32.000+00:00,USDS,HISTORICAL,HISTORICAL_UNVALIDATED,False,BASE_FILTER_ONLY,-0.0020019999999999465,False
2,HISTORICAL:CYCLE-000008-20260731T031232000000:00000727,CYCLE-000008-20260731T031232000000,8,2026-07-31T03:12:32.000+00:00,syrupUSDC,HISTORICAL,HISTORICAL_UNVALIDATED,False,BASE_FILTER_ONLY,-0.0020099999999999545,False
2,HISTORICAL:CYCLE-000008-20260731T031232000000:00000728,CYCLE-000008-20260731T031232000000,8,2026-07-31T03:12:32.000+00:00,PUMP,HISTORICAL,HISTORICAL_UNVALIDATED,False,BASE_FILTER_ONLY,-0.0020139999999999585,False
2,HISTORICAL:CYCLE-000008-20260731T031232000000:00000729,CYCLE-000008-20260731T031232000000,8,2026-07-31T03:12:32.000+00:00,mSOL,HISTORICAL,HISTORICAL_UNVALIDATED,False,BASE_FILTER_ONLY,-0.002017000000000045,False
2,HISTORICAL:CYCLE-000008-20260731T031232000000:00000730,CYCLE-000008-20260731T031232000000,8,2026-07-31T03:12:32.000+00:00,PRIME,HISTORICAL,HISTORICAL_UNVALIDATED,False,BASE_FILTER_ONLY,-0.0020529999999999698,False
2,HISTORICAL:CYCLE-000008-20260731T031232000000:00000731,CYCLE-000008-20260731T031232000000,8,2026-07-31T03:12:32.000+00:00,EURC,HISTORICAL,HISTORICAL_UNVALIDATED,False,BASE_FILTER_ONLY,-0.0020830000000000553,False
2,HISTORICAL:CYCLE-000008-20260731T031232000000:00000732,CYCLE-000008-20260731T031232000000,8,2026-07-31T03:12:32.000+00:00,USX,HISTORICAL,HISTORICAL_UNVALIDATED,False,BASE_FILTER_ONLY,-0.002101000000000018,False
2,HISTORICAL:CYCLE-000008-20260731T031232000000:00000733,CYCLE-000008-20260731T031232000000,8,2026-07-31T03:12:32.000+00:00,$WIF,HISTORICAL,HISTORICAL_UNVALIDATED,False,BASE_FILTER_ONLY,-0.0021510000000000123,False
2,HISTORICAL:CYCLE-000008-20260731T031232000000:00000734,CYCLE-000008-20260731T031232000000,8,2026-07-31T03:12:32.000+00:00,hyUSD,HISTORICAL,HISTORICAL_UNVALIDATED,False,BASE_FILTER_ONLY,-0.0021659999999999995,False
2,HISTORICAL:CYCLE-000008-20260731T031232000000:00000735,CYCLE-000008-20260731T031232000000,8,2026-07-31T03:12:32.000+00:00,TRX,HISTORICAL,HISTORICAL_UNVALIDATED,False,BASE_FILTER_ONLY,-0.0021710000000000323,False
2,HISTORICAL:CYCLE-000008-20260731T031232000000:00000736,CYCLE-000008-20260731T031232000000,8,2026-07-31T03:12:32.000+00:00,Fartcoin,HISTORICAL,HISTORICAL_UNVALIDATED,False,BASE_FILTER_ONLY,-0.00217199999999995,False
2,HISTORICAL:CYCLE-000008-20260731T031232000000:00000737,CYCLE-000008-20260731T031232000000,8,2026-07-31T03:12:32.000+00:00,MOBY,HISTORICAL,HISTORICAL_UNVALIDATED,False,BASE_FILTER_ONLY,-0.0021900000000000235,False
2,HISTORICAL:CYCLE-000008-20260731T031232000000:00000738,CYCLE-000008-20260731T031232000000,8,2026-07-31T03:12:32.000+00:00,BIRB,HISTORICAL,HISTORICAL_UNVALIDATED,False,BASE_FILTER_ONLY,-0.0022020000000000355,False
2,HISTORICAL:CYCLE-000008-20260731T031232000000:00000739,CYCLE-000008-20260731T031232000000,8,2026-07-31T03:12:32.000+00:00,DBR,HISTORICAL,HISTORICAL_UNVALIDATED,False,BASE_FILTER_ONLY,-0.0022370000000000428,False
2,HISTORICAL:CYCLE-000008-20260731T031232000000:00000740,CYCLE-000008-20260731T031232000000,8,2026-07-31T03:12:32.000+00:00,arc,HISTORICAL,HISTORICAL_UNVALIDATED,False,BASE_FILTER_ONLY,-0.0022379999999999605,False
2,HISTORICAL:CYCLE-000008-20260731T031232000000:00000741,CYCLE-000008-20260731T031232000000,8,2026-07-31T03:12:32.000+00:00,WBTC,HISTORICAL,HISTORICAL_UNVALIDATED,False,BASE_FILTER_ONLY,-0.0022940000000000165,False
2,HISTORICAL:CYCLE-000008-20260731T031232000000:00000742,CYCLE-000008-20260731T031232000000,8,2026-07-31T03:12:32.000+00:00,SPCX,HISTORICAL,HISTORICAL_UNVALIDATED,False,BASE_FILTER_ONLY,-0.002299999999999967,False
2,HISTORICAL:CYCLE-000008-20260731T031232000000:00000743,CYCLE-000008-20260731T031232000000,8,2026-07-31T03:12:32.000+00:00,QQQx,HISTORICAL,HISTORICAL_UNVALIDATED,False,BASE_FILTER_ONLY,-0.0023210000000000158,False
2,HISTORICAL:CYCLE-000008-20260731T031232000000:00000744,CYCLE-000008-20260731T031232000000,8,2026-07-31T03:12:32.000+00:00,ANSEM,HISTORICAL,HISTORICAL_UNVALIDATED,False,BASE_FILTER_ONLY,-0.0024150000000000543,False
2,HISTORICAL:CYCLE-000008-20260731T031232000000:00000745,CYCLE-000008-20260731T031232000000,8,2026-07-31T03:12:32.000+00:00,ZEC,HISTORICAL,HISTORICAL_UNVALIDATED,False,BASE_FILTER_ONLY,-0.0024819999999999825,False
2,HISTORICAL:CYCLE-000008-20260731T031232000000:00000746,CYCLE-000008-20260731T031232000000,8,2026-07-31T03:12:32.000+00:00,ANTFUN,HISTORICAL,HISTORICAL_UNVALIDATED,False,BASE_FILTER_ONLY,-0.0025060000000000065,False
2,HISTORICAL:CYCLE-000008-20260731T031232000000:00000747,CYCLE-000008-20260731T031232000000,8,2026-07-31T03:12:32.000+00:00,RAY,HISTORICAL,HISTORICAL_UNVALIDATED,False,BASE_FILTER_ONLY,-0.0025129999999999857,False
2,HISTORICAL:CYCLE-000008-20260731T031232000000:00000748,CYCLE-000008-20260731T031232000000,8,2026-07-31T03:12:32.000+00:00,Bonk,HISTORICAL,HISTORICAL_UNVALIDATED,False,BASE_FILTER_ONLY,-0.0025690000000000417,False
2,HISTORICAL:CYCLE-000008-20260731T031232000000:00000749,CYCLE-000008-20260731T031232000000,8,2026-07-31T03:12:32.000+00:00,CRCLx,HISTORICAL,HISTORICAL_UNVALIDATED,False,BASE_FILTER_ONLY,-0.0026270000000000442,False
2,HISTORICAL:CYCLE-000008-20260731T031232000000:00000750,CYCLE-000008-20260731T031232000000,8,2026-07-31T03:12:32.000+00:00,MET,HISTORICAL,HISTORICAL_UNVALIDATED,False,BASE_FILTER_ONLY,-0.0026380000000000275,False
2,HISTORICAL:CYCLE-000008-20260731T031232000000:00000751,CYCLE-000008-20260731T031232000000,8,2026-07-31T03:12:32.000+00:00,CARDS,HISTORICAL,HISTORICAL_UNVALIDATED,False,BASE_FILTER_ONLY,-0.0028259999999999934,False
2,HISTORICAL:CYCLE-000008-20260731T031232000000:00000752,CYCLE-000008-20260731T031232000000,8,2026-07-31T03:12:32.000+00:00,GEOD,HISTORICAL,HISTORICAL_UNVALIDATED,False,BASE_FILTER_ONLY,-0.0029219999999999784,False
2,HISTORICAL:CYCLE-000008-20260731T031232000000:00000753,CYCLE-000008-20260731T031232000000,8,2026-07-31T03:12:32.000+00:00,TROLL,HISTORICAL,HISTORICAL_UNVALIDATED,False,BASE_FILTER_ONLY,-0.0031929999999999997,False
2,HISTORICAL:CYCLE-000008-20260731T031232000000:00000754,CYCLE-000008-20260731T031232000000,8,2026-07-31T03:12:32.000+00:00,ORCA,HISTORICAL,HISTORICAL_UNVALIDATED,False,BASE_FILTER_ONLY,-0.0033140000000000374,False
2,HISTORICAL:CYCLE-000008-20260731T031232000000:00000755,CYCLE-000008-20260731T031232000000,8,2026-07-31T03:12:32.000+00:00,JTO,HISTORICAL,HISTORICAL_UNVALIDATED,False,BASE_FILTER_ONLY,-0.003342999999999983,False
2,HISTORICAL:CYCLE-000008-20260731T031232000000:00000756,CYCLE-000008-20260731T031232000000,8,2026-07-31T03:12:32.000+00:00,SPX,HISTORICAL,HISTORICAL_UNVALIDATED,False,BASE_FILTER_ONLY,-0.0036019999999999924,False
2,HISTORICAL:CYCLE-000008-20260731T031232000000:00000757,CYCLE-000008-20260731T031232000000,8,2026-07-31T03:12:32.000+00:00,jellyjelly,HISTORICAL,HISTORICAL_UNVALIDATED,False,BASE_FILTER_ONLY,-0.003619999999999955,False
2,HISTORICAL:CYCLE-000008-20260731T031232000000:00000758,CYCLE-000008-20260731T031232000000,8,2026-07-31T03:12:32.000+00:00,neet,HISTORICAL,HISTORICAL_UNVALIDATED,False,BASE_FILTER_ONLY,-0.0037260000000000053,False
2,HISTORICAL:CYCLE-000008-20260731T031232000000:00000759,CYCLE-000008-20260731T031232000000,8,2026-07-31T03:12:32.000+00:00,META,HISTORICAL,HISTORICAL_UNVALIDATED,False,BASE_FILTER_ONLY,-0.004264000000000044,False
2,HISTORICAL:CYCLE-000008-20260731T031232000000:00000760,CYCLE-000008-20260731T031232000000,8,2026-07-31T03:12:32.000+00:00,USELESS,HISTORICAL,HISTORICAL_UNVALIDATED,False,BASE_FILTER_ONLY,-0.004359,False
2,HISTORICAL:CYCLE-000008-20260731T031232000000:00000761,CYCLE-000008-20260731T031232000000,8,2026-07-31T03:12:32.000+00:00,MSTRx,HISTORICAL,HISTORICAL_UNVALIDATED,False,BASE_FILTER_ONLY,-0.004935000000000021,False
2,HISTORICAL:CYCLE-000008-20260731T031232000000:00000762,CYCLE-000008-20260731T031232000000,8,2026-07-31T03:12:32.000+00:00,WEN,HISTORICAL,HISTORICAL_UNVALIDATED,False,BASE_FILTER_ONLY,-0.005157999999999994,False
2,HISTORICAL:CYCLE-000008-20260731T031232000000:00000763,CYCLE-000008-20260731T031232000000,8,2026-07-31T03:12:32.000+00:00,wXRP,HISTORICAL,HISTORICAL_UNVALIDATED,False,BASE_FILTER_ONLY,-0.005391999999999951,False
2,HISTORICAL:CYCLE-000008-20260731T031232000000:00000764,CYCLE-000008-20260731T031232000000,8,2026-07-31T03:12:32.000+00:00,ORE,HISTORICAL,HISTORICAL_UNVALIDATED,False,BASE_FILTER_ONLY,-0.005492000000000051,False
2,HISTORICAL:CYCLE-000008-20260731T031232000000:00000765,CYCLE-000008-20260731T031232000000,8,2026-07-31T03:12:32.000+00:00,TripleT,HISTORICAL,HISTORICAL_UNVALIDATED,False,BASE_FILTER_ONLY,-0.006236000000000018,False
2,HISTORICAL:CYCLE-000008-20260731T031232000000:00000766,CYCLE-000008-20260731T031232000000,8,2026-07-31T03:12:32.000+00:00,BOME,HISTORICAL,HISTORICAL_UNVALIDATED,False,BASE_FILTER_ONLY,-0.006569999999999963,False
2,HISTORICAL:CYCLE-000008-20260731T031232000000:00000767,CYCLE-000008-20260731T031232000000,8,2026-07-31T03:12:32.000+00:00,CRED,HISTORICAL,HISTORICAL_UNVALIDATED,False,BASE_FILTER_ONLY,-0.006634000000000027,False
2,HISTORICAL:CYCLE-000008-20260731T031232000000:00000768,CYCLE-000008-20260731T031232000000,8,2026-07-31T03:12:32.000+00:00,Staccana,HISTORICAL,HISTORICAL_UNVALIDATED,False,BASE_FILTER_ONLY,-0.006638000000000031,False
2,HISTORICAL:CYCLE-000008-20260731T031232000000:00000769,CYCLE-000008-20260731T031232000000,8,2026-07-31T03:12:32.000+00:00,SIGMA,HISTORICAL,HISTORICAL_UNVALIDATED,False,BASE_FILTER_ONLY,-0.006658000000000051,False
2,HISTORICAL:CYCLE-000008-20260731T031232000000:00000770,CYCLE-000008-20260731T031232000000,8,2026-07-31T03:12:32.000+00:00,$1,HISTORICAL,HISTORICAL_UNVALIDATED,False,BASE_FILTER_ONLY,-0.006658999999999969,False
2,HISTORICAL:CYCLE-000008-20260731T031232000000:00000771,CYCLE-000008-20260731T031232000000,8,2026-07-31T03:12:32.000+00:00,SOLCEX,HISTORICAL,HISTORICAL_UNVALIDATED,False,BASE_FILTER_ONLY,-0.006805999999999977,False
2,HISTORICAL:CYCLE-000008-20260731T031232000000:00000772,CYCLE-000008-20260731T031232000000,8,2026-07-31T03:12:32.000+00:00,NST,HISTORICAL,HISTORICAL_UNVALIDATED,False,BASE_FILTER_ONLY,-0.0068160000000000425,False
2,HISTORICAL:CYCLE-000008-20260731T031232000000:00000773,CYCLE-000008-20260731T031232000000,8,2026-07-31T03:12:32.000+00:00,Ban,HISTORICAL,HISTORICAL_UNVALIDATED,False,BASE_FILTER_ONLY,-0.0069200000000000355,False
2,HISTORICAL:CYCLE-000008-20260731T031232000000:00000774,CYCLE-000008-20260731T031232000000,8,2026-07-31T03:12:32.000+00:00,RKC,HISTORICAL,HISTORICAL_UNVALIDATED,False,BASE_FILTER_ONLY,-0.006932999999999965,False
2,HISTORICAL:CYCLE-000008-20260731T031232000000:00000775,CYCLE-000008-20260731T031232000000,8,2026-07-31T03:12:32.000+00:00,MEW,HISTORICAL,HISTORICAL_UNVALIDATED,False,BASE_FILTER_ONLY,-0.0069439999999999485,False
2,HISTORICAL:CYCLE-000008-20260731T031232000000:00000776,CYCLE-000008-20260731T031232000000,8,2026-07-31T03:12:32.000+00:00,pippin,HISTORICAL,HISTORICAL_UNVALIDATED,False,BASE_FILTER_ONLY,-0.0069639999999999685,False
2,HISTORICAL:CYCLE-000008-20260731T031232000000:00000777,CYCLE-000008-20260731T031232000000,8,2026-07-31T03:12:32.000+00:00,BP,HISTORICAL,HISTORICAL_UNVALIDATED,False,BASE_FILTER_ONLY,-0.006994000000000054,False
2,HISTORICAL:CYCLE-000008-20260731T031232000000:00000778,CYCLE-000008-20260731T031232000000,8,2026-07-31T03:12:32.000+00:00,IO,HISTORICAL,HISTORICAL_UNVALIDATED,False,BASE_FILTER_ONLY,-0.007027000000000004,False
2,HISTORICAL:CYCLE-000008-20260731T031232000000:00000779,CYCLE-000008-20260731T031232000000,8,2026-07-31T03:12:32.000+00:00,BILLY,HISTORICAL,HISTORICAL_UNVALIDATED,False,BASE_FILTER_ONLY,-0.007056999999999978,False
2,HISTORICAL:CYCLE-000008-20260731T031232000000:00000780,CYCLE-000008-20260731T031232000000,8,2026-07-31T03:12:32.000+00:00,Clash,HISTORICAL,HISTORICAL_UNVALIDATED,False,BASE_FILTER_ONLY,-0.00719499999999995,False
2,HISTORICAL:CYCLE-000008-20260731T031232000000:00000781,CYCLE-000008-20260731T031232000000,8,2026-07-31T03:12:32.000+00:00,Jimothy,HISTORICAL,HISTORICAL_UNVALIDATED,False,BASE_FILTER_ONLY,-0.0073360000000000074,False
2,HISTORICAL:CYCLE-000008-20260731T031232000000:00000782,CYCLE-000008-20260731T031232000000,8,2026-07-31T03:12:32.000+00:00,MF,HISTORICAL,HISTORICAL_UNVALIDATED,False,BASE_FILTER_ONLY,-0.007631000000000053,False
2,HISTORICAL:CYCLE-000008-20260731T031232000000:00000783,CYCLE-000008-20260731T031232000000,8,2026-07-31T03:12:32.000+00:00,Buttcoin,HISTORICAL,HISTORICAL_UNVALIDATED,False,BASE_FILTER_ONLY,-0.007916000000000032,False
2,HISTORICAL:CYCLE-000008-20260731T031232000000:00000784,CYCLE-000008-20260731T031232000000,8,2026-07-31T03:12:32.000+00:00,1,HISTORICAL,HISTORICAL_UNVALIDATED,False,BASE_FILTER_ONLY,-0.007936000000000052,False
2,HISTORICAL:CYCLE-000008-20260731T031232000000:00000785,CYCLE-000008-20260731T031232000000,8,2026-07-31T03:12:32.000+00:00,RAIN,HISTORICAL,HISTORICAL_UNVALIDATED,False,BASE_FILTER_ONLY,-0.011874999999999967,False
2,HISTORICAL:CYCLE-000008-20260731T031232000000:00000786,CYCLE-000008-20260731T031232000000,8,2026-07-31T03:12:32.000+00:00,maxxing,HISTORICAL,HISTORICAL_UNVALIDATED,False,BASE_FILTER_ONLY,-0.014624999999999997,False
2,HISTORICAL:CYCLE-000008-20260731T031232000000:00000787,CYCLE-000008-20260731T031232000000,8,2026-07-31T03:12:32.000+00:00,CLAW,HISTORICAL,HISTORICAL_UNVALIDATED,False,BASE_FILTER_ONLY,-0.01678999999999997,False
2,HISTORICAL:CYCLE-000008-20260731T031232000000:00000788,CYCLE-000008-20260731T031232000000,8,2026-07-31T03:12:32.000+00:00,CODEC,HISTORICAL,HISTORICAL_UNVALIDATED,False,BASE_FILTER_ONLY,-0.01678999999999997,False
2,HISTORICAL:CYCLE-000008-20260731T031232000000:00000789,CYCLE-000008-20260731T031232000000,8,2026-07-31T03:12:32.000+00:00,SPCX69,HISTORICAL,HISTORICAL_UNVALIDATED,False,BASE_FILTER_ONLY,-0.01956100000000005,False
2,HISTORICAL:CYCLE-000008-20260731T031232000000:00000790,CYCLE-000008-20260731T031232000000,8,2026-07-31T03:12:32.000+00:00,WhiteWhale,HISTORICAL,HISTORICAL_UNVALIDATED,False,BASE_FILTER_ONLY,-0.019646000000000052,False
2,HISTORICAL:CYCLE-000008-20260731T031232000000:00000791,CYCLE-000008-20260731T031232000000,8,2026-07-31T03:12:32.000+00:00,crypto,HISTORICAL,HISTORICAL_UNVALIDATED,False,BASE_FILTER_ONLY,-0.019782999999999995,False
2,HISTORICAL:CYCLE-000008-20260731T031232000000:00000792,CYCLE-000008-20260731T031232000000,8,2026-07-31T03:12:32.000+00:00,KNIGHT,HISTORICAL,HISTORICAL_UNVALIDATED,False,BASE_FILTER_ONLY,-0.020710000000000006,False
2,HISTORICAL:CYCLE-000008-20260731T031232000000:00000793,CYCLE-000008-20260731T031232000000,8,2026-07-31T03:12:32.000+00:00,BioLLM,HISTORICAL,HISTORICAL_UNVALIDATED,False,BASE_FILTER_ONLY,-0.021665999999999963,False
2,HISTORICAL:CYCLE-000008-20260731T031232000000:00000794,CYCLE-000008-20260731T031232000000,8,2026-07-31T03:12:32.000+00:00,DREGG,HISTORICAL,HISTORICAL_UNVALIDATED,False,BASE_FILTER_ONLY,-0.021697999999999995,False
2,HISTORICAL:CYCLE-000008-20260731T031232000000:00000795,CYCLE-000008-20260731T031232000000,8,2026-07-31T03:12:32.000+00:00,YAJUCoin,HISTORICAL,HISTORICAL_UNVALIDATED,False,BASE_FILTER_ONLY,-0.02176,False
2,HISTORICAL:CYCLE-000008-20260731T031232000000:00000796,CYCLE-000008-20260731T031232000000,8,2026-07-31T03:12:32.000+00:00,RAKO,HISTORICAL,HISTORICAL_UNVALIDATED,False,BASE_FILTER_ONLY,-0.022155000000000036,False
2,HISTORICAL:CYCLE-000008-20260731T031232000000:00000797,CYCLE-000008-20260731T031232000000,8,2026-07-31T03:12:32.000+00:00,Udin,HISTORICAL,HISTORICAL_UNVALIDATED,False,BASE_FILTER_ONLY,-0.02246899999999996,False
2,HISTORICAL:CYCLE-000008-20260731T031232000000:00000798,CYCLE-000008-20260731T031232000000,8,2026-07-31T03:12:32.000+00:00,Goblin,HISTORICAL,HISTORICAL_UNVALIDATED,False,BASE_FILTER_ONLY,-0.023653000000000035,False
2,HISTORICAL:CYCLE-000008-20260731T031232000000:00000799,CYCLE-000008-20260731T031232000000,8,2026-07-31T03:12:32.000+00:00,CPX,HISTORICAL,HISTORICAL_UNVALIDATED,False,BASE_FILTER_ONLY,-0.04149899999999995,False
2,HISTORICAL:CYCLE-000008-20260731T031232000000:00000800,CYCLE-000008-20260731T031232000000,8,2026-07-31T03:12:32.000+00:00,IMG,HISTORICAL,HISTORICAL_UNVALIDATED,False,BASE_FILTER_ONLY,-0.103881,False
2,HISTORICAL:CYCLE-000009-20260731T034122000000:00000801,CYCLE-000009-20260731T034122000000,9,2026-07-31T03:41:22.000+00:00,PUMP,HISTORICAL,HISTORICAL_UNVALIDATED,False,BASE_FILTER_ONLY,-0.0004340000000000437,False
2,HISTORICAL:CYCLE-000009-20260731T034122000000:00000802,CYCLE-000009-20260731T034122000000,9,2026-07-31T03:41:22.000+00:00,JitoSOL,HISTORICAL,HISTORICAL_UNVALIDATED,False,BASE_FILTER_ONLY,-0.0016609999999999108,False
2,HISTORICAL:CYCLE-000009-20260731T034122000000:00000803,CYCLE-000009-20260731T034122000000,9,2026-07-31T03:41:22.000+00:00,RAY,HISTORICAL,HISTORICAL_UNVALIDATED,False,BASE_FILTER_ONLY,-0.0016620000000000506,False
2,HISTORICAL:CYCLE-000009-20260731T034122000000:00000804,CYCLE-000009-20260731T034122000000,9,2026-07-31T03:41:22.000+00:00,PYUSD,HISTORICAL,HISTORICAL_UNVALIDATED,False,BASE_FILTER_ONLY,-0.00172799999999995,False
2,HISTORICAL:CYCLE-000009-20260731T034122000000:00000805,CYCLE-000009-20260731T034122000000,9,2026-07-31T03:41:22.000+00:00,HYPE,HISTORICAL,HISTORICAL_UNVALIDATED,False,BASE_FILTER_ONLY,-0.001784000000000006,False
2,HISTORICAL:CYCLE-000009-20260731T034122000000:00000806,CYCLE-000009-20260731T034122000000,9,2026-07-31T03:41:22.000+00:00,Fartcoin,HISTORICAL,HISTORICAL_UNVALIDATED,False,BASE_FILTER_ONLY,-0.0017849999999999238,False
2,HISTORICAL:CYCLE-000009-20260731T034122000000:00000807,CYCLE-000009-20260731T034122000000,9,2026-07-31T03:41:22.000+00:00,JLP,HISTORICAL,HISTORICAL_UNVALIDATED,False,BASE_FILTER_ONLY,-0.0017869999999999813,False
2,HISTORICAL:CYCLE-000009-20260731T034122000000:00000808,CYCLE-000009-20260731T034122000000,9,2026-07-31T03:41:22.000+00:00,WBTC,HISTORICAL,HISTORICAL_UNVALIDATED,False,BASE_FILTER_ONLY,-0.0017869999999999813,False
2,HISTORICAL:CYCLE-000009-20260731T034122000000:00000809,CYCLE-000009-20260731T034122000000,9,2026-07-31T03:41:22.000+00:00,cbBTC,HISTORICAL,HISTORICAL_UNVALIDATED,False,BASE_FILTER_ONLY,-0.001792000000000014,False
2,HISTORICAL:CYCLE-000009-20260731T034122000000:00000810,CYCLE-000009-20260731T034122000000,9,2026-07-31T03:41:22.000+00:00,mSOL,HISTORICAL,HISTORICAL_UNVALIDATED,False,BASE_FILTER_ONLY,-0.0018050000000000548,False
2,HISTORICAL:CYCLE-000009-20260731T034122000000:00000811,CYCLE-000009-20260731T034122000000,9,2026-07-31T03:41:22.000+00:00,DBR,HISTORICAL,HISTORICAL_UNVALIDATED,False,BASE_FILTER_ONLY,-0.0018169999999999558,False
2,HISTORICAL:CYCLE-000009-20260731T034122000000:00000812,CYCLE-000009-20260731T034122000000,9,2026-07-31T03:41:22.000+00:00,MU,HISTORICAL,HISTORICAL_UNVALIDATED,False,BASE_FILTER_ONLY,-0.001832000000000054,False
2,HISTORICAL:CYCLE-000009-20260731T034122000000:00000813,CYCLE-000009-20260731T034122000000,9,2026-07-31T03:41:22.000+00:00,SKHY,HISTORICAL,HISTORICAL_UNVALIDATED,False,BASE_FILTER_ONLY,-0.0018409999999999798,False
2,HISTORICAL:CYCLE-000009-20260731T034122000000:00000814,CYCLE-000009-20260731T034122000000,9,2026-07-31T03:41:22.000+00:00,USDT,HISTORICAL,HISTORICAL_UNVALIDATED,False,BASE_FILTER_ONLY,-0.001851999999999963,False
2,HISTORICAL:CYCLE-000009-20260731T034122000000:00000815,CYCLE-000009-20260731T034122000000,9,2026-07-31T03:41:22.000+00:00,SOL,HISTORICAL,HISTORICAL_UNVALIDATED,False,BASE_FILTER_ONLY,-0.0018540000000000206,False
2,HISTORICAL:CYCLE-000009-20260731T034122000000:00000816,CYCLE-000009-20260731T034122000000,9,2026-07-31T03:41:22.000+00:00,MET,HISTORICAL,HISTORICAL_UNVALIDATED,False,BASE_FILTER_ONLY,-0.0018849999999999128,False
2,HISTORICAL:CYCLE-000009-20260731T034122000000:00000817,CYCLE-000009-20260731T034122000000,9,2026-07-31T03:41:22.000+00:00,SPYx,HISTORICAL,HISTORICAL_UNVALIDATED,False,BASE_FILTER_ONLY,-0.0018929999999999208,False
2,HISTORICAL:CYCLE-000009-20260731T034122000000:00000818,CYCLE-000009-20260731T034122000000,9,2026-07-31T03:41:22.000+00:00,USDe,HISTORICAL,HISTORICAL_UNVALIDATED,False,BASE_FILTER_ONLY,-0.001908000000000019,False
2,HISTORICAL:CYCLE-000009-20260731T034122000000:00000819,CYCLE-000009-20260731T034122000000,9,2026-07-31T03:41:22.000+00:00,JupUSD,HISTORICAL,HISTORICAL_UNVALIDATED,False,BASE_FILTER_ONLY,-0.0019499999999998945,False
2,HISTORICAL:CYCLE-000009-20260731T034122000000:00000820,CYCLE-000009-20260731T034122000000,9,2026-07-31T03:41:22.000+00:00,USD1,HISTORICAL,HISTORICAL_UNVALIDATED,False,BASE_FILTER_ONLY,-0.001980000000000091,False
2,HISTORICAL:CYCLE-000009-20260731T034122000000:00000821,CYCLE-000009-20260731T034122000000,9,2026-07-31T03:41:22.000+00:00,USDG,HISTORICAL,HISTORICAL_UNVALIDATED,False,BASE_FILTER_ONLY,-0.0019949999999999673,False
2,HISTORICAL:CYCLE-000009-20260731T034122000000:00000822,CYCLE-000009-20260731T034122000000,9,2026-07-31T03:41:22.000+00:00,CASH,HISTORICAL,HISTORICAL_UNVALIDATED,False,BASE_FILTER_ONLY,-0.0020059999999999505,False
2,HISTORICAL:CYCLE-000009-20260731T034122000000:00000823,CYCLE-000009-20260731T034122000000,9,2026-07-31T03:41:22.000+00:00,USDS,HISTORICAL,HISTORICAL_UNVALIDATED,False,BASE_FILTER_ONLY,-0.0020099999999999545,False
2,HISTORICAL:CYCLE-000009-20260731T034122000000:00000824,CYCLE-000009-20260731T034122000000,9,2026-07-31T03:41:22.000+00:00,syrupUSDC,HISTORICAL,HISTORICAL_UNVALIDATED,False,BASE_FILTER_ONLY,-0.002012000000000012,False
2,HISTORICAL:CYCLE-000009-20260731T034122000000:00000825,CYCLE-000009-20260731T034122000000,9,2026-07-31T03:41:22.000+00:00,ETH,HISTORICAL,HISTORICAL_UNVALIDATED,False,BASE_FILTER_ONLY,-0.002013000000000041,False
2,HISTORICAL:CYCLE-000009-20260731T034122000000:00000826,CYCLE-000009-20260731T034122000000,9,2026-07-31T03:41:22.000+00:00,JupSOL,HISTORICAL,HISTORICAL_UNVALIDATED,False,BASE_FILTER_ONLY,-0.0020459999999999905,False
2,HISTORICAL:CYCLE-000009-20260731T034122000000:00000827,CYCLE-000009-20260731T034122000000,9,2026-07-31T03:41:22.000+00:00,PRIME,HISTORICAL,HISTORICAL_UNVALIDATED,False,BASE_FILTER_ONLY,-0.002052000000000052,False
2,HISTORICAL:CYCLE-000009-20260731T034122000000:00000828,CYCLE-000009-20260731T034122000000,9,2026-07-31T03:41:22.000+00:00,ZEC,HISTORICAL,HISTORICAL_UNVALIDATED,False,BASE_FILTER_ONLY,-0.002071999999999961,False
2,HISTORICAL:CYCLE-000009-20260731T034122000000:00000829,CYCLE-000009-20260731T034122000000,9,2026-07-31T03:41:22.000+00:00,GEOD,HISTORICAL,HISTORICAL_UNVALIDATED,False,BASE_FILTER_ONLY,-0.002087999999999977,False
2,HISTORICAL:CYCLE-000009-20260731T034122000000:00000830,CYCLE-000009-20260731T034122000000,9,2026-07-31T03:41:22.000+00:00,QQQx,HISTORICAL,HISTORICAL_UNVALIDATED,False,BASE_FILTER_ONLY,-0.0020890000000000058,False
2,HISTORICAL:CYCLE-000009-20260731T034122000000:00000831,CYCLE-000009-20260731T034122000000,9,2026-07-31T03:41:22.000+00:00,USX,HISTORICAL,HISTORICAL_UNVALIDATED,False,BASE_FILTER_ONLY,-0.002099999999999989,False
2,HISTORICAL:CYCLE-000009-20260731T034122000000:00000832,CYCLE-000009-20260731T034122000000,9,2026-07-31T03:41:22.000+00:00,stSOL,HISTORICAL,HISTORICAL_UNVALIDATED,False,BASE_FILTER_ONLY,-0.002109000000000026,False
2,HISTORICAL:CYCLE-000009-20260731T034122000000:00000833,CYCLE-000009-20260731T034122000000,9,2026-07-31T03:41:22.000+00:00,TRX,HISTORICAL,HISTORICAL_UNVALIDATED,False,BASE_FILTER_ONLY,-0.0021649999999999708,False
2,HISTORICAL:CYCLE-000009-20260731T034122000000:00000834,CYCLE-000009-20260731T034122000000,9,2026-07-31T03:41:22.000+00:00,ANTFUN,HISTORICAL,HISTORICAL_UNVALIDATED,False,BASE_FILTER_ONLY,-0.002175999999999954,False
2,HISTORICAL:CYCLE-000009-20260731T034122000000:00000835,CYCLE-000009-20260731T034122000000,9,2026-07-31T03:41:22.000+00:00,ONyc,HISTORICAL,HISTORICAL_UNVALIDATED,False,BASE_FILTER_ONLY,-0.0021820000000000155,False
2,HISTORICAL:CYCLE-000009-20260731T034122000000:00000836,CYCLE-000009-20260731T034122000000,9,2026-07-31T03:41:22.000+00:00,NVDAx,HISTORICAL,HISTORICAL_UNVALIDATED,False,BASE_FILTER_ONLY,-0.0021970000000000028,False
2,HISTORICAL:CYCLE-000009-20260731T034122000000:00000837,CYCLE-000009-20260731T034122000000,9,2026-07-31T03:41:22.000+00:00,ANTHROPIC,HISTORICAL,HISTORICAL_UNVALIDATED,False,BASE_FILTER_ONLY,-0.0022010000000000068,False
2,HISTORICAL:CYCLE-000009-20260731T034122000000:00000838,CYCLE-000009-20260731T034122000000,9,2026-07-31T03:41:22.000+00:00,BIRB,HISTORICAL,HISTORICAL_UNVALIDATED,False,BASE_FILTER_ONLY,-0.0022020000000000355,False
2,HISTORICAL:CYCLE-000009-20260731T034122000000:00000839,CYCLE-000009-20260731T034122000000,9,2026-07-31T03:41:22.000+00:00,PST,HISTORICAL,HISTORICAL_UNVALIDATED,False,BASE_FILTER_ONLY,-0.0022020000000000355,False
2,HISTORICAL:CYCLE-000009-20260731T034122000000:00000840,CYCLE-000009-20260731T034122000000,9,2026-07-31T03:41:22.000+00:00,ANSEM,HISTORICAL,HISTORICAL_UNVALIDATED,False,BASE_FILTER_ONLY,-0.0022309999999999813,False
2,HISTORICAL:CYCLE-000009-20260731T034122000000:00000841,CYCLE-000009-20260731T034122000000,9,2026-07-31T03:41:22.000+00:00,PENGU,HISTORICAL,HISTORICAL_UNVALIDATED,False,BASE_FILTER_ONLY,-0.0022459999999999685,False
2,HISTORICAL:CYCLE-000009-20260731T034122000000:00000842,CYCLE-000009-20260731T034122000000,9,2026-07-31T03:41:22.000+00:00,eUSX,HISTORICAL,HISTORICAL_UNVALIDATED,False,BASE_FILTER_ONLY,-0.0023020000000000245,False
2,HISTORICAL:CYCLE-000009-20260731T034122000000:00000843,CYCLE-000009-20260731T034122000000,9,2026-07-31T03:41:22.000+00:00,SPCX,HISTORICAL,HISTORICAL_UNVALIDATED,False,BASE_FILTER_ONLY,-0.002303999999999971,False
2,HISTORICAL:CYCLE-000009-20260731T034122000000:00000844,CYCLE-000009-20260731T034122000000,9,2026-07-31T03:41:22.000+00:00,TRUMP,HISTORICAL,HISTORICAL_UNVALIDATED,False,BASE_FILTER_ONLY,-0.0024089999999999927,False
2,HISTORICAL:CYCLE-000009-20260731T034122000000:00000845,CYCLE-000009-20260731T034122000000,9,2026-07-31T03:41:22.000+00:00,DOOD,HISTORICAL,HISTORICAL_UNVALIDATED,False,BASE_FILTER_ONLY,-0.002439999999999996,False
2,HISTORICAL:CYCLE-000009-20260731T034122000000:00000846,CYCLE-000009-20260731T034122000000,9,2026-07-31T03:41:22.000+00:00,JUP,HISTORICAL,HISTORICAL_UNVALIDATED,False,BASE_FILTER_ONLY,-0.0025049999999999777,False
2,HISTORICAL:CYCLE-000009-20260731T034122000000:00000847,CYCLE-000009-20260731T034122000000,9,2026-07-31T03:41:22.000+00:00,TSLAx,HISTORICAL,HISTORICAL_UNVALIDATED,False,BASE_FILTER_ONLY,-0.0025410000000000137,False
2,HISTORICAL:CYCLE-000009-20260731T034122000000:00000848,CYCLE-000009-20260731T034122000000,9,2026-07-31T03:41:22.000+00:00,META,HISTORICAL,HISTORICAL_UNVALIDATED,False,BASE_FILTER_ONLY,-0.002686999999999993,False
2,HISTORICAL:CYCLE-000009-20260731T034122000000:00000849,CYCLE-000009-20260731T034122000000,9,2026-07-31T03:41:22.000+00:00,$WIF,HISTORICAL,HISTORICAL_UNVALIDATED,False,BASE_FILTER_ONLY,-0.002758999999999954,False
2,HISTORICAL:CYCLE-000009-20260731T034122000000:00000850,CYCLE-000009-20260731T034122000000,9,2026-07-31T03:41:22.000+00:00,POPCAT,HISTORICAL,HISTORICAL_UNVALIDATED,False,BASE_FILTER_ONLY,-0.002759999999999983,False
2,HISTORICAL:CYCLE-000009-20260731T034122000000:00000851,CYCLE-000009-20260731T034122000000,9,2026-07-31T03:41:22.000+00:00,CARDS,HISTORICAL,HISTORICAL_UNVALIDATED,False,BASE_FILTER_ONLY,-0.0028259999999999934,False
2,HISTORICAL:CYCLE-000009-20260731T034122000000:00000852,CYCLE-000009-20260731T034122000000,9,2026-07-31T03:41:22.000+00:00,CRCLx,HISTORICAL,HISTORICAL_UNVALIDATED,False,BASE_FILTER_ONLY,-0.0028299999999999974,False
2,HISTORICAL:CYCLE-000009-20260731T034122000000:00000853,CYCLE-000009-20260731T034122000000,9,2026-07-31T03:41:22.000+00:00,arc,HISTORICAL,HISTORICAL_UNVALIDATED,False,BASE_FILTER_ONLY,-0.0029329999999999617,False
2,HISTORICAL:CYCLE-000009-20260731T034122000000:00000854,CYCLE-000009-20260731T034122000000,9,2026-07-31T03:41:22.000+00:00,neet,HISTORICAL,HISTORICAL_UNVALIDATED,False,BASE_FILTER_ONLY,-0.002947000000000031,False
2,HISTORICAL:CYCLE-000009-20260731T034122000000:00000855,CYCLE-000009-20260731T034122000000,9,2026-07-31T03:41:22.000+00:00,Bonk,HISTORICAL,HISTORICAL_UNVALIDATED,False,BASE_FILTER_ONLY,-0.0030130000000000417,False
2,HISTORICAL:CYCLE-000009-20260731T034122000000:00000856,CYCLE-000009-20260731T034122000000,9,2026-07-31T03:41:22.000+00:00,jellyjelly,HISTORICAL,HISTORICAL_UNVALIDATED,False,BASE_FILTER_ONLY,-0.003191000000000053,False
2,HISTORICAL:CYCLE-000009-20260731T034122000000:00000857,CYCLE-000009-20260731T034122000000,9,2026-07-31T03:41:22.000+00:00,ORCA,HISTORICAL,HISTORICAL_UNVALIDATED,False,BASE_FILTER_ONLY,-0.003670999999999978,False
2,HISTORICAL:CYCLE-000009-20260731T034122000000:00000858,CYCLE-000009-20260731T034122000000,9,2026-07-31T03:41:22.000+00:00,COINx,HISTORICAL,HISTORICAL_UNVALIDATED,False,BASE_FILTER_ONLY,-0.003690999999999998,False
2,HISTORICAL:CYCLE-000009-20260731T034122000000:00000859,CYCLE-000009-20260731T034122000000,9,2026-07-31T03:41:22.000+00:00,SPX,HISTORICAL,HISTORICAL_UNVALIDATED,False,BASE_FILTER_ONLY,-0.0037730000000000246,False
2,HISTORICAL:CYCLE-000009-20260731T034122000000:00000860,CYCLE-000009-20260731T034122000000,9,2026-07-31T03:41:22.000+00:00,TROLL,HISTORICAL,HISTORICAL_UNVALIDATED,False,BASE_FILTER_ONLY,-0.003807000000000003,False
2,HISTORICAL:CYCLE-000009-20260731T034122000000:00000861,CYCLE-000009-20260731T034122000000,9,2026-07-31T03:41:22.000+00:00,STRCx,HISTORICAL,HISTORICAL_UNVALIDATED,False,BASE_FILTER_ONLY,-0.003851999999999965,False
2,HISTORICAL:CYCLE-000009-20260731T034122000000:00000862,CYCLE-000009-20260731T034122000000,9,2026-07-31T03:41:22.000+00:00,PAXG,HISTORICAL,HISTORICAL_UNVALIDATED,False,BASE_FILTER_ONLY,-0.004009000000000039,False
2,HISTORICAL:CYCLE-000009-20260731T034122000000:00000863,CYCLE-000009-20260731T034122000000,9,2026-07-31T03:41:22.000+00:00,USELESS,HISTORICAL,HISTORICAL_UNVALIDATED,False,BASE_FILTER_ONLY,-0.0040569999999999756,False
2,HISTORICAL:CYCLE-000009-20260731T034122000000:00000864,CYCLE-000009-20260731T034122000000,9,2026-07-31T03:41:22.000+00:00,Jimothy,HISTORICAL,HISTORICAL_UNVALIDATED,False,BASE_FILTER_ONLY,-0.0041130000000000316,False
2,HISTORICAL:CYCLE-000009-20260731T034122000000:00000865,CYCLE-000009-20260731T034122000000,9,2026-07-31T03:41:22.000+00:00,GP,HISTORICAL,HISTORICAL_UNVALIDATED,False,BASE_FILTER_ONLY,-0.004731000000000039,False
2,HISTORICAL:CYCLE-000009-20260731T034122000000:00000866,CYCLE-000009-20260731T034122000000,9,2026-07-31T03:41:22.000+00:00,MSTRx,HISTORICAL,HISTORICAL_UNVALIDATED,False,BASE_FILTER_ONLY,-0.00475000000000003,False
2,HISTORICAL:CYCLE-000009-20260731T034122000000:00000867,CYCLE-000009-20260731T034122000000,9,2026-07-31T03:41:22.000+00:00,JTO,HISTORICAL,HISTORICAL_UNVALIDATED,False,BASE_FILTER_ONLY,-0.005367000000000009,False
2,HISTORICAL:CYCLE-000009-20260731T034122000000:00000868,CYCLE-000009-20260731T034122000000,9,2026-07-31T03:41:22.000+00:00,TripleT,HISTORICAL,HISTORICAL_UNVALIDATED,False,BASE_FILTER_ONLY,-0.005442999999999974,False
2,HISTORICAL:CYCLE-000009-20260731T034122000000:00000869,CYCLE-000009-20260731T034122000000,9,2026-07-31T03:41:22.000+00:00,pippin,HISTORICAL,HISTORICAL_UNVALIDATED,False,BASE_FILTER_ONLY,-0.005449999999999953,False
2,HISTORICAL:CYCLE-000009-20260731T034122000000:00000870,CYCLE-000009-20260731T034122000000,9,2026-07-31T03:41:22.000+00:00,ZEREBRO,HISTORICAL,HISTORICAL_UNVALIDATED,False,BASE_FILTER_ONLY,-0.005480000000000039,False
2,HISTORICAL:CYCLE-000009-20260731T034122000000:00000871,CYCLE-000009-20260731T034122000000,9,2026-07-31T03:41:22.000+00:00,METAx,HISTORICAL,HISTORICAL_UNVALIDATED,False,BASE_FILTER_ONLY,-0.005589999999999982,False
2,HISTORICAL:CYCLE-000009-20260731T034122000000:00000872,CYCLE-000009-20260731T034122000000,9,2026-07-31T03:41:22.000+00:00,ORE,HISTORICAL,HISTORICAL_UNVALIDATED,False,BASE_FILTER_ONLY,-0.005878000000000048,False
2,HISTORICAL:CYCLE-000009-20260731T034122000000:00000873,CYCLE-000009-20260731T034122000000,9,2026-07-31T03:41:22.000+00:00,KITTY,HISTORICAL,HISTORICAL_UNVALIDATED,False,BASE_FILTER_ONLY,-0.005915000000000002,False
2,HISTORICAL:CYCLE-000009-20260731T034122000000:00000874,CYCLE-000009-20260731T034122000000,9,2026-07-31T03:41:22.000+00:00,SOLO,HISTORICAL,HISTORICAL_UNVALIDATED,False,BASE_FILTER_ONLY,-0.0066239999999999615,False
2,HISTORICAL:CYCLE-000009-20260731T034122000000:00000875,CYCLE-000009-20260731T034122000000,9,2026-07-31T03:41:22.000+00:00,BOT,HISTORICAL,HISTORICAL_UNVALIDATED,False,BASE_FILTER_ONLY,-0.0067920000000000185,False
2,HISTORICAL:CYCLE-000009-20260731T034122000000:00000876,CYCLE-000009-20260731T034122000000,9,2026-07-31T03:41:22.000+00:00,retire,HISTORICAL,HISTORICAL_UNVALIDATED,False,BASE_FILTER_ONLY,-0.0068880000000000035,False
2,HISTORICAL:CYCLE-000009-20260731T034122000000:00000877,CYCLE-000009-20260731T034122000000,9,2026-07-31T03:41:22.000+00:00,MEW,HISTORICAL,HISTORICAL_UNVALIDATED,False,BASE_FILTER_ONLY,-0.0069040000000000195,False
2,HISTORICAL:CYCLE-000009-20260731T034122000000:00000878,CYCLE-000009-20260731T034122000000,9,2026-07-31T03:41:22.000+00:00,GME,HISTORICAL,HISTORICAL_UNVALIDATED,False,BASE_FILTER_ONLY,-0.006917999999999978,False
2,HISTORICAL:CYCLE-000009-20260731T034122000000:00000879,CYCLE-000009-20260731T034122000000,9,2026-07-31T03:41:22.000+00:00,BC,HISTORICAL,HISTORICAL_UNVALIDATED,False,BASE_FILTER_ONLY,-0.0069360000000000515,False
2,HISTORICAL:CYCLE-000009-20260731T034122000000:00000880,CYCLE-000009-20260731T034122000000,9,2026-07-31T03:41:22.000+00:00,aura,HISTORICAL,HISTORICAL_UNVALIDATED,False,BASE_FILTER_ONLY,-0.006944999999999977,False
2,HISTORICAL:CYCLE-000009-20260731T034122000000:00000881,CYCLE-000009-20260731T034122000000,9,2026-07-31T03:41:22.000+00:00,BP,HISTORICAL,HISTORICAL_UNVALIDATED,False,BASE_FILTER_ONLY,-0.007013999999999963,False
2,HISTORICAL:CYCLE-000009-20260731T034122000000:00000882,CYCLE-000009-20260731T034122000000,9,2026-07-31T03:41:22.000+00:00,BOME,HISTORICAL,HISTORICAL_UNVALIDATED,False,BASE_FILTER_ONLY,-0.007114999999999981,False
2,HISTORICAL:CYCLE-000009-20260731T034122000000:00000883,CYCLE-000009-20260731T034122000000,9,2026-07-31T03:41:22.000+00:00,CRED,HISTORICAL,HISTORICAL_UNVALIDATED,False,BASE_FILTER_ONLY,-0.0074560000000000164,False
2,HISTORICAL:CYCLE-000009-20260731T034122000000:00000884,CYCLE-000009-20260731T034122000000,9,2026-07-31T03:41:22.000+00:00,READY,HISTORICAL,HISTORICAL_UNVALIDATED,False,BASE_FILTER_ONLY,-0.007696000000000034,False
2,HISTORICAL:CYCLE-000009-20260731T034122000000:00000885,CYCLE-000009-20260731T034122000000,9,2026-07-31T03:41:22.000+00:00,NORMIE,HISTORICAL,HISTORICAL_UNVALIDATED,False,BASE_FILTER_ONLY,-0.007970000000000031,False
2,HISTORICAL:CYCLE-000009-20260731T034122000000:00000886,CYCLE-000009-20260731T034122000000,9,2026-07-31T03:41:22.000+00:00,NX8,HISTORICAL,HISTORICAL_UNVALIDATED,False,BASE_FILTER_ONLY,-0.007991999999999997,False
2,HISTORICAL:CYCLE-000009-20260731T034122000000:00000887,CYCLE-000009-20260731T034122000000,9,2026-07-31T03:41:22.000+00:00,xSOL,HISTORICAL,HISTORICAL_UNVALIDATED,False,BASE_FILTER_ONLY,-0.008001999999999952,False
2,HISTORICAL:CYCLE-000009-20260731T034122000000:00000888,CYCLE-000009-20260731T034122000000,9,2026-07-31T03:41:22.000+00:00,Buttcoin,HISTORICAL,HISTORICAL_UNVALIDATED,False,BASE_FILTER_ONLY,-0.008006999999999985,False
2,HISTORICAL:CYCLE-000009-20260731T034122000000:00000889,CYCLE-000009-20260731T034122000000,9,2026-07-31T03:41:22.000+00:00,Verse,HISTORICAL,HISTORICAL_UNVALIDATED,False,BASE_FILTER_ONLY,-0.008040000000000045,False
2,HISTORICAL:CYCLE-000009-20260731T034122000000:00000890,CYCLE-000009-20260731T034122000000,9,2026-07-31T03:41:22.000+00:00,Cupsey,HISTORICAL,HISTORICAL_UNVALIDATED,False,BASE_FILTER_ONLY,-0.008472999999999951,False
2,HISTORICAL:CYCLE-000009-20260731T034122000000:00000891,CYCLE-000009-20260731T034122000000,9,2026-07-31T03:41:22.000+00:00,TOESCOIN,HISTORICAL,HISTORICAL_UNVALIDATED,False,BASE_FILTER_ONLY,-0.009865000000000011,False
2,HISTORICAL:CYCLE-000009-20260731T034122000000:00000892,CYCLE-000009-20260731T034122000000,9,2026-07-31T03:41:22.000+00:00,NOBODY,HISTORICAL,HISTORICAL_UNVALIDATED,False,BASE_FILTER_ONLY,-0.009965,False
2,HISTORICAL:CYCLE-000009-20260731T034122000000:00000893,CYCLE-000009-20260731T034122000000,9,2026-07-31T03:41:22.000+00:00,HUMA,HISTORICAL,HISTORICAL_UNVALIDATED,False,BASE_FILTER_ONLY,-0.011755999999999987,False
2,HISTORICAL:CYCLE-000009-20260731T034122000000:00000894,CYCLE-000009-20260731T034122000000,9,2026-07-31T03:41:22.000+00:00,KLED,HISTORICAL,HISTORICAL_UNVALIDATED,False,BASE_FILTER_ONLY,-0.011800999999999949,False
2,HISTORICAL:CYCLE-000009-20260731T034122000000:00000895,CYCLE-000009-20260731T034122000000,9,2026-07-31T03:41:22.000+00:00,BP,HISTORICAL,HISTORICAL_UNVALIDATED,False,BASE_FILTER_ONLY,-0.013936999999999975,False
2,HISTORICAL:CYCLE-000009-20260731T034122000000:00000896,CYCLE-000009-20260731T034122000000,9,2026-07-31T03:41:22.000+00:00,67,HISTORICAL,HISTORICAL_UNVALIDATED,False,BASE_FILTER_ONLY,-0.014901000000000051,False
2,HISTORICAL:CYCLE-000009-20260731T034122000000:00000897,CYCLE-000009-20260731T034122000000,9,2026-07-31T03:41:22.000+00:00,LMAO!,HISTORICAL,HISTORICAL_UNVALIDATED,False,BASE_FILTER_ONLY,-0.014994999999999979,False
2,HISTORICAL:CYCLE-000009-20260731T034122000000:00000898,CYCLE-000009-20260731T034122000000,9,2026-07-31T03:41:22.000+00:00,OGDOGE,HISTORICAL,HISTORICAL_UNVALIDATED,False,BASE_FILTER_ONLY,-0.015912999999999955,False
2,HISTORICAL:CYCLE-000009-20260731T034122000000:00000899,CYCLE-000009-20260731T034122000000,9,2026-07-31T03:41:22.000+00:00,P0,HISTORICAL,HISTORICAL_UNVALIDATED,False,BASE_FILTER_ONLY,-0.01704300000000003,False
2,HISTORICAL:CYCLE-000009-20260731T034122000000:00000900,CYCLE-000009-20260731T034122000000,9,2026-07-31T03:41:22.000+00:00,DUPE,HISTORICAL,HISTORICAL_UNVALIDATED,False,BASE_FILTER_ONLY,-0.021935999999999956,False
3,HISTORICAL:CYCLE-000010-20260731T035444000000:00000901,CYCLE-000010-20260731T035444000000,10,2026-07-31T03:54:44.000+00:00,MET,HISTORICAL,HISTORICAL_UNVALIDATED,True,BASE_FILTER_ONLY,0.00012600000000007223,True
3,HISTORICAL:CYCLE-000010-20260731T035444000000:00000902,CYCLE-000010-20260731T035444000000,10,2026-07-31T03:54:44.000+00:00,PENGU,HISTORICAL,HISTORICAL_UNVALIDATED,False,BASE_FILTER_ONLY,-0.0012160000000001042,False
3,HISTORICAL:CYCLE-000010-20260731T035444000000:00000903,CYCLE-000010-20260731T035444000000,10,2026-07-31T03:54:44.000+00:00,mSOL,HISTORICAL,HISTORICAL_UNVALIDATED,False,BASE_FILTER_ONLY,-0.0016140000000000026,False
3,HISTORICAL:CYCLE-000010-20260731T035444000000:00000904,CYCLE-000010-20260731T035444000000,10,2026-07-31T03:54:44.000+00:00,$WIF,HISTORICAL,HISTORICAL_UNVALIDATED,False,BASE_FILTER_ONLY,-0.0016629999999999683,False
3,HISTORICAL:CYCLE-000010-20260731T035444000000:00000905,CYCLE-000010-20260731T035444000000,10,2026-07-31T03:54:44.000+00:00,MU,HISTORICAL,HISTORICAL_UNVALIDATED,False,BASE_FILTER_ONLY,-0.0017290000000000898,False
3,HISTORICAL:CYCLE-000010-20260731T035444000000:00000906,CYCLE-000010-20260731T035444000000,10,2026-07-31T03:54:44.000+00:00,TSLAx,HISTORICAL,HISTORICAL_UNVALIDATED,False,BASE_FILTER_ONLY,-0.0017609999999998998,False
3,HISTORICAL:CYCLE-000010-20260731T035444000000:00000907,CYCLE-000010-20260731T035444000000,10,2026-07-31T03:54:44.000+00:00,HYPE,HISTORICAL,HISTORICAL_UNVALIDATED,False,BASE_FILTER_ONLY,-0.001800000000000022,False
3,HISTORICAL:CYCLE-000010-20260731T035444000000:00000908,CYCLE-000010-20260731T035444000000,10,2026-07-31T03:54:44.000+00:00,Fartcoin,HISTORICAL,HISTORICAL_UNVALIDATED,False,BASE_FILTER_ONLY,-0.0018339999999998895,False
3,HISTORICAL:CYCLE-000010-20260731T035444000000:00000909,CYCLE-000010-20260731T035444000000,10,2026-07-31T03:54:44.000+00:00,hyloSOL,HISTORICAL,HISTORICAL_UNVALIDATED,False,BASE_FILTER_ONLY,-0.001843999999999955,False
3,HISTORICAL:CYCLE-000010-20260731T035444000000:00000910,CYCLE-000010-20260731T035444000000,10,2026-07-31T03:54:44.000+00:00,JupUSD,HISTORICAL,HISTORICAL_UNVALIDATED,False,BASE_FILTER_ONLY,-0.0018610000000001108,False
3,HISTORICAL:CYCLE-000010-20260731T035444000000:00000911,CYCLE-000010-20260731T035444000000,10,2026-07-31T03:54:44.000+00:00,SOL,HISTORICAL,HISTORICAL_UNVALIDATED,False,BASE_FILTER_ONLY,-0.0018700000000000366,False
3,HISTORICAL:CYCLE-000010-20260731T035444000000:00000912,CYCLE-000010-20260731T035444000000,10,2026-07-31T03:54:44.000+00:00,USDe,HISTORICAL,HISTORICAL_UNVALIDATED,False,BASE_FILTER_ONLY,-0.0019109999999999943,False
3,HISTORICAL:CYCLE-000010-20260731T035444000000:00000913,CYCLE-000010-20260731T035444000000,10,2026-07-31T03:54:44.000+00:00,USDT,HISTORICAL,HISTORICAL_UNVALIDATED,False,BASE_FILTER_ONLY,-0.0019489999999999768,False
3,HISTORICAL:CYCLE-000010-20260731T035444000000:00000914,CYCLE-000010-20260731T035444000000,10,2026-07-31T03:54:44.000+00:00,ETH,HISTORICAL,HISTORICAL_UNVALIDATED,False,BASE_FILTER_ONLY,-0.0019670000000000503,False
3,HISTORICAL:CYCLE-000010-20260731T035444000000:00000915,CYCLE-000010-20260731T035444000000,10,2026-07-31T03:54:44.000+00:00,JitoSOL,HISTORICAL,HISTORICAL_UNVALIDATED,False,BASE_FILTER_ONLY,-0.001973000000000001,False
3,HISTORICAL:CYCLE-000010-20260731T035444000000:00000916,CYCLE-000010-20260731T035444000000,10,2026-07-31T03:54:44.000+00:00,JLP,HISTORICAL,HISTORICAL_UNVALIDATED,False,BASE_FILTER_ONLY,-0.001980000000000091,False
3,HISTORICAL:CYCLE-000010-20260731T035444000000:00000917,CYCLE-000010-20260731T035444000000,10,2026-07-31T03:54:44.000+00:00,USD1,HISTORICAL,HISTORICAL_UNVALIDATED,False,BASE_FILTER_ONLY,-0.0019860000000000416,False
3,HISTORICAL:CYCLE-000010-20260731T035444000000:00000918,CYCLE-000010-20260731T035444000000,10,2026-07-31T03:54:44.000+00:00,USDG,HISTORICAL,HISTORICAL_UNVALIDATED,False,BASE_FILTER_ONLY,-0.0019899999999999345,False
3,HISTORICAL:CYCLE-000010-20260731T035444000000:00000919,CYCLE-000010-20260731T035444000000,10,2026-07-31T03:54:44.000+00:00,EURC,HISTORICAL,HISTORICAL_UNVALIDATED,False,BASE_FILTER_ONLY,-0.002,False
3,HISTORICAL:CYCLE-000010-20260731T035444000000:00000920,CYCLE-000010-20260731T035444000000,10,2026-07-31T03:54:44.000+00:00,PYUSD,HISTORICAL,HISTORICAL_UNVALIDATED,False,BASE_FILTER_ONLY,-0.002001000000000029,False
3,HISTORICAL:CYCLE-000010-20260731T035444000000:00000921,CYCLE-000010-20260731T035444000000,10,2026-07-31T03:54:44.000+00:00,CASH,HISTORICAL,HISTORICAL_UNVALIDATED,False,BASE_FILTER_ONLY,-0.002008000000000008,False
3,HISTORICAL:CYCLE-000010-20260731T035444000000:00000922,CYCLE-000010-20260731T035444000000,10,2026-07-31T03:54:44.000+00:00,USDS,HISTORICAL,HISTORICAL_UNVALIDATED,False,BASE_FILTER_ONLY,-0.002008000000000008,False
3,HISTORICAL:CYCLE-000010-20260731T035444000000:00000923,CYCLE-000010-20260731T035444000000,10,2026-07-31T03:54:44.000+00:00,SPYx,HISTORICAL,HISTORICAL_UNVALIDATED,False,BASE_FILTER_ONLY,-0.0020099999999999545,False
3,HISTORICAL:CYCLE-000010-20260731T035444000000:00000924,CYCLE-000010-20260731T035444000000,10,2026-07-31T03:54:44.000+00:00,syrupUSDC,HISTORICAL,HISTORICAL_UNVALIDATED,False,BASE_FILTER_ONLY,-0.002012000000000012,False
3,HISTORICAL:CYCLE-000010-20260731T035444000000:00000925,CYCLE-000010-20260731T035444000000,10,2026-07-31T03:54:44.000+00:00,POPCAT,HISTORICAL,HISTORICAL_UNVALIDATED,False,BASE_FILTER_ONLY,-0.002017000000000045,False
3,HISTORICAL:CYCLE-000010-20260731T035444000000:00000926,CYCLE-000010-20260731T035444000000,10,2026-07-31T03:54:44.000+00:00,RAY,HISTORICAL,HISTORICAL_UNVALIDATED,False,BASE_FILTER_ONLY,-0.0020390000000000113,False
3,HISTORICAL:CYCLE-000010-20260731T035444000000:00000927,CYCLE-000010-20260731T035444000000,10,2026-07-31T03:54:44.000+00:00,JupSOL,HISTORICAL,HISTORICAL_UNVALIDATED,False,BASE_FILTER_ONLY,-0.002044000000000044,False
3,HISTORICAL:CYCLE-000010-20260731T035444000000:00000928,CYCLE-000010-20260731T035444000000,10,2026-07-31T03:54:44.000+00:00,PRIME,HISTORICAL,HISTORICAL_UNVALIDATED,False,BASE_FILTER_ONLY,-0.0020510000000000233,False
3,HISTORICAL:CYCLE-000010-20260731T035444000000:00000929,CYCLE-000010-20260731T035444000000,10,2026-07-31T03:54:44.000+00:00,ANSEM,HISTORICAL,HISTORICAL_UNVALIDATED,False,BASE_FILTER_ONLY,-0.0020590000000000313,False
3,HISTORICAL:CYCLE-000010-20260731T035444000000:00000930,CYCLE-000010-20260731T035444000000,10,2026-07-31T03:54:44.000+00:00,TRX,HISTORICAL,HISTORICAL_UNVALIDATED,False,BASE_FILTER_ONLY,-0.002083999999999973,False
3,HISTORICAL:CYCLE-000010-20260731T035444000000:00000931,CYCLE-000010-20260731T035444000000,10,2026-07-31T03:54:44.000+00:00,USX,HISTORICAL,HISTORICAL_UNVALIDATED,False,BASE_FILTER_ONLY,-0.002101000000000018,False
3,HISTORICAL:CYCLE-000010-20260731T035444000000:00000932,CYCLE-000010-20260731T035444000000,10,2026-07-31T03:54:44.000+00:00,SPCX,HISTORICAL,HISTORICAL_UNVALIDATED,False,BASE_FILTER_ONLY,-0.0021269999999999883,False
3,HISTORICAL:CYCLE-000010-20260731T035444000000:00000933,CYCLE-000010-20260731T035444000000,10,2026-07-31T03:54:44.000+00:00,QQQx,HISTORICAL,HISTORICAL_UNVALIDATED,False,BASE_FILTER_ONLY,-0.002132000000000021,False
3,HISTORICAL:CYCLE-000010-20260731T035444000000:00000934,CYCLE-000010-20260731T035444000000,10,2026-07-31T03:54:44.000+00:00,ONyc,HISTORICAL,HISTORICAL_UNVALIDATED,False,BASE_FILTER_ONLY,-0.0021529999999999588,False
3,HISTORICAL:CYCLE-000010-20260731T035444000000:00000935,CYCLE-000010-20260731T035444000000,10,2026-07-31T03:54:44.000+00:00,PUMP,HISTORICAL,HISTORICAL_UNVALIDATED,False,BASE_FILTER_ONLY,-0.0021539999999999875,False
3,HISTORICAL:CYCLE-000010-20260731T035444000000:00000936,CYCLE-000010-20260731T035444000000,10,2026-07-31T03:54:44.000+00:00,hyUSD,HISTORICAL,HISTORICAL_UNVALIDATED,False,BASE_FILTER_ONLY,-0.0022010000000000068,False
3,HISTORICAL:CYCLE-000010-20260731T035444000000:00000937,CYCLE-000010-20260731T035444000000,10,2026-07-31T03:54:44.000+00:00,BIRB,HISTORICAL,HISTORICAL_UNVALIDATED,False,BASE_FILTER_ONLY,-0.0022020000000000355,False
3,HISTORICAL:CYCLE-000010-20260731T035444000000:00000938,CYCLE-000010-20260731T035444000000,10,2026-07-31T03:54:44.000+00:00,NVDAx,HISTORICAL,HISTORICAL_UNVALIDATED,False,BASE_FILTER_ONLY,-0.0022130000000000188,False
3,HISTORICAL:CYCLE-000010-20260731T035444000000:00000939,CYCLE-000010-20260731T035444000000,10,2026-07-31T03:54:44.000+00:00,JUP,HISTORICAL,HISTORICAL_UNVALIDATED,False,BASE_FILTER_ONLY,-0.00225200000000003,False
3,HISTORICAL:CYCLE-000010-20260731T035444000000:00000940,CYCLE-000010-20260731T035444000000,10,2026-07-31T03:54:44.000+00:00,TROLL,HISTORICAL,HISTORICAL_UNVALIDATED,False,BASE_FILTER_ONLY,-0.00227200000000005,False
3,HISTORICAL:CYCLE-000010-20260731T035444000000:00000941,CYCLE-000010-20260731T035444000000,10,2026-07-31T03:54:44.000+00:00,arc,HISTORICAL,HISTORICAL_UNVALIDATED,False,BASE_FILTER_ONLY,-0.0022809999999999758,False
3,HISTORICAL:CYCLE-000010-20260731T035444000000:00000942,CYCLE-000010-20260731T035444000000,10,2026-07-31T03:54:44.000+00:00,WBTC,HISTORICAL,HISTORICAL_UNVALIDATED,False,BASE_FILTER_ONLY,-0.0022870000000000373,False
3,HISTORICAL:CYCLE-000010-20260731T035444000000:00000943,CYCLE-000010-20260731T035444000000,10,2026-07-31T03:54:44.000+00:00,eUSX,HISTORICAL,HISTORICAL_UNVALIDATED,False,BASE_FILTER_ONLY,-0.0023030000000000533,False
3,HISTORICAL:CYCLE-000010-20260731T035444000000:00000944,CYCLE-000010-20260731T035444000000,10,2026-07-31T03:54:44.000+00:00,cbBTC,HISTORICAL,HISTORICAL_UNVALIDATED,False,BASE_FILTER_ONLY,-0.0023579999999999695,False
3,HISTORICAL:CYCLE-000010-20260731T035444000000:00000945,CYCLE-000010-20260731T035444000000,10,2026-07-31T03:54:44.000+00:00,Jimothy,HISTORICAL,HISTORICAL_UNVALIDATED,False,BASE_FILTER_ONLY,-0.0023710000000000103,False
3,HISTORICAL:CYCLE-000010-20260731T035444000000:00000946,CYCLE-000010-20260731T035444000000,10,2026-07-31T03:54:44.000+00:00,TRUMP,HISTORICAL,HISTORICAL_UNVALIDATED,False,BASE_FILTER_ONLY,-0.0023769999999999607,False
3,HISTORICAL:CYCLE-000010-20260731T035444000000:00000947,CYCLE-000010-20260731T035444000000,10,2026-07-31T03:54:44.000+00:00,USELESS,HISTORICAL,HISTORICAL_UNVALIDATED,False,BASE_FILTER_ONLY,-0.002431999999999988,False
3,HISTORICAL:CYCLE-000010-20260731T035444000000:00000948,CYCLE-000010-20260731T035444000000,10,2026-07-31T03:54:44.000+00:00,DBR,HISTORICAL,HISTORICAL_UNVALIDATED,False,BASE_FILTER_ONLY,-0.0024579999999999585,False
3,HISTORICAL:CYCLE-000010-20260731T035444000000:00000949,CYCLE-000010-20260731T035444000000,10,2026-07-31T03:54:44.000+00:00,Bonk,HISTORICAL,HISTORICAL_UNVALIDATED,False,BASE_FILTER_ONLY,-0.002468000000000024,False
3,HISTORICAL:CYCLE-000010-20260731T035444000000:00000950,CYCLE-000010-20260731T035444000000,10,2026-07-31T03:54:44.000+00:00,xBTC,HISTORICAL,HISTORICAL_UNVALIDATED,False,BASE_FILTER_ONLY,-0.0024819999999999825,False
3,HISTORICAL:CYCLE-000010-20260731T035444000000:00000951,CYCLE-000010-20260731T035444000000,10,2026-07-31T03:54:44.000+00:00,ZEC,HISTORICAL,HISTORICAL_UNVALIDATED,False,BASE_FILTER_ONLY,-0.0024950000000000232,False
3,HISTORICAL:CYCLE-000010-20260731T035444000000:00000952,CYCLE-000010-20260731T035444000000,10,2026-07-31T03:54:44.000+00:00,ANTFUN,HISTORICAL,HISTORICAL_UNVALIDATED,False,BASE_FILTER_ONLY,-0.0025910000000000082,False
3,HISTORICAL:CYCLE-000010-20260731T035444000000:00000953,CYCLE-000010-20260731T035444000000,10,2026-07-31T03:54:44.000+00:00,ORE,HISTORICAL,HISTORICAL_UNVALIDATED,False,BASE_FILTER_ONLY,-0.0026220000000000115,False
3,HISTORICAL:CYCLE-000010-20260731T035444000000:00000954,CYCLE-000010-20260731T035444000000,10,2026-07-31T03:54:44.000+00:00,GEOD,HISTORICAL,HISTORICAL_UNVALIDATED,False,BASE_FILTER_ONLY,-0.002670999999999977,False
3,HISTORICAL:CYCLE-000010-20260731T035444000000:00000955,CYCLE-000010-20260731T035444000000,10,2026-07-31T03:54:44.000+00:00,CARDS,HISTORICAL,HISTORICAL_UNVALIDATED,False,BASE_FILTER_ONLY,-0.0027009999999999517,False
3,HISTORICAL:CYCLE-000010-20260731T035444000000:00000956,CYCLE-000010-20260731T035444000000,10,2026-07-31T03:54:44.000+00:00,pippin,HISTORICAL,HISTORICAL_UNVALIDATED,False,BASE_FILTER_ONLY,-0.0027249999999999757,False
3,HISTORICAL:CYCLE-000010-20260731T035444000000:00000957,CYCLE-000010-20260731T035444000000,10,2026-07-31T03:54:44.000+00:00,CRCLx,HISTORICAL,HISTORICAL_UNVALIDATED,False,BASE_FILTER_ONLY,-0.002758999999999954,False
3,HISTORICAL:CYCLE-000010-20260731T035444000000:00000958,CYCLE-000010-20260731T035444000000,10,2026-07-31T03:54:44.000+00:00,BILL,HISTORICAL,HISTORICAL_UNVALIDATED,False,BASE_FILTER_ONLY,-0.0032969999999999926,False
3,HISTORICAL:CYCLE-000010-20260731T035444000000:00000959,CYCLE-000010-20260731T035444000000,10,2026-07-31T03:54:44.000+00:00,SPX,HISTORICAL,HISTORICAL_UNVALIDATED,False,BASE_FILTER_ONLY,-0.003364000000000032,False
3,HISTORICAL:CYCLE-000010-20260731T035444000000:00000960,CYCLE-000010-20260731T035444000000,10,2026-07-31T03:54:44.000+00:00,SKHY,HISTORICAL,HISTORICAL_UNVALIDATED,False,BASE_FILTER_ONLY,-0.0034250000000000096,False
3,HISTORICAL:CYCLE-000010-20260731T035444000000:00000961,CYCLE-000010-20260731T035444000000,10,2026-07-31T03:54:44.000+00:00,neet,HISTORICAL,HISTORICAL_UNVALIDATED,False,BASE_FILTER_ONLY,-0.003716000000000051,False
3,HISTORICAL:CYCLE-000010-20260731T035444000000:00000962,CYCLE-000010-20260731T035444000000,10,2026-07-31T03:54:44.000+00:00,COINx,HISTORICAL,HISTORICAL_UNVALIDATED,False,BASE_FILTER_ONLY,-0.00387499999999996,False
3,HISTORICAL:CYCLE-000010-20260731T035444000000:00000963,CYCLE-000010-20260731T035444000000,10,2026-07-31T03:54:44.000+00:00,LBTC,HISTORICAL,HISTORICAL_UNVALIDATED,False,BASE_FILTER_ONLY,-0.003994999999999969,False
3,HISTORICAL:CYCLE-000010-20260731T035444000000:00000964,CYCLE-000010-20260731T035444000000,10,2026-07-31T03:54:44.000+00:00,ORCA,HISTORICAL,HISTORICAL_UNVALIDATED,False,BASE_FILTER_ONLY,-0.0041529999999999605,False
3,HISTORICAL:CYCLE-000010-20260731T035444000000:00000965,CYCLE-000010-20260731T035444000000,10,2026-07-31T03:54:44.000+00:00,Infinex,HISTORICAL,HISTORICAL_UNVALIDATED,False,BASE_FILTER_ONLY,-0.004224000000000004,False
3,HISTORICAL:CYCLE-000010-20260731T035444000000:00000966,CYCLE-000010-20260731T035444000000,10,2026-07-31T03:54:44.000+00:00,META,HISTORICAL,HISTORICAL_UNVALIDATED,False,BASE_FILTER_ONLY,-0.0042769999999999735,False
3,HISTORICAL:CYCLE-000010-20260731T035444000000:00000967,CYCLE-000010-20260731T035444000000,10,2026-07-31T03:54:44.000+00:00,Cupsey,HISTORICAL,HISTORICAL_UNVALIDATED,False,BASE_FILTER_ONLY,-0.004310000000000034,False
3,HISTORICAL:CYCLE-000010-20260731T035444000000:00000968,CYCLE-000010-20260731T035444000000,10,2026-07-31T03:54:44.000+00:00,jellyjelly,HISTORICAL,HISTORICAL_UNVALIDATED,False,BASE_FILTER_ONLY,-0.004491000000000021,False
3,HISTORICAL:CYCLE-000010-20260731T035444000000:00000969,CYCLE-000010-20260731T035444000000,10,2026-07-31T03:54:44.000+00:00,JTO,HISTORICAL,HISTORICAL_UNVALIDATED,False,BASE_FILTER_ONLY,-0.005283000000000036,False
3,HISTORICAL:CYCLE-000010-20260731T035444000000:00000970,CYCLE-000010-20260731T035444000000,10,2026-07-31T03:54:44.000+00:00,MEW,HISTORICAL,HISTORICAL_UNVALIDATED,False,BASE_FILTER_ONLY,-0.005835999999999951,False
3,HISTORICAL:CYCLE-000010-20260731T035444000000:00000971,CYCLE-000010-20260731T035444000000,10,2026-07-31T03:54:44.000+00:00,MSTRx,HISTORICAL,HISTORICAL_UNVALIDATED,False,BASE_FILTER_ONLY,-0.005985000000000016,False
3,HISTORICAL:CYCLE-000010-20260731T035444000000:00000972,CYCLE-000010-20260731T035444000000,10,2026-07-31T03:54:44.000+00:00,OIIAOIIA,HISTORICAL,HISTORICAL_UNVALIDATED,False,BASE_FILTER_ONLY,-0.006596999999999962,False
3,HISTORICAL:CYCLE-000010-20260731T035444000000:00000973,CYCLE-000010-20260731T035444000000,10,2026-07-31T03:54:44.000+00:00,GIGA,HISTORICAL,HISTORICAL_UNVALIDATED,False,BASE_FILTER_ONLY,-0.0066199999999999575,False
3,HISTORICAL:CYCLE-000010-20260731T035444000000:00000974,CYCLE-000010-20260731T035444000000,10,2026-07-31T03:54:44.000+00:00,Ban,HISTORICAL,HISTORICAL_UNVALIDATED,False,BASE_FILTER_ONLY,-0.006693999999999976,False
3,HISTORICAL:CYCLE-000010-20260731T035444000000:00000975,CYCLE-000010-20260731T035444000000,10,2026-07-31T03:54:44.000+00:00,NiggaButt,HISTORICAL,HISTORICAL_UNVALIDATED,False,BASE_FILTER_ONLY,-0.006731000000000041,False
3,HISTORICAL:CYCLE-000010-20260731T035444000000:00000976,CYCLE-000010-20260731T035444000000,10,2026-07-31T03:54:44.000+00:00,ZEREBRO,HISTORICAL,HISTORICAL_UNVALIDATED,False,BASE_FILTER_ONLY,-0.006812999999999956,False
3,HISTORICAL:CYCLE-000010-20260731T035444000000:00000977,CYCLE-000010-20260731T035444000000,10,2026-07-31T03:54:44.000+00:00,ALCH,HISTORICAL,HISTORICAL_UNVALIDATED,False,BASE_FILTER_ONLY,-0.00681699999999996,False
3,HISTORICAL:CYCLE-000010-20260731T035444000000:00000978,CYCLE-000010-20260731T035444000000,10,2026-07-31T03:54:44.000+00:00,EPIK,HISTORICAL,HISTORICAL_UNVALIDATED,False,BASE_FILTER_ONLY,-0.006858999999999947,False
3,HISTORICAL:CYCLE-000010-20260731T035444000000:00000979,CYCLE-000010-20260731T035444000000,10,2026-07-31T03:54:44.000+00:00,PILL,HISTORICAL,HISTORICAL_UNVALIDATED,False,BASE_FILTER_ONLY,-0.006870999999999959,False
3,HISTORICAL:CYCLE-000010-20260731T035444000000:00000980,CYCLE-000010-20260731T035444000000,10,2026-07-31T03:54:44.000+00:00,VDR,HISTORICAL,HISTORICAL_UNVALIDATED,False,BASE_FILTER_ONLY,-0.0069040000000000195,False
3,HISTORICAL:CYCLE-000010-20260731T035444000000:00000981,CYCLE-000010-20260731T035444000000,10,2026-07-31T03:54:44.000+00:00,BOME,HISTORICAL,HISTORICAL_UNVALIDATED,False,BASE_FILTER_ONLY,-0.0069479999999999525,False
3,HISTORICAL:CYCLE-000010-20260731T035444000000:00000982,CYCLE-000010-20260731T035444000000,10,2026-07-31T03:54:44.000+00:00,soba,HISTORICAL,HISTORICAL_UNVALIDATED,False,BASE_FILTER_ONLY,-0.006955000000000043,False
3,HISTORICAL:CYCLE-000010-20260731T035444000000:00000983,CYCLE-000010-20260731T035444000000,10,2026-07-31T03:54:44.000+00:00,GTA 6 Coin,HISTORICAL,HISTORICAL_UNVALIDATED,False,BASE_FILTER_ONLY,-0.006978999999999956,False
3,HISTORICAL:CYCLE-000010-20260731T035444000000:00000984,CYCLE-000010-20260731T035444000000,10,2026-07-31T03:54:44.000+00:00,BP,HISTORICAL,HISTORICAL_UNVALIDATED,False,BASE_FILTER_ONLY,-0.006994999999999972,False
3,HISTORICAL:CYCLE-000010-20260731T035444000000:00000985,CYCLE-000010-20260731T035444000000,10,2026-07-31T03:54:44.000+00:00,TripleT,HISTORICAL,HISTORICAL_UNVALIDATED,False,BASE_FILTER_ONLY,-0.007823000000000023,False
3,HISTORICAL:CYCLE-000010-20260731T035444000000:00000986,CYCLE-000010-20260731T035444000000,10,2026-07-31T03:54:44.000+00:00,KET,HISTORICAL,HISTORICAL_UNVALIDATED,False,BASE_FILTER_ONLY,-0.007894999999999984,False
3,HISTORICAL:CYCLE-000010-20260731T035444000000:00000987,CYCLE-000010-20260731T035444000000,10,2026-07-31T03:54:44.000+00:00,Real,HISTORICAL,HISTORICAL_UNVALIDATED,False,BASE_FILTER_ONLY,-0.007940999999999974,False
3,HISTORICAL:CYCLE-000010-20260731T035444000000:00000988,CYCLE-000010-20260731T035444000000,10,2026-07-31T03:54:44.000+00:00,Buttcoin,HISTORICAL,HISTORICAL_UNVALIDATED,False,BASE_FILTER_ONLY,-0.007990000000000051,False
3,HISTORICAL:CYCLE-000010-20260731T035444000000:00000989,CYCLE-000010-20260731T035444000000,10,2026-07-31T03:54:44.000+00:00,STRK,HISTORICAL,HISTORICAL_UNVALIDATED,False,BASE_FILTER_ONLY,-0.009836999999999983,False
3,HISTORICAL:CYCLE-000010-20260731T035444000000:00000990,CYCLE-000010-20260731T035444000000,10,2026-07-31T03:54:44.000+00:00,CRED,HISTORICAL,HISTORICAL_UNVALIDATED,False,BASE_FILTER_ONLY,-0.011747999999999979,False
3,HISTORICAL:CYCLE-000010-20260731T035444000000:00000991,CYCLE-000010-20260731T035444000000,10,2026-07-31T03:54:44.000+00:00,MITCH,HISTORICAL,HISTORICAL_UNVALIDATED,False,BASE_FILTER_ONLY,-0.020716999999999985,False
3,HISTORICAL:CYCLE-000010-20260731T035444000000:00000992,CYCLE-000010-20260731T035444000000,10,2026-07-31T03:54:44.000+00:00,我的刀盾,HISTORICAL,HISTORICAL_UNVALIDATED,False,BASE_FILTER_ONLY,-0.02153700000000003,False
3,HISTORICAL:CYCLE-000010-20260731T035444000000:00000993,CYCLE-000010-20260731T035444000000,10,2026-07-31T03:54:44.000+00:00,attn,HISTORICAL,HISTORICAL_UNVALIDATED,False,BASE_FILTER_ONLY,-0.021669999999999967,False
3,HISTORICAL:CYCLE-000010-20260731T035444000000:00000994,CYCLE-000010-20260731T035444000000,10,2026-07-31T03:54:44.000+00:00,BITTY,HISTORICAL,HISTORICAL_UNVALIDATED,False,BASE_FILTER_ONLY,-0.02170899999999998,False
3,HISTORICAL:CYCLE-000010-20260731T035444000000:00000995,CYCLE-000010-20260731T035444000000,10,2026-07-31T03:54:44.000+00:00,Clude,HISTORICAL,HISTORICAL_UNVALIDATED,False,BASE_FILTER_ONLY,-0.021896000000000027,False
3,HISTORICAL:CYCLE-000010-20260731T035444000000:00000996,CYCLE-000010-20260731T035444000000,10,2026-07-31T03:54:44.000+00:00,CHAD,HISTORICAL,HISTORICAL_UNVALIDATED,False,BASE_FILTER_ONLY,-0.021921999999999997,False
3,HISTORICAL:CYCLE-000010-20260731T035444000000:00000997,CYCLE-000010-20260731T035444000000,10,2026-07-31T03:54:44.000+00:00,KABUTO,HISTORICAL,HISTORICAL_UNVALIDATED,False,BASE_FILTER_ONLY,-0.022402000000000033,False
3,HISTORICAL:CYCLE-000010-20260731T035444000000:00000998,CYCLE-000010-20260731T035444000000,10,2026-07-31T03:54:44.000+00:00,HANTA,HISTORICAL,HISTORICAL_UNVALIDATED,False,BASE_FILTER_ONLY,-0.024766999999999983,False
3,HISTORICAL:CYCLE-000010-20260731T035444000000:00000999,CYCLE-000010-20260731T035444000000,10,2026-07-31T03:54:44.000+00:00,MINER,HISTORICAL,HISTORICAL_UNVALIDATED,False,BASE_FILTER_ONLY,-0.025005000000000055,False
3,HISTORICAL:CYCLE-000010-20260731T035444000000:00001000,CYCLE-000010-20260731T035444000000,10,2026-07-31T03:54:44.000+00:00,SANTA,HISTORICAL,HISTORICAL_UNVALIDATED,False,BASE_FILTER_ONLY,-0.02673800000000004,False
3,HISTORICAL:CYCLE-000011-20260731T040859000000:00001001,CYCLE-000011-20260731T040859000000,11,2026-07-31T04:08:59.000+00:00,BIRB,HISTORICAL,HISTORICAL_UNVALIDATED,True,BASE_FILTER_ONLY,0.00113399999999997,True
3,HISTORICAL:CYCLE-000011-20260731T040859000000:00001002,CYCLE-000011-20260731T040859000000,11,2026-07-31T04:08:59.000+00:00,MET,HISTORICAL,HISTORICAL_UNVALIDATED,False,BASE_FILTER_ONLY,-0.0013430000000000924,False
3,HISTORICAL:CYCLE-000011-20260731T040859000000:00001003,CYCLE-000011-20260731T040859000000,11,2026-07-31T04:08:59.000+00:00,SPCX,HISTORICAL,HISTORICAL_UNVALIDATED,False,BASE_FILTER_ONLY,-0.0013540000000000756,False
3,HISTORICAL:CYCLE-000011-20260731T040859000000:00001004,CYCLE-000011-20260731T040859000000,11,2026-07-31T04:08:59.000+00:00,NVDAx,HISTORICAL,HISTORICAL_UNVALIDATED,False,BASE_FILTER_ONLY,-0.0017190000000000243,False
3,HISTORICAL:CYCLE-000011-20260731T040859000000:00001005,CYCLE-000011-20260731T040859000000,11,2026-07-31T04:08:59.000+00:00,Fartcoin,HISTORICAL,HISTORICAL_UNVALIDATED,False,BASE_FILTER_ONLY,-0.0017510000000000563,False
3,HISTORICAL:CYCLE-000011-20260731T040859000000:00001006,CYCLE-000011-20260731T040859000000,11,2026-07-31T04:08:59.000+00:00,DBR,HISTORICAL,HISTORICAL_UNVALIDATED,False,BASE_FILTER_ONLY,-0.0018009999999999398,False
3,HISTORICAL:CYCLE-000011-20260731T040859000000:00001007,CYCLE-000011-20260731T040859000000,11,2026-07-31T04:08:59.000+00:00,SOL,HISTORICAL,HISTORICAL_UNVALIDATED,False,BASE_FILTER_ONLY,-0.0018419999999998975,False
3,HISTORICAL:CYCLE-000011-20260731T040859000000:00001008,CYCLE-000011-20260731T040859000000,11,2026-07-31T04:08:59.000+00:00,JUP,HISTORICAL,HISTORICAL_UNVALIDATED,False,BASE_FILTER_ONLY,-0.0018610000000001108,False
3,HISTORICAL:CYCLE-000011-20260731T040859000000:00001009,CYCLE-000011-20260731T040859000000,11,2026-07-31T04:08:59.000+00:00,PUMP,HISTORICAL,HISTORICAL_UNVALIDATED,False,BASE_FILTER_ONLY,-0.001864000000000086,False
3,HISTORICAL:CYCLE-000011-20260731T040859000000:00001010,CYCLE-000011-20260731T040859000000,11,2026-07-31T04:08:59.000+00:00,QQQx,HISTORICAL,HISTORICAL_UNVALIDATED,False,BASE_FILTER_ONLY,-0.0018929999999999208,False
3,HISTORICAL:CYCLE-000011-20260731T040859000000:00001011,CYCLE-000011-20260731T040859000000,11,2026-07-31T04:08:59.000+00:00,ETH,HISTORICAL,HISTORICAL_UNVALIDATED,False,BASE_FILTER_ONLY,-0.0019089999999999368,False
3,HISTORICAL:CYCLE-000011-20260731T040859000000:00001012,CYCLE-000011-20260731T040859000000,11,2026-07-31T04:08:59.000+00:00,JLP,HISTORICAL,HISTORICAL_UNVALIDATED,False,BASE_FILTER_ONLY,-0.0019229999999998953,False
3,HISTORICAL:CYCLE-000011-20260731T040859000000:00001013,CYCLE-000011-20260731T040859000000,11,2026-07-31T04:08:59.000+00:00,USDT,HISTORICAL,HISTORICAL_UNVALIDATED,False,BASE_FILTER_ONLY,-0.0019460000000000015,False
3,HISTORICAL:CYCLE-000011-20260731T040859000000:00001014,CYCLE-000011-20260731T040859000000,11,2026-07-31T04:08:59.000+00:00,JupUSD,HISTORICAL,HISTORICAL_UNVALIDATED,False,BASE_FILTER_ONLY,-0.0019499999999998945,False
3,HISTORICAL:CYCLE-000011-20260731T040859000000:00001015,CYCLE-000011-20260731T040859000000,11,2026-07-31T04:08:59.000+00:00,JupSOL,HISTORICAL,HISTORICAL_UNVALIDATED,False,BASE_FILTER_ONLY,-0.001964000000000075,False
3,HISTORICAL:CYCLE-000011-20260731T040859000000:00001016,CYCLE-000011-20260731T040859000000,11,2026-07-31T04:08:59.000+00:00,neet,HISTORICAL,HISTORICAL_UNVALIDATED,False,BASE_FILTER_ONLY,-0.0019700000000000256,False
3,HISTORICAL:CYCLE-000011-20260731T040859000000:00001017,CYCLE-000011-20260731T040859000000,11,2026-07-31T04:08:59.000+00:00,arc,HISTORICAL,HISTORICAL_UNVALIDATED,False,BASE_FILTER_ONLY,-0.0019709999999999433,False
3,HISTORICAL:CYCLE-000011-20260731T040859000000:00001018,CYCLE-000011-20260731T040859000000,11,2026-07-31T04:08:59.000+00:00,PENGU,HISTORICAL,HISTORICAL_UNVALIDATED,False,BASE_FILTER_ONLY,-0.0019739999999999185,False
3,HISTORICAL:CYCLE-000011-20260731T040859000000:00001019,CYCLE-000011-20260731T040859000000,11,2026-07-31T04:08:59.000+00:00,ZEC,HISTORICAL,HISTORICAL_UNVALIDATED,False,BASE_FILTER_ONLY,-0.0019780000000000336,False
3,HISTORICAL:CYCLE-000011-20260731T040859000000:00001020,CYCLE-000011-20260731T040859000000,11,2026-07-31T04:08:59.000+00:00,PYUSD,HISTORICAL,HISTORICAL_UNVALIDATED,False,BASE_FILTER_ONLY,-0.001996000000000107,False
3,HISTORICAL:CYCLE-000011-20260731T040859000000:00001021,CYCLE-000011-20260731T040859000000,11,2026-07-31T04:08:59.000+00:00,USD1,HISTORICAL,HISTORICAL_UNVALIDATED,False,BASE_FILTER_ONLY,-0.002,False
3,HISTORICAL:CYCLE-000011-20260731T040859000000:00001022,CYCLE-000011-20260731T040859000000,11,2026-07-31T04:08:59.000+00:00,CASH,HISTORICAL,HISTORICAL_UNVALIDATED,False,BASE_FILTER_ONLY,-0.0020069999999999793,False
3,HISTORICAL:CYCLE-000011-20260731T040859000000:00001023,CYCLE-000011-20260731T040859000000,11,2026-07-31T04:08:59.000+00:00,USDS,HISTORICAL,HISTORICAL_UNVALIDATED,False,BASE_FILTER_ONLY,-0.002008000000000008,False
3,HISTORICAL:CYCLE-000011-20260731T040859000000:00001024,CYCLE-000011-20260731T040859000000,11,2026-07-31T04:08:59.000+00:00,USDG,HISTORICAL,HISTORICAL_UNVALIDATED,False,BASE_FILTER_ONLY,-0.002009000000000037,False
3,HISTORICAL:CYCLE-000011-20260731T040859000000:00001025,CYCLE-000011-20260731T040859000000,11,2026-07-31T04:08:59.000+00:00,USDe,HISTORICAL,HISTORICAL_UNVALIDATED,False,BASE_FILTER_ONLY,-0.0020109999999999833,False
3,HISTORICAL:CYCLE-000011-20260731T040859000000:00001026,CYCLE-000011-20260731T040859000000,11,2026-07-31T04:08:59.000+00:00,syrupUSDC,HISTORICAL,HISTORICAL_UNVALIDATED,False,BASE_FILTER_ONLY,-0.002012000000000012,False
3,HISTORICAL:CYCLE-000011-20260731T040859000000:00001027,CYCLE-000011-20260731T040859000000,11,2026-07-31T04:08:59.000+00:00,SPYx,HISTORICAL,HISTORICAL_UNVALIDATED,False,BASE_FILTER_ONLY,-0.00202000000000002,False
3,HISTORICAL:CYCLE-000011-20260731T040859000000:00001028,CYCLE-000011-20260731T040859000000,11,2026-07-31T04:08:59.000+00:00,mSOL,HISTORICAL,HISTORICAL_UNVALIDATED,False,BASE_FILTER_ONLY,-0.0020229999999999953,False
3,HISTORICAL:CYCLE-000011-20260731T040859000000:00001029,CYCLE-000011-20260731T040859000000,11,2026-07-31T04:08:59.000+00:00,WBTC,HISTORICAL,HISTORICAL_UNVALIDATED,False,BASE_FILTER_ONLY,-0.0020259999999999705,False
3,HISTORICAL:CYCLE-000011-20260731T040859000000:00001030,CYCLE-000011-20260731T040859000000,11,2026-07-31T04:08:59.000+00:00,stSOL,HISTORICAL,HISTORICAL_UNVALIDATED,False,BASE_FILTER_ONLY,-0.0020419999999999865,False
3,HISTORICAL:CYCLE-000011-20260731T040859000000:00001031,CYCLE-000011-20260731T040859000000,11,2026-07-31T04:08:59.000+00:00,JitoSOL,HISTORICAL,HISTORICAL_UNVALIDATED,False,BASE_FILTER_ONLY,-0.0020470000000000193,False
3,HISTORICAL:CYCLE-000011-20260731T040859000000:00001032,CYCLE-000011-20260731T040859000000,11,2026-07-31T04:08:59.000+00:00,PRIME,HISTORICAL,HISTORICAL_UNVALIDATED,False,BASE_FILTER_ONLY,-0.0020470000000000193,False
3,HISTORICAL:CYCLE-000011-20260731T040859000000:00001033,CYCLE-000011-20260731T040859000000,11,2026-07-31T04:08:59.000+00:00,cbBTC,HISTORICAL,HISTORICAL_UNVALIDATED,False,BASE_FILTER_ONLY,-0.002087999999999977,False
3,HISTORICAL:CYCLE-000011-20260731T040859000000:00001034,CYCLE-000011-20260731T040859000000,11,2026-07-31T04:08:59.000+00:00,USX,HISTORICAL,HISTORICAL_UNVALIDATED,False,BASE_FILTER_ONLY,-0.002101000000000018,False
3,HISTORICAL:CYCLE-000011-20260731T040859000000:00001035,CYCLE-000011-20260731T040859000000,11,2026-07-31T04:08:59.000+00:00,TSLAx,HISTORICAL,HISTORICAL_UNVALIDATED,False,BASE_FILTER_ONLY,-0.002109000000000026,False
3,HISTORICAL:CYCLE-000011-20260731T040859000000:00001036,CYCLE-000011-20260731T040859000000,11,2026-07-31T04:08:59.000+00:00,TRX,HISTORICAL,HISTORICAL_UNVALIDATED,False,BASE_FILTER_ONLY,-0.0021740000000000075,False
3,HISTORICAL:CYCLE-000011-20260731T040859000000:00001037,CYCLE-000011-20260731T040859000000,11,2026-07-31T04:08:59.000+00:00,USDu,HISTORICAL,HISTORICAL_UNVALIDATED,False,BASE_FILTER_ONLY,-0.0021970000000000028,False
3,HISTORICAL:CYCLE-000011-20260731T040859000000:00001038,CYCLE-000011-20260731T040859000000,11,2026-07-31T04:08:59.000+00:00,ONyc,HISTORICAL,HISTORICAL_UNVALIDATED,False,BASE_FILTER_ONLY,-0.0022010000000000068,False
3,HISTORICAL:CYCLE-000011-20260731T040859000000:00001039,CYCLE-000011-20260731T040859000000,11,2026-07-31T04:08:59.000+00:00,ANTHROPIC,HISTORICAL,HISTORICAL_UNVALIDATED,False,BASE_FILTER_ONLY,-0.0022010000000000068,False
3,HISTORICAL:CYCLE-000011-20260731T040859000000:00001040,CYCLE-000011-20260731T040859000000,11,2026-07-31T04:08:59.000+00:00,hyUSD,HISTORICAL,HISTORICAL_UNVALIDATED,False,BASE_FILTER_ONLY,-0.0022020000000000355,False
3,HISTORICAL:CYCLE-000011-20260731T040859000000:00001041,CYCLE-000011-20260731T040859000000,11,2026-07-31T04:08:59.000+00:00,TRUMP,HISTORICAL,HISTORICAL_UNVALIDATED,False,BASE_FILTER_ONLY,-0.002215999999999994,False
3,HISTORICAL:CYCLE-000011-20260731T040859000000:00001042,CYCLE-000011-20260731T040859000000,11,2026-07-31T04:08:59.000+00:00,MSTR,HISTORICAL,HISTORICAL_UNVALIDATED,False,BASE_FILTER_ONLY,-0.002240000000000018,False
3,HISTORICAL:CYCLE-000011-20260731T040859000000:00001043,CYCLE-000011-20260731T040859000000,11,2026-07-31T04:08:59.000+00:00,HYPE,HISTORICAL,HISTORICAL_UNVALIDATED,False,BASE_FILTER_ONLY,-0.002264000000000042,False
3,HISTORICAL:CYCLE-000011-20260731T040859000000:00001044,CYCLE-000011-20260731T040859000000,11,2026-07-31T04:08:59.000+00:00,MU,HISTORICAL,HISTORICAL_UNVALIDATED,False,BASE_FILTER_ONLY,-0.00227200000000005,False
3,HISTORICAL:CYCLE-000011-20260731T040859000000:00001045,CYCLE-000011-20260731T040859000000,11,2026-07-31T04:08:59.000+00:00,MSTRx,HISTORICAL,HISTORICAL_UNVALIDATED,False,BASE_FILTER_ONLY,-0.0022809999999999758,False
3,HISTORICAL:CYCLE-000011-20260731T040859000000:00001046,CYCLE-000011-20260731T040859000000,11,2026-07-31T04:08:59.000+00:00,eUSX,HISTORICAL,HISTORICAL_UNVALIDATED,False,BASE_FILTER_ONLY,-0.002303999999999971,False
3,HISTORICAL:CYCLE-000011-20260731T040859000000:00001047,CYCLE-000011-20260731T040859000000,11,2026-07-31T04:08:59.000+00:00,ANTFUN,HISTORICAL,HISTORICAL_UNVALIDATED,False,BASE_FILTER_ONLY,-0.0025549999999999722,False
3,HISTORICAL:CYCLE-000011-20260731T040859000000:00001048,CYCLE-000011-20260731T040859000000,11,2026-07-31T04:08:59.000+00:00,BORG,HISTORICAL,HISTORICAL_UNVALIDATED,False,BASE_FILTER_ONLY,-0.0025619999999999515,False
3,HISTORICAL:CYCLE-000011-20260731T040859000000:00001049,CYCLE-000011-20260731T040859000000,11,2026-07-31T04:08:59.000+00:00,RAY,HISTORICAL,HISTORICAL_UNVALIDATED,False,BASE_FILTER_ONLY,-0.0027930000000000437,False
3,HISTORICAL:CYCLE-000011-20260731T040859000000:00001050,CYCLE-000011-20260731T040859000000,11,2026-07-31T04:08:59.000+00:00,$WIF,HISTORICAL,HISTORICAL_UNVALIDATED,False,BASE_FILTER_ONLY,-0.0027979999999999654,False
3,HISTORICAL:CYCLE-000011-20260731T040859000000:00001051,CYCLE-000011-20260731T040859000000,11,2026-07-31T04:08:59.000+00:00,INTC,HISTORICAL,HISTORICAL_UNVALIDATED,False,BASE_FILTER_ONLY,-0.0028089999999999487,False
3,HISTORICAL:CYCLE-000011-20260731T040859000000:00001052,CYCLE-000011-20260731T040859000000,11,2026-07-31T04:08:59.000+00:00,CARDS,HISTORICAL,HISTORICAL_UNVALIDATED,False,BASE_FILTER_ONLY,-0.0028259999999999934,False
3,HISTORICAL:CYCLE-000011-20260731T040859000000:00001053,CYCLE-000011-20260731T040859000000,11,2026-07-31T04:08:59.000+00:00,ANSEM,HISTORICAL,HISTORICAL_UNVALIDATED,False,BASE_FILTER_ONLY,-0.0028660000000000335,False
3,HISTORICAL:CYCLE-000011-20260731T040859000000:00001054,CYCLE-000011-20260731T040859000000,11,2026-07-31T04:08:59.000+00:00,xBTC,HISTORICAL,HISTORICAL_UNVALIDATED,False,BASE_FILTER_ONLY,-0.00290800000000002,False
3,HISTORICAL:CYCLE-000011-20260731T040859000000:00001055,CYCLE-000011-20260731T040859000000,11,2026-07-31T04:08:59.000+00:00,MEW,HISTORICAL,HISTORICAL_UNVALIDATED,False,BASE_FILTER_ONLY,-0.0030050000000000337,False
3,HISTORICAL:CYCLE-000011-20260731T040859000000:00001056,CYCLE-000011-20260731T040859000000,11,2026-07-31T04:08:59.000+00:00,ME,HISTORICAL,HISTORICAL_UNVALIDATED,False,BASE_FILTER_ONLY,-0.003008000000000009,False
3,HISTORICAL:CYCLE-000011-20260731T040859000000:00001057,CYCLE-000011-20260731T040859000000,11,2026-07-31T04:08:59.000+00:00,POPCAT,HISTORICAL,HISTORICAL_UNVALIDATED,False,BASE_FILTER_ONLY,-0.0030409999999999587,False
3,HISTORICAL:CYCLE-000011-20260731T040859000000:00001058,CYCLE-000011-20260731T040859000000,11,2026-07-31T04:08:59.000+00:00,TROLL,HISTORICAL,HISTORICAL_UNVALIDATED,False,BASE_FILTER_ONLY,-0.003059000000000032,False
3,HISTORICAL:CYCLE-000011-20260731T040859000000:00001059,CYCLE-000011-20260731T040859000000,11,2026-07-31T04:08:59.000+00:00,CRCLx,HISTORICAL,HISTORICAL_UNVALIDATED,False,BASE_FILTER_ONLY,-0.0031170000000000347,False
3,HISTORICAL:CYCLE-000011-20260731T040859000000:00001060,CYCLE-000011-20260731T040859000000,11,2026-07-31T04:08:59.000+00:00,SPX,HISTORICAL,HISTORICAL_UNVALIDATED,False,BASE_FILTER_ONLY,-0.0035089999999999826,False
3,HISTORICAL:CYCLE-000011-20260731T040859000000:00001061,CYCLE-000011-20260731T040859000000,11,2026-07-31T04:08:59.000+00:00,USELESS,HISTORICAL,HISTORICAL_UNVALIDATED,False,BASE_FILTER_ONLY,-0.003546999999999965,False
3,HISTORICAL:CYCLE-000011-20260731T040859000000:00001062,CYCLE-000011-20260731T040859000000,11,2026-07-31T04:08:59.000+00:00,ORCA,HISTORICAL,HISTORICAL_UNVALIDATED,False,BASE_FILTER_ONLY,-0.003786999999999983,False
3,HISTORICAL:CYCLE-000011-20260731T040859000000:00001063,CYCLE-000011-20260731T040859000000,11,2026-07-31T04:08:59.000+00:00,LBTC,HISTORICAL,HISTORICAL_UNVALIDATED,False,BASE_FILTER_ONLY,-0.003912000000000025,False
3,HISTORICAL:CYCLE-000011-20260731T040859000000:00001064,CYCLE-000011-20260731T040859000000,11,2026-07-31T04:08:59.000+00:00,SKHY,HISTORICAL,HISTORICAL_UNVALIDATED,False,BASE_FILTER_ONLY,-0.003921999999999979,False
3,HISTORICAL:CYCLE-000011-20260731T040859000000:00001065,CYCLE-000011-20260731T040859000000,11,2026-07-31T04:08:59.000+00:00,BOT,HISTORICAL,HISTORICAL_UNVALIDATED,False,BASE_FILTER_ONLY,-0.004112000000000003,False
3,HISTORICAL:CYCLE-000011-20260731T040859000000:00001066,CYCLE-000011-20260731T040859000000,11,2026-07-31T04:08:59.000+00:00,ORE,HISTORICAL,HISTORICAL_UNVALIDATED,False,BASE_FILTER_ONLY,-0.0044049999999999905,False
3,HISTORICAL:CYCLE-000011-20260731T040859000000:00001067,CYCLE-000011-20260731T040859000000,11,2026-07-31T04:08:59.000+00:00,jellyjelly,HISTORICAL,HISTORICAL_UNVALIDATED,False,BASE_FILTER_ONLY,-0.0047369999999999895,False
3,HISTORICAL:CYCLE-000011-20260731T040859000000:00001068,CYCLE-000011-20260731T040859000000,11,2026-07-31T04:08:59.000+00:00,PBTC,HISTORICAL,HISTORICAL_UNVALIDATED,False,BASE_FILTER_ONLY,-0.004925999999999984,False
3,HISTORICAL:CYCLE-000011-20260731T040859000000:00001069,CYCLE-000011-20260731T040859000000,11,2026-07-31T04:08:59.000+00:00,Jimothy,HISTORICAL,HISTORICAL_UNVALIDATED,False,BASE_FILTER_ONLY,-0.005051000000000026,False
3,HISTORICAL:CYCLE-000011-20260731T040859000000:00001070,CYCLE-000011-20260731T040859000000,11,2026-07-31T04:08:59.000+00:00,JTO,HISTORICAL,HISTORICAL_UNVALIDATED,False,BASE_FILTER_ONLY,-0.00550499999999998,False
3,HISTORICAL:CYCLE-000011-20260731T040859000000:00001071,CYCLE-000011-20260731T040859000000,11,2026-07-31T04:08:59.000+00:00,ZINC,HISTORICAL,HISTORICAL_UNVALIDATED,False,BASE_FILTER_ONLY,-0.0066479999999999855,False
3,HISTORICAL:CYCLE-000011-20260731T040859000000:00001072,CYCLE-000011-20260731T040859000000,11,2026-07-31T04:08:59.000+00:00,KITTY,HISTORICAL,HISTORICAL_UNVALIDATED,False,BASE_FILTER_ONLY,-0.0066800000000000175,False
3,HISTORICAL:CYCLE-000011-20260731T040859000000:00001073,CYCLE-000011-20260731T040859000000,11,2026-07-31T04:08:59.000+00:00,META,HISTORICAL,HISTORICAL_UNVALIDATED,False,BASE_FILTER_ONLY,-0.006692999999999947,False
3,HISTORICAL:CYCLE-000011-20260731T040859000000:00001074,CYCLE-000011-20260731T040859000000,11,2026-07-31T04:08:59.000+00:00,Luigi,HISTORICAL,HISTORICAL_UNVALIDATED,False,BASE_FILTER_ONLY,-0.0068359999999999515,False
3,HISTORICAL:CYCLE-000011-20260731T040859000000:00001075,CYCLE-000011-20260731T040859000000,11,2026-07-31T04:08:59.000+00:00,ZEREBRO,HISTORICAL,HISTORICAL_UNVALIDATED,False,BASE_FILTER_ONLY,-0.006866999999999955,False
3,HISTORICAL:CYCLE-000011-20260731T040859000000:00001076,CYCLE-000011-20260731T040859000000,11,2026-07-31T04:08:59.000+00:00,BOME,HISTORICAL,HISTORICAL_UNVALIDATED,False,BASE_FILTER_ONLY,-0.006893000000000036,False
3,HISTORICAL:CYCLE-000011-20260731T040859000000:00001077,CYCLE-000011-20260731T040859000000,11,2026-07-31T04:08:59.000+00:00,MORI,HISTORICAL,HISTORICAL_UNVALIDATED,False,BASE_FILTER_ONLY,-0.006893999999999954,False
3,HISTORICAL:CYCLE-000011-20260731T040859000000:00001078,CYCLE-000011-20260731T040859000000,11,2026-07-31T04:08:59.000+00:00,Ban,HISTORICAL,HISTORICAL_UNVALIDATED,False,BASE_FILTER_ONLY,-0.006962000000000022,False
3,HISTORICAL:CYCLE-000011-20260731T040859000000:00001079,CYCLE-000011-20260731T040859000000,11,2026-07-31T04:08:59.000+00:00,pippin,HISTORICAL,HISTORICAL_UNVALIDATED,False,BASE_FILTER_ONLY,-0.007009000000000041,False
3,HISTORICAL:CYCLE-000011-20260731T040859000000:00001080,CYCLE-000011-20260731T040859000000,11,2026-07-31T04:08:59.000+00:00,GIGA,HISTORICAL,HISTORICAL_UNVALIDATED,False,BASE_FILTER_ONLY,-0.0070200000000000245,False
3,HISTORICAL:CYCLE-000011-20260731T040859000000:00001081,CYCLE-000011-20260731T040859000000,11,2026-07-31T04:08:59.000+00:00,retire,HISTORICAL,HISTORICAL_UNVALIDATED,False,BASE_FILTER_ONLY,-0.007040999999999962,False
3,HISTORICAL:CYCLE-000011-20260731T040859000000:00001082,CYCLE-000011-20260731T040859000000,11,2026-07-31T04:08:59.000+00:00,GODL,HISTORICAL,HISTORICAL_UNVALIDATED,False,BASE_FILTER_ONLY,-0.007105000000000026,False
3,HISTORICAL:CYCLE-000011-20260731T040859000000:00001083,CYCLE-000011-20260731T040859000000,11,2026-07-31T04:08:59.000+00:00,BP,HISTORICAL,HISTORICAL_UNVALIDATED,False,BASE_FILTER_ONLY,-0.00719499999999995,False
3,HISTORICAL:CYCLE-000011-20260731T040859000000:00001084,CYCLE-000011-20260731T040859000000,11,2026-07-31T04:08:59.000+00:00,SOLO,HISTORICAL,HISTORICAL_UNVALIDATED,False,BASE_FILTER_ONLY,-0.007425000000000013,False
3,HISTORICAL:CYCLE-000011-20260731T040859000000:00001085,CYCLE-000011-20260731T040859000000,11,2026-07-31T04:08:59.000+00:00,NORMIE,HISTORICAL,HISTORICAL_UNVALIDATED,False,BASE_FILTER_ONLY,-0.007939999999999945,False
3,HISTORICAL:CYCLE-000011-20260731T040859000000:00001086,CYCLE-000011-20260731T040859000000,11,2026-07-31T04:08:59.000+00:00,NX8,HISTORICAL,HISTORICAL_UNVALIDATED,False,BASE_FILTER_ONLY,-0.007991999999999997,False
3,HISTORICAL:CYCLE-000011-20260731T040859000000:00001087,CYCLE-000011-20260731T040859000000,11,2026-07-31T04:08:59.000+00:00,xSOL,HISTORICAL,HISTORICAL_UNVALIDATED,False,BASE_FILTER_ONLY,-0.007996000000000001,False
3,HISTORICAL:CYCLE-000011-20260731T040859000000:00001088,CYCLE-000011-20260731T040859000000,11,2026-07-31T04:08:59.000+00:00,Verse,HISTORICAL,HISTORICAL_UNVALIDATED,False,BASE_FILTER_ONLY,-0.008006999999999985,False
3,HISTORICAL:CYCLE-000011-20260731T040859000000:00001089,CYCLE-000011-20260731T040859000000,11,2026-07-31T04:08:59.000+00:00,TOESCOIN,HISTORICAL,HISTORICAL_UNVALIDATED,False,BASE_FILTER_ONLY,-0.009973000000000008,False
3,HISTORICAL:CYCLE-000011-20260731T040859000000:00001090,CYCLE-000011-20260731T040859000000,11,2026-07-31T04:08:59.000+00:00,HUMA,HISTORICAL,HISTORICAL_UNVALIDATED,False,BASE_FILTER_ONLY,-0.011894999999999987,False
3,HISTORICAL:CYCLE-000011-20260731T040859000000:00001091,CYCLE-000011-20260731T040859000000,11,2026-07-31T04:08:59.000+00:00,67,HISTORICAL,HISTORICAL_UNVALIDATED,False,BASE_FILTER_ONLY,-0.012156000000000054,False
3,HISTORICAL:CYCLE-000011-20260731T040859000000:00001092,CYCLE-000011-20260731T040859000000,11,2026-07-31T04:08:59.000+00:00,TripleT,HISTORICAL,HISTORICAL_UNVALIDATED,False,BASE_FILTER_ONLY,-0.012564000000000018,False
3,HISTORICAL:CYCLE-000011-20260731T040859000000:00001093,CYCLE-000011-20260731T040859000000,11,2026-07-31T04:08:59.000+00:00,BP,HISTORICAL,HISTORICAL_UNVALIDATED,False,BASE_FILTER_ONLY,-0.013836999999999986,False
3,HISTORICAL:CYCLE-000011-20260731T040859000000:00001094,CYCLE-000011-20260731T040859000000,11,2026-07-31T04:08:59.000+00:00,OGDOGE,HISTORICAL,HISTORICAL_UNVALIDATED,False,BASE_FILTER_ONLY,-0.01567799999999997,False
3,HISTORICAL:CYCLE-000011-20260731T040859000000:00001095,CYCLE-000011-20260731T040859000000,11,2026-07-31T04:08:59.000+00:00,P0,HISTORICAL,HISTORICAL_UNVALIDATED,False,BASE_FILTER_ONLY,-0.016071999999999975,False
3,HISTORICAL:CYCLE-000011-20260731T040859000000:00001096,CYCLE-000011-20260731T040859000000,11,2026-07-31T04:08:59.000+00:00,ASTEROID,HISTORICAL,HISTORICAL_UNVALIDATED,False,BASE_FILTER_ONLY,-0.017905999999999977,False
3,HISTORICAL:CYCLE-000011-20260731T040859000000:00001097,CYCLE-000011-20260731T040859000000,11,2026-07-31T04:08:59.000+00:00,traindog,HISTORICAL,HISTORICAL_UNVALIDATED,False,BASE_FILTER_ONLY,-0.020558999999999994,False
3,HISTORICAL:CYCLE-000011-20260731T040859000000:00001098,CYCLE-000011-20260731T040859000000,11,2026-07-31T04:08:59.000+00:00,PAYAI,HISTORICAL,HISTORICAL_UNVALIDATED,False,BASE_FILTER_ONLY,-0.021670999999999996,False
3,HISTORICAL:CYCLE-000011-20260731T040859000000:00001099,CYCLE-000011-20260731T040859000000,11,2026-07-31T04:08:59.000+00:00,NOBODY,HISTORICAL,HISTORICAL_UNVALIDATED,False,BASE_FILTER_ONLY,-0.021909999999999985,False
3,HISTORICAL:CYCLE-000011-20260731T040859000000:00001100,CYCLE-000011-20260731T040859000000,11,2026-07-31T04:08:59.000+00:00,DUPE,HISTORICAL,HISTORICAL_UNVALIDATED,False,BASE_FILTER_ONLY,-0.021930000000000005,False
4,HISTORICAL:CYCLE-000012-20260731T042406000000:00001101,CYCLE-000012-20260731T042406000000,12,2026-07-31T04:24:06.000+00:00,PENGU,HISTORICAL,HISTORICAL_UNVALIDATED,False,BASE_FILTER_ONLY,-0.0012369999999999309,False
4,HISTORICAL:CYCLE-000012-20260731T042406000000:00001102,CYCLE-000012-20260731T042406000000,12,2026-07-31T04:24:06.000+00:00,SKHY,HISTORICAL,HISTORICAL_UNVALIDATED,False,BASE_FILTER_ONLY,-0.001679999999999902,False
4,HISTORICAL:CYCLE-000012-20260731T042406000000:00001103,CYCLE-000012-20260731T042406000000,12,2026-07-31T04:24:06.000+00:00,JitoSOL,HISTORICAL,HISTORICAL_UNVALIDATED,False,BASE_FILTER_ONLY,-0.0016869999999999923,False
4,HISTORICAL:CYCLE-000012-20260731T042406000000:00001104,CYCLE-000012-20260731T042406000000,12,2026-07-31T04:24:06.000+00:00,USD1,HISTORICAL,HISTORICAL_UNVALIDATED,False,BASE_FILTER_ONLY,-0.0017110000000000163,False
4,HISTORICAL:CYCLE-000012-20260731T042406000000:00001105,CYCLE-000012-20260731T042406000000,12,2026-07-31T04:24:06.000+00:00,Bonk,HISTORICAL,HISTORICAL_UNVALIDATED,False,BASE_FILTER_ONLY,-0.0017190000000000243,False
4,HISTORICAL:CYCLE-000012-20260731T042406000000:00001106,CYCLE-000012-20260731T042406000000,12,2026-07-31T04:24:06.000+00:00,PUMP,HISTORICAL,HISTORICAL_UNVALIDATED,False,BASE_FILTER_ONLY,-0.0018169999999999558,False
4,HISTORICAL:CYCLE-000012-20260731T042406000000:00001107,CYCLE-000012-20260731T042406000000,12,2026-07-31T04:24:06.000+00:00,HYPE,HISTORICAL,HISTORICAL_UNVALIDATED,False,BASE_FILTER_ONLY,-0.00184800000000007,False
4,HISTORICAL:CYCLE-000012-20260731T042406000000:00001108,CYCLE-000012-20260731T042406000000,12,2026-07-31T04:24:06.000+00:00,mSOL,HISTORICAL,HISTORICAL_UNVALIDATED,False,BASE_FILTER_ONLY,-0.0018530000000001028,False
4,HISTORICAL:CYCLE-000012-20260731T042406000000:00001109,CYCLE-000012-20260731T042406000000,12,2026-07-31T04:24:06.000+00:00,JupSOL,HISTORICAL,HISTORICAL_UNVALIDATED,False,BASE_FILTER_ONLY,-0.0018670000000000613,False
4,HISTORICAL:CYCLE-000012-20260731T042406000000:00001110,CYCLE-000012-20260731T042406000000,12,2026-07-31T04:24:06.000+00:00,ETH,HISTORICAL,HISTORICAL_UNVALIDATED,False,BASE_FILTER_ONLY,-0.0018730000000000118,False
4,HISTORICAL:CYCLE-000012-20260731T042406000000:00001111,CYCLE-000012-20260731T042406000000,12,2026-07-31T04:24:06.000+00:00,SPYx,HISTORICAL,HISTORICAL_UNVALIDATED,False,BASE_FILTER_ONLY,-0.0019420000000001086,False
4,HISTORICAL:CYCLE-000012-20260731T042406000000:00001112,CYCLE-000012-20260731T042406000000,12,2026-07-31T04:24:06.000+00:00,SOL,HISTORICAL,HISTORICAL_UNVALIDATED,False,BASE_FILTER_ONLY,-0.001969000000000108,False
4,HISTORICAL:CYCLE-000012-20260731T042406000000:00001113,CYCLE-000012-20260731T042406000000,12,2026-07-31T04:24:06.000+00:00,USDe,HISTORICAL,HISTORICAL_UNVALIDATED,False,BASE_FILTER_ONLY,-0.0019819999999999265,False
4,HISTORICAL:CYCLE-000012-20260731T042406000000:00001114,CYCLE-000012-20260731T042406000000,12,2026-07-31T04:24:06.000+00:00,USDG,HISTORICAL,HISTORICAL_UNVALIDATED,False,BASE_FILTER_ONLY,-0.0019830000000000663,False
4,HISTORICAL:CYCLE-000012-20260731T042406000000:00001115,CYCLE-000012-20260731T042406000000,12,2026-07-31T04:24:06.000+00:00,JupUSD,HISTORICAL,HISTORICAL_UNVALIDATED,False,BASE_FILTER_ONLY,-0.0019860000000000416,False
4,HISTORICAL:CYCLE-000012-20260731T042406000000:00001116,CYCLE-000012-20260731T042406000000,12,2026-07-31T04:24:06.000+00:00,USDT,HISTORICAL,HISTORICAL_UNVALIDATED,False,BASE_FILTER_ONLY,-0.0019929999999999098,False
4,HISTORICAL:CYCLE-000012-20260731T042406000000:00001117,CYCLE-000012-20260731T042406000000,12,2026-07-31T04:24:06.000+00:00,USDS,HISTORICAL,HISTORICAL_UNVALIDATED,False,BASE_FILTER_ONLY,-0.002004000000000004,False
4,HISTORICAL:CYCLE-000012-20260731T042406000000:00001118,CYCLE-000012-20260731T042406000000,12,2026-07-31T04:24:06.000+00:00,MET,HISTORICAL,HISTORICAL_UNVALIDATED,False,BASE_FILTER_ONLY,-0.002008000000000008,False
4,HISTORICAL:CYCLE-000012-20260731T042406000000:00001119,CYCLE-000012-20260731T042406000000,12,2026-07-31T04:24:06.000+00:00,PYUSD,HISTORICAL,HISTORICAL_UNVALIDATED,False,BASE_FILTER_ONLY,-0.002009000000000037,False
4,HISTORICAL:CYCLE-000012-20260731T042406000000:00001120,CYCLE-000012-20260731T042406000000,12,2026-07-31T04:24:06.000+00:00,CASH,HISTORICAL,HISTORICAL_UNVALIDATED,False,BASE_FILTER_ONLY,-0.002009000000000037,False
4,HISTORICAL:CYCLE-000012-20260731T042406000000:00001121,CYCLE-000012-20260731T042406000000,12,2026-07-31T04:24:06.000+00:00,syrupUSDC,HISTORICAL,HISTORICAL_UNVALIDATED,False,BASE_FILTER_ONLY,-0.002012000000000012,False
4,HISTORICAL:CYCLE-000012-20260731T042406000000:00001122,CYCLE-000012-20260731T042406000000,12,2026-07-31T04:24:06.000+00:00,ZEC,HISTORICAL,HISTORICAL_UNVALIDATED,False,BASE_FILTER_ONLY,-0.0020179999999999625,False
4,HISTORICAL:CYCLE-000012-20260731T042406000000:00001123,CYCLE-000012-20260731T042406000000,12,2026-07-31T04:24:06.000+00:00,JLP,HISTORICAL,HISTORICAL_UNVALIDATED,False,BASE_FILTER_ONLY,-0.002021000000000049,False
4,HISTORICAL:CYCLE-000012-20260731T042406000000:00001124,CYCLE-000012-20260731T042406000000,12,2026-07-31T04:24:06.000+00:00,USELESS,HISTORICAL,HISTORICAL_UNVALIDATED,False,BASE_FILTER_ONLY,-0.0020269999999999993,False
4,HISTORICAL:CYCLE-000012-20260731T042406000000:00001125,CYCLE-000012-20260731T042406000000,12,2026-07-31T04:24:06.000+00:00,PRIME,HISTORICAL,HISTORICAL_UNVALIDATED,False,BASE_FILTER_ONLY,-0.0020459999999999905,False
4,HISTORICAL:CYCLE-000012-20260731T042406000000:00001126,CYCLE-000012-20260731T042406000000,12,2026-07-31T04:24:06.000+00:00,JUP,HISTORICAL,HISTORICAL_UNVALIDATED,False,BASE_FILTER_ONLY,-0.002052000000000052,False
4,HISTORICAL:CYCLE-000012-20260731T042406000000:00001127,CYCLE-000012-20260731T042406000000,12,2026-07-31T04:24:06.000+00:00,TRX,HISTORICAL,HISTORICAL_UNVALIDATED,False,BASE_FILTER_ONLY,-0.0020700000000000145,False
4,HISTORICAL:CYCLE-000012-20260731T042406000000:00001128,CYCLE-000012-20260731T042406000000,12,2026-07-31T04:24:06.000+00:00,COINx,HISTORICAL,HISTORICAL_UNVALIDATED,False,BASE_FILTER_ONLY,-0.002071999999999961,False
4,HISTORICAL:CYCLE-000012-20260731T042406000000:00001129,CYCLE-000012-20260731T042406000000,12,2026-07-31T04:24:06.000+00:00,cbBTC,HISTORICAL,HISTORICAL_UNVALIDATED,False,BASE_FILTER_ONLY,-0.0020989999999999603,False
4,HISTORICAL:CYCLE-000012-20260731T042406000000:00001130,CYCLE-000012-20260731T042406000000,12,2026-07-31T04:24:06.000+00:00,WBTC,HISTORICAL,HISTORICAL_UNVALIDATED,False,BASE_FILTER_ONLY,-0.0020989999999999603,False
4,HISTORICAL:CYCLE-000012-20260731T042406000000:00001131,CYCLE-000012-20260731T042406000000,12,2026-07-31T04:24:06.000+00:00,USX,HISTORICAL,HISTORICAL_UNVALIDATED,False,BASE_FILTER_ONLY,-0.002101000000000018,False
4,HISTORICAL:CYCLE-000012-20260731T042406000000:00001132,CYCLE-000012-20260731T042406000000,12,2026-07-31T04:24:06.000+00:00,QQQx,HISTORICAL,HISTORICAL_UNVALIDATED,False,BASE_FILTER_ONLY,-0.002137000000000054,False
4,HISTORICAL:CYCLE-000012-20260731T042406000000:00001133,CYCLE-000012-20260731T042406000000,12,2026-07-31T04:24:06.000+00:00,EURC,HISTORICAL,HISTORICAL_UNVALIDATED,False,BASE_FILTER_ONLY,-0.0021619999999999955,False
4,HISTORICAL:CYCLE-000012-20260731T042406000000:00001134,CYCLE-000012-20260731T042406000000,12,2026-07-31T04:24:06.000+00:00,ONyc,HISTORICAL,HISTORICAL_UNVALIDATED,False,BASE_FILTER_ONLY,-0.002164000000000053,False
4,HISTORICAL:CYCLE-000012-20260731T042406000000:00001135,CYCLE-000012-20260731T042406000000,12,2026-07-31T04:24:06.000+00:00,NVDAx,HISTORICAL,HISTORICAL_UNVALIDATED,False,BASE_FILTER_ONLY,-0.002199999999999978,False
4,HISTORICAL:CYCLE-000012-20260731T042406000000:00001136,CYCLE-000012-20260731T042406000000,12,2026-07-31T04:24:06.000+00:00,hyUSD,HISTORICAL,HISTORICAL_UNVALIDATED,False,BASE_FILTER_ONLY,-0.0022010000000000068,False
4,HISTORICAL:CYCLE-000012-20260731T042406000000:00001137,CYCLE-000012-20260731T042406000000,12,2026-07-31T04:24:06.000+00:00,BIRB,HISTORICAL,HISTORICAL_UNVALIDATED,False,BASE_FILTER_ONLY,-0.0022020000000000355,False
4,HISTORICAL:CYCLE-000012-20260731T042406000000:00001138,CYCLE-000012-20260731T042406000000,12,2026-07-31T04:24:06.000+00:00,CARDS,HISTORICAL,HISTORICAL_UNVALIDATED,False,BASE_FILTER_ONLY,-0.0022410000000000468,False
4,HISTORICAL:CYCLE-000012-20260731T042406000000:00001139,CYCLE-000012-20260731T042406000000,12,2026-07-31T04:24:06.000+00:00,SPCX,HISTORICAL,HISTORICAL_UNVALIDATED,False,BASE_FILTER_ONLY,-0.0022490000000000548,False
4,HISTORICAL:CYCLE-000012-20260731T042406000000:00001140,CYCLE-000012-20260731T042406000000,12,2026-07-31T04:24:06.000+00:00,eUSX,HISTORICAL,HISTORICAL_UNVALIDATED,False,BASE_FILTER_ONLY,-0.0023049999999999998,False
4,HISTORICAL:CYCLE-000012-20260731T042406000000:00001141,CYCLE-000012-20260731T042406000000,12,2026-07-31T04:24:06.000+00:00,TRUMP,HISTORICAL,HISTORICAL_UNVALIDATED,False,BASE_FILTER_ONLY,-0.0023269999999999662,False
4,HISTORICAL:CYCLE-000012-20260731T042406000000:00001142,CYCLE-000012-20260731T042406000000,12,2026-07-31T04:24:06.000+00:00,TSLAx,HISTORICAL,HISTORICAL_UNVALIDATED,False,BASE_FILTER_ONLY,-0.002331999999999999,False
4,HISTORICAL:CYCLE-000012-20260731T042406000000:00001143,CYCLE-000012-20260731T042406000000,12,2026-07-31T04:24:06.000+00:00,DBR,HISTORICAL,HISTORICAL_UNVALIDATED,False,BASE_FILTER_ONLY,-0.0023490000000000438,False
4,HISTORICAL:CYCLE-000012-20260731T042406000000:00001144,CYCLE-000012-20260731T042406000000,12,2026-07-31T04:24:06.000+00:00,GEOD,HISTORICAL,HISTORICAL_UNVALIDATED,False,BASE_FILTER_ONLY,-0.00240399999999996,False
4,HISTORICAL:CYCLE-000012-20260731T042406000000:00001145,CYCLE-000012-20260731T042406000000,12,2026-07-31T04:24:06.000+00:00,ANTFUN,HISTORICAL,HISTORICAL_UNVALIDATED,False,BASE_FILTER_ONLY,-0.0024870000000000152,False
4,HISTORICAL:CYCLE-000012-20260731T042406000000:00001146,CYCLE-000012-20260731T042406000000,12,2026-07-31T04:24:06.000+00:00,MU,HISTORICAL,HISTORICAL_UNVALIDATED,False,BASE_FILTER_ONLY,-0.002551999999999997,False
4,HISTORICAL:CYCLE-000012-20260731T042406000000:00001147,CYCLE-000012-20260731T042406000000,12,2026-07-31T04:24:06.000+00:00,Fartcoin,HISTORICAL,HISTORICAL_UNVALIDATED,False,BASE_FILTER_ONLY,-0.0025530000000000257,False
4,HISTORICAL:CYCLE-000012-20260731T042406000000:00001148,CYCLE-000012-20260731T042406000000,12,2026-07-31T04:24:06.000+00:00,KMNO,HISTORICAL,HISTORICAL_UNVALIDATED,False,BASE_FILTER_ONLY,-0.002560000000000005,False
4,HISTORICAL:CYCLE-000012-20260731T042406000000:00001149,CYCLE-000012-20260731T042406000000,12,2026-07-31T04:24:06.000+00:00,xBTC,HISTORICAL,HISTORICAL_UNVALIDATED,False,BASE_FILTER_ONLY,-0.0026580000000000475,False
4,HISTORICAL:CYCLE-000012-20260731T042406000000:00001150,CYCLE-000012-20260731T042406000000,12,2026-07-31T04:24:06.000+00:00,PYTH,HISTORICAL,HISTORICAL_UNVALIDATED,False,BASE_FILTER_ONLY,-0.002658999999999965,False
4,HISTORICAL:CYCLE-000012-20260731T042406000000:00001151,CYCLE-000012-20260731T042406000000,12,2026-07-31T04:24:06.000+00:00,CRCLx,HISTORICAL,HISTORICAL_UNVALIDATED,False,BASE_FILTER_ONLY,-0.002707000000000013,False
4,HISTORICAL:CYCLE-000012-20260731T042406000000:00001152,CYCLE-000012-20260731T042406000000,12,2026-07-31T04:24:06.000+00:00,$WIF,HISTORICAL,HISTORICAL_UNVALIDATED,False,BASE_FILTER_ONLY,-0.0027209999999999717,False
4,HISTORICAL:CYCLE-000012-20260731T042406000000:00001153,CYCLE-000012-20260731T042406000000,12,2026-07-31T04:24:06.000+00:00,BORG,HISTORICAL,HISTORICAL_UNVALIDATED,False,BASE_FILTER_ONLY,-0.002750999999999946,False
4,HISTORICAL:CYCLE-000012-20260731T042406000000:00001154,CYCLE-000012-20260731T042406000000,12,2026-07-31T04:24:06.000+00:00,RAY,HISTORICAL,HISTORICAL_UNVALIDATED,False,BASE_FILTER_ONLY,-0.002778999999999974,False
4,HISTORICAL:CYCLE-000012-20260731T042406000000:00001155,CYCLE-000012-20260731T042406000000,12,2026-07-31T04:24:06.000+00:00,MPLX,HISTORICAL,HISTORICAL_UNVALIDATED,False,BASE_FILTER_ONLY,-0.002859000000000054,False
4,HISTORICAL:CYCLE-000012-20260731T042406000000:00001156,CYCLE-000012-20260731T042406000000,12,2026-07-31T04:24:06.000+00:00,Cupsey,HISTORICAL,HISTORICAL_UNVALIDATED,False,BASE_FILTER_ONLY,-0.0029019999999999584,False
4,HISTORICAL:CYCLE-000012-20260731T042406000000:00001157,CYCLE-000012-20260731T042406000000,12,2026-07-31T04:24:06.000+00:00,POPCAT,HISTORICAL,HISTORICAL_UNVALIDATED,False,BASE_FILTER_ONLY,-0.0029689999999999977,False
4,HISTORICAL:CYCLE-000012-20260731T042406000000:00001158,CYCLE-000012-20260731T042406000000,12,2026-07-31T04:24:06.000+00:00,SPX,HISTORICAL,HISTORICAL_UNVALIDATED,False,BASE_FILTER_ONLY,-0.0029740000000000304,False
4,HISTORICAL:CYCLE-000012-20260731T042406000000:00001159,CYCLE-000012-20260731T042406000000,12,2026-07-31T04:24:06.000+00:00,neet,HISTORICAL,HISTORICAL_UNVALIDATED,False,BASE_FILTER_ONLY,-0.0030170000000000457,False
4,HISTORICAL:CYCLE-000012-20260731T042406000000:00001160,CYCLE-000012-20260731T042406000000,12,2026-07-31T04:24:06.000+00:00,arc,HISTORICAL,HISTORICAL_UNVALIDATED,False,BASE_FILTER_ONLY,-0.0030930000000000107,False
4,HISTORICAL:CYCLE-000012-20260731T042406000000:00001161,CYCLE-000012-20260731T042406000000,12,2026-07-31T04:24:06.000+00:00,MEW,HISTORICAL,HISTORICAL_UNVALIDATED,False,BASE_FILTER_ONLY,-0.0032290000000000357,False
4,HISTORICAL:CYCLE-000012-20260731T042406000000:00001162,CYCLE-000012-20260731T042406000000,12,2026-07-31T04:24:06.000+00:00,MSTRx,HISTORICAL,HISTORICAL_UNVALIDATED,False,BASE_FILTER_ONLY,-0.003454999999999984,False
4,HISTORICAL:CYCLE-000012-20260731T042406000000:00001163,CYCLE-000012-20260731T042406000000,12,2026-07-31T04:24:06.000+00:00,ANSEM,HISTORICAL,HISTORICAL_UNVALIDATED,False,BASE_FILTER_ONLY,-0.003535999999999982,False
4,HISTORICAL:CYCLE-000012-20260731T042406000000:00001164,CYCLE-000012-20260731T042406000000,12,2026-07-31T04:24:06.000+00:00,RENDER,HISTORICAL,HISTORICAL_UNVALIDATED,False,BASE_FILTER_ONLY,-0.00368299999999999,False
4,HISTORICAL:CYCLE-000012-20260731T042406000000:00001165,CYCLE-000012-20260731T042406000000,12,2026-07-31T04:24:06.000+00:00,GLDx,HISTORICAL,HISTORICAL_UNVALIDATED,False,BASE_FILTER_ONLY,-0.0036939999999999733,False
4,HISTORICAL:CYCLE-000012-20260731T042406000000:00001166,CYCLE-000012-20260731T042406000000,12,2026-07-31T04:24:06.000+00:00,SPCXx,HISTORICAL,HISTORICAL_UNVALIDATED,False,BASE_FILTER_ONLY,-0.003802999999999999,False
4,HISTORICAL:CYCLE-000012-20260731T042406000000:00001167,CYCLE-000012-20260731T042406000000,12,2026-07-31T04:24:06.000+00:00,TROLL,HISTORICAL,HISTORICAL_UNVALIDATED,False,BASE_FILTER_ONLY,-0.003998000000000055,False
4,HISTORICAL:CYCLE-000012-20260731T042406000000:00001168,CYCLE-000012-20260731T042406000000,12,2026-07-31T04:24:06.000+00:00,Buttcoin,HISTORICAL,HISTORICAL_UNVALIDATED,False,BASE_FILTER_ONLY,-0.0041250000000000436,False
4,HISTORICAL:CYCLE-000012-20260731T042406000000:00001169,CYCLE-000012-20260731T042406000000,12,2026-07-31T04:24:06.000+00:00,GOAT,HISTORICAL,HISTORICAL_UNVALIDATED,False,BASE_FILTER_ONLY,-0.004356000000000025,False
4,HISTORICAL:CYCLE-000012-20260731T042406000000:00001170,CYCLE-000012-20260731T042406000000,12,2026-07-31T04:24:06.000+00:00,LBTC,HISTORICAL,HISTORICAL_UNVALIDATED,False,BASE_FILTER_ONLY,-0.004387000000000028,False
4,HISTORICAL:CYCLE-000012-20260731T042406000000:00001171,CYCLE-000012-20260731T042406000000,12,2026-07-31T04:24:06.000+00:00,TripleT,HISTORICAL,HISTORICAL_UNVALIDATED,False,BASE_FILTER_ONLY,-0.004480000000000038,False
4,HISTORICAL:CYCLE-000012-20260731T042406000000:00001172,CYCLE-000012-20260731T042406000000,12,2026-07-31T04:24:06.000+00:00,ORCA,HISTORICAL,HISTORICAL_UNVALIDATED,False,BASE_FILTER_ONLY,-0.004535999999999983,False
4,HISTORICAL:CYCLE-000012-20260731T042406000000:00001173,CYCLE-000012-20260731T042406000000,12,2026-07-31T04:24:06.000+00:00,jellyjelly,HISTORICAL,HISTORICAL_UNVALIDATED,False,BASE_FILTER_ONLY,-0.004713999999999994,False
4,HISTORICAL:CYCLE-000012-20260731T042406000000:00001174,CYCLE-000012-20260731T042406000000,12,2026-07-31T04:24:06.000+00:00,ORE,HISTORICAL,HISTORICAL_UNVALIDATED,False,BASE_FILTER_ONLY,-0.005010999999999986,False
4,HISTORICAL:CYCLE-000012-20260731T042406000000:00001175,CYCLE-000012-20260731T042406000000,12,2026-07-31T04:24:06.000+00:00,Jimothy,HISTORICAL,HISTORICAL_UNVALIDATED,False,BASE_FILTER_ONLY,-0.005032000000000035,False
4,HISTORICAL:CYCLE-000012-20260731T042406000000:00001176,CYCLE-000012-20260731T042406000000,12,2026-07-31T04:24:06.000+00:00,ZBCN,HISTORICAL,HISTORICAL_UNVALIDATED,False,BASE_FILTER_ONLY,-0.005519999999999968,False
4,HISTORICAL:CYCLE-000012-20260731T042406000000:00001177,CYCLE-000012-20260731T042406000000,12,2026-07-31T04:24:06.000+00:00,pippin,HISTORICAL,HISTORICAL_UNVALIDATED,False,BASE_FILTER_ONLY,-0.005619999999999957,False
4,HISTORICAL:CYCLE-000012-20260731T042406000000:00001178,CYCLE-000012-20260731T042406000000,12,2026-07-31T04:24:06.000+00:00,VIRTUAL,HISTORICAL,HISTORICAL_UNVALIDATED,False,BASE_FILTER_ONLY,-0.00590299999999999,False
4,HISTORICAL:CYCLE-000012-20260731T042406000000:00001179,CYCLE-000012-20260731T042406000000,12,2026-07-31T04:24:06.000+00:00,MOODENG,HISTORICAL,HISTORICAL_UNVALIDATED,False,BASE_FILTER_ONLY,-0.006251000000000005,False
4,HISTORICAL:CYCLE-000012-20260731T042406000000:00001180,CYCLE-000012-20260731T042406000000,12,2026-07-31T04:24:06.000+00:00,XAUt0,HISTORICAL,HISTORICAL_UNVALIDATED,False,BASE_FILTER_ONLY,-0.0063480000000000186,False
4,HISTORICAL:CYCLE-000012-20260731T042406000000:00001181,CYCLE-000012-20260731T042406000000,12,2026-07-31T04:24:06.000+00:00,JTO,HISTORICAL,HISTORICAL_UNVALIDATED,False,BASE_FILTER_ONLY,-0.0064680000000000275,False
4,HISTORICAL:CYCLE-000012-20260731T042406000000:00001182,CYCLE-000012-20260731T042406000000,12,2026-07-31T04:24:06.000+00:00,ZEREBRO,HISTORICAL,HISTORICAL_UNVALIDATED,False,BASE_FILTER_ONLY,-0.0066199999999999575,False
4,HISTORICAL:CYCLE-000012-20260731T042406000000:00001183,CYCLE-000012-20260731T042406000000,12,2026-07-31T04:24:06.000+00:00,Pnut,HISTORICAL,HISTORICAL_UNVALIDATED,False,BASE_FILTER_ONLY,-0.006681000000000046,False
4,HISTORICAL:CYCLE-000012-20260731T042406000000:00001184,CYCLE-000012-20260731T042406000000,12,2026-07-31T04:24:06.000+00:00,META,HISTORICAL,HISTORICAL_UNVALIDATED,False,BASE_FILTER_ONLY,-0.006727000000000037,False
4,HISTORICAL:CYCLE-000012-20260731T042406000000:00001185,CYCLE-000012-20260731T042406000000,12,2026-07-31T04:24:06.000+00:00,ALCH,HISTORICAL,HISTORICAL_UNVALIDATED,False,BASE_FILTER_ONLY,-0.0067279999999999545,False
4,HISTORICAL:CYCLE-000012-20260731T042406000000:00001186,CYCLE-000012-20260731T042406000000,12,2026-07-31T04:24:06.000+00:00,EPIK,HISTORICAL,HISTORICAL_UNVALIDATED,False,BASE_FILTER_ONLY,-0.006732999999999987,False
4,HISTORICAL:CYCLE-000012-20260731T042406000000:00001187,CYCLE-000012-20260731T042406000000,12,2026-07-31T04:24:06.000+00:00,GIGA,HISTORICAL,HISTORICAL_UNVALIDATED,False,BASE_FILTER_ONLY,-0.006781000000000035,False
4,HISTORICAL:CYCLE-000012-20260731T042406000000:00001188,CYCLE-000012-20260731T042406000000,12,2026-07-31T04:24:06.000+00:00,PYTHIA,HISTORICAL,HISTORICAL_UNVALIDATED,False,BASE_FILTER_ONLY,-0.006813999999999985,False
4,HISTORICAL:CYCLE-000012-20260731T042406000000:00001189,CYCLE-000012-20260731T042406000000,12,2026-07-31T04:24:06.000+00:00,swarms,HISTORICAL,HISTORICAL_UNVALIDATED,False,BASE_FILTER_ONLY,-0.006823000000000022,False
4,HISTORICAL:CYCLE-000012-20260731T042406000000:00001190,CYCLE-000012-20260731T042406000000,12,2026-07-31T04:24:06.000+00:00,CHILLGUY,HISTORICAL,HISTORICAL_UNVALIDATED,False,BASE_FILTER_ONLY,-0.006854000000000025,False
4,HISTORICAL:CYCLE-000012-20260731T042406000000:00001191,CYCLE-000012-20260731T042406000000,12,2026-07-31T04:24:06.000+00:00,VINE,HISTORICAL,HISTORICAL_UNVALIDATED,False,BASE_FILTER_ONLY,-0.006861000000000004,False
4,HISTORICAL:CYCLE-000012-20260731T042406000000:00001192,CYCLE-000012-20260731T042406000000,12,2026-07-31T04:24:06.000+00:00,ACT,HISTORICAL,HISTORICAL_UNVALIDATED,False,BASE_FILTER_ONLY,-0.0068719999999999875,False
4,HISTORICAL:CYCLE-000012-20260731T042406000000:00001193,CYCLE-000012-20260731T042406000000,12,2026-07-31T04:24:06.000+00:00,Ban,HISTORICAL,HISTORICAL_UNVALIDATED,False,BASE_FILTER_ONLY,-0.006936999999999969,False
4,HISTORICAL:CYCLE-000012-20260731T042406000000:00001194,CYCLE-000012-20260731T042406000000,12,2026-07-31T04:24:06.000+00:00,BOME,HISTORICAL,HISTORICAL_UNVALIDATED,False,BASE_FILTER_ONLY,-0.006951000000000039,False
4,HISTORICAL:CYCLE-000012-20260731T042406000000:00001195,CYCLE-000012-20260731T042406000000,12,2026-07-31T04:24:06.000+00:00,BP,HISTORICAL,HISTORICAL_UNVALIDATED,False,BASE_FILTER_ONLY,-0.006994999999999972,False
4,HISTORICAL:CYCLE-000012-20260731T042406000000:00001196,CYCLE-000012-20260731T042406000000,12,2026-07-31T04:24:06.000+00:00,KET,HISTORICAL,HISTORICAL_UNVALIDATED,False,BASE_FILTER_ONLY,-0.007921999999999983,False
4,HISTORICAL:CYCLE-000012-20260731T042406000000:00001197,CYCLE-000012-20260731T042406000000,12,2026-07-31T04:24:06.000+00:00,KINS,HISTORICAL,HISTORICAL_UNVALIDATED,False,BASE_FILTER_ONLY,-0.008020000000000025,False
4,HISTORICAL:CYCLE-000012-20260731T042406000000:00001198,CYCLE-000012-20260731T042406000000,12,2026-07-31T04:24:06.000+00:00,TBB,HISTORICAL,HISTORICAL_UNVALIDATED,False,BASE_FILTER_ONLY,-0.009140000000000035,False
4,HISTORICAL:CYCLE-000012-20260731T042406000000:00001199,CYCLE-000012-20260731T042406000000,12,2026-07-31T04:24:06.000+00:00,CRED,HISTORICAL,HISTORICAL_UNVALIDATED,False,BASE_FILTER_ONLY,-0.011950000000000014,False
4,HISTORICAL:CYCLE-000012-20260731T042406000000:00001200,CYCLE-000012-20260731T042406000000,12,2026-07-31T04:24:06.000+00:00,Jotchua,HISTORICAL,HISTORICAL_UNVALIDATED,False,BASE_FILTER_ONLY,-0.011982000000000046,False
4,HISTORICAL:CYCLE-000013-20260731T043323000000:00001201,CYCLE-000013-20260731T043323000000,13,2026-07-31T04:33:23.000+00:00,PYUSD,HISTORICAL,HISTORICAL_UNVALIDATED,False,BASE_FILTER_ONLY,-0.0017339999999999006,False
4,HISTORICAL:CYCLE-000013-20260731T043323000000:00001202,CYCLE-000013-20260731T043323000000,13,2026-07-31T04:33:23.000+00:00,SPCX,HISTORICAL,HISTORICAL_UNVALIDATED,False,BASE_FILTER_ONLY,-0.001784000000000006,False
4,HISTORICAL:CYCLE-000013-20260731T043323000000:00001203,CYCLE-000013-20260731T043323000000,13,2026-07-31T04:33:23.000+00:00,USD1,HISTORICAL,HISTORICAL_UNVALIDATED,False,BASE_FILTER_ONLY,-0.001811999999999923,False
4,HISTORICAL:CYCLE-000013-20260731T043323000000:00001204,CYCLE-000013-20260731T043323000000,13,2026-07-31T04:33:23.000+00:00,USDG,HISTORICAL,HISTORICAL_UNVALIDATED,False,BASE_FILTER_ONLY,-0.0018769999999999048,False
4,HISTORICAL:CYCLE-000013-20260731T043323000000:00001205,CYCLE-000013-20260731T043323000000,13,2026-07-31T04:33:23.000+00:00,NVDAx,HISTORICAL,HISTORICAL_UNVALIDATED,False,BASE_FILTER_ONLY,-0.0019229999999998953,False
4,HISTORICAL:CYCLE-000013-20260731T043323000000:00001206,CYCLE-000013-20260731T043323000000,13,2026-07-31T04:33:23.000+00:00,HYPE,HISTORICAL,HISTORICAL_UNVALIDATED,False,BASE_FILTER_ONLY,-0.0019340000000001006,False
4,HISTORICAL:CYCLE-000013-20260731T043323000000:00001207,CYCLE-000013-20260731T043323000000,13,2026-07-31T04:33:23.000+00:00,USDS,HISTORICAL,HISTORICAL_UNVALIDATED,False,BASE_FILTER_ONLY,-0.0019510000000000343,False
4,HISTORICAL:CYCLE-000013-20260731T043323000000:00001208,CYCLE-000013-20260731T043323000000,13,2026-07-31T04:33:23.000+00:00,USDT,HISTORICAL,HISTORICAL_UNVALIDATED,False,BASE_FILTER_ONLY,-0.001956000000000067,False
4,HISTORICAL:CYCLE-000013-20260731T043323000000:00001209,CYCLE-000013-20260731T043323000000,13,2026-07-31T04:33:23.000+00:00,USDe,HISTORICAL,HISTORICAL_UNVALIDATED,False,BASE_FILTER_ONLY,-0.001956000000000067,False
4,HISTORICAL:CYCLE-000013-20260731T043323000000:00001210,CYCLE-000013-20260731T043323000000,13,2026-07-31T04:33:23.000+00:00,SOL,HISTORICAL,HISTORICAL_UNVALIDATED,False,BASE_FILTER_ONLY,-0.001973000000000001,False
4,HISTORICAL:CYCLE-000013-20260731T043323000000:00001211,CYCLE-000013-20260731T043323000000,13,2026-07-31T04:33:23.000+00:00,MET,HISTORICAL,HISTORICAL_UNVALIDATED,False,BASE_FILTER_ONLY,-0.0019819999999999265,False
4,HISTORICAL:CYCLE-000013-20260731T043323000000:00001212,CYCLE-000013-20260731T043323000000,13,2026-07-31T04:33:23.000+00:00,JupUSD,HISTORICAL,HISTORICAL_UNVALIDATED,False,BASE_FILTER_ONLY,-0.001988000000000099,False
4,HISTORICAL:CYCLE-000013-20260731T043323000000:00001213,CYCLE-000013-20260731T043323000000,13,2026-07-31T04:33:23.000+00:00,TRUMP,HISTORICAL,HISTORICAL_UNVALIDATED,False,BASE_FILTER_ONLY,-0.0020019999999999465,False
4,HISTORICAL:CYCLE-000013-20260731T043323000000:00001214,CYCLE-000013-20260731T043323000000,13,2026-07-31T04:33:23.000+00:00,CASH,HISTORICAL,HISTORICAL_UNVALIDATED,False,BASE_FILTER_ONLY,-0.002004000000000004,False
4,HISTORICAL:CYCLE-000013-20260731T043323000000:00001215,CYCLE-000013-20260731T043323000000,13,2026-07-31T04:33:23.000+00:00,ZEC,HISTORICAL,HISTORICAL_UNVALIDATED,False,BASE_FILTER_ONLY,-0.0020109999999999833,False
4,HISTORICAL:CYCLE-000013-20260731T043323000000:00001216,CYCLE-000013-20260731T043323000000,13,2026-07-31T04:33:23.000+00:00,syrupUSDC,HISTORICAL,HISTORICAL_UNVALIDATED,False,BASE_FILTER_ONLY,-0.002012000000000012,False
4,HISTORICAL:CYCLE-000013-20260731T043323000000:00001217,CYCLE-000013-20260731T043323000000,13,2026-07-31T04:33:23.000+00:00,SPYx,HISTORICAL,HISTORICAL_UNVALIDATED,False,BASE_FILTER_ONLY,-0.0020219999999999665,False
4,HISTORICAL:CYCLE-000013-20260731T043323000000:00001218,CYCLE-000013-20260731T043323000000,13,2026-07-31T04:33:23.000+00:00,QQQx,HISTORICAL,HISTORICAL_UNVALIDATED,False,BASE_FILTER_ONLY,-0.002024000000000024,False
4,HISTORICAL:CYCLE-000013-20260731T043323000000:00001219,CYCLE-000013-20260731T043323000000,13,2026-07-31T04:33:23.000+00:00,mSOL,HISTORICAL,HISTORICAL_UNVALIDATED,False,BASE_FILTER_ONLY,-0.002024000000000024,False
4,HISTORICAL:CYCLE-000013-20260731T043323000000:00001220,CYCLE-000013-20260731T043323000000,13,2026-07-31T04:33:23.000+00:00,PRIME,HISTORICAL,HISTORICAL_UNVALIDATED,False,BASE_FILTER_ONLY,-0.002044000000000044,False
4,HISTORICAL:CYCLE-000013-20260731T043323000000:00001221,CYCLE-000013-20260731T043323000000,13,2026-07-31T04:33:23.000+00:00,TRX,HISTORICAL,HISTORICAL_UNVALIDATED,False,BASE_FILTER_ONLY,-0.002044000000000044,False
4,HISTORICAL:CYCLE-000013-20260731T043323000000:00001222,CYCLE-000013-20260731T043323000000,13,2026-07-31T04:33:23.000+00:00,JLP,HISTORICAL,HISTORICAL_UNVALIDATED,False,BASE_FILTER_ONLY,-0.0020539999999999985,False
4,HISTORICAL:CYCLE-000013-20260731T043323000000:00001223,CYCLE-000013-20260731T043323000000,13,2026-07-31T04:33:23.000+00:00,JupSOL,HISTORICAL,HISTORICAL_UNVALIDATED,False,BASE_FILTER_ONLY,-0.0020550000000000273,False
4,HISTORICAL:CYCLE-000013-20260731T043323000000:00001224,CYCLE-000013-20260731T043323000000,13,2026-07-31T04:33:23.000+00:00,USX,HISTORICAL,HISTORICAL_UNVALIDATED,False,BASE_FILTER_ONLY,-0.0020820000000000265,False
4,HISTORICAL:CYCLE-000013-20260731T043323000000:00001225,CYCLE-000013-20260731T043323000000,13,2026-07-31T04:33:23.000+00:00,SKHY,HISTORICAL,HISTORICAL_UNVALIDATED,False,BASE_FILTER_ONLY,-0.0021029999999999643,False
4,HISTORICAL:CYCLE-000013-20260731T043323000000:00001226,CYCLE-000013-20260731T043323000000,13,2026-07-31T04:33:23.000+00:00,MSTR,HISTORICAL,HISTORICAL_UNVALIDATED,False,BASE_FILTER_ONLY,-0.002132000000000021,False
4,HISTORICAL:CYCLE-000013-20260731T043323000000:00001227,CYCLE-000013-20260731T043323000000,13,2026-07-31T04:33:23.000+00:00,MU,HISTORICAL,HISTORICAL_UNVALIDATED,False,BASE_FILTER_ONLY,-0.0021349999999999963,False
4,HISTORICAL:CYCLE-000013-20260731T043323000000:00001228,CYCLE-000013-20260731T043323000000,13,2026-07-31T04:33:23.000+00:00,ETH,HISTORICAL,HISTORICAL_UNVALIDATED,False,BASE_FILTER_ONLY,-0.0021630000000000243,False
4,HISTORICAL:CYCLE-000013-20260731T043323000000:00001229,CYCLE-000013-20260731T043323000000,13,2026-07-31T04:33:23.000+00:00,PENGU,HISTORICAL,HISTORICAL_UNVALIDATED,False,BASE_FILTER_ONLY,-0.0021649999999999708,False
4,HISTORICAL:CYCLE-000013-20260731T043323000000:00001230,CYCLE-000013-20260731T043323000000,13,2026-07-31T04:33:23.000+00:00,ONyc,HISTORICAL,HISTORICAL_UNVALIDATED,False,BASE_FILTER_ONLY,-0.0021820000000000155,False
4,HISTORICAL:CYCLE-000013-20260731T043323000000:00001231,CYCLE-000013-20260731T043323000000,13,2026-07-31T04:33:23.000+00:00,USDu,HISTORICAL,HISTORICAL_UNVALIDATED,False,BASE_FILTER_ONLY,-0.0021970000000000028,False
4,HISTORICAL:CYCLE-000013-20260731T043323000000:00001232,CYCLE-000013-20260731T043323000000,13,2026-07-31T04:33:23.000+00:00,WBTC,HISTORICAL,HISTORICAL_UNVALIDATED,False,BASE_FILTER_ONLY,-0.0022510000000000013,False
4,HISTORICAL:CYCLE-000013-20260731T043323000000:00001233,CYCLE-000013-20260731T043323000000,13,2026-07-31T04:33:23.000+00:00,JitoSOL,HISTORICAL,HISTORICAL_UNVALIDATED,False,BASE_FILTER_ONLY,-0.002256000000000034,False
4,HISTORICAL:CYCLE-000013-20260731T043323000000:00001234,CYCLE-000013-20260731T043323000000,13,2026-07-31T04:33:23.000+00:00,PUMP,HISTORICAL,HISTORICAL_UNVALIDATED,False,BASE_FILTER_ONLY,-0.002276000000000054,False
4,HISTORICAL:CYCLE-000013-20260731T043323000000:00001235,CYCLE-000013-20260731T043323000000,13,2026-07-31T04:33:23.000+00:00,TSLAx,HISTORICAL,HISTORICAL_UNVALIDATED,False,BASE_FILTER_ONLY,-0.0022809999999999758,False
4,HISTORICAL:CYCLE-000013-20260731T043323000000:00001236,CYCLE-000013-20260731T043323000000,13,2026-07-31T04:33:23.000+00:00,eUSX,HISTORICAL,HISTORICAL_UNVALIDATED,False,BASE_FILTER_ONLY,-0.0022870000000000373,False
4,HISTORICAL:CYCLE-000013-20260731T043323000000:00001237,CYCLE-000013-20260731T043323000000,13,2026-07-31T04:33:23.000+00:00,Fartcoin,HISTORICAL,HISTORICAL_UNVALIDATED,False,BASE_FILTER_ONLY,-0.002315999999999983,False
4,HISTORICAL:CYCLE-000013-20260731T043323000000:00001238,CYCLE-000013-20260731T043323000000,13,2026-07-31T04:33:23.000+00:00,ANTHROPIC,HISTORICAL,HISTORICAL_UNVALIDATED,False,BASE_FILTER_ONLY,-0.0023229999999999622,False
4,HISTORICAL:CYCLE-000013-20260731T043323000000:00001239,CYCLE-000013-20260731T043323000000,13,2026-07-31T04:33:23.000+00:00,BIRB,HISTORICAL,HISTORICAL_UNVALIDATED,False,BASE_FILTER_ONLY,-0.002348000000000015,False
4,HISTORICAL:CYCLE-000013-20260731T043323000000:00001240,CYCLE-000013-20260731T043323000000,13,2026-07-31T04:33:23.000+00:00,cbBTC,HISTORICAL,HISTORICAL_UNVALIDATED,False,BASE_FILTER_ONLY,-0.0024009999999999847,False
4,HISTORICAL:CYCLE-000013-20260731T043323000000:00001241,CYCLE-000013-20260731T043323000000,13,2026-07-31T04:33:23.000+00:00,RAY,HISTORICAL,HISTORICAL_UNVALIDATED,False,BASE_FILTER_ONLY,-0.0024129999999999967,False
4,HISTORICAL:CYCLE-000013-20260731T043323000000:00001242,CYCLE-000013-20260731T043323000000,13,2026-07-31T04:33:23.000+00:00,JUP,HISTORICAL,HISTORICAL_UNVALIDATED,False,BASE_FILTER_ONLY,-0.002431999999999988,False
4,HISTORICAL:CYCLE-000013-20260731T043323000000:00001243,CYCLE-000013-20260731T043323000000,13,2026-07-31T04:33:23.000+00:00,Bonk,HISTORICAL,HISTORICAL_UNVALIDATED,False,BASE_FILTER_ONLY,-0.0024629999999999912,False
4,HISTORICAL:CYCLE-000013-20260731T043323000000:00001244,CYCLE-000013-20260731T043323000000,13,2026-07-31T04:33:23.000+00:00,CRCLx,HISTORICAL,HISTORICAL_UNVALIDATED,False,BASE_FILTER_ONLY,-0.002547999999999993,False
4,HISTORICAL:CYCLE-000013-20260731T043323000000:00001245,CYCLE-000013-20260731T043323000000,13,2026-07-31T04:33:23.000+00:00,MORPHO,HISTORICAL,HISTORICAL_UNVALIDATED,False,BASE_FILTER_ONLY,-0.0025819999999999715,False
4,HISTORICAL:CYCLE-000013-20260731T043323000000:00001246,CYCLE-000013-20260731T043323000000,13,2026-07-31T04:33:23.000+00:00,ANTFUN,HISTORICAL,HISTORICAL_UNVALIDATED,False,BASE_FILTER_ONLY,-0.0025929999999999547,False
4,HISTORICAL:CYCLE-000013-20260731T043323000000:00001247,CYCLE-000013-20260731T043323000000,13,2026-07-31T04:33:23.000+00:00,GEOD,HISTORICAL,HISTORICAL_UNVALIDATED,False,BASE_FILTER_ONLY,-0.002619999999999954,False
4,HISTORICAL:CYCLE-000013-20260731T043323000000:00001248,CYCLE-000013-20260731T043323000000,13,2026-07-31T04:33:23.000+00:00,$WIF,HISTORICAL,HISTORICAL_UNVALIDATED,False,BASE_FILTER_ONLY,-0.0026289999999999907,False
4,HISTORICAL:CYCLE-000013-20260731T043323000000:00001249,CYCLE-000013-20260731T043323000000,13,2026-07-31T04:33:23.000+00:00,DBR,HISTORICAL,HISTORICAL_UNVALIDATED,False,BASE_FILTER_ONLY,-0.00271600000000005,False
4,HISTORICAL:CYCLE-000013-20260731T043323000000:00001250,CYCLE-000013-20260731T043323000000,13,2026-07-31T04:33:23.000+00:00,ANSEM,HISTORICAL,HISTORICAL_UNVALIDATED,False,BASE_FILTER_ONLY,-0.00279499999999999,False
4,HISTORICAL:CYCLE-000013-20260731T043323000000:00001251,CYCLE-000013-20260731T043323000000,13,2026-07-31T04:33:23.000+00:00,CARDS,HISTORICAL,HISTORICAL_UNVALIDATED,False,BASE_FILTER_ONLY,-0.0028139999999999814,False
4,HISTORICAL:CYCLE-000013-20260731T043323000000:00001252,CYCLE-000013-20260731T043323000000,13,2026-07-31T04:33:23.000+00:00,POPCAT,HISTORICAL,HISTORICAL_UNVALIDATED,False,BASE_FILTER_ONLY,-0.002882999999999967,False
4,HISTORICAL:CYCLE-000013-20260731T043323000000:00001253,CYCLE-000013-20260731T043323000000,13,2026-07-31T04:33:23.000+00:00,Jotchua,HISTORICAL,HISTORICAL_UNVALIDATED,False,BASE_FILTER_ONLY,-0.0029419999999999984,False
4,HISTORICAL:CYCLE-000013-20260731T043323000000:00001254,CYCLE-000013-20260731T043323000000,13,2026-07-31T04:33:23.000+00:00,ME,HISTORICAL,HISTORICAL_UNVALIDATED,False,BASE_FILTER_ONLY,-0.003008000000000009,False
4,HISTORICAL:CYCLE-000013-20260731T043323000000:00001255,CYCLE-000013-20260731T043323000000,13,2026-07-31T04:33:23.000+00:00,SPX,HISTORICAL,HISTORICAL_UNVALIDATED,False,BASE_FILTER_ONLY,-0.0030179999999999634,False
4,HISTORICAL:CYCLE-000013-20260731T043323000000:00001256,CYCLE-000013-20260731T043323000000,13,2026-07-31T04:33:23.000+00:00,INTC,HISTORICAL,HISTORICAL_UNVALIDATED,False,BASE_FILTER_ONLY,-0.003086999999999949,False
4,HISTORICAL:CYCLE-000013-20260731T043323000000:00001257,CYCLE-000013-20260731T043323000000,13,2026-07-31T04:33:23.000+00:00,arc,HISTORICAL,HISTORICAL_UNVALIDATED,False,BASE_FILTER_ONLY,-0.0033060000000000294,False
4,HISTORICAL:CYCLE-000013-20260731T043323000000:00001258,CYCLE-000013-20260731T043323000000,13,2026-07-31T04:33:23.000+00:00,USELESS,HISTORICAL,HISTORICAL_UNVALIDATED,False,BASE_FILTER_ONLY,-0.0034089999999999936,False
4,HISTORICAL:CYCLE-000013-20260731T043323000000:00001259,CYCLE-000013-20260731T043323000000,13,2026-07-31T04:33:23.000+00:00,neet,HISTORICAL,HISTORICAL_UNVALIDATED,False,BASE_FILTER_ONLY,-0.0034650000000000496,False
4,HISTORICAL:CYCLE-000013-20260731T043323000000:00001260,CYCLE-000013-20260731T043323000000,13,2026-07-31T04:33:23.000+00:00,JTO,HISTORICAL,HISTORICAL_UNVALIDATED,False,BASE_FILTER_ONLY,-0.003558999999999977,False
4,HISTORICAL:CYCLE-000013-20260731T043323000000:00001261,CYCLE-000013-20260731T043323000000,13,2026-07-31T04:33:23.000+00:00,LBTC,HISTORICAL,HISTORICAL_UNVALIDATED,False,BASE_FILTER_ONLY,-0.004071999999999963,False
4,HISTORICAL:CYCLE-000013-20260731T043323000000:00001262,CYCLE-000013-20260731T043323000000,13,2026-07-31T04:33:23.000+00:00,ORCA,HISTORICAL,HISTORICAL_UNVALIDATED,False,BASE_FILTER_ONLY,-0.004103999999999995,False
4,HISTORICAL:CYCLE-000013-20260731T043323000000:00001263,CYCLE-000013-20260731T043323000000,13,2026-07-31T04:33:23.000+00:00,MEW,HISTORICAL,HISTORICAL_UNVALIDATED,False,BASE_FILTER_ONLY,-0.0042609999999999575,False
4,HISTORICAL:CYCLE-000013-20260731T043323000000:00001264,CYCLE-000013-20260731T043323000000,13,2026-07-31T04:33:23.000+00:00,jellyjelly,HISTORICAL,HISTORICAL_UNVALIDATED,False,BASE_FILTER_ONLY,-0.004705999999999986,False
4,HISTORICAL:CYCLE-000013-20260731T043323000000:00001265,CYCLE-000013-20260731T043323000000,13,2026-07-31T04:33:23.000+00:00,MSTRx,HISTORICAL,HISTORICAL_UNVALIDATED,False,BASE_FILTER_ONLY,-0.0047970000000000495,False
4,HISTORICAL:CYCLE-000013-20260731T043323000000:00001266,CYCLE-000013-20260731T043323000000,13,2026-07-31T04:33:23.000+00:00,ORE,HISTORICAL,HISTORICAL_UNVALIDATED,False,BASE_FILTER_ONLY,-0.00511399999999995,False
4,HISTORICAL:CYCLE-000013-20260731T043323000000:00001267,CYCLE-000013-20260731T043323000000,13,2026-07-31T04:33:23.000+00:00,BOT,HISTORICAL,HISTORICAL_UNVALIDATED,False,BASE_FILTER_ONLY,-0.005178000000000014,False
4,HISTORICAL:CYCLE-000013-20260731T043323000000:00001268,CYCLE-000013-20260731T043323000000,13,2026-07-31T04:33:23.000+00:00,PENGUIN,HISTORICAL,HISTORICAL_UNVALIDATED,False,BASE_FILTER_ONLY,-0.005291000000000044,False
4,HISTORICAL:CYCLE-000013-20260731T043323000000:00001269,CYCLE-000013-20260731T043323000000,13,2026-07-31T04:33:23.000+00:00,Jimothy,HISTORICAL,HISTORICAL_UNVALIDATED,False,BASE_FILTER_ONLY,-0.005342999999999985,False
4,HISTORICAL:CYCLE-000013-20260731T043323000000:00001270,CYCLE-000013-20260731T043323000000,13,2026-07-31T04:33:23.000+00:00,ZEREBRO,HISTORICAL,HISTORICAL_UNVALIDATED,False,BASE_FILTER_ONLY,-0.005352000000000022,False
4,HISTORICAL:CYCLE-000013-20260731T043323000000:00001271,CYCLE-000013-20260731T043323000000,13,2026-07-31T04:33:23.000+00:00,TROLL,HISTORICAL,HISTORICAL_UNVALIDATED,False,BASE_FILTER_ONLY,-0.005632999999999997,False
4,HISTORICAL:CYCLE-000013-20260731T043323000000:00001272,CYCLE-000013-20260731T043323000000,13,2026-07-31T04:33:23.000+00:00,GOAT,HISTORICAL,HISTORICAL_UNVALIDATED,False,BASE_FILTER_ONLY,-0.006565000000000041,False
4,HISTORICAL:CYCLE-000013-20260731T043323000000:00001273,CYCLE-000013-20260731T043323000000,13,2026-07-31T04:33:23.000+00:00,META,HISTORICAL,HISTORICAL_UNVALIDATED,False,BASE_FILTER_ONLY,-0.006727000000000037,False
4,HISTORICAL:CYCLE-000013-20260731T043323000000:00001274,CYCLE-000013-20260731T043323000000,13,2026-07-31T04:33:23.000+00:00,Pnut,HISTORICAL,HISTORICAL_UNVALIDATED,False,BASE_FILTER_ONLY,-0.006809999999999981,False
4,HISTORICAL:CYCLE-000013-20260731T043323000000:00001275,CYCLE-000013-20260731T043323000000,13,2026-07-31T04:33:23.000+00:00,ZINC,HISTORICAL,HISTORICAL_UNVALIDATED,False,BASE_FILTER_ONLY,-0.006857,False
4,HISTORICAL:CYCLE-000013-20260731T043323000000:00001276,CYCLE-000013-20260731T043323000000,13,2026-07-31T04:33:23.000+00:00,pippin,HISTORICAL,HISTORICAL_UNVALIDATED,False,BASE_FILTER_ONLY,-0.006881000000000024,False
4,HISTORICAL:CYCLE-000013-20260731T043323000000:00001277,CYCLE-000013-20260731T043323000000,13,2026-07-31T04:33:23.000+00:00,GODL,HISTORICAL,HISTORICAL_UNVALIDATED,False,BASE_FILTER_ONLY,-0.0069040000000000195,False
4,HISTORICAL:CYCLE-000013-20260731T043323000000:00001278,CYCLE-000013-20260731T043323000000,13,2026-07-31T04:33:23.000+00:00,Luigi,HISTORICAL,HISTORICAL_UNVALIDATED,False,BASE_FILTER_ONLY,-0.0069360000000000515,False
4,HISTORICAL:CYCLE-000013-20260731T043323000000:00001279,CYCLE-000013-20260731T043323000000,13,2026-07-31T04:33:23.000+00:00,RETARDIO,HISTORICAL,HISTORICAL_UNVALIDATED,False,BASE_FILTER_ONLY,-0.006970999999999948,False
4,HISTORICAL:CYCLE-000013-20260731T043323000000:00001280,CYCLE-000013-20260731T043323000000,13,2026-07-31T04:33:23.000+00:00,MORI,HISTORICAL,HISTORICAL_UNVALIDATED,False,BASE_FILTER_ONLY,-0.006981000000000013,False
4,HISTORICAL:CYCLE-000013-20260731T043323000000:00001281,CYCLE-000013-20260731T043323000000,13,2026-07-31T04:33:23.000+00:00,BP,HISTORICAL,HISTORICAL_UNVALIDATED,False,BASE_FILTER_ONLY,-0.006994000000000054,False
4,HISTORICAL:CYCLE-000013-20260731T043323000000:00001282,CYCLE-000013-20260731T043323000000,13,2026-07-31T04:33:23.000+00:00,PBTC,HISTORICAL,HISTORICAL_UNVALIDATED,False,BASE_FILTER_ONLY,-0.007010999999999988,False
4,HISTORICAL:CYCLE-000013-20260731T043323000000:00001283,CYCLE-000013-20260731T043323000000,13,2026-07-31T04:33:23.000+00:00,BOME,HISTORICAL,HISTORICAL_UNVALIDATED,False,BASE_FILTER_ONLY,-0.007070000000000019,False
4,HISTORICAL:CYCLE-000013-20260731T043323000000:00001284,CYCLE-000013-20260731T043323000000,13,2026-07-31T04:33:23.000+00:00,KITTY,HISTORICAL,HISTORICAL_UNVALIDATED,False,BASE_FILTER_ONLY,-0.0071160000000000095,False
4,HISTORICAL:CYCLE-000013-20260731T043323000000:00001285,CYCLE-000013-20260731T043323000000,13,2026-07-31T04:33:23.000+00:00,UMBRA,HISTORICAL,HISTORICAL_UNVALIDATED,False,BASE_FILTER_ONLY,-0.007349999999999966,False
4,HISTORICAL:CYCLE-000013-20260731T043323000000:00001286,CYCLE-000013-20260731T043323000000,13,2026-07-31T04:33:23.000+00:00,SOLO,HISTORICAL,HISTORICAL_UNVALIDATED,False,BASE_FILTER_ONLY,-0.007426000000000042,False
4,HISTORICAL:CYCLE-000013-20260731T043323000000:00001287,CYCLE-000013-20260731T043323000000,13,2026-07-31T04:33:23.000+00:00,NORMIE,HISTORICAL,HISTORICAL_UNVALIDATED,False,BASE_FILTER_ONLY,-0.007708000000000046,False
4,HISTORICAL:CYCLE-000013-20260731T043323000000:00001288,CYCLE-000013-20260731T043323000000,13,2026-07-31T04:33:23.000+00:00,Verse,HISTORICAL,HISTORICAL_UNVALIDATED,False,BASE_FILTER_ONLY,-0.00810299999999997,False
4,HISTORICAL:CYCLE-000013-20260731T043323000000:00001289,CYCLE-000013-20260731T043323000000,13,2026-07-31T04:33:23.000+00:00,KINS,HISTORICAL,HISTORICAL_UNVALIDATED,False,BASE_FILTER_ONLY,-0.008769000000000025,False
4,HISTORICAL:CYCLE-000013-20260731T043323000000:00001290,CYCLE-000013-20260731T043323000000,13,2026-07-31T04:33:23.000+00:00,traindog,HISTORICAL,HISTORICAL_UNVALIDATED,False,BASE_FILTER_ONLY,-0.011213000000000027,False
4,HISTORICAL:CYCLE-000013-20260731T043323000000:00001291,CYCLE-000013-20260731T043323000000,13,2026-07-31T04:33:23.000+00:00,Joby,HISTORICAL,HISTORICAL_UNVALIDATED,False,BASE_FILTER_ONLY,-0.015893999999999964,False
4,HISTORICAL:CYCLE-000013-20260731T043323000000:00001292,CYCLE-000013-20260731T043323000000,13,2026-07-31T04:33:23.000+00:00,Tokabu,HISTORICAL,HISTORICAL_UNVALIDATED,False,BASE_FILTER_ONLY,-0.017674999999999996,False
4,HISTORICAL:CYCLE-000013-20260731T043323000000:00001293,CYCLE-000013-20260731T043323000000,13,2026-07-31T04:33:23.000+00:00,WhiteWhale,HISTORICAL,HISTORICAL_UNVALIDATED,False,BASE_FILTER_ONLY,-0.01980599999999999,False
4,HISTORICAL:CYCLE-000013-20260731T043323000000:00001294,CYCLE-000013-20260731T043323000000,13,2026-07-31T04:33:23.000+00:00,Percolator,HISTORICAL,HISTORICAL_UNVALIDATED,False,BASE_FILTER_ONLY,-0.01980599999999999,False
4,HISTORICAL:CYCLE-000013-20260731T043323000000:00001295,CYCLE-000013-20260731T043323000000,13,2026-07-31T04:33:23.000+00:00,House,HISTORICAL,HISTORICAL_UNVALIDATED,False,BASE_FILTER_ONLY,-0.020584000000000047,False
4,HISTORICAL:CYCLE-000013-20260731T043323000000:00001296,CYCLE-000013-20260731T043323000000,13,2026-07-31T04:33:23.000+00:00,SQUIRE,HISTORICAL,HISTORICAL_UNVALIDATED,False,BASE_FILTER_ONLY,-0.020704999999999973,False
4,HISTORICAL:CYCLE-000013-20260731T043323000000:00001297,CYCLE-000013-20260731T043323000000,13,2026-07-31T04:33:23.000+00:00,unc,HISTORICAL,HISTORICAL_UNVALIDATED,False,BASE_FILTER_ONLY,-0.021679000000000004,False
4,HISTORICAL:CYCLE-000013-20260731T043323000000:00001298,CYCLE-000013-20260731T043323000000,13,2026-07-31T04:33:23.000+00:00,PAYAI,HISTORICAL,HISTORICAL_UNVALIDATED,False,BASE_FILTER_ONLY,-0.02175400000000005,False
4,HISTORICAL:CYCLE-000013-20260731T043323000000:00001299,CYCLE-000013-20260731T043323000000,13,2026-07-31T04:33:23.000+00:00,drooling,HISTORICAL,HISTORICAL_UNVALIDATED,False,BASE_FILTER_ONLY,-0.021765000000000034,False
4,HISTORICAL:CYCLE-000013-20260731T043323000000:00001300,CYCLE-000013-20260731T043323000000,13,2026-07-31T04:33:23.000+00:00,ASTEROID,HISTORICAL,HISTORICAL_UNVALIDATED,False,BASE_FILTER_ONLY,-0.030544000000000016,False
5,VERIFIED_LIVE:2026-07-31 22:13:54:00000316,2026-07-31 22:13:54,21,2026-08-01T02:13:57.945+00:00,SAMO,VERIFIED_LIVE,VERIFIED_WITH_WARNING,False,BASE_FILTER_ONLY,-0.001880000000000102,False
5,VERIFIED_LIVE:2026-07-31 22:13:54:00000365,2026-07-31 22:13:54,21,2026-08-01T02:13:59.957+00:00,PYTH,VERIFIED_LIVE,VERIFIED_WITH_WARNING,False,BASE_FILTER_ONLY,-0.003010999999999984,False
5,VERIFIED_LIVE:2026-07-31 22:13:54:00000318,2026-07-31 22:13:54,21,2026-08-01T02:14:00.959+00:00,HYPE,VERIFIED_LIVE,VERIFIED_WITH_WARNING,False,BASE_FILTER_ONLY,-0.0019050000000000438,False
5,VERIFIED_LIVE:2026-07-31 22:13:54:00000345,2026-07-31 22:13:54,21,2026-08-01T02:14:03.969+00:00,JUP,VERIFIED_LIVE,VERIFIED_WITH_WARNING,False,BASE_FILTER_ONLY,-0.002260000000000038,False
5,VERIFIED_LIVE:2026-07-31 22:13:54:00000324,2026-07-31 22:13:54,21,2026-08-01T02:14:04.961+00:00,USDT,VERIFIED_LIVE,VERIFIED_WITH_WARNING,False,BASE_FILTER_ONLY,-0.001996000000000107,False
5,VERIFIED_LIVE:2026-07-31 22:13:54:00000402,2026-07-31 22:13:54,21,2026-08-01T02:14:08.019+00:00,xSOL,VERIFIED_LIVE,VERIFIED_WITH_WARNING,False,BASE_FILTER_ONLY,-0.008013999999999964,False
5,VERIFIED_LIVE:2026-07-31 22:13:54:00000329,2026-07-31 22:13:54,21,2026-08-01T02:14:09.011+00:00,SOL,VERIFIED_LIVE,VERIFIED_WITH_WARNING,False,BASE_FILTER_ONLY,-0.002005000000000033,False
5,VERIFIED_LIVE:2026-07-31 22:13:54:00000320,2026-07-31 22:13:54,21,2026-08-01T02:14:12.023+00:00,PUMP,VERIFIED_LIVE,VERIFIED_WITH_WARNING,False,BASE_FILTER_ONLY,-0.001935999999999936,False
5,VERIFIED_LIVE:2026-07-31 22:13:54:00000326,2026-07-31 22:13:54,21,2026-08-01T02:14:14.029+00:00,PYUSD,VERIFIED_LIVE,VERIFIED_WITH_WARNING,False,BASE_FILTER_ONLY,-0.0020029999999999753,False
5,VERIFIED_LIVE:2026-07-31 22:13:54:00000339,2026-07-31 22:13:54,21,2026-08-01T02:14:15.276+00:00,MET,VERIFIED_LIVE,VERIFIED_WITH_WARNING,False,BASE_FILTER_ONLY,-0.0021529999999999588,False
5,VERIFIED_LIVE:2026-07-31 22:13:54:00000384,2026-07-31 22:13:54,21,2026-08-01T02:14:17.040+00:00,POLIS,VERIFIED_LIVE,VERIFIED_WITH_WARNING,False,BASE_FILTER_ONLY,-0.00634699999999999,False
5,VERIFIED_LIVE:2026-07-31 22:13:54:00000321,2026-07-31 22:13:54,21,2026-08-01T02:14:20.051+00:00,cbBTC,VERIFIED_LIVE,VERIFIED_WITH_WARNING,False,BASE_FILTER_ONLY,-0.001935999999999936,False
5,VERIFIED_LIVE:2026-07-31 22:13:54:00000305,2026-07-31 22:13:54,21,2026-08-01T02:14:21.072+00:00,Bonk,VERIFIED_LIVE,VERIFIED_WITH_WARNING,True,BASE_FILTER_ONLY,0.006679000000000103,True
5,VERIFIED_LIVE:2026-07-31 22:13:54:00000322,2026-07-31 22:13:54,21,2026-08-01T02:14:23.056+00:00,TRUMP,VERIFIED_LIVE,VERIFIED_WITH_WARNING,False,BASE_FILTER_ONLY,-0.0019379999999999935,False
5,VERIFIED_LIVE:2026-07-31 22:13:54:00000313,2026-07-31 22:13:54,21,2026-08-01T02:14:26.070+00:00,JLP,VERIFIED_LIVE,VERIFIED_WITH_WARNING,False,BASE_FILTER_ONLY,-0.0018460000000000126,False
5,VERIFIED_LIVE:2026-07-31 22:13:54:00000327,2026-07-31 22:13:54,21,2026-08-01T02:14:28.071+00:00,USDG,VERIFIED_LIVE,VERIFIED_WITH_WARNING,False,BASE_FILTER_ONLY,-0.0020029999999999753,False
5,VERIFIED_LIVE:2026-07-31 22:13:54:00000378,2026-07-31 22:13:54,21,2026-08-01T02:14:29.088+00:00,soETH,VERIFIED_LIVE,VERIFIED_WITH_WARNING,False,BASE_FILTER_ONLY,-0.005525,False
5,VERIFIED_LIVE:2026-07-31 22:13:54:00000346,2026-07-31 22:13:54,21,2026-08-01T02:14:32.094+00:00,JitoSOL,VERIFIED_LIVE,VERIFIED_WITH_WARNING,False,BASE_FILTER_ONLY,-0.0022870000000000373,False
5,VERIFIED_LIVE:2026-07-31 22:13:54:00000338,2026-07-31 22:13:54,21,2026-08-01T02:14:33.098+00:00,ZEC,VERIFIED_LIVE,VERIFIED_WITH_WARNING,False,BASE_FILTER_ONLY,-0.0021449999999999508,False
5,VERIFIED_LIVE:2026-07-31 22:13:54:00000307,2026-07-31 22:13:54,21,2026-08-01T02:14:36.114+00:00,USD1,VERIFIED_LIVE,VERIFIED_WITH_WARNING,False,BASE_FILTER_ONLY,-0.0014300000000000406,False
5,VERIFIED_LIVE:2026-07-31 22:13:54:00000323,2026-07-31 22:13:54,21,2026-08-01T02:14:38.124+00:00,ETH,VERIFIED_LIVE,VERIFIED_WITH_WARNING,False,BASE_FILTER_ONLY,-0.0019629999999999353,False
5,VERIFIED_LIVE:2026-07-31 22:13:54:00000315,2026-07-31 22:13:54,21,2026-08-01T02:14:39.138+00:00,USDe,VERIFIED_LIVE,VERIFIED_WITH_WARNING,False,BASE_FILTER_ONLY,-0.0018769999999999048,False
5,VERIFIED_LIVE:2026-07-31 22:13:54:00000358,2026-07-31 22:13:54,21,2026-08-01T02:14:42.147+00:00,ANSEM,VERIFIED_LIVE,VERIFIED_WITH_WARNING,False,BASE_FILTER_ONLY,-0.0027500000000000285,False
5,VERIFIED_LIVE:2026-07-31 22:13:54:00000357,2026-07-31 22:13:54,21,2026-08-01T02:14:43.147+00:00,RAY,VERIFIED_LIVE,VERIFIED_WITH_WARNING,False,BASE_FILTER_ONLY,-0.0024990000000000272,False
5,VERIFIED_LIVE:2026-07-31 22:13:54:00000353,2026-07-31 22:13:54,21,2026-08-01T02:14:45.129+00:00,ANTFUN,VERIFIED_LIVE,VERIFIED_WITH_WARNING,False,BASE_FILTER_ONLY,-0.0024349999999999632,False
5,VERIFIED_LIVE:2026-07-31 22:13:54:00000306,2026-07-31 22:13:54,21,2026-08-01T02:14:48.139+00:00,Fartcoin,VERIFIED_LIVE,VERIFIED_WITH_WARNING,True,BASE_FILTER_ONLY,0.001881999999999941,True
5,VERIFIED_LIVE:2026-07-31 22:13:54:00000386,2026-07-31 22:13:54,21,2026-08-01T02:14:49.138+00:00,BOME,VERIFIED_LIVE,VERIFIED_WITH_WARNING,False,BASE_FILTER_ONLY,-0.00677099999999997,False
5,VERIFIED_LIVE:2026-07-31 22:13:54:00000311,2026-07-31 22:13:54,21,2026-08-01T02:14:51.146+00:00,CRCLx,VERIFIED_LIVE,VERIFIED_WITH_WARNING,False,BASE_FILTER_ONLY,-0.0018339999999998895,False
5,VERIFIED_LIVE:2026-07-31 22:13:54:00000334,2026-07-31 22:13:54,21,2026-08-01T02:14:54.160+00:00,USX,VERIFIED_LIVE,VERIFIED_WITH_WARNING,False,BASE_FILTER_ONLY,-0.0020529999999999698,False
5,VERIFIED_LIVE:2026-07-31 22:13:54:00000330,2026-07-31 22:13:54,21,2026-08-01T02:14:55.182+00:00,WBTC,VERIFIED_LIVE,VERIFIED_WITH_WARNING,False,BASE_FILTER_ONLY,-0.0020059999999999505,False
5,VERIFIED_LIVE:2026-07-31 22:13:54:00000398,2026-07-31 22:13:54,21,2026-08-01T02:14:57.168+00:00,KINS,VERIFIED_LIVE,VERIFIED_WITH_WARNING,False,BASE_FILTER_ONLY,-0.007430999999999964,False
5,VERIFIED_LIVE:2026-07-31 22:13:54:00000342,2026-07-31 22:13:54,21,2026-08-01T02:15:00.171+00:00,EURC,VERIFIED_LIVE,VERIFIED_WITH_WARNING,False,BASE_FILTER_ONLY,-0.0021809999999999868,False
5,VERIFIED_LIVE:2026-07-31 22:13:54:00000377,2026-07-31 22:13:54,21,2026-08-01T02:15:02.513+00:00,JTO,VERIFIED_LIVE,VERIFIED_WITH_WARNING,False,BASE_FILTER_ONLY,-0.005475000000000006,False
5,VERIFIED_LIVE:2026-07-31 22:13:54:00000309,2026-07-31 22:13:54,21,2026-08-01T02:15:05.003+00:00,TSLAx,VERIFIED_LIVE,VERIFIED_WITH_WARNING,False,BASE_FILTER_ONLY,-0.0018110000000000053,False
5,VERIFIED_LIVE:2026-07-31 22:13:54:00000347,2026-07-31 22:13:54,21,2026-08-01T02:15:05.191+00:00,NVDAx,VERIFIED_LIVE,VERIFIED_WITH_WARNING,False,BASE_FILTER_ONLY,-0.0022940000000000165,False
5,VERIFIED_LIVE:2026-07-31 22:13:54:00000341,2026-07-31 22:13:54,21,2026-08-01T02:15:08.195+00:00,ONyc,VERIFIED_LIVE,VERIFIED_WITH_WARNING,False,BASE_FILTER_ONLY,-0.0021769999999999828,False
5,VERIFIED_LIVE:2026-07-31 22:13:54:00000317,2026-07-31 22:13:54,21,2026-08-01T02:15:09.219+00:00,SPYx,VERIFIED_LIVE,VERIFIED_WITH_WARNING,False,BASE_FILTER_ONLY,-0.0018849999999999128,False
5,VERIFIED_LIVE:2026-07-31 22:13:54:00000372,2026-07-31 22:13:54,21,2026-08-01T02:15:11.207+00:00,SKHY,VERIFIED_LIVE,VERIFIED_WITH_WARNING,False,BASE_FILTER_ONLY,-0.004037999999999984,False
5,VERIFIED_LIVE:2026-07-31 22:13:54:00000333,2026-07-31 22:13:54,21,2026-08-01T02:15:14.235+00:00,PRIME,VERIFIED_LIVE,VERIFIED_WITH_WARNING,False,BASE_FILTER_ONLY,-0.0020329999999999498,False
5,VERIFIED_LIVE:2026-07-31 22:13:54:00000308,2026-07-31 22:13:54,21,2026-08-01T02:15:15.224+00:00,PENGU,VERIFIED_LIVE,VERIFIED_WITH_WARNING,False,BASE_FILTER_ONLY,-0.0016540000000000426,False
5,VERIFIED_LIVE:2026-07-31 22:13:54:00000355,2026-07-31 22:13:54,21,2026-08-01T02:15:19.267+00:00,MU,VERIFIED_LIVE,VERIFIED_WITH_WARNING,False,BASE_FILTER_ONLY,-0.0024619999999999625,False
5,VERIFIED_LIVE:2026-07-31 22:13:54:00000352,2026-07-31 22:13:54,21,2026-08-01T02:15:20.298+00:00,MM,VERIFIED_LIVE,VERIFIED_WITH_WARNING,False,BASE_FILTER_ONLY,-0.002395999999999952,False
5,VERIFIED_LIVE:2026-07-31 22:13:54:00000351,2026-07-31 22:13:54,21,2026-08-01T02:15:22.281+00:00,DBR,VERIFIED_LIVE,VERIFIED_WITH_WARNING,False,BASE_FILTER_ONLY,-0.002380000000000047,False
5,VERIFIED_LIVE:2026-07-31 22:13:54:00000312,2026-07-31 22:13:54,21,2026-08-01T02:15:25.336+00:00,CARDS,VERIFIED_LIVE,VERIFIED_WITH_WARNING,False,BASE_FILTER_ONLY,-0.0018339999999998895,False
5,VERIFIED_LIVE:2026-07-31 22:13:54:00000325,2026-07-31 22:13:54,21,2026-08-01T02:15:26.295+00:00,bSOL,VERIFIED_LIVE,VERIFIED_WITH_WARNING,False,BASE_FILTER_ONLY,-0.002,False
5,VERIFIED_LIVE:2026-07-31 22:13:54:00000319,2026-07-31 22:13:54,21,2026-08-01T02:15:28.294+00:00,JupUSD,VERIFIED_LIVE,VERIFIED_WITH_WARNING,False,BASE_FILTER_ONLY,-0.0019260000000000926,False
5,VERIFIED_LIVE:2026-07-31 22:13:54:00000404,2026-07-31 22:13:54,21,2026-08-01T02:15:31.335+00:00,Jotchua,VERIFIED_LIVE,VERIFIED_WITH_WARNING,False,BASE_FILTER_ONLY,-0.011754999999999958,False
5,VERIFIED_LIVE:2026-07-31 22:13:54:00000331,2026-07-31 22:13:54,21,2026-08-01T02:15:33.310+00:00,CASH,VERIFIED_LIVE,VERIFIED_WITH_WARNING,False,BASE_FILTER_ONLY,-0.0020069999999999793,False
5,VERIFIED_LIVE:2026-07-31 22:13:54:00000336,2026-07-31 22:13:54,21,2026-08-01T02:15:34.312+00:00,TRX,VERIFIED_LIVE,VERIFIED_WITH_WARNING,False,BASE_FILTER_ONLY,-0.0021149999999999763,False
5,VERIFIED_LIVE:2026-07-31 22:13:54:00000350,2026-07-31 22:13:54,21,2026-08-01T02:15:37.319+00:00,QQQx,VERIFIED_LIVE,VERIFIED_WITH_WARNING,False,BASE_FILTER_ONLY,-0.0023729999999999567,False
5,VERIFIED_LIVE:2026-07-31 22:13:54:00000332,2026-07-31 22:13:54,21,2026-08-01T02:15:39.380+00:00,syrupUSDC,VERIFIED_LIVE,VERIFIED_WITH_WARNING,False,BASE_FILTER_ONLY,-0.0020109999999999833,False
5,VERIFIED_LIVE:2026-07-31 22:13:54:00000383,2026-07-31 22:13:54,21,2026-08-01T02:15:40.384+00:00,TROLL,VERIFIED_LIVE,VERIFIED_WITH_WARNING,False,BASE_FILTER_ONLY,-0.006198000000000035,False
5,VERIFIED_LIVE:2026-07-31 22:13:54:00000314,2026-07-31 22:13:54,21,2026-08-01T02:15:43.614+00:00,META,VERIFIED_LIVE,VERIFIED_WITH_WARNING,False,BASE_FILTER_ONLY,-0.00184800000000007,False
5,VERIFIED_LIVE:2026-07-31 22:13:54:00000369,2026-07-31 22:13:54,21,2026-08-01T02:15:44.420+00:00,arc,VERIFIED_LIVE,VERIFIED_WITH_WARNING,False,BASE_FILTER_ONLY,-0.003574999999999993,False
5,VERIFIED_LIVE:2026-07-31 22:13:54:00000362,2026-07-31 22:13:54,21,2026-08-01T02:15:47.401+00:00,Jimothy,VERIFIED_LIVE,VERIFIED_WITH_WARNING,False,BASE_FILTER_ONLY,-0.00290800000000002,False
5,VERIFIED_LIVE:2026-07-31 22:13:54:00000363,2026-07-31 22:13:54,21,2026-08-01T02:15:49.411+00:00,POPCAT,VERIFIED_LIVE,VERIFIED_WITH_WARNING,False,BASE_FILTER_ONLY,-0.002967999999999969,False
5,VERIFIED_LIVE:2026-07-31 22:13:54:00000366,2026-07-31 22:13:54,21,2026-08-01T02:15:50.411+00:00,USELESS,VERIFIED_LIVE,VERIFIED_WITH_WARNING,False,BASE_FILTER_ONLY,-0.0030660000000000114,False
5,VERIFIED_LIVE:2026-07-31 22:13:54:00000394,2026-07-31 22:13:54,21,2026-08-01T02:15:53.417+00:00,ACT,VERIFIED_LIVE,VERIFIED_WITH_WARNING,False,BASE_FILTER_ONLY,-0.00698299999999996,False
5,VERIFIED_LIVE:2026-07-31 22:13:54:00000335,2026-07-31 22:13:54,21,2026-08-01T02:15:55.451+00:00,mSOL,VERIFIED_LIVE,VERIFIED_WITH_WARNING,False,BASE_FILTER_ONLY,-0.0020539999999999985,False
5,VERIFIED_LIVE:2026-07-31 22:13:54:00000360,2026-07-31 22:13:54,21,2026-08-01T02:15:56.430+00:00,$WIF,VERIFIED_LIVE,VERIFIED_WITH_WARNING,False,BASE_FILTER_ONLY,-0.002807000000000002,False
5,VERIFIED_LIVE:2026-07-31 22:13:54:00000396,2026-07-31 22:13:54,21,2026-08-01T02:15:58.476+00:00,pippin,VERIFIED_LIVE,VERIFIED_WITH_WARNING,False,BASE_FILTER_ONLY,-0.006990999999999968,False
5,VERIFIED_LIVE:2026-07-31 22:13:54:00000390,2026-07-31 22:13:54,21,2026-08-01T02:16:01.469+00:00,Pnut,VERIFIED_LIVE,VERIFIED_WITH_WARNING,False,BASE_FILTER_ONLY,-0.006893000000000036,False
5,VERIFIED_LIVE:2026-07-31 22:13:54:00000374,2026-07-31 22:13:54,21,2026-08-01T02:16:03.479+00:00,Buttcoin,VERIFIED_LIVE,VERIFIED_WITH_WARNING,False,BASE_FILTER_ONLY,-0.004574999999999994,False
5,VERIFIED_LIVE:2026-07-31 22:13:54:00000310,2026-07-31 22:13:54,21,2026-08-01T02:16:04.502+00:00,KMNO,VERIFIED_LIVE,VERIFIED_WITH_WARNING,False,BASE_FILTER_ONLY,-0.0018219999999999886,False
5,VERIFIED_LIVE:2026-07-31 22:13:54:00000337,2026-07-31 22:13:54,21,2026-08-01T02:16:06.487+00:00,SPCX,VERIFIED_LIVE,VERIFIED_WITH_WARNING,False,BASE_FILTER_ONLY,-0.002137000000000054,False
5,VERIFIED_LIVE:2026-07-31 22:13:54:00000388,2026-07-31 22:13:54,21,2026-08-01T02:16:09.497+00:00,MOODENG,VERIFIED_LIVE,VERIFIED_WITH_WARNING,False,BASE_FILTER_ONLY,-0.006861000000000004,False
5,VERIFIED_LIVE:2026-07-31 22:13:54:00000373,2026-07-31 22:13:54,21,2026-08-01T02:16:10.506+00:00,LBTC,VERIFIED_LIVE,VERIFIED_WITH_WARNING,False,BASE_FILTER_ONLY,-0.004279999999999949,False
5,VERIFIED_LIVE:2026-07-31 22:13:54:00000340,2026-07-31 22:13:54,21,2026-08-01T02:16:12.504+00:00,hyUSD,VERIFIED_LIVE,VERIFIED_WITH_WARNING,False,BASE_FILTER_ONLY,-0.0021659999999999995,False
5,VERIFIED_LIVE:2026-07-31 22:13:54:00000387,2026-07-31 22:13:54,21,2026-08-01T02:16:15.522+00:00,CHILLGUY,VERIFIED_LIVE,VERIFIED_WITH_WARNING,False,BASE_FILTER_ONLY,-0.00681100000000001,False
5,VERIFIED_LIVE:2026-07-31 22:13:54:00000382,2026-07-31 22:13:54,21,2026-08-01T02:16:16.534+00:00,MSTRx,VERIFIED_LIVE,VERIFIED_WITH_WARNING,False,BASE_FILTER_ONLY,-0.006006999999999983,False
5,VERIFIED_LIVE:2026-07-31 22:13:54:00000349,2026-07-31 22:13:54,21,2026-08-01T02:16:18.524+00:00,neet,VERIFIED_LIVE,VERIFIED_WITH_WARNING,False,BASE_FILTER_ONLY,-0.0023149999999999542,False
5,VERIFIED_LIVE:2026-07-31 22:13:54:00000397,2026-07-31 22:13:54,21,2026-08-01T02:16:21.530+00:00,BP,VERIFIED_LIVE,VERIFIED_WITH_WARNING,False,BASE_FILTER_ONLY,-0.006994000000000054,False
5,VERIFIED_LIVE:2026-07-31 22:13:54:00000370,2026-07-31 22:13:54,21,2026-08-01T02:16:22.555+00:00,SPX,VERIFIED_LIVE,VERIFIED_WITH_WARNING,False,BASE_FILTER_ONLY,-0.0037209999999999726,False
5,VERIFIED_LIVE:2026-07-31 22:13:54:00000381,2026-07-31 22:13:54,21,2026-08-01T02:16:25.766+00:00,ZEREBRO,VERIFIED_LIVE,VERIFIED_WITH_WARNING,False,BASE_FILTER_ONLY,-0.005762000000000043,False
5,VERIFIED_LIVE:2026-07-31 22:13:54:00000371,2026-07-31 22:13:54,21,2026-08-01T02:16:26.541+00:00,jellyjelly,VERIFIED_LIVE,VERIFIED_WITH_WARNING,False,BASE_FILTER_ONLY,-0.0037779999999999463,False
5,VERIFIED_LIVE:2026-07-31 22:13:54:00000367,2026-07-31 22:13:54,21,2026-08-01T02:16:28.543+00:00,ORCA,VERIFIED_LIVE,VERIFIED_WITH_WARNING,False,BASE_FILTER_ONLY,-0.00325900000000001,False
5,VERIFIED_LIVE:2026-07-31 22:13:54:00000343,2026-07-31 22:13:54,21,2026-08-01T02:16:31.555+00:00,BIRB,VERIFIED_LIVE,VERIFIED_WITH_WARNING,False,BASE_FILTER_ONLY,-0.0022069999999999573,False
5,VERIFIED_LIVE:2026-07-31 22:13:54:00000393,2026-07-31 22:13:54,21,2026-08-01T02:16:32.559+00:00,MEW,VERIFIED_LIVE,VERIFIED_WITH_WARNING,False,BASE_FILTER_ONLY,-0.0069719999999999765,False
5,VERIFIED_LIVE:2026-07-31 22:13:54:00000328,2026-07-31 22:13:54,21,2026-08-01T02:16:34.571+00:00,USDS,VERIFIED_LIVE,VERIFIED_WITH_WARNING,False,BASE_FILTER_ONLY,-0.002004000000000004,False
5,VERIFIED_LIVE:2026-07-31 22:13:54:00000401,2026-07-31 22:13:54,21,2026-08-01T02:16:37.652+00:00,KET,VERIFIED_LIVE,VERIFIED_WITH_WARNING,False,BASE_FILTER_ONLY,-0.007971999999999977,False
5,VERIFIED_LIVE:2026-07-31 22:13:54:00000354,2026-07-31 22:13:54,21,2026-08-01T02:16:38.572+00:00,Cupsey,VERIFIED_LIVE,VERIFIED_WITH_WARNING,False,BASE_FILTER_ONLY,-0.0024410000000000247,False
5,VERIFIED_LIVE:2026-07-31 22:13:54:00000344,2026-07-31 22:13:54,21,2026-08-01T02:16:41.582+00:00,JupSOL,VERIFIED_LIVE,VERIFIED_WITH_WARNING,False,BASE_FILTER_ONLY,-0.002215999999999994,False
5,VERIFIED_LIVE:2026-07-31 22:13:54:00000403,2026-07-31 22:13:54,21,2026-08-01T02:16:43.591+00:00,CRED,VERIFIED_LIVE,VERIFIED_WITH_WARNING,False,BASE_FILTER_ONLY,-0.008349999999999967,False
5,VERIFIED_LIVE:2026-07-31 22:13:54:00000399,2026-07-31 22:13:54,21,2026-08-01T02:16:44.590+00:00,TripleT,VERIFIED_LIVE,VERIFIED_WITH_WARNING,False,BASE_FILTER_ONLY,-0.007592999999999959,False
5,VERIFIED_LIVE:2026-07-31 22:13:54:00000385,2026-07-31 22:13:54,21,2026-08-01T02:16:47.595+00:00,ALCH,VERIFIED_LIVE,VERIFIED_WITH_WARNING,False,BASE_FILTER_ONLY,-0.006765000000000019,False
5,VERIFIED_LIVE:2026-07-31 22:13:54:00000379,2026-07-31 22:13:54,21,2026-08-01T02:16:49.602+00:00,ORE,VERIFIED_LIVE,VERIFIED_WITH_WARNING,False,BASE_FILTER_ONLY,-0.005538000000000041,False
5,VERIFIED_LIVE:2026-07-31 22:13:54:00000375,2026-07-31 22:13:54,21,2026-08-01T02:16:50.603+00:00,COINx,VERIFIED_LIVE,VERIFIED_WITH_WARNING,False,BASE_FILTER_ONLY,-0.005052000000000055,False
5,VERIFIED_LIVE:2026-07-31 22:13:54:00000356,2026-07-31 22:13:54,21,2026-08-01T02:16:52.646+00:00,xBTC,VERIFIED_LIVE,VERIFIED_WITH_WARNING,False,BASE_FILTER_ONLY,-0.0024769999999999497,False
5,VERIFIED_LIVE:2026-07-31 22:13:54:00000400,2026-07-31 22:13:54,21,2026-08-01T02:16:55.619+00:00,TBB,VERIFIED_LIVE,VERIFIED_WITH_WARNING,False,BASE_FILTER_ONLY,-0.007855000000000055,False
5,VERIFIED_LIVE:2026-07-31 22:13:54:00000368,2026-07-31 22:13:54,21,2026-08-01T02:16:57.623+00:00,UMBRA,VERIFIED_LIVE,VERIFIED_WITH_WARNING,False,BASE_FILTER_ONLY,-0.0034979999999999994,False
5,VERIFIED_LIVE:2026-07-31 22:13:54:00000359,2026-07-31 22:13:54,21,2026-08-01T02:16:58.628+00:00,GEOD,VERIFIED_LIVE,VERIFIED_WITH_WARNING,False,BASE_FILTER_ONLY,-0.002766999999999962,False
5,VERIFIED_LIVE:2026-07-31 22:13:54:00000380,2026-07-31 22:13:54,21,2026-08-01T02:17:01.639+00:00,GOAT,VERIFIED_LIVE,VERIFIED_WITH_WARNING,False,BASE_FILTER_ONLY,-0.005569999999999962,False
5,VERIFIED_LIVE:2026-07-31 22:13:54:00000361,2026-07-31 22:13:54,21,2026-08-01T02:17:02.741+00:00,BORG,VERIFIED_LIVE,VERIFIED_WITH_WARNING,False,BASE_FILTER_ONLY,-0.002894999999999979,False
5,VERIFIED_LIVE:2026-07-31 22:13:54:00000389,2026-07-31 22:13:54,21,2026-08-01T02:17:04.661+00:00,VINE,VERIFIED_LIVE,VERIFIED_WITH_WARNING,False,BASE_FILTER_ONLY,-0.006866000000000037,False
5,VERIFIED_LIVE:2026-07-31 22:13:54:00000391,2026-07-31 22:13:54,21,2026-08-01T02:17:07.649+00:00,GIGA,VERIFIED_LIVE,VERIFIED_WITH_WARNING,False,BASE_FILTER_ONLY,-0.006912999999999945,False
5,VERIFIED_LIVE:2026-07-31 22:13:54:00000348,2026-07-31 22:13:54,21,2026-08-01T02:17:09.665+00:00,eUSX,VERIFIED_LIVE,VERIFIED_WITH_WARNING,False,BASE_FILTER_ONLY,-0.0022980000000000205,False
5,VERIFIED_LIVE:2026-07-31 22:13:54:00000392,2026-07-31 22:13:54,21,2026-08-01T02:17:10.672+00:00,Ban,VERIFIED_LIVE,VERIFIED_WITH_WARNING,False,BASE_FILTER_ONLY,-0.006967000000000055,False
5,VERIFIED_LIVE:2026-07-31 22:13:54:00000395,2026-07-31 22:13:54,21,2026-08-01T02:17:12.679+00:00,swarms,VERIFIED_LIVE,VERIFIED_WITH_WARNING,False,BASE_FILTER_ONLY,-0.006986000000000046,False
5,VERIFIED_LIVE:2026-07-31 22:13:54:00000364,2026-07-31 22:13:54,21,2026-08-01T02:17:14.718+00:00,MPLX,VERIFIED_LIVE,VERIFIED_WITH_WARNING,False,BASE_FILTER_ONLY,-0.003004000000000005,False
5,VERIFIED_LIVE:2026-07-31 22:13:54:00000376,2026-07-31 22:13:54,21,2026-08-01T02:17:15.943+00:00,VIRTUAL,VERIFIED_LIVE,VERIFIED_WITH_WARNING,False,BASE_FILTER_ONLY,-0.005429000000000015,False
