path_id,trades_available,trades_executed,wins,losses,net_profit_usd,ending_capital_usd,return_percent,profit_factor,maximum_drawdown_percent,finished_below_start
1,5,3,2,1,0.027646145265569157,1000.0276461452655,0.0027646145265521225,18.19273759892367,0.0001608012982615037,False
2,5,5,3,2,0.027034884026391506,1000.0270348840264,0.002703488402642051,7.888884271471944,0.00039244143387561896,False
3,5,4,2,2,0.02581399196866678,1000.0258139919687,0.002581399196867551,10.412836259990737,0.00018280645504924978,False
4,5,5,4,1,0.014082783738607631,1000.0140827837387,0.0014082783738672332,6.499454345695633,0.0002560760186952393,False
5,5,4,2,2,-0.004606534660537249,999.9953934653395,-0.0004606534660524631,0.31555942068711734,0.0005611654401036503,True
6,5,5,3,2,0.01359839727993865,1000.01359839728,0.0013598397280020437,6.844206012304385,0.00014801178479544958,False
7,5,4,2,2,0.04682108801790935,1000.0468210880179,0.004682108801785034,31.965930952113496,8.244844636919879e-05,False
8,5,5,1,4,-0.0023926725989614874,999.9976073274009,-0.00023926725990577324,0.6260050664387574,0.0006397581362243803,True
9,5,5,2,3,0.0007804075529657592,1000.000780407553,7.80407552952056e-05,1.233501425194996,0.0002827746203024617,False
10,5,3,3,0,0.04867357317202202,1000.0486735731721,0.004867357317209553,1000000000000.0,0.0,False
11,5,4,2,2,0.04332381533235599,1000.0433238153324,0.004332381533242824,19.135310569464554,0.00023888113085553922,False
12,5,5,0,5,-0.007605995812373406,999.9923940041875,-0.0007605995812468791,0.0,0.0007605995812468791,True
13,5,5,5,0,0.030580195321724346,1000.0305801953216,0.0030580195321590507,1000000000000.0,0.0,False
14,5,5,1,4,-0.005817090385650767,999.9941829096143,-0.0005817090385676238,0.1601331039284464,0.0005817090385676238,True
15,5,4,1,3,0.019209642724119666,1000.019209642724,0.0019209642724035802,5.272157661583903,0.00044963666771557484,False
16,5,5,3,2,0.002274979093907454,1000.0022749790941,0.00022749790940679304,1.4741662934664939,0.0004797850722866315,False
17,5,5,3,2,0.024412687668160255,1000.0244126876681,0.002441268766813209,6.685313592976941,0.00026429611720004683,False
18,5,4,1,3,-0.0007209813497378724,999.9992790186503,-7.209813496729111e-05,0.8415055975266048,0.00045489214672834874,True
19,5,5,3,2,0.007168457776184332,1000.0071684577762,0.0007168457776174364,3.670437683628342,0.00023065401171606936,False
20,5,4,1,3,0.01980262954356235,1000.0198026295434,0.0019802629543391958,5.593702131006819,0.0004310717473902156,False
21,5,5,4,1,0.05035101999411239,1000.0503510199942,0.005035101999419567,28.2206934793497,0.00018496433043931081,False
22,5,4,1,3,-0.0028383557389004685,999.997161644261,-0.0002838355738958853,0.6271355634057454,0.00038250695352222414,True
23,5,5,4,1,0.09521987372441805,1000.0952198737244,0.009521987372443164,180.44954271966876,5.3059701180729176e-05,False
24,5,4,2,2,0.04685429557245426,1000.0468542955724,0.004685429557241605,17.069097760422483,0.000145828437727987,False
25,5,4,1,3,0.0015251652450952156,1000.0015251652451,0.00015251652450842812,1.3773325293209187,0.0003820854984041944,False
26,5,5,2,3,0.025290488986073223,1000.0252904889859,0.002529048898588826,7.785156355135183,0.00029664703931757684,False
27,5,5,4,1,0.014131417264454788,1000.0141314172645,0.001413141726447975,22.003378961642003,6.728130645899156e-05,False
28,5,5,4,1,0.015291951109162809,1000.0152919511091,0.001529195110913406,15.406737274920774,0.00010614270772717777,False
29,5,5,2,3,0.023268549978914036,1000.0232685499789,0.002326854997886585,6.3508279433552595,0.000344970323244997,False
30,5,3,3,0,0.03087082169781075,1000.0308708216978,0.0030870821697817517,1000000000000.0,0.0,False
31,5,5,1,4,-0.0006581933647018205,999.9993418066354,-6.581933646430116e-05,0.8871097857794258,0.0004326186921616681,True
32,5,5,4,1,0.05580790624983366,1000.0558079062499,0.00558079062499246,22.016565098716807,0.00026552839977867643,False
33,5,4,2,2,0.02275642754744057,1000.0227564275474,0.0022756427547392377,5.679612169366203,0.0004862753199256423,False
34,5,5,4,1,0.035820732717841315,1000.035820732718,0.0035820732717979807,17.347682596559164,0.00021911716544662855,False
35,5,5,3,2,0.029328084570871736,1000.0293280845708,0.002932808457080682,8.49172885128338,0.00039146167197699587,False
36,5,4,0,4,-0.004651367449970583,999.99534863255,-0.0004651367450037469,0.0,0.0004651367450037469,True
37,5,5,3,2,0.028432240381990968,1000.028432240382,0.002843224038201697,10.760938527041631,0.0002912780942627559,False
38,5,5,4,1,0.03046392744764272,1000.0304639274476,0.0030463927447613058,28.306933986114473,0.00011156053860362316,False
39,5,4,1,3,0.018092679205182965,1000.0180926792052,0.0018092679205210516,4.036334221872829,0.0003871252329599992,False
40,5,5,1,4,0.0007922572860001229,1000.000792257286,7.922572859797583e-05,1.2248843112247836,0.00035229548992674606,False
41,5,5,3,2,0.051399832420386246,1000.0513998324204,0.005139983242042945,21.35305635291948,0.00015570482242488581,False
42,5,3,1,2,0.0019584443341878776,1000.0019584443342,0.00019584443341500447,1.5722922591825892,0.0003422105231720707,False
43,5,4,1,3,-0.002341028759471885,999.9976589712405,-0.00023410287594742842,0.5667392884090722,0.0005403279588563237,True
44,5,5,2,3,0.0040456450872044395,1000.0040456450871,0.00040456450871033666,2.3761551888049945,0.00022629602333381626,False
45,5,5,4,1,0.02986008701900945,1000.0298600870188,0.0029860087018846572,35.734429069331746,8.596423986655135e-05,False
46,5,5,2,3,0.020582985232805842,1000.0205829852329,0.0020582985232863392,4.086725163248477,0.0006668198028792551,False
47,5,5,2,3,0.004128928639309872,1000.0041289286394,0.00041289286393748626,1.970938403437765,0.0002190865656623801,False
48,5,4,1,3,0.0030860756899338693,1000.0030860756899,0.00030860756899073747,2.1858913295175237,0.0002602325873453992,False
49,5,5,1,4,0.002241493744213904,1000.0022414937442,0.00022414937442363225,1.671575239648901,0.0003337647230365182,False
50,5,5,2,3,0.0035095005929094395,1000.0035095005928,0.0003509500592826953,1.6096981484457236,0.00030673211322354837,False
51,5,5,1,4,-0.0007386673298265959,999.9992613326701,-7.386673298697133e-05,0.8630832894052046,0.0003761528198535424,True
52,5,3,2,1,0.02159214612221466,1000.0215921461222,0.0021592146122202394,9.723168864844498,0.0002475204458647735,False
53,5,4,2,2,0.004689297324233035,1000.0046892973243,0.00046892973242620425,2.0113585307404174,0.0004636588756687632,False
54,5,5,2,3,-0.0010356487273129873,999.9989643512727,-0.00010356487273384118,0.8124599770791202,0.0004934338898202669,True
55,5,3,1,2,-0.0011159355386960398,999.9988840644612,-0.00011159355387917458,0.793745667398744,0.0005410459660265409,True
56,5,5,4,1,0.07417499004121428,1000.0741749900412,0.007417499004122874,125.07529615585663,5.9780795720770504e-05,False
57,5,4,0,4,-0.006562299620991925,999.993437700379,-0.0006562299621009516,0.0,0.0006562299621009516,True
58,5,4,1,3,0.019656271804062864,1000.019656271804,0.001965627180402407,6.48010100771575,0.000221966694425646,False
59,5,4,2,2,0.020312119821502248,1000.0203121198216,0.002031211982159675,5.34966323230998,0.0004669813608839003,False
60,5,5,3,2,0.02205016442522933,1000.0220501644252,0.0022050164425195364,6.108549170734243,0.00030066050244401517,False
61,5,4,0,4,-0.0043641630519856605,999.9956358369479,-0.00043641630520596664,0.0,0.00043641630520596664,True
62,5,5,0,5,-0.010972244591234581,999.9890277554088,-0.0010972244591243906,0.0,0.0010972244591243906,True
63,5,4,3,1,0.025941546228349405,1000.0259415462284,0.0025941546228409607,20.809079964025702,0.00013095431567320792,False
64,5,3,0,3,-0.003625123668657638,999.9963748763313,-0.0003625123668712149,0.0,0.0003625123668712149,True
65,5,5,2,3,0.01982619594581958,1000.0198261959458,0.0019826195945825023,5.556656933229415,0.00026998955895578546,False
66,5,5,2,3,0.03655931933564291,1000.0365593193358,0.0036559319335765393,4.7717383965205675,0.00044699381342452963,False
67,5,5,1,4,0.017112309092449596,1000.0171123090925,0.001711230909245387,3.0651605563439444,0.0005253358852505614,False
68,5,5,2,3,0.02362219735224451,1000.0236221973522,0.0023622197352210603,5.386333905989731,0.00030537207791212493,False
69,5,4,1,3,0.020148555421447577,1000.0201485554215,0.0020148555421542367,5.984321700874718,0.0003990867641732621,False
70,5,4,1,3,-0.00030092189075962665,999.9996990781092,-3.0092189081187826e-05,0.9372579197742534,0.0004796173312684004,True
71,5,5,3,2,0.04963774831035917,1000.0496377483105,0.004963774831048795,19.092181635662925,0.0002743602143141288,False
72,5,5,0,5,-0.005328225338188977,999.9946717746617,-0.0005328225338303127,0.0,0.0005328225338303127,True
73,5,5,0,5,-0.005431639722018309,999.994568360278,-0.00054316397220191,0.0,0.00054316397220191,True
74,5,5,1,4,0.016163475912040887,1000.016163475912,0.0016163475911980638,3.3345731888813974,0.0004991221479420955,False
75,5,5,2,3,0.0017640374834444507,1000.0017640374833,0.00017640374833263194,1.7241494043249355,0.0001504764841342876,False
76,5,3,3,0,0.0718266117423538,1000.0718266117424,0.007182661174238091,1000000000000.0,0.0,False
77,5,5,2,3,0.021200015959703732,1000.0212000159597,0.0021200015959720988,5.617773440331342,0.0004590960607629313,False
78,5,4,2,2,0.025347771460194145,1000.0253477714601,0.002534777146013312,12.863797240221029,0.00021365647901347984,False
79,5,4,2,2,0.008244884682375329,1000.0082448846824,0.0008244884682426345,5.029505951039142,0.00011070849825500773,False
80,5,5,4,1,0.03388136756929021,1000.0338813675692,0.0033881367569165376,27.224477689704905,0.00012919593687852292,False
81,5,4,2,2,0.022793648918062456,1000.0227936489181,0.0022793648918082,18.225983590565683,0.00013231823710725953,False
82,5,4,4,0,0.0721566082214183,1000.0721566082215,0.007215660822146219,1000000000000.0,0.0,False
83,5,5,3,2,0.04792852246678835,1000.0479285224669,0.0047928522466918365,11.779595051672606,0.0004445993761699179,False
84,5,4,3,1,0.029603345718096235,1000.0296033457181,0.002960334571810108,19.181601184622583,0.0001628203446898624,False
85,5,5,4,1,0.0340178250912708,1000.0340178250914,0.0034017825091382293,68.94434376258252,5.006719206903653e-05,False
86,5,4,2,2,0.04621196126826526,1000.0462119612683,0.004621196126834093,11.713133510951382,0.00024493221752663885,False
87,5,5,3,2,0.04794671608771682,1000.0479467160876,0.004794671608760836,17.070474660781485,0.00019595334466204452,False
88,5,5,1,4,-0.004304993544416497,999.9956950064557,-0.0004304993544337776,0.07903668817442742,0.0004304993544337776,True
89,5,5,3,2,0.03277193009470609,1000.0327719300947,0.003277193009466828,19.4568159302782,0.00017756004187958753,False
90,5,4,2,2,0.007816077748340628,1000.0078160777483,0.0007816077748316275,5.867121025343974,0.00010204973450949768,False
91,5,4,1,3,0.019387112107266166,1000.0193871121073,0.0019387112107324355,8.411031630214115,0.00026159802135907736,False
92,5,5,0,5,-0.007451629279773676,999.9925483707204,-0.0007451629279557892,0.0,0.0007451629279557892,True
93,5,5,4,1,0.03542599843493811,1000.0354259984348,0.003542599843478911,46.16496002106316,7.843447128887548e-05,False
94,5,5,2,3,0.022680798453825212,1000.0226807984538,0.0022680798453848182,23.664168252487585,6.429772411053866e-05,False
95,5,4,1,3,-0.004597459853333054,999.9954025401468,-0.000459745985324389,0.08905384038393042,0.000459745985324389,True
96,5,4,1,3,0.018691147099507387,1000.0186911470995,0.0018691147099502814,5.250835337633581,0.0004396951206100815,False
97,5,4,1,3,0.018601838057658804,1000.0186018380577,0.0018601838057747955,5.493552862767436,0.0002489639410496134,False
98,5,5,1,4,0.019159227126965314,1000.019159227127,0.0019159227127033775,4.902417264601862,0.0004909461161879238,False
99,5,3,1,2,-0.0032025837628212456,999.9967974162372,-0.00032025837627998045,0.2911212728205943,0.00032025837627998045,True
100,5,4,1,3,0.002437559045408646,1000.0024375590455,0.00024375590454610576,1.7099690728127668,0.0002850155974556401,False
101,5,4,4,0,0.09542177108640243,1000.0954217710864,0.009542177108642136,1000000000000.0,0.0,False
102,5,2,1,1,0.005286854901060175,1000.0052868549011,0.0005286854901100924,12.577379533534618,4.5665122408769336e-05,False
103,5,4,1,3,0.02023184408647033,1000.0202318440864,0.0020231844086424644,6.849741598190157,0.00034585876567234665,False
104,5,4,1,3,0.001758678589914513,1000.0017586785899,0.00017586785899084134,1.5836204775758767,0.00024125250810730353,False
105,5,4,3,1,0.028337597760887852,1000.0283375977608,0.002833759776081024,87.79931351177623,3.264632445308228e-05,False
106,5,4,4,0,0.07551764258208188,1000.0755176425821,0.007551764258209914,1000000000000.0,0.0,False
107,5,5,3,2,0.00585858452645936,1000.0058585845264,0.0005858584526436062,4.042315426927883,0.0001845685802356485,False
108,5,4,1,3,0.01622873356049056,1000.0162287335605,0.0016228733560524232,3.4647317183290367,0.000340023470636141,False
109,5,5,4,1,0.014460968675372016,1000.0144609686752,0.0014460968675166443,29.690978671336726,5.0402287640382795e-05,False
110,5,2,0,2,-0.003203217337451486,999.9967967826625,-0.0003203217337500064,0.0,0.0003203217337500064,True
111,5,5,4,1,0.05411216415417795,1000.0541121641542,0.0054112164154162205,17.96575704543063,0.0003189415357884979,False
112,5,5,2,3,0.0208232400276847,1000.0208232400277,0.00208232400276529,4.0581156377866705,0.0006809173521901357,False
113,5,4,3,1,0.02593541053460164,1000.0259354105347,0.0025935410534657422,12.09720003013964,0.000233711054546265,False
114,5,5,2,3,0.023547323991172934,1000.0235473239911,0.002354732399112436,5.121541238211105,0.0004202542047836095,False
115,5,5,1,4,0.01138599669593992,1000.011385996696,0.0011385996696049005,2.0044884516168215,0.0007581591229381957,False
116,5,3,1,2,0.020030851827199932,1000.0200308518272,0.002003085182718678,7.193507069958817,0.0003234094285149589,False
117,5,5,3,2,0.039913445348494676,1000.0399134453485,0.003991344534847485,9.32887707561077,0.00047921760624376476,False
118,5,4,2,2,0.027078630166144077,1000.0270786301661,0.0027078630166101902,23.688635682523085,0.00010050827331194342,False
119,5,5,2,3,0.03787820045346117,1000.0378782004534,0.0037878200453405953,5.681903279588837,0.000697471297661898,False
120,5,5,4,1,0.010452076018679477,1000.0104520760186,0.0010452076018623302,6.575519773853146,0.0001874615798297824,False
121,5,5,3,2,0.06748472988999477,1000.0674847298899,0.006748472988988397,12.961951410109322,0.0004174101336138122,False
122,5,5,1,4,0.01898472808257935,1000.0189847280826,0.0018984728082614309,6.471696382394223,0.0003469545909640203,False
123,5,5,3,2,0.005051084288108545,1000.0050510842882,0.0005051084288197671,6.465755338186591,9.241278450919774e-05,False
124,5,5,1,4,0.0003953077721894063,1000.000395307772,3.953077720098008e-05,1.074276740590674,0.00045634750204985,False
125,5,5,5,0,0.02631189247018706,1000.0263118924702,0.0026311892470175734,1000000000000.0,0.0,False
126,5,5,1,4,-0.000616528448211934,999.9993834715518,-6.16528448176723e-05,0.8802613474812171,0.0005148927609248246,True
127,5,4,2,2,0.02545772566562113,1000.0254577256655,0.0025457725665546604,10.299722769868666,0.00027374060013026587,False
128,5,5,2,3,0.004819281902666489,1000.0048192819028,0.0004819281902769035,2.394902443287506,0.00034549239810530705,False
129,5,4,2,2,0.006855483174591134,1000.0068554831746,0.0006855483174604159,3.806019731429374,0.0002443124739071011,False
130,5,5,3,2,0.008866960056510316,1000.0088669600564,0.0008866960056366224,10.574449583581753,6.862470164614175e-05,False
131,5,5,0,5,-0.004150142991738699,999.9958498570082,-0.00041501429917616405,0.0,0.00041501429917616405,True
132,5,4,2,2,0.022330118622082,1000.0223301186221,0.0022330118622107876,39.113403178779905,5.858729460515815e-05,False
133,5,5,2,3,0.024936740707319438,1000.0249367407073,0.0024936740707289574,5.683113422702041,0.0005324659869340494,False
134,5,5,5,0,0.037305067407136586,1000.0373050674071,0.003730506740714645,1000000000000.0,0.0,False
135,5,4,1,3,0.01920476417123711,1000.0192047641713,0.0019204764171263378,7.593083386764273,0.00023380793383732864,False
136,5,4,0,4,-0.006411104295300674,999.9935888957048,-0.0006411104295239056,0.0,0.0006411104295239056,True
137,5,4,2,2,-0.001017700852156454,999.9989822991479,-0.00010177008521168318,0.7697846433717629,0.000308497452668477,True
138,5,4,1,3,-0.002826417420772137,999.9971735825792,-0.00028264174208061373,0.6444763672718437,0.0004999219102230478,True
139,5,5,3,2,0.00607185028233274,1000.0060718502823,0.0006071850282296509,3.2896667762165337,0.00025360116699175707,False
140,5,4,1,3,-0.0016514531476603202,999.9983485468523,-0.00016514531477014314,0.659716410966752,0.00048531516459610454,True
141,5,4,2,2,0.02647661553554375,1000.0264766155357,0.0026476615535671044,16.23995599104721,0.00017372667323807003,False
142,5,5,2,3,0.01967649291431212,1000.0196764929143,0.001967649291430007,5.904625860759952,0.000401172873135605,False
143,5,3,2,1,0.00600138670781428,1000.0060013867078,0.0006001386707794155,4.8491072053607125,0.00015591515159800464,False
144,5,5,3,2,0.011068139180392535,1000.0110681391805,0.0011068139180451908,5.897606476495477,0.00022599078209850632,False
145,5,3,1,2,0.003607676535175331,1000.0036076765351,0.00036076765351253923,2.506546305100283,0.00023946668768530798,False
146,5,4,1,3,-0.0003423970181513061,999.9996576029819,-3.423970181302138e-05,0.8876020319889529,0.00030462918876992265,True
147,5,5,1,4,-0.0027118628235021335,999.9972881371764,-0.0002711862823616684,0.5447618730202626,0.00039599657799978884,True
148,5,5,3,2,0.029073839863545725,1000.0290738398636,0.002907383986359946,15.622540955692163,0.00019882891729139374,False
149,5,4,2,2,0.017668466059792914,1000.0176684660597,0.0017668466059717503,4.167936593016434,0.0005577149300234374,False
150,5,3,2,1,0.00418983521739345,1000.0041898352174,0.0004189835217403015,3.3030709464260224,0.00018192275174710055,False
151,5,5,1,4,0.01788096320097098,1000.017880963201,0.001788096320103705,4.476722882744017,0.000350073547479423,False
152,5,4,2,2,0.005297660638027634,1000.0052976606381,0.000529766063812076,2.910163239435309,0.0002773396597920509,False
153,5,4,3,1,0.04968580636817499,1000.0496858063682,0.004968580636818843,29.315708124129603,0.00017546999663304452,False
154,5,4,2,2,0.022509918360285857,1000.0225099183602,0.002250991836024241,5.13475295313024,0.00028157589179804736,False
155,5,5,4,1,0.0715321954928936,1000.071532195493,0.0071532195492977745,97.34975087048915,7.424222153531445e-05,False
156,5,5,2,3,0.04492366858872419,1000.0449236685886,0.004492366858858077,21.519493589093614,9.90910661923557e-05,False
157,5,5,2,3,0.020335042205859615,1000.0203350422058,0.0020335042205829267,4.270585965030724,0.00030616324020649703,False
158,5,5,3,2,0.011529500285990452,1000.011529500286,0.0011529500285973882,8.056373207754275,0.00013860081268516513,False
159,5,5,3,2,0.024641500812045525,1000.0246415008121,0.002464150081209482,10.911989185238037,0.00022169773979674147,False
160,5,5,3,2,0.04949601733355663,1000.0494960173335,0.004949601733346754,15.974697045769533,0.00020600025454575532,False
161,5,5,3,2,0.031865642413365855,1000.0318656424133,0.003186564241332235,30.911847638513752,6.914373241703423e-05,False
162,5,4,1,3,0.02089831087671912,1000.0208983108768,0.0020898310876759753,6.705887271847,0.0003662497454371036,False
163,5,5,4,1,0.07538879701710746,1000.0753887970171,0.007538879701712631,1867.255167137528,4.039557774930255e-06,False
164,5,4,2,2,0.002488452579270455,1000.0024884525792,0.00024884525792003844,1.802713235332349,0.00031000344370789507,False
165,5,4,1,3,0.01984319186759268,1000.0198431918675,0.0019843191867494167,7.362727479882583,0.0003118589677923042,False
166,5,5,1,4,0.015162051327231911,1000.0151620513271,0.0015162051327138216,2.8416182488131256,0.0004569158348251887,False
167,5,5,4,1,0.0360617839316428,1000.0360617839317,0.003606178393170012,194.2168900234452,1.8663211476187816e-05,False
168,5,3,2,1,0.023869984078829565,1000.0238699840788,0.0023869984078828564,54.37911408611984,4.471783483950276e-05,False
169,5,4,1,3,0.018826641932805463,1000.0188266419328,0.0018826641932832898,4.405603770424904,0.00035296838500471496,False
170,5,4,3,1,0.011359456987495298,1000.0113594569875,0.0011359456987520388,13.53607154865472,9.061375340278172e-05,False
171,5,4,0,4,-0.006074084591150865,999.9939259154089,-0.0006074084591091378,0.0,0.0006074084591091378,True
172,5,4,1,3,0.02001722750984576,1000.0200172275098,0.0020017227509811163,6.0949274506202835,0.00039288542778876946,False
173,5,4,2,2,0.023355361956343496,1000.0233553619563,0.0023355361956305387,5.552095326938318,0.00027866318270071134,False
174,5,5,3,2,0.004738671398583107,1000.0047386713984,0.0004738671398399674,3.0114661157075897,0.00013977001433794167,False
175,5,4,3,1,0.028508461101929537,1000.028508461102,0.0028508461101978354,20.051093524996794,0.00014964122575828088,False
176,5,4,1,3,0.022267922990345766,1000.0222679229903,0.002226792299029512,9.593202172571626,0.0002591277267003922,False
177,5,4,1,3,0.020023460458012687,1000.020023460458,0.002002346045799186,6.092576252758421,0.0002741664566449787,False
178,5,4,2,2,0.0444426497410945,1000.0444426497412,0.004444264974119961,26.820833733922434,0.00016396412578341364,False
179,5,4,2,2,0.027293125170974243,1000.0272931251709,0.0027293125170899657,14.638701538386924,0.00020010941353440484,False
180,5,5,1,4,0.015433901900573968,1000.0154339019005,0.001543390190045102,2.879356341473298,0.0006322226930084191,False
181,5,4,2,2,0.026096495784001684,1000.026096495784,0.0026096495784031504,11.119420328331195,0.0002578852833153178,False
182,5,5,3,2,0.025917682742452684,1000.0259176827425,0.002591768274248807,11.405382111898343,0.00024907251077584667,False
183,5,4,1,3,0.017014337819240326,1000.0170143378193,0.0017014337819318823,3.8315190024363446,0.0003110016333789312,False
184,5,5,3,2,0.025310589003855313,1000.0253105890039,0.0025310589003879613,19.403138168004393,0.00013753403923868769,False
185,5,5,3,2,0.06804456299248261,1000.0680445629926,0.006804456299255435,22.65220021685144,0.00031425394193396395,False
186,5,5,3,2,0.0035313971880629245,1000.003531397188,0.0003531397187998664,2.049977247571029,0.00033632887694828346,False
187,5,4,4,0,0.055593241075096736,1000.055593241075,0.005559324107503017,1000000000000.0,0.0,False
188,5,5,4,1,0.05506731838529644,1000.0550673183852,0.005506731838522683,118.00938414797338,4.7062309397460916e-05,False
189,5,4,4,0,0.03430518442558078,1000.0343051844255,0.003430518442553421,1000000000000.0,0.0,False
190,5,3,1,2,0.0194691802712748,1000.0194691802714,0.0019469180271357801,8.427376628672576,0.00026212727917709346,False
191,5,5,4,1,0.05535824098597047,1000.055358240986,0.005535824098603826,42.05067837077551,0.00013484576668269866,False
192,5,5,4,1,0.03439457456254233,1000.0343945745626,0.003439457456261152,13.440945392343117,0.00027645604991934064,False
193,5,4,2,2,0.022801712753250568,1000.0228017127532,0.002280171275322118,5.88146091395084,0.00026530574743079615,False
194,5,5,2,3,0.04524122235338568,1000.0452412223533,0.004524122235329742,30.601590817653413,0.00014590903684111181,False
195,5,5,3,2,0.022470264629464085,1000.0224702646294,0.0022470264629419036,8.611970125872771,0.00022591101076644416,False
196,5,5,4,1,0.049687971151037715,1000.049687971151,0.004968797115100188,20.956317459914274,0.00024898363319347984,False
197,5,5,4,1,0.05065333191733877,1000.0506533319173,0.00506533319172604,27.189688214647905,0.00019340498345523223,False
198,5,4,2,2,0.02201886162192346,1000.0220188616219,0.002201886162185929,5.49016301733937,0.00032745340927527064,False
199,5,5,3,2,0.04501191361686488,1000.0450119136168,0.004501191361680412,15.995944835928583,0.0002492795002036761,False
200,5,4,1,3,0.00013901666411345092,1000.0001390166641,1.3901666409310565e-05,1.0296071948154009,0.00036891234318411827,False
201,5,5,3,2,0.04944012107228423,1000.0494401210723,0.004944012107227991,21.462483970683557,0.00024160756831029226,False
202,5,5,1,4,-0.0010764788386441017,999.9989235211614,-0.00010764788386268265,0.8125743101945575,0.0003822040277668748,True
203,5,5,3,2,0.04269181409163172,1000.0426918140917,0.004269181409165412,14.782763797186167,0.00030974085905108485,False
204,5,5,3,2,0.02537317604743294,1000.0253731760473,0.002537317604731015,13.896649984499577,0.00014899216455432907,False
205,5,5,1,4,0.018666790853425166,1000.0186667908533,0.0018666790853330895,4.299213855731002,0.00031910654292775396,False
206,5,5,2,3,0.020637672329351132,1000.0206376723294,0.002063767232937153,3.7246322272167496,0.0007574480006269368,False
207,5,4,2,2,0.04286407027771734,1000.0428640702778,0.004286407027780114,18.364172713282603,0.0002036913512869377,False
208,5,5,3,2,0.06588172356260051,1000.0658817235625,0.006588172356248379,13.507347406658324,0.0002788453551488601,False
209,5,3,2,1,0.04553777665593135,1000.0455377766559,0.0045537776655919515,18.62881528823547,0.0002583144466143494,False
210,5,5,3,2,0.005427281352928548,1000.0054272813529,0.0005427281352922363,4.082166632592107,0.00017608590694472454,False
211,5,5,2,3,0.02041586223597812,1000.020415862236,0.0020415862235950047,4.960257484156877,0.00034651262286615746,False
212,5,5,1,4,0.017248914622391594,1000.0172489146222,0.0017248914622200572,4.368910575400924,0.0003394266900727416,False
213,5,4,2,2,0.024727747191083498,1000.024727747191,0.0024727747191036543,8.631796155583586,0.00020891548021062365,False
214,5,5,3,2,0.04226869452236366,1000.0422686945224,0.004226869452236315,9.438939747243744,0.0002785643193241624,False
215,5,5,3,2,0.005017336545976483,1000.0050173365461,0.0005017336546075058,3.8361855092921022,0.00017690318493420715,False
216,5,5,3,2,0.020930247854342485,1000.0209302478545,0.0020930247854494158,5.126210833574427,0.0002660132361711476,False
217,5,5,2,3,0.04201591977535736,1000.0420159197754,0.004201591977539465,6.643095512058847,0.0005361914965760662,False
218,5,4,1,3,-0.002919191988309181,999.9970808080116,-0.00029191919884397066,0.650769692647955,0.0005504685793425778,True
219,5,5,2,3,0.008851782179696248,1000.0088517821797,0.000885178217970406,8.594073391936751,0.00011656171494678347,False
220,5,5,1,4,0.01664844883936223,1000.0166484488394,0.001664844883941896,3.394130032816863,0.000534259983623997,False
221,5,2,1,1,0.0023699255525142337,1000.0023699255526,0.00023699255525571063,2.476675297674846,0.00016049063434593337,False
222,5,4,0,4,-0.0027552054592903516,999.9972447945406,-0.00027552054593797947,0.0,0.00027552054593797947,True
223,5,5,1,4,0.0024860248076450727,1000.0024860248077,0.00024860248076947756,2.3058851371521585,0.0001673701164723095,False
224,5,5,2,3,0.00308316062164479,1000.0030831606216,0.00030831606215997454,1.8787788515900365,0.00020002199019018008,False
225,5,4,1,3,0.01813981804400866,1000.0181398180441,0.0018139818044119237,4.453710969075952,0.0005252268706385622,False
226,5,4,1,3,0.018484859195525075,1000.0184848591955,0.0018484859195496029,4.706986266953451,0.0004986375457054598,False
227,5,4,3,1,0.0496868361291871,1000.0496868361291,0.0049686836129126275,85.62227936773095,5.8716021953841846e-05,False
228,5,5,5,0,0.038907126028048244,1000.0389071260281,0.0038907126028107086,1000000000000.0,0.0,False
229,5,5,1,4,-0.0046206765502960975,999.9953793234498,-0.0004620676550189273,0.48816084600830156,0.0005343692586052384,True
230,5,5,1,4,0.017317468948135694,1000.0173174689482,0.001731746894824937,3.293905680432254,0.0006626437401678232,False
231,5,4,2,2,-0.0021301659441788747,999.9978698340558,-0.00021301659442087839,0.2516009735505115,0.0002846295704463743,True
232,5,5,2,3,0.026969501022854395,1000.0269695010229,0.0026969501022904296,16.940626151383864,0.00013412866150033033,False
233,5,5,4,1,0.05666098119451671,1000.0566609811946,0.005666098119456819,30.636596534731257,0.00019118585742035067,False
234,5,5,4,1,0.014483236758094771,1000.0144832367581,0.0014483236758110253,7.3630578932278015,0.00022761163827844967,False
235,5,5,4,1,0.06961039073483198,1000.0696103907347,0.006961039073473785,237.9747031355791,2.9373228818014095e-05,False
236,5,5,5,0,0.05928016179221728,1000.0592801617922,0.00592801617922305,1000000000000.0,0.0,False
237,5,5,2,3,0.02391696302545695,1000.0239169630254,0.0023916963025385485,7.555542310875148,0.0002539425986577201,False
238,5,5,3,2,0.045408283991036275,1000.045408283991,0.004540828399103703,28.39613539229243,0.00014976214965095505,False
239,5,3,1,2,-0.0014932573822518736,999.9985067426178,-0.00014932573822079576,0.06728850320507712,0.00014932573822079576,True
240,5,5,4,1,0.035442490454639076,1000.0354424904547,0.0035442490454670405,21.687324289574278,0.00017132220835431515,False
241,5,4,2,2,0.026741435531486103,1000.0267414355314,0.002674143553144859,8.778173774239013,0.00027504384298708827,False
242,5,5,3,2,0.009548126030794836,1000.009548126031,0.0009548126030949788,4.535303020657267,0.00020704721231775574,False
243,5,5,2,3,0.0223093663765492,1000.0223093663766,0.0022309366376589423,4.2567238342931635,0.000639157635746977,False
244,5,5,1,4,-0.003282792764436742,999.9967172072356,-0.00032827927643666046,0.2526597628565929,0.00032827927643666046,True
245,5,4,1,3,0.01806348160011539,1000.0180634816002,0.0018063481600165687,4.47952284932304,0.0004978567736316109,False
246,5,5,3,2,0.02697634541804702,1000.026976345418,0.0026976345418006534,7.543177558201423,0.0004122692111401663,False
247,5,5,2,3,0.005966829447721168,1000.0059668294476,0.0005966829447629608,3.7674251101849636,0.00013047433834459762,False
248,5,3,3,0,0.051638754721438834,1000.0516387547214,0.00516387547213526,1000000000000.0,0.0,False
249,5,5,2,3,0.026694487331664785,1000.0266944873317,0.0026694487331724304,11.735724033304052,0.000149243902183116,False
250,5,5,4,1,0.033906762666130325,1000.0339067626661,0.0033906762666106255,11.69193649807843,0.00031712336692167386,False
251,5,4,1,3,-0.0036006487295955516,999.9963993512704,-0.0003600648729616296,0.05229078766059818,0.0003799318063784085,True
252,5,5,2,3,0.02221900390455843,1000.0222190039045,0.002221900390452447,6.242300928963993,0.0002630333024058018,False
253,5,5,2,3,0.004873554685984408,1000.004873554686,0.00048735546860143584,2.7113150344005374,0.0002086319765112421,False
254,5,4,2,2,0.02413626332276612,1000.0241362633227,0.002413626332270269,10.477999210039894,0.00024980612608942464,False
255,5,4,2,2,0.0068088094678039855,1000.0068088094679,0.0006808809467884203,4.959987927009566,0.00017194015722452605,False
256,5,5,1,4,0.02118555243143734,1000.0211855524313,0.0021185552431347786,8.603151675225972,0.00027864171776172955,False
257,5,5,3,2,0.006837119078206251,1000.0068371190782,0.0006837119078227261,8.23181515620089,7.389169584257616e-05,False
258,5,5,3,2,0.029038773907668503,1000.0290387739076,0.00290387739075868,15.08498753003294,0.0002061682613884841,False
259,5,4,1,3,0.016666851619975658,1000.0166668516201,0.001666685162012982,3.747663063519577,0.0003387330640304349,False
260,5,4,1,3,-0.0019601966303683417,999.9980398033697,-0.00019601966303071092,0.6211370383224262,0.0005173876913768998,True
261,5,5,2,3,0.04019113886057649,1000.0401911388606,0.004019113886056403,8.147920543697396,0.0005555929384942696,False
262,5,5,2,3,0.021424227610133684,1000.0214242276102,0.00214242276101686,5.256789804209385,0.0005032954079410957,False
263,5,5,4,1,0.02692452261059092,1000.0269245226108,0.002692452261078415,18.81369157099867,0.00015114510376861291,False
264,5,4,3,1,0.04427273536218698,1000.0442727353623,0.004427273536225585,24.972621695858702,0.00018468035890911472,False
265,5,5,2,3,0.020491124802874922,1000.0204911248028,0.0020491124802788363,3.809759699537665,0.00048141588698208724,False
266,5,4,3,1,0.00558498474521683,1000.0055849847452,0.0005584984745155453,6.235386149153213,0.00010667749729149783,False
267,5,5,3,2,0.005256824451563855,1000.0052568244515,0.0005256824451521424,2.5377783667108784,0.00026463799292741896,False
268,5,5,4,1,0.03149912774386275,1000.0314991277438,0.003149912774381392,26.251193627254214,0.00012474312386530072,False
269,5,4,2,2,0.026176497548055514,1000.026176497548,0.002617649754802187,13.321704828178856,0.00019350959785981967,False
270,5,3,3,0,0.014604083747084797,1000.0146040837471,0.0014604083747144613,1000000000000.0,0.0,False
271,5,4,2,2,0.022319158887164358,1000.0223191588871,0.002231915888705771,4.5925662585248705,0.00032953025727238127,False
272,5,4,1,3,-0.0002085719270610853,999.999791428073,-2.0857192703260806e-05,0.9564172243187267,0.0004286092359766961,True
273,5,4,4,0,0.010131982970782487,1000.0101319829708,0.0010131982970847276,1000000000000.0,0.0,False
274,5,4,2,2,0.023836202630094068,1000.0238362026302,0.0023836202630150185,8.002297424896383,0.0003404040587934601,False
275,5,5,1,4,0.014781725490882027,1000.0147817254908,0.0014781725490820464,2.6619068672808006,0.0008894226154176566,False
276,5,5,3,2,0.004137628173456889,1000.0041376281736,0.0004137628173566555,5.407741185556735,8.274430344807937e-05,False
277,5,3,3,0,0.03144579797399316,1000.031445797974,0.0031445797974015478,1000000000000.0,0.0,False
278,5,5,3,2,0.0032403863815291317,1000.0032403863815,0.00032403863815488876,1.5762455162104099,0.0003493235700425661,False
279,5,4,3,1,0.003762145013822155,1000.0037621450139,0.00037621450138658474,2.525296998920104,0.00024664884355457567,False
280,5,4,2,2,0.0278259518564775,1000.0278259518564,0.002782595185635728,12.250457458125837,0.0001401571233035851,False
281,5,4,1,3,-0.004149705745169219,999.9958502942549,-0.0004149705745135179,0.10050880168057366,0.00046133922743365476,True
282,5,4,1,3,0.017115432757262652,1000.0171154327572,0.0017115432757236703,4.237042508491479,0.0005287367315190749,False
283,5,5,3,2,0.010795424128764053,1000.0107954241287,0.0010795424128673403,5.498919041579984,0.00013719522690962548,False
284,5,4,3,1,0.02806551496995786,1000.02806551497,0.00280655149699669,34.23501244462377,8.444551965209576e-05,False
285,5,2,1,1,0.0043224914610785455,1000.0043224914612,0.00043224914611528215,22.06911046556986,2.0515682882675438e-05,False
286,5,5,3,2,0.027064662763972555,1000.027064662764,0.0027064662764018977,5.420978939807692,0.0006121818526640999,False
287,5,5,4,1,0.03345846197881266,1000.0334584619789,0.0033458461978852936,69.77375785884257,4.864999703471569e-05,False
288,5,5,3,2,0.008998342361885372,1000.0089983423619,0.0008998342361905997,6.645618728472777,0.00015938460394781788,False
289,5,5,1,4,-0.007529486327024911,999.992470513673,-0.0007529486327030099,0.013965332232492649,0.0007529486327030099,True
290,5,4,1,3,0.0009072078275991979,1000.0009072078277,9.072078277085893e-05,1.3097867596769501,0.0002928480057508351,False
291,5,4,3,1,0.04803992415524076,1000.0480399241551,0.004803992415509129,14.197982280194484,0.00036397564845290156,False
292,5,4,3,1,0.04737693349503864,1000.0473769334951,0.004737693349511574,29.01595813268126,0.00016909865689552678,False
293,5,5,4,1,0.09583369444440283,1000.0958336944445,0.009583369444453638,92.32431280278219,0.00010493286110619745,False
294,5,5,2,3,0.02042975642006281,1000.0204297564201,0.00204297564200715,3.825964448747632,0.0005375031195512747,False
295,5,4,4,0,0.07312660190443705,1000.0731266019045,0.007312660190450515,1000000000000.0,0.0,False
296,5,5,2,3,0.003911654932827105,1000.0039116549327,0.0003911654932721831,1.9046042496605917,0.00043241259577721756,False
297,5,4,2,2,0.005666254535511729,1000.0056662545355,0.0005666254535526605,3.732109123703011,0.00020739417237107205,False
298,5,4,3,1,0.02554743768267917,1000.0255474376828,0.002554743768280332,11.852179532912682,0.00023540639750038535,False
299,5,5,2,3,0.02449488396412545,1000.0244948839642,0.002449488396416655,6.341636895397523,0.00045856299563734056,False
300,5,5,1,4,-0.0005834200401006833,999.9994165799599,-5.8342004012956754e-05,0.8456703017533641,0.00026914837470712886,True
301,5,3,2,1,0.0038436183918249284,1000.0038436183918,0.00038436183917838206,2.6438711967409754,0.0002338150579817011,False
302,5,5,1,4,-0.004588137268296281,999.9954118627318,-0.000458813726822882,0.1689863437183631,0.0005036446068101015,True
303,5,4,2,2,0.027814015903562053,1000.0278140159036,0.0027814015903572906,20.604738899921696,0.00014187035831880792,False
304,5,5,1,4,-0.008425395535668657,999.9915746044643,-0.0008425395535709867,0.015068475910144994,0.0008554294632288651,True
305,5,4,1,3,0.0011639501346022171,1000.0011639501346,0.00011639501345825919,1.2388451936588933,0.0004873211345907514,False
306,5,5,3,2,0.005895609429439411,1000.0058956094296,0.0005895609429558135,3.2522719735336407,0.00013651177220026512,False
307,5,5,3,2,0.0028138226872322846,1000.0028138226872,0.0002813822687244283,1.9346393503521764,0.00023077629617773707,False
308,5,4,2,2,0.0446556045648874,1000.0446556045649,0.004465560456492312,22.85986446036786,0.00020427666492576948,False
309,5,5,4,1,0.04712648903964586,1000.0471264890396,0.004712648903955597,84.96777687982912,5.612181666042706e-05,False
310,5,4,2,2,0.0034444176428875283,1000.003444417643,0.00034444176429815343,3.4524870439768836,9.478965337166301e-05,False
311,5,5,3,2,0.006276517312717772,1000.0062765173127,0.0006276517312699069,2.148305953082479,0.0003578530451704865,False
312,5,4,1,3,0.022293213915766753,1000.0222932139159,0.002229321391587291,17.236034425433274,0.00013730376362681735,False
313,5,4,1,3,0.01938864308488438,1000.0193886430848,0.0019388643084766954,5.306159374094221,0.0004502429704609555,False
314,5,4,2,2,0.0007255680862939783,1000.0007255680863,7.25568086295425e-05,1.1993319081563745,0.00036399838114492387,False
315,5,5,3,2,0.029685751792616132,1000.0296857517926,0.002968575179261279,9.607456560705627,0.0003448806635890003,False
316,5,5,4,1,0.01653954711202153,1000.0165395471118,0.0016539547111847244,7.514283624116909,0.00025389540463524075,False
317,5,5,2,3,0.04538350886418437,1000.0453835088642,0.004538350886423359,14.549787487973923,0.00032971257197710816,False
318,5,2,1,1,-0.0012855927712277062,999.9987144072288,-0.00012855927711825644,0.25623133993345526,0.00017284847294831706,True
319,5,4,1,3,0.020485830567802194,1000.0204858305677,0.002048583056773623,8.037199511745097,0.00029110771314435626,False
320,5,5,2,3,0.04506171797631631,1000.0450617179764,0.004506171797640945,11.429518666370216,0.000356012921649385,False
321,5,4,2,2,0.006854349757466131,1000.0068543497575,0.0006854349757531963,3.182531858392526,0.00031405313371274515,False
322,5,5,4,1,0.027599571947846055,1000.0275995719479,0.0027599571947916957,39.958336365074366,7.084381552431296e-05,False
323,5,5,3,2,0.005579639410896622,1000.0055796394108,0.0005579639410825621,2.915121583043982,0.0001862274984509716,False
324,5,5,1,4,-0.0051108797643561665,999.9948891202356,-0.0005110879764401942,0.10441228461100524,0.000570672937021901,True
325,5,4,0,4,-0.006725740996408509,999.9932742590034,-0.000672574099655776,0.0,0.000672574099655776,True
326,5,5,4,1,0.007268582647882815,1000.0072685826478,0.0007268582647839139,5.527750986154914,0.000160533381580487,False
327,5,5,4,1,0.07085043558993526,1000.0708504355899,0.007085043558993221,100.56560929782333,7.11595045216972e-05,False
328,5,5,4,1,0.04834684201701203,1000.048346842017,0.0048346842017053865,510.8124915464426,9.483043530447224e-06,False
329,5,4,1,3,0.018826986795242143,1000.0188269867951,0.0018826986795147606,4.358799857527086,0.0005605272000138939,False
330,5,4,2,2,0.0003240242416896402,1000.0003240242419,3.2402424187694125e-05,1.063857197284628,0.0003416799694036854,False
331,5,4,2,2,0.022050470208183574,1000.0220504702082,0.0022050470208228035,4.775921643135325,0.0003483749182175121,False
332,5,5,2,3,0.02715791487436626,1000.0271579148742,0.0027157914874237576,13.322576870818011,0.00018477100695064332,False
333,5,5,2,3,0.00626062793212474,1000.0062606279321,0.0006260627932078933,3.752057187515228,0.00017924503149515658,False
334,5,4,1,3,-0.0026243916542861333,999.9973756083457,-0.0002624391654308056,0.14296802051282986,0.00030621850388437566,True
335,5,5,3,2,0.02505770498434267,1000.0250577049843,0.002505770498430593,7.672447332248262,0.00020385661875934601,False
336,5,5,4,1,0.036711605391607796,1000.0367116053916,0.0036711605391587907,322.1431736142227,1.1431538450779045e-05,False
337,5,3,2,1,0.027316795151875312,1000.0273167951518,0.0027316795151818953,409.54116463412635,6.686241066559081e-06,False
338,5,5,4,1,0.021951176180548548,1000.0219511761806,0.002195117618055065,9.823668229954249,0.0002487756125887758,False
339,5,5,2,3,-0.00020241397007086264,999.9997975860298,-2.024139702143657e-05,0.9586196059960503,0.00038631221082141565,True
340,5,5,5,0,0.05823944092727349,1000.0582394409274,0.005823944092742295,1000000000000.0,0.0,False
341,5,4,3,1,0.011409009118856409,1000.0114090091188,0.0011409009118779068,7.762023215757016,0.00016872182710585547,False
342,5,5,2,3,0.016511583899072087,1000.016511583899,0.0016511583899045943,3.6044941168503244,0.0005479382749973185,False
343,5,5,1,4,-0.0034826023837751497,999.9965173976162,-0.0003482602383769517,0.4453277320804347,0.00040604518738973644,True
344,5,4,3,1,0.03285604271570661,1000.0328560427157,0.003285604271570719,45.04528438044195,7.459568187835996e-05,False
345,5,5,3,2,0.03194711184671458,1000.0319471118468,0.0031947111846761804,17.097041558051284,0.00012647006895610873,False
346,5,5,4,1,0.013752447477552767,1000.0137524474775,0.0013752447477486385,11.935779988100848,0.00012575455131063988,False
347,5,5,1,4,0.018218133359924785,1000.0182181333598,0.0018218133359823698,4.0043533737816634,0.000606376438815785,False
348,5,5,3,2,0.05102089851836118,1000.0510208985183,0.005102089851834535,38.172143373241546,0.00013724854384806443,False
349,5,5,2,3,0.0030431597923737245,1000.0030431597925,0.0003043159792468941,1.9787382692363211,0.0002490268895257941,False
350,5,4,2,2,0.04704301303720929,1000.0470430130372,0.004704301303718239,52.11884756691663,9.202674801827014e-05,False
351,5,5,4,1,0.03378057751051454,1000.0337805775105,0.003378057751046981,30.057342672378308,0.00011625150149644636,False
352,5,5,2,3,0.02065522026163465,1000.0206552202617,0.002065522026168765,4.46123591411448,0.00041021954162106925,False
353,5,5,3,2,0.033749931176438375,1000.0337499311765,0.003374993117654412,23.485748305695033,0.0001500911799520605,False
354,5,5,2,3,0.02442127350643268,1000.0244212735065,0.0024421273506504805,6.2011591776143975,0.0004695215360179092,False
355,5,5,1,4,0.015181211267341937,1000.0151812112673,0.0015181211267304205,2.8925059797815433,0.0008021564628445472,False
356,5,5,2,3,-0.004753187627089643,999.9952468123729,-0.0004753187627102307,0.12621816765174274,0.0005012212710994391,True
357,5,5,4,1,0.05512191565597479,1000.0551219156561,0.005512191565605917,162.6259940270584,3.410271901170305e-05,False
358,5,5,2,3,0.007989631786789906,1000.0079896317869,0.000798963178692702,3.8037185816353842,0.0001582056992106118,False
359,5,4,0,4,-0.003662345214491573,999.9963376547855,-0.0003662345214479501,0.0,0.0003662345214479501,True
360,5,4,3,1,0.0256047371024289,1000.0256047371024,0.0025604737102412397,15.972734915678748,0.00017100908582960985,False
361,5,5,2,3,0.04208462496038841,1000.0420846249605,0.00420846249604665,11.641229117712449,0.0003702840584764999,False
362,5,5,1,4,-0.005518249123763799,999.9944817508762,-0.0005518249123838359,0.014461524741297431,0.0005599221963957674,True
363,5,5,1,4,-0.0033998023866906963,999.9966001976132,-0.0003399802386752526,0.6054002090465299,0.0005441941765036021,True
364,5,5,1,4,0.020959405737949535,1000.020959405738,0.0020959405738040005,7.083660210445647,0.00018553331257180615,False
365,5,5,3,2,0.030485647161886353,1000.0304856471619,0.0030485647161867745,9.601342792583907,0.00035441848628876995,False
366,5,5,3,2,0.046515940822171024,1000.0465159408222,0.004651594082224619,15.21448607447267,0.00027357204028725555,False
367,5,5,5,0,0.056075915553512726,1000.0560759155535,0.005607591555349245,1000000000000.0,0.0,False
368,5,4,2,2,0.022853300476633275,1000.0228533004765,0.0022853300476526786,6.731756886664032,0.00039871370905757424,False
369,5,4,2,2,0.02201083140606145,1000.0220108314061,0.002201083140607807,25.940006741091693,5.0737452193584374e-05,False
370,5,3,1,2,0.0022918239031693094,1000.0022918239032,0.00022918239031923806,2.4703831814340442,0.00015586515865752523,False
371,5,5,3,2,0.03143866827247486,1000.0314386682725,0.003143866827247166,9.591846592851725,0.00025367510562110314,False
372,5,4,2,2,0.0029675620408189146,1000.0029675620408,0.00029675620407942915,2.6863220147568434,0.00017597759844288827,False
373,5,5,2,3,0.0018689511416111926,1000.0018689511415,0.00018689511415459492,1.5429467757363358,0.0003236674997197042,False
374,5,4,4,0,0.07023362856141792,1000.0702336285614,0.007023362856136828,1000000000000.0,0.0,False
375,5,5,3,2,0.02816934939199743,1000.028169349392,0.0028169349391987454,7.9916985548560735,0.0002423752814123703,False
376,5,5,3,2,0.0509048045965539,1000.0509048045964,0.005090480459637093,19.761962869366634,0.0002713112521409754,False
377,5,4,2,2,0.0028854901094246548,1000.0028854901095,0.0002885490109520106,1.8295003837959658,0.000313520921088184,False
378,5,5,1,4,0.015768252186595968,1000.0157682521865,0.0015768252186489917,3.0833276333870656,0.0003851352308740782,False
379,5,5,2,3,0.0039419678054195915,1000.0039419678054,0.00039419678054173344,1.9366134078143125,0.0004208711559022057,False
380,5,5,3,2,0.048162884191808676,1000.0481628841918,0.004816288419181092,82.1593749132947,5.9343551448281045e-05,False
381,5,5,1,4,0.021286852788136804,1000.0212868527881,0.0021286852788080066,7.212867912020119,0.0003040819300254242,False
382,5,5,3,2,0.031122518344608805,1000.0311225183445,0.0031122518344545826,9.322207173241363,0.0002827019049277624,False
383,5,5,3,2,0.028325856845584193,1000.0283258568455,0.0028325856845526688,8.200690267762896,0.00022044290340090812,False
384,5,5,3,2,0.006780069799204137,1000.0067800697992,0.0006780069799219746,2.42270462982864,0.0004765587383935944,False
385,5,4,2,2,0.00308834433601498,1000.0030883443361,0.00030883443361062746,2.023391483188839,0.00021329790746449362,False
386,5,5,4,1,0.005613084468872024,1000.0056130844689,0.0005613084468905072,6.568023789740021,0.00010080860850589053,False
387,5,5,4,1,0.04962428198913085,1000.0496242819892,0.004962428198916768,16.441866011019222,0.0003213463256486699,False
388,5,5,5,0,0.06135936061680963,1000.0613593606167,0.00613593606167342,1000000000000.0,0.0,False
389,5,5,2,3,0.02238192562017973,1000.0223819256203,0.0022381925620265975,9.789341163545734,0.000254642436525629,False
390,5,5,3,2,0.044805059375207394,1000.0448050593753,0.0044805059375335075,11.05444515053896,0.00044562246331500904,False
391,5,5,3,2,0.044052756936956414,1000.044052756937,0.00440527569370488,16.283281106151183,0.0002005628543357865,False
392,5,5,2,3,0.04239967095469401,1000.0423996709548,0.004239967095475095,9.221394485406966,0.0005157235920250969,False
393,5,4,1,3,-0.004306503284158783,999.9956934967158,-0.00043065032841695935,0.4859786802379989,0.0008378063552186176,True
394,5,5,3,2,0.02586338366404624,1000.025863383664,0.0025863383664045613,10.251687741373843,0.0002795451572850389,False
395,5,4,1,3,0.01659712117490877,1000.0165971211749,0.0016597121174868334,3.367706246471271,0.0007009788988739274,False
396,5,4,1,3,0.017567713110770815,1000.0175677131108,0.0017567713110793193,4.5591081484836415,0.0004935876362277868,False
397,5,5,3,2,0.06891095703017129,1000.0689109570302,0.0068910957030198,25.461907134391815,0.00015335538765215328,False
398,5,4,1,3,-0.00442331129513043,999.9955766887049,-0.0004423311295113308,0.1740333899256049,0.0005355314901521524,True
399,5,4,3,1,0.0509676146924926,1000.0509676146925,0.005096761469246758,57.771637726716456,8.977606887106864e-05,False
400,5,5,4,1,0.05373830232436981,1000.0537383023245,0.005373830232451837,23.830763027922234,0.0002353767250724559,False
401,5,4,4,0,0.056878013988681995,1000.0568780139887,0.005687801398869397,1000000000000.0,0.0,False
402,5,5,2,3,0.022795152795948525,1000.022795152796,0.002279515279599309,6.036827982764498,0.00033133142314909495,False
403,5,4,3,1,0.028699808591917175,1000.0286998085919,0.002869980859190946,388.1284387897103,7.413297488155489e-06,False
404,5,4,2,2,-0.0002998517775844535,999.9997001482224,-2.9985177764046967e-05,0.9320034502449535,0.000435244311495353,True
405,5,4,3,1,0.044842997878778594,1000.0448429978787,0.004484299787873169,39.92657363335823,0.0001151961826335856,False
406,5,5,1,4,-0.0023420651233822185,999.9976579348767,-0.00023420651233436727,0.6229996369092827,0.0003610055029482909,True
407,5,3,1,2,0.018912189849604667,1000.0189121898496,0.0018912189849629613,5.120274121705519,0.00026544681172569514,False
408,5,5,4,1,0.005237299876041732,1000.0052372998758,0.0005237299875830104,2.4684950492554183,0.0003566409059919868,False
409,5,4,4,0,0.056938058940625313,1000.0569380589407,0.005693805894065917,1000000000000.0,0.0,False
410,5,3,2,1,0.026169244285454585,1000.0261692442855,0.0026169244285483726,21.21889397870456,0.00012942609833961887,False
411,5,5,4,1,0.029193568061219154,1000.0291935680611,0.0029193568061145927,45.71025475301003,6.529501614522814e-05,False
412,5,4,2,2,0.005902097122809697,1000.0059020971229,0.0005902097122884697,3.299787412671745,0.00014851687943698223,False
413,5,5,4,1,0.04862392109842182,1000.0486239210985,0.004862392109851044,22.337194966130088,0.00022787292699695267,False
414,5,5,2,3,0.0248237015356896,1000.0248237015358,0.002482370153575175,14.256212247452344,0.00010218800819075113,False
415,5,5,3,2,0.008367369753787107,1000.0083673697537,0.0008367369753727871,9.642789382436925,9.68128137523083e-05,False
416,5,3,2,1,-0.000611630986814769,999.9993883690132,-6.116309867820746e-05,0.5057281021101493,0.00012374381433861417,True
417,5,5,4,1,0.03419984070903924,1000.034199840709,0.003419984070899318,22.195989455030507,0.0001613498353395622,False
418,5,4,1,3,0.018221220799149403,1000.0182212207992,0.0018221220799205184,5.10614820012162,0.0002489248048452843,False
419,5,5,4,1,0.027027779861118213,1000.0270277798611,0.00270277798611005,23.720500665774825,0.00011895483996032682,False
420,5,5,3,2,0.04420177470271211,1000.0442017747027,0.004420177470274211,17.987569067831895,0.00024541615146398137,False
421,5,4,2,2,0.025225755337960867,1000.0252257553379,0.0025225755337942245,8.37885813673545,0.00017541754651801967,False
422,5,5,4,1,0.0029082388026038047,1000.0029082388025,0.00029082388025472025,3.2514077033643347,0.00012917369802848083,False
423,5,4,3,1,0.014472793847794005,1000.0144727938477,0.001447279384774447,9.554572951455693,0.00016918019985781438,False
424,5,2,1,1,0.02339258007105756,1000.0233925800711,0.0023392580071117663,112.32966816947305,2.1011991191244305e-05,False
425,5,3,2,1,0.027346011188547556,1000.0273460111886,0.002734601118856972,19.692439825733384,0.00014629449897256562,False
426,5,4,2,2,0.04575957641389554,1000.0457595764138,0.00457595764138432,19.050719014405797,0.00021561307745285012,False
427,5,5,3,2,0.04773378483574068,1000.0477337848358,0.004773378483582747,17.090342377425994,0.00025161474365764414,False
428,5,4,4,0,0.054344153583467045,1000.0543441535834,0.005434415358342904,1000000000000.0,0.0,False
429,5,3,1,2,0.0012876955665691568,1000.0012876955665,0.00012876955664751222,1.3639632503137953,0.00021012851779003938,False
430,5,4,2,2,0.002622443378467297,1000.0026224433785,0.00026224433785273506,1.7848168014395376,0.0003341468021916635,False
431,5,5,3,2,0.023000898050775924,1000.0230008980508,0.0023000898050781872,6.716843583716275,0.00040232474702266824,False
432,5,5,2,3,0.020684720039891018,1000.02068472004,0.0020684720039980675,9.094341335975251,0.00014730068935477902,False
433,5,5,2,3,0.0049560670293277275,1000.0049560670293,0.0004956067029297628,2.314768593280277,0.00023600727885195739,False
434,5,4,2,2,0.006628426659110432,1000.0066284266591,0.0006628426659062824,3.211522092927357,0.0002997223803617999,False
435,5,4,3,1,0.029283010487366437,1000.0292830104875,0.002928301048746107,55.203504184966725,5.402412003880879e-05,False
436,5,5,1,4,-0.0004262844037553658,999.9995737155962,-4.2628440382941335e-05,0.9146002319073356,0.00040247485655337564,True
437,5,5,3,2,0.02925409582090844,1000.0292540958209,0.002925409582087468,9.524861748707782,0.00020061572289478135,False
438,5,4,2,2,0.0031711278189608333,1000.003171127819,0.00031711278189732183,2.3894671107142584,0.00013318861358977197,False
439,5,5,5,0,0.07659111135839224,1000.0765911113585,0.007659111135853891,1000000000000.0,0.0,False
440,5,5,4,1,0.07290413048944071,1000.0729041304895,0.007290413048951904,113.56264051097672,6.476611915451018e-05,False
441,5,5,3,2,0.04787672736580925,1000.0478767273659,0.004787672736586046,12.734844059765168,0.0004079685750360191,False
442,5,4,3,1,0.026815643803545796,1000.0268156438035,0.0026815643803502097,11.513636816638268,0.00025504943447071074,False
443,5,5,3,2,0.03181204692779623,1000.0318120469277,0.0031812046927711893,130.23244605438148,2.1163779142272985e-05,False
444,5,4,3,1,0.04635518959538388,1000.0463551895954,0.004635518959537421,20.97068600089568,0.00023210486260545577,False
445,5,5,2,3,0.02422949165144597,1000.0242294916515,0.002422949165145383,5.947102837094192,0.0004897570706013481,False
446,5,5,3,2,0.07065142734679086,1000.0706514273469,0.007065142734688834,37.22531169607824,0.00019501915923638617,False
447,5,3,3,0,0.02210023012132588,1000.0221002301213,0.0022100230121282036,1000000000000.0,0.0,False
448,5,5,3,2,0.04486069999890023,1000.044860699999,0.004486069999904884,20.66259926966375,0.00012924882396187125,False
449,5,4,3,1,0.029660520277678133,1000.0296605202777,0.002966052027773003,17.682804785843796,0.00017778537965762301,False
450,5,3,1,2,0.022376496103984664,1000.022376496104,0.0022376496104016042,9.994440758324043,0.0002094056810534998,False
451,5,5,2,3,0.02384881384420642,1000.0238488138442,0.0023848813844210785,5.297108790213054,0.0003641006836005545,False
452,5,5,2,3,0.022406050244101625,1000.0224060502441,0.0022406050244057948,9.53307867151847,0.0002625787374881838,False
453,5,5,5,0,0.07912211384505946,1000.0791221138452,0.007912211384518742,1000000000000.0,0.0,False
454,5,5,3,2,0.06604763087259544,1000.0660476308726,0.006604763087261745,13.86846104625314,0.000269934310093065,False
455,5,5,2,3,-0.003467039297202627,999.9965329607028,-0.00034670392972202535,0.32038196678785885,0.00034670392972202535,True
456,5,5,2,3,0.02355473093282292,1000.0235547309328,0.002355473093280125,40.4460572645739,4.993933680614604e-05,False
457,5,5,2,3,0.005235665511871655,1000.005235665512,0.0005235665512032028,2.4192082645326463,0.00036891123844373696,False
458,5,5,2,3,0.01886206238500755,1000.018862062385,0.0018862062384982891,3.7880964018149594,0.00043884390675777,False
459,5,5,2,3,0.0432958256827683,1000.0432958256828,0.004329582568277601,13.34694025652772,0.0002574648085101217,False
460,5,5,2,3,0.01874897548737125,1000.0187489754874,0.0018748975487369536,4.578138807444114,0.0002983198232333097,False
461,5,5,2,3,0.0004238232777010844,1000.0004238232776,4.238232776287987e-05,1.1036343482094746,0.0004062574062678503,False
462,5,3,2,1,0.0030868150140108412,1000.0030868150141,0.000308681501405772,2.2879669001678833,0.0002396654635130142,False
463,5,5,3,2,0.027990481075839686,1000.0279904810758,0.002799048107578983,14.722913685209047,0.00020396803777516368,False
464,5,4,3,1,0.04705273689554011,1000.0470527368956,0.004705273689557999,68.5105265196328,6.969364920531414e-05,False
465,5,5,2,3,0.04533982133299308,1000.045339821333,0.004533982133295922,17.332041328288444,0.00013885338987620343,False
466,5,5,2,3,-0.0021202303699371853,999.99787976963,-0.00021202303699965344,0.643990111611634,0.0005842055831231587,True
467,5,5,1,4,-0.0020853256515974057,999.9979146743484,-0.00020853256515920293,0.6975212372774144,0.0006488906001550276,True
468,5,4,3,1,0.03257792774581289,1000.0325779277457,0.0032577927745705893,15.005382698169306,0.0002326019316079859,False
469,5,5,1,4,-0.0063991251607049375,999.9936008748393,-0.0006399125160669428,0.1003337694318305,0.0006399125160669428,True
470,5,5,3,2,0.024776566465788276,1000.0247765664657,0.0024776566465675386,6.516575813634809,0.0004491163027102181,False
471,5,5,0,5,-0.004744682014323378,999.9952553179857,-0.0004744682014347745,0.0,0.0004744682014347745,True
472,5,5,2,3,0.02350295592773373,1000.0235029559278,0.002350295592782459,5.609392749691317,0.00034003722332727194,False
473,5,4,2,2,0.04431993218394847,1000.044319932184,0.004431993218395291,18.61033960713826,0.0002516639907195428,False
474,5,4,0,4,-0.006669696310633842,999.9933303036894,-0.0006669696310609652,0.0,0.0006669696310609652,True
475,5,5,3,2,0.05035080915412778,1000.0503508091541,0.005035080915411072,22.954141904312007,0.00017511499604139284,False
476,5,5,2,3,0.04129328534891253,1000.0412932853488,0.00412932853488428,9.143202144221158,0.0005070655275073761,False
477,5,5,4,1,0.03238322317835449,1000.0323832231783,0.003238322317827169,39.03259646720923,8.51451137938672e-05,False
478,5,5,2,3,0.021891907839663403,1000.0218919078397,0.002189190783974482,4.292982190053157,0.00041930460250554145,False
479,5,3,0,3,-0.0009435958117435082,999.9990564041883,-9.435958116910115e-05,0.0,9.435958116910115e-05,True
480,5,5,4,1,0.07258213491657527,1000.0725821349167,0.007258213491672905,45.63895101391622,0.0001625942107966008,False
481,5,5,3,2,0.023405535267385112,1000.0234055352672,0.0023405535267215782,6.443189794141702,0.0002804351927973919,False
482,5,5,4,1,0.03477356313568957,1000.0347735631357,0.0034773563135672703,11.191240893518483,0.0003412001919261453,False
483,5,5,3,2,0.06822632052402154,1000.068226320524,0.006822632052399058,16.756637523258796,0.00023688795126284228,False
484,5,5,4,1,0.027428617172857873,1000.0274286171729,0.002742861717285905,26.355430420187435,0.00010817648998959747,False
485,5,5,1,4,-0.005380544895963123,999.9946194551042,-0.0005380544895842831,0.09639618149598074,0.0005380544895842831,True
486,5,4,0,4,-0.0037565187621052447,999.9962434812378,-0.00037565187622021765,0.0,0.00037565187622021765,True
487,5,5,2,3,-0.0020593578957334565,999.9979406421043,-0.0002059357895745961,0.3468591854839384,0.0002931455299290064,True
488,5,5,3,2,0.009769438642047226,1000.009769438642,0.0009769438642024397,3.1441490280469857,0.00045562855242837233,False
489,5,5,0,5,-0.011097619431768036,999.9889023805683,-0.0011097619431666317,0.0,0.0011097619431666317,True
490,5,5,3,2,0.024566075723473746,1000.0245660757236,0.0024566075723555514,6.829338098539085,0.00028474486344731595,False
491,5,4,2,2,0.02285911981211636,1000.0228591198121,0.002285911981209665,89.0889011939309,2.5950056704004963e-05,False
492,5,4,1,3,-0.004031156058993416,999.995968843941,-0.00040311560589998405,0.03262195608107953,0.0004167094843978703,True
493,5,5,2,3,0.023116353187650165,1000.0231163531876,0.002311635318756089,5.15881394918782,0.0004730725493643931,False
494,5,4,2,2,0.005027241385712483,1000.0050272413857,0.000502724138573285,5.9599279385912745,0.00010135653339656079,False
495,5,5,2,3,0.026565581866384445,1000.0265655818664,0.002656558186640723,13.629519970965388,0.00021033911296313335,False
496,5,5,2,3,0.02435829240100719,1000.0243582924008,0.002435829240084786,7.341200904059885,0.0003274282644042614,False
497,5,4,4,0,0.036783868052041306,1000.0367838680519,0.0036783868051884386,1000000000000.0,0.0,False
498,5,4,3,1,0.04717473790993718,1000.0471747379099,0.004717473790992699,85.2842678797567,5.5969652370208295e-05,False
499,5,5,2,3,0.019944966460638015,1000.0199449664606,0.001994496646057087,3.345746804991871,0.0006021108800313052,False
500,5,4,4,0,0.052789350946226984,1000.0527893509462,0.005278935094622739,1000000000000.0,0.0,False
501,5,5,0,5,-0.0043490807985042314,999.9956509192016,-0.00043490807984198905,0.0,0.00043490807984198905,True
502,5,3,2,1,0.023780688825816056,1000.0237806888258,0.0023780688825809195,13.958811452577823,0.0001835053552551932,False
503,5,4,4,0,0.032668882567129076,1000.032668882567,0.003266888256700895,1000000000000.0,0.0,False
504,5,5,1,4,-0.0036651438569751636,999.996334856143,-0.0003665143857006115,0.4223463487178671,0.0005791671532847431,True
505,5,5,3,2,0.06891588456937048,1000.0689158845694,0.006891588456937825,47.691888156777765,8.429868851884633e-05,False
506,5,5,2,3,0.023436875969456157,1000.0234368759695,0.002343687596953714,5.751136013826025,0.0004932782319291166,False
507,5,5,3,2,0.004709770545747915,1000.0047097705458,0.0004709770545787251,2.035017920778877,0.0004550398775831262,False
508,5,5,4,1,0.012417107334595171,1000.0124171073346,0.0012417107334613319,6.091122041184378,0.00024389693890196357,False
509,5,5,4,1,0.030055141701551352,1000.0300551417016,0.00300551417016095,12.513007998323998,0.0002610528322519573,False
510,5,5,2,3,0.020919774270873413,1000.0209197742709,0.002091977427085112,6.817870750379291,0.0003595690299954682,False
511,5,3,2,1,0.004152287208107699,1000.0041522872082,0.00041522872081714015,3.633370642787019,0.00015767865533161465,False
512,5,5,3,2,0.04920487927548057,1000.0492048792756,0.004920487927563499,15.305526577478155,0.00027235485357267694,False
513,5,4,1,3,-0.0007712602622458563,999.9992287397379,-7.712602621268161e-05,0.8510615075854109,0.0005178381019732114,True
514,5,5,3,2,0.0032128856898057693,1000.0032128856898,0.0003212885689777067,3.044060143011683,0.00011323927762112354,False
515,5,5,2,3,0.004152630920249658,1000.0041526309203,0.00041526309203163695,1.9738498968454257,0.00025817183666276833,False
516,5,4,1,3,0.02084072306231741,1000.0208407230623,0.0020840723062292453,6.495800817668696,0.0003792024201818317,False
517,5,5,2,3,0.04338217631723541,1000.0433821763172,0.004338217631720909,13.16658850392526,0.00025937899153870715,False
518,5,5,3,2,0.00020717564112290496,1000.0002071756411,2.0717564109418162e-05,1.067674954073894,0.00030613240423441425,False
519,5,4,3,1,0.047136549376258545,1000.0471365493763,0.004713654937631873,68.12649487036481,7.021873430367654e-05,False
520,5,4,2,2,0.04531006032706404,1000.045310060327,0.004531006032698314,19.37738641789731,0.0002465474550685778,False
521,5,5,4,1,0.07248968839474969,1000.0724896883947,0.007248968839473947,108.25721872552086,6.75799595576802e-05,False
522,5,5,1,4,0.01775260871319463,1000.0177526087132,0.001775260871318096,3.945941655220724,0.0006026123661285965,False
523,5,5,3,2,0.007674540910044279,1000.00767454091,0.0007674540909988536,9.839896609333527,7.11038628709657e-05,False
524,5,3,1,2,0.021272514257286164,1000.0212725142574,0.0021272514257361765,7.982726705423178,0.0001643912072722742,False
525,5,5,2,3,-0.00549990483099507,999.9945000951691,-0.0005499904830912782,0.1947359930169998,0.0005861255020704447,True
526,5,5,3,2,0.008913170795747929,1000.008913170796,0.0008913170795949555,6.688864729430396,0.00011403776436509362,False
527,5,4,3,1,0.029527478455904217,1000.029527478456,0.0029527478455975142,24.27955582953924,0.00012683534615254454,False
528,5,5,2,3,0.04226902354959353,1000.0422690235496,0.004226902354957929,9.32622723560934,0.0005076485458582029,False
529,5,5,4,1,0.029464759350927756,1000.0294647593511,0.0029464759351071736,18.273430233747135,0.0001705731898496165,False
530,5,5,4,1,0.03100637548637778,1000.0310063754864,0.0031006375486413162,15.897673657020654,0.00020812443063191634,False
531,5,3,0,3,-0.0033381102142306033,999.9966618897859,-0.0003338110214144763,0.0,0.0003338110214144763,True
532,5,5,3,2,0.07262338746103088,1000.0726233874609,0.007262338746090791,34.40469290778601,0.0002126291106676718,False
533,5,3,1,2,-0.004928798542140053,999.9950712014578,-0.0004928798542209734,0.16741008243362693,0.0004928798542209734,True
534,5,5,2,3,0.004162681101799175,1000.0041626811019,0.0004162681101888665,1.9836216986587971,0.00021592631945850372,False
535,5,5,2,3,0.02274221377739938,1000.0227422137774,0.0022742213777405596,5.900047481952541,0.0002583851014492211,False
536,5,5,2,3,0.02087369696724032,1000.0208736969673,0.0020873696967328216,7.705416013888003,0.00021566746927123806,False
537,5,4,1,3,0.019292731793829357,1000.0192927317938,0.0019292731793825624,4.868880858135604,0.0002863061744506012,False
538,5,4,3,1,0.007993151997015327,1000.007993151997,0.0007993151996970482,3.3496977872656393,0.00034017698215568776,False
539,5,5,5,0,0.05249901428013745,1000.0524990142802,0.005249901428021531,1000000000000.0,0.0,False
540,5,5,0,5,-0.008239837474611567,999.9917601625253,-0.0008239837474661728,0.0,0.0008239837474661728,True
541,5,5,2,3,0.027174906719546515,1000.0271749067194,0.0027174906719437788,9.55903101463112,0.00018431074497461675,False
542,5,5,2,3,0.02139104782806646,1000.021391047828,0.0021391047828046793,3.535961157748256,0.0005810833391024061,False
543,5,5,2,3,-0.002551762479905203,999.9974482375201,-0.0002551762479924946,0.17899073851708264,0.00026164698391539787,True
544,5,3,0,3,-0.004274441063863086,999.9957255589361,-0.0004274441063898848,0.0,0.0004274441063898848,True
545,5,5,4,1,0.04649258207426848,1000.0464925820742,0.004649258207416552,78.11914599675613,6.02866632366963e-05,False
546,5,3,1,2,0.0187454182111012,1000.0187454182111,0.0018745418211096874,8.242620993372494,0.0001887727794907374,False
547,5,5,2,3,0.024920342749167466,1000.0249203427492,0.0024920342749169323,7.571172349830434,0.00037923542192020825,False
548,5,4,1,3,0.003237260953686624,1000.0032372609537,0.0003237260953710575,2.7850050644490945,0.00018135864251007662,False
549,5,5,3,2,0.007978608455123635,1000.0079786084551,0.0007978608455118774,3.143463424252004,0.0002740637200589766,False
550,5,4,2,2,0.02306896452469734,1000.0230689645247,0.0023068964524668445,7.570237764630375,0.00035110375289314807,False
551,5,5,3,2,0.02411382184049368,1000.0241138218405,0.002411382184050126,6.911484068095037,0.0004079148579762659,False
552,5,5,1,4,-0.0068022145398743215,999.99319778546,-0.0006802214540016394,0.2971831331547692,0.0006942277675647849,True
553,5,4,3,1,0.029056009177355634,1000.0290560091775,0.0029056009177452326,13.38417080791172,0.00023461479361445734,False
554,5,5,3,2,0.0059563614199707555,1000.0059563614199,0.0005956361419862333,2.59090996499679,0.000374396023206069,False
555,5,4,3,1,0.005911667455728521,1000.0059116674558,0.0005911667455848147,5.46028436305071,0.0001325401470921861,False
556,5,5,2,3,-0.0031310841806761343,999.9968689158194,-0.0003131084180608923,0.20603151468027617,0.00036311310541350397,True
557,5,5,4,1,0.03206274427942003,1000.0320627442794,0.00320627442794148,23.360310801372627,0.00014338730346299554,False
558,5,4,2,2,-0.0009688587404095062,999.9990311412596,-9.688587404070859e-05,0.7599371906058509,0.0004035853255159505,True
559,5,5,3,2,0.047572514142955054,1000.047572514143,0.004757251414298481,17.077938234381598,0.00017259933470835595,False
560,5,4,2,2,0.04590128089253539,1000.0459012808925,0.004590128089250811,17.03699068978463,0.00025135780192551597,False
561,5,4,4,0,0.01251857159320087,1000.0125185715932,0.0012518571593204797,1000000000000.0,0.0,False
562,5,5,4,1,0.058406352889632654,1000.0584063528896,0.005840635288961948,42.64530603291009,0.0001402471453616272,False
563,5,4,0,4,-0.0056157863119140885,999.9943842136881,-0.0005615786311864213,0.0,0.0005615786311864213,True
564,5,5,3,2,0.04758560158925076,1000.0475856015894,0.004758560158938962,10.902192631172094,0.00029467532017162597,False
565,5,5,2,3,0.02290585923576706,1000.0229058592357,0.0022905859235720525,11.098218306866103,0.00015742696856223056,False
566,5,5,1,4,-0.007635792736848199,999.9923642072632,-0.0007635792736778057,0.11861760349321977,0.000866341887500021,True
567,5,4,1,3,0.0009204263017344116,1000.0009204263018,9.20426301831867e-05,1.1993396455705154,0.0004617351465530991,False
568,5,5,4,1,0.03436930622000238,1000.03436930622,0.003436930622001455,88.99830262959723,3.9055650133735257e-05,False
569,5,5,1,4,-0.00432899324115594,999.9956710067589,-0.0004328993241074385,0.49773330958694434,0.0007326821563538033,True
570,5,5,2,3,0.024487424900786314,1000.0244874249007,0.002448742490071254,5.935067544075577,0.00032128521774105027,False
571,5,4,3,1,0.005646951781258856,1000.0056469517813,0.0005646951781272946,2.6316130980347667,0.0003460945523711422,False
572,5,5,2,3,0.027107951524620193,1000.0271079515247,0.002710795152472656,10.194914664771089,0.00029481314669398796,False
573,5,4,2,2,0.023720177388344865,1000.0237201773883,0.00237201773883271,7.135289542575178,0.0003866092286318425,False
574,5,5,3,2,0.02553247667448144,1000.0255324766744,0.0025532476674356985,7.96762208420913,0.0003664429659470145,False
575,5,5,4,1,0.052402440871346684,1000.0524024408713,0.005240244087133306,73.19477400734337,7.258122989402197e-05,False
576,5,4,4,0,0.009775720888939837,1000.0097757208889,0.0009775720888910654,1000000000000.0,0.0,False
577,5,4,4,0,0.03283181847756493,1000.0328318184776,0.0032831818477575326,1000000000000.0,0.0,False
578,5,4,3,1,0.030596863359707013,1000.0305968633597,0.0030596863359733106,609.8565710099365,5.025145020124759e-06,False
579,5,4,2,2,0.004103515063766629,1000.0041035150638,0.00041035150637753755,2.1970967138388615,0.000342788933949123,False
580,5,4,1,3,-0.0024171269715334716,999.9975828730285,-0.0002417126971522521,0.2493635219137749,0.0003220100676145941,True
581,5,4,1,3,5.48516151076693e-05,1000.000054851615,5.485161500473623e-06,1.0125031056682354,0.0004387039233620271,False
582,5,5,1,4,-0.0062669832216946395,999.9937330167784,-0.0006266983221621559,0.02608391343494442,0.0006266983221621559,True
583,5,5,3,2,0.04741079885725649,1000.0474107988573,0.0047410798857299595,19.00476168946059,0.00014614230776943863,False
584,5,5,2,3,0.0027653745676951714,1000.0027653745676,0.00027653745676161636,1.5654910606095207,0.0003273499929834859,False
585,5,3,0,3,-0.0039290860061955354,999.9960709139939,-0.0003929086006110083,0.0,0.0003929086006110083,True
586,5,4,2,2,0.000569007981733596,1000.0005690079818,5.6900798176684476e-05,1.1378340010091925,0.0004073549365557483,False
587,5,5,3,2,0.0020939172951008863,1000.0020939172952,0.0002093917295155734,1.6689234885247228,0.00021394984038352048,False
588,5,5,4,1,0.0572324281527689,1000.0572324281528,0.0057232428152815375,86.91637412966776,6.661190887738312e-05,False
589,5,3,2,1,0.04557723355183156,1000.0455772335519,0.004557723355185317,30.471328992723095,0.00015464572002199956,False
590,5,5,4,1,0.008799664489708661,1000.0087996644896,0.0008799664489629323,88.13624276899155,1.0098652281476035e-05,False
591,5,5,3,2,0.047114006904998396,1000.0471140069051,0.0047114006905076165,15.230296676946104,0.00033107427056397237,False
592,5,3,0,3,-0.001762559444452231,999.9982374405555,-0.00017625594445007663,0.0,0.00017625594445007663,True
593,5,2,1,1,0.023911717261663575,1000.0239117172616,0.002391171726162611,70.90907845391801,3.420319342792697e-05,False
594,5,5,2,3,0.024496376001491585,1000.0244963760015,0.00244963760014798,6.45038593689771,0.0003958266247574108,False
595,5,5,3,2,0.047884545807115556,1000.0478845458072,0.004788454580716461,18.299178746122962,0.0002767960974440286,False
596,5,3,2,1,0.009556066427733932,1000.0095560664278,0.0009556066427762743,24.488184283766014,4.068456851200608e-05,False
597,5,4,1,3,0.01637732172509942,1000.016377321725,0.0016377321725030924,3.5890004830591953,0.00039454406626942146,False
598,5,5,3,2,0.02153730921207509,1000.0215373092119,0.0021537309211907994,6.29730417502004,0.00037718924266974085,False
599,5,5,3,2,0.025571800430296346,1000.0255718004304,0.0025571800430384426,7.745652138725849,0.00037907453676024435,False
600,5,5,4,1,0.04542767344558629,1000.0454276734456,0.004542767344560161,18.6181181158399,0.0002578463440158885,False
601,5,4,1,3,0.0004613479477511035,1000.0004613479477,4.613479477484362e-05,1.0822964058963394,0.00043363306381252184,False
602,5,5,4,1,0.013909351386626783,1000.0139093513866,0.0013909351386587332,15.437690370627234,9.634012535427636e-05,False
603,5,4,0,4,-0.00988623313759212,999.9901137668624,-0.000988623313764947,0.0,0.000988623313764947,True
604,5,4,4,0,0.058573910122737355,1000.0585739101226,0.005857391012261814,1000000000000.0,0.0,False
605,5,5,2,3,-0.00015861829536054192,999.9998413817046,-1.5861829535879223e-05,0.9658309229424354,0.00046421591982834796,True
606,5,4,3,1,0.02740653635477486,1000.0274065363548,0.0027406536354760646,10.340706586545467,0.0002934007678604155,False
607,5,5,4,1,0.049984243258048615,1000.0499842432581,0.004998424325810902,25.459493387167225,0.00020434946517246128,False
608,5,5,2,3,0.024173648793219316,1000.0241736487933,0.002417364879329398,5.679680870633751,0.0004004450823686056,False
609,5,5,1,4,-0.002008509587219812,999.9979914904128,-0.00020085095871991143,0.6138029883566657,0.0004728748103843828,True
610,5,4,3,1,0.07154030268029384,1000.0715403026803,0.007154030268031875,75.95899073766168,9.543925548314291e-05,False
611,5,4,2,2,0.00024158058152189208,1000.0002415805816,2.4158058158718633e-05,1.204346279468137,0.00011822112021392512,False
612,5,5,3,2,0.02502882373657246,1000.0250288237365,0.0025028823736533926,8.394833745155163,0.0002570513458294954,False
613,5,5,3,2,0.02864827591814493,1000.0286482759182,0.0028648275918158107,9.493083470399984,0.00033731301497255114,False
614,5,5,2,3,0.02231294075120057,1000.0223129407512,0.002231294075124879,5.168521155658109,0.0005352598449257582,False
615,5,5,3,2,0.02498375689221427,1000.0249837568922,0.0024983756892197565,10.057389609469585,0.00027583838136706617,False
616,5,5,2,3,0.01857841885988616,1000.0185784188599,0.0018578418859874547,4.2205270803894805,0.000549971263126281,False
617,5,5,3,2,0.026220405336231007,1000.0262204053362,0.0026220405336175646,6.304114237079928,0.0004354563718646832,False
618,5,5,1,4,-0.0011724019058892156,999.998827598094,-0.00011724019060466162,0.793075185488675,0.0005665835239142325,True
619,5,3,2,1,0.005873622447015867,1000.005873622447,0.0005873622446983972,14.181503967791883,4.4559577281688684e-05,False
620,5,5,3,2,0.02453231806904262,1000.0245323180691,0.002453231806907752,6.349843466793694,0.00045854806616221647,False
621,5,5,1,4,0.00044640275597288806,1000.0004464027561,4.4640275609708625e-05,1.0928226576910338,0.0003472433822707899,False
622,5,4,2,2,0.044775522500088226,1000.0447755225,0.004477552250000372,16.729206785588957,0.0002846648474474023,False
623,5,5,2,3,0.019739509993557114,1000.0197395099934,0.001973950999342833,6.215909916975458,0.00023797251005591596,False
624,5,4,1,3,0.015454733135487881,1000.0154547331355,0.0015454733135470634,3.005984881878015,0.0005070062533303469,False
625,5,5,4,1,0.0740635594427636,1000.0740635594427,0.007406355944272036,37.46204069185471,0.00020311513817956826,False
626,5,5,3,2,0.029064530571666112,1000.0290645305716,0.0029064530571645264,7.827207794276925,0.00027729911627785605,False
627,5,5,3,2,0.046293481871915614,1000.0462934818718,0.004629348187177129,10.018457938037848,0.0002567779011207843,False
628,5,4,1,3,0.0017420096592160388,1000.0017420096592,0.00017420096592104528,1.8755524164405495,0.0001989612074112301,False
629,5,4,2,2,0.023905930746001235,1000.023905930746,0.0023905930745968364,8.427172616815945,0.00020906623344084157,False
630,5,5,1,4,-0.0008546509900914914,999.9991453490098,-8.546509901634635e-05,0.8364377221119979,0.00035842617396485274,True
631,5,4,2,2,0.02572968168463128,1000.0257296816847,0.002572968168465195,9.474389310167041,0.00016269829646471039,False
632,5,4,3,1,0.025213742356959775,1000.025213742357,0.002521374235698204,10.471909646379805,0.0002661885953703844,False
633,5,3,2,1,0.0019520338675108014,1000.0019520338676,0.00019520338676102256,1.8106739219810586,0.00024079044654425267,False
634,5,5,3,2,0.007290701922976983,1000.0072907019229,0.0007290701922897824,3.895759149054772,0.00014774832611458058,False
635,5,5,4,1,0.0744259905339339,1000.074425990534,0.00744259905339959,158.33021085735862,4.730331044871333e-05,False
636,5,5,1,4,-0.00013525319474470246,999.9998647468053,-1.352531946849922e-05,0.9724666361466037,0.00046866852214861866,True
637,5,5,4,1,0.07379785513248725,1000.0737978551326,0.007379785513262504,89.6714242199765,8.322177876210822e-05,False
638,5,5,2,3,-0.0034803264327870737,999.9965196735673,-0.0003480326432736547,0.3355751189713877,0.0004980970756491843,True
639,5,4,0,4,-0.00792818481548913,999.9920718151845,-0.0007928184815455098,0.0,0.0007928184815455098,True
640,5,5,2,3,0.00039088740691793156,1000.0003908874071,3.9088740709303235e-05,1.0712734750273567,0.00034775088633048516,False
641,5,5,4,1,0.04820231488041118,1000.0482023148803,0.004820231488031368,19.982025673454253,0.0002539237379991099,False
642,5,5,2,3,0.002618484057689094,1000.0026184840577,0.00026184840577343494,1.9525886089849673,0.0001940978840138996,False
643,5,5,0,5,-0.008188589132676267,999.9918114108674,-0.000818858913260101,0.0,0.000818858913260101,True
644,5,3,0,3,-0.0039628138428582,999.9960371861572,-0.000396281384280428,0.0,0.000396281384280428,True
645,5,4,2,2,0.00010525298395099123,1000.000105252984,1.0525298398533777e-05,1.0403081264610734,0.00026112029328527047,False
646,5,4,2,2,0.02126727345873385,1000.0212672734588,0.002126727345876134,11.513439262751833,0.00020228653616188535,False
647,5,5,4,1,0.03510680779240029,1000.0351068077925,0.0035106807792544712,19.46659185684815,0.00019010727127904712,False
648,5,4,3,1,0.026596162376810527,1000.0265961623769,0.002659616237690443,43.12588632535407,6.313324316328689e-05,False
649,5,2,2,0,0.004270036931279081,1000.0042700369312,0.000427003693118877,1000000000000.0,0.0,False
650,5,5,3,2,0.030246975792471025,1000.0302469757925,0.003024697579246549,9.375390442135581,0.00021254250426636643,False
651,5,5,3,2,0.025405494932113883,1000.0254054949322,0.0025405494932215335,10.5021238921286,0.00026736648795804284,False
652,5,3,1,2,0.0009171771484240644,1000.0009171771485,9.171771484943747e-05,1.8119911628395542,0.00011295408008891173,False
653,5,4,2,2,0.007795560807742631,1000.0077955608077,0.0007795560807721814,4.45205095813134,0.0001542466357075563,False
654,5,5,2,3,0.02679616091065895,1000.0267961609105,0.0026796160910521395,12.108846371128186,0.0002000472637773114,False
655,5,4,2,2,0.026047827767870253,1000.0260478277678,0.002604782776779757,13.585151324547125,0.0001355155813700329,False
656,5,5,1,4,0.017302474450108813,1000.0173024744502,0.0017302474450161752,3.6564268731068585,0.00032732064029036205,False
657,5,5,2,3,0.02538379508043371,1000.0253837950804,0.002538379508041544,8.163593223818308,0.00024332405132018557,False
658,5,5,0,5,-0.006357161832033218,999.993642838168,-0.000635716183205659,0.0,0.000635716183205659,True
659,5,4,0,4,-0.004036679102987426,999.995963320897,-0.0004036679103023744,0.0,0.0004036679103023744,True
660,5,3,1,2,0.0010588675780488514,1000.001058867578,0.00010588675779672485,1.4673341818719468,0.00022657610317082798,False
661,5,5,3,2,0.026564960101077447,1000.0265649601012,0.002656496010115461,6.376663338183329,0.00025652963589839245,False
662,5,5,3,2,0.023674407362745647,1000.0236744073628,0.0023674407362818785,8.266594739245095,0.00021060377742910716,False
663,5,5,5,0,0.05824935772147737,1000.0582493577216,0.005824935772159279,1000000000000.0,0.0,False
664,5,5,3,2,0.04603127441353328,1000.0460312744135,0.004603127441350807,12.629039026537082,0.0002693675970249387,False
665,5,5,2,3,0.025316509954298228,1000.0253165099543,0.002531650995433665,10.807635713197175,0.00014679417322550981,False
666,5,4,0,4,-0.007940912354357383,999.9920590876457,-0.00079409123543428,0.0,0.00079409123543428,True
667,5,5,2,3,0.02493272006365418,1000.0249327200638,0.0024932720063816304,6.035396233928155,0.00024846253922662935,False
668,5,5,4,1,0.07437585035293584,1000.0743758503529,0.007437585035290794,131.06083205935673,5.7182688610748707e-05,False
669,5,5,4,1,0.05724938350180706,1000.0572493835017,0.00572493835016985,157.25955732172892,3.663736445105314e-05,False
670,5,5,5,0,0.03463755228236951,1000.0346375522823,0.003463755228233367,1000000000000.0,0.0,False
671,5,3,1,2,0.001908052581830916,1000.0019080525818,0.0001908052581825359,1.8287588490221918,0.00023023013076226562,False
672,5,3,1,2,0.019867538520127518,1000.0198675385201,0.00198675385200886,5.732981257470814,0.00041975785101175573,False
673,5,4,2,2,0.04263467707933933,1000.0426346770794,0.004263467707937707,12.996953226894462,0.0002016769542873316,False
674,5,4,1,3,0.00021647815576635206,1000.0002164781558,2.1647815583492046e-05,1.066167165864935,0.0002444056422973517,False
675,5,5,3,2,0.030656728588201416,1000.0306567285882,0.00306567285881556,9.55336841198706,0.00019063920286103552,False
676,5,5,1,4,0.020876846977961192,1000.0208768469779,0.002087684697789882,8.806542460385796,0.0002406858170616033,False
677,5,5,2,3,0.0042544799241593535,1000.0042544799242,0.000425447992415684,2.0361395014148527,0.00025247882396115526,False
678,5,5,3,2,0.026874468055708887,1000.0268744680557,0.002687446805566651,12.075016580948379,0.00024265849048106246,False
679,5,5,2,3,0.02579104180156648,1000.0257910418015,0.0025791041801539907,5.577749373397809,0.0005633856537590284,False
680,5,4,0,4,-0.006405550071138093,999.993594449929,-0.0006405550071008293,0.0,0.0006405550071008293,True
681,5,4,3,1,0.0668202795113726,1000.0668202795114,0.00668202795113757,47.28528233467989,0.00014436276547478437,False
682,5,5,2,3,0.0013616466840650026,1000.0013616466839,0.00013616466839039276,1.3166052726672282,0.0002738945309624162,False
683,5,4,3,1,0.009602765647346566,1000.0096027656474,0.0009602765647400702,4.931084888318619,0.0002442748058315532,False
684,5,4,1,3,0.001872179603045121,1000.0018721796031,0.00018721796030831683,1.5805050906652207,0.0003225087313012409,False
685,5,4,1,3,-0.0016740839965609694,999.9983259160034,-0.00016740839965905254,0.7466691512311893,0.0005112897792700142,True
686,5,5,4,1,0.09281990856841697,1000.0928199085685,0.009281990856845822,105.07822468780559,8.917871419984494e-05,False
687,5,4,2,2,0.023223928605726897,1000.0232239286057,0.002322392860571654,7.796042937749651,0.0002267931455476231,False
688,5,5,1,4,-0.00047583101568299686,999.9995241689842,-4.758310158194945e-05,0.9249256925341508,0.00046278635645577665,True
689,5,4,3,1,0.012457377311077364,1000.0124573773111,0.0012457377311079654,35.45887307450983,3.615143560864453e-05,False
690,5,4,2,2,0.022680221464002587,1000.022680221464,0.0022680221464042916,5.634034044752246,0.000336696651901979,False
691,5,4,2,2,0.008212109199823367,1000.0082121091999,0.0008212109199916994,4.225587125320807,0.00025458995635139846,False
692,5,5,3,2,0.027132013457096652,1000.0271320134572,0.002713201345716243,13.708240808921554,0.00021349324306779819,False
693,5,4,2,2,0.04566661096713966,1000.045666610967,0.004566661096703228,23.197985998229974,0.00020571935199987986,False
694,5,5,1,4,0.016719338647199954,1000.0167193386472,0.001671933864724906,4.181384399513993,0.0005255365761399844,False
695,5,4,3,1,0.05153122183707749,1000.0515312218371,0.005153122183708093,130.59707182875172,3.97615172299445e-05,False
696,5,5,1,4,-0.0041603500591149735,999.9958396499409,-0.000416035005912363,0.4892315933122897,0.0005438309432902525,True
697,5,5,3,2,0.02544536665602391,1000.0254453666561,0.002544536665607211,7.428950385803136,0.0002748326310409192,False
698,5,5,2,3,0.04488540674723488,1000.0448854067473,0.004488540674731212,10.453279554986269,0.0003412282307408532,False
699,5,3,2,1,0.04540340450840275,1000.0454034045083,0.004540340450830627,28.400885948081115,0.0001656927005661991,False
700,5,5,4,1,0.03319115200579881,1000.0331911520058,0.003319115200577016,2898.1457864702475,1.1456166645150318e-06,False
701,5,5,2,3,0.025616877890527134,1000.0256168778906,0.002561687789057032,8.645059784702491,0.0002321297487967469,False
702,5,5,2,3,0.026049364098102844,1000.0260493640981,0.0026049364098071235,7.359957315344374,0.00024012541488693573,False
703,5,5,1,4,-0.005159537726238252,999.9948404622738,-0.0005159537726171948,0.06014666964751465,0.0005159537726171948,True
704,5,4,3,1,0.05444086658127635,1000.0544408665813,0.005444086658133074,62.65938154121551,8.829023917602699e-05,False
705,5,5,0,5,-0.007279402820880914,999.9927205971792,-0.000727940282081363,0.0,0.000727940282081363,True
706,5,5,4,1,0.07330267388470951,1000.0733026738848,0.007330267388476841,53.17393608795909,0.0001404867810443753,False
707,5,4,1,3,0.02187901529893014,1000.0218790152989,0.002187901529885039,7.600805032720662,0.00021035112641850374,False
708,5,5,1,4,0.015388959425315391,1000.0153889594254,0.0015388959425422398,2.9967307639282685,0.0007706899842172909,False
709,5,5,4,1,0.05462018855350094,1000.0546201885535,0.00546201885534856,1921.1581459275956,2.844483677901986e-06,False
710,5,4,2,2,0.025157240439988772,1000.02515724044,0.00251572404399667,8.515476183522068,0.000271310093842203,False
711,5,5,4,1,0.07006551652018166,1000.0700655165201,0.007006551652011694,90.90376423377562,7.793208162299815e-05,False
712,5,5,2,3,0.021993502568651836,1000.0219935025686,0.002199350256864818,4.380566009910738,0.0003418706101380463,False
713,5,5,1,4,5.424837674567308e-05,1000.0000542483767,5.424837672762805e-06,1.0123350428110485,0.0003169781547171624,False
714,5,5,2,3,0.01928259628676507,1000.0192825962868,0.0019282596286757324,5.235978671389006,0.00045519909798567577,False
715,5,5,2,3,-0.0016701912017385015,999.9983298087983,-0.000167019120169698,0.24874429341431076,0.00022231984641744837,True
716,5,5,4,1,0.03156811029152594,1000.0315681102915,0.003156811029145956,13.431223245869283,0.00025393344639726477,False
717,5,4,3,1,0.03307613879891456,1000.033076138799,0.0033076138798946884,25.479835057610963,0.00013511585646028835,False
718,5,4,3,1,0.024278089410984676,1000.0242780894109,0.002427808941092735,9.323342711792456,0.000291680215529812,False
719,5,5,1,4,-0.006764571645567265,999.9932354283544,-0.0006764571645589967,0.06831635176915271,0.0007260584966842086,True
720,5,5,2,3,0.0195123341343277,1000.0195123341342,0.00195123341342196,3.5516400853831693,0.00038709835999834916,False
721,5,3,2,1,0.008458218869922452,1000.00845821887,0.0008458218870032396,8.998702784772773,0.00010574387637958742,False
722,5,5,3,2,0.022918242896830105,1000.0229182428968,0.0022918242896821537,5.286185415784261,0.00031443441192858536,False
723,5,4,2,2,0.02271856593430563,1000.0227185659343,0.0022718565934269465,15.04947024793085,0.00014613396378798478,False
724,5,5,3,2,0.024770343689628938,1000.0247703436895,0.002477034368951081,7.727181283772305,0.00036820234043754316,False
725,5,4,2,2,0.00016884208323455466,1000.0001688420832,1.6884208321243932e-05,1.0452168183234027,0.0003505950815779097,False
726,5,3,2,1,0.004928423965566141,1000.0049284239656,0.0004928423965566253,8.820335229042232,6.302027248607513e-05,False
727,5,3,2,1,0.02459975761670031,1000.0245997576167,0.0024599757616670104,12.82484871607322,0.00020802888815790401,False
728,5,5,2,3,-0.004739133118070383,999.995260866882,-0.0004739133118050632,0.0961160255264663,0.0004739133118050632,True
729,5,5,3,2,0.020180218759420256,1000.0201802187594,0.002018021875937848,5.629565057307579,0.0002599069831927337,False
730,5,4,2,2,0.02301633224488303,1000.0230163322449,0.0023016332244878866,9.075103910863442,0.00020452015026572223,False
731,5,3,0,3,-0.004574420950977822,999.995425579049,-0.0004574420951030333,0.0,0.0004574420951030333,True
732,5,5,4,1,0.03287600445899562,1000.032876004459,0.003287600445901262,31.676596283535776,0.00010716659775920868,False
733,5,5,3,2,0.022590052414625618,1000.0225900524147,0.002259005241467094,5.335105119155019,0.00036370738109781087,False
734,5,4,3,1,0.025045733210487663,1000.0250457332104,0.0025045733210390607,32.517760880461935,7.946345542307276e-05,False
735,5,5,3,2,0.03013024724674271,1000.0301302472467,0.003013024724668867,12.174749091565669,0.00026961910251462393,False
736,5,5,4,1,0.04687834757665635,1000.0468783475767,0.004687834757669407,32.11869693729587,0.00015064016250099436,False
737,5,4,2,2,0.04263098485182864,1000.0426309848518,0.0042630984851825815,23.44664371784577,0.00018991722254813495,False
738,5,5,2,3,0.024792027977285223,1000.0247920279774,0.0024792027977355246,7.537072088551561,0.0002497683296383002,False
739,5,4,3,1,0.031567650788978115,1000.031567650789,0.0031567650789043,11.092576314009214,0.00031277923757814255,False
740,5,5,3,2,0.04473207424638196,1000.0447320742463,0.00447320742463262,16.824648651951573,0.00023209132769449214,False
741,5,5,3,2,0.029311307536219543,1000.0293113075363,0.0029311307536318055,10.036408304816678,0.0001980590559629352,False
742,5,5,2,3,0.024439959508877243,1000.0244399595089,0.002443995950886801,6.2168600235849265,0.0003125995256652177,False
743,5,5,2,3,0.026569059901531338,1000.0265690599015,0.0026569059901476065,14.61211072600465,0.00015211214505241906,False
744,5,5,0,5,-0.0048335251138299125,999.9951664748862,-0.0004833525113781434,0.0,0.0004833525113781434,True
745,5,5,1,4,0.0158020281134211,1000.0158020281135,0.001580202811351228,3.2265242422313447,0.0007097173169540839,False
746,5,5,3,2,0.02830615236810783,1000.0283061523681,0.0028306152368145375,19.149952846445842,0.00015226254826001273,False
747,5,5,4,1,0.0499733055210864,1000.049973305521,0.0049973305521007205,35.81352628334352,0.00014353829861637262,False
748,5,5,1,4,0.020619782452571705,1000.0206197824525,0.002061978245251339,5.976488865725154,0.00020831861327485379,False
749,5,4,1,3,0.018088922271700548,1000.0180889222718,0.0018088922271772391,4.696898800037428,0.0004892999037792833,False
750,5,5,2,3,0.004643013966017391,1000.004643013966,0.0004643013965960563,2.6893832864427907,0.00027483281534317256,False
751,5,5,3,2,0.0667771889414357,1000.0667771889415,0.006677718894150075,14.487308443741105,0.0003169215288009716,False
752,5,4,2,2,0.022171842769286906,1000.0221718427694,0.0022171842769353133,7.016616827543032,0.00036851013459227033,False
753,5,4,0,4,-0.004388611021060204,999.9956113889789,-0.000438861102111332,0.0,0.000438861102111332,True
754,5,5,4,1,0.025646860353026664,1000.0256468603532,0.002564686035316299,13.966571490410235,0.00019778680294131606,False
755,5,4,2,2,0.04180538499636661,1000.0418053849963,0.004180538499633713,11.91210191824849,0.0003831102871799885,False
756,5,4,0,4,-0.010714680668373753,999.9892853193315,-0.0010714680668456823,0.0,0.0010714680668456823,True
757,5,5,4,1,0.07200259924056739,1000.0720025992406,0.007200259924059083,148.68724361104728,4.8752322487803026e-05,False
758,5,5,2,3,0.020316537626512518,1000.0203165376265,0.002031653762651331,5.807134354334879,0.00033527940504427537,False
759,5,5,2,3,0.004210829914091287,1000.0042108299142,0.00042108299142000765,2.1149623718051545,0.00032431686262847126,False
760,5,5,1,4,0.016610520149342247,1000.0166105201492,0.0016610520149242802,3.9675029407210527,0.0005597349557284863,False
761,5,5,1,4,0.02077844397783607,1000.0207784439779,0.002077844397786066,7.784807841133744,0.00016575701168903832,False
762,5,5,4,1,0.009923675260496168,1000.0099236752606,0.0009923675260552045,16.13477576352204,6.556860817269213e-05,False
763,5,4,2,2,0.02393082187030162,1000.0239308218703,0.002393082187029449,7.428915319408484,0.0002113365480909124,False
764,5,5,2,3,0.043577121714716775,1000.0435771217147,0.004357712171474759,14.090466378943049,0.00025970018776888537,False
765,5,5,2,3,0.026725136146520286,1000.0267251361465,0.0026725136146524167,16.09985958579858,0.000176988429996007,False
766,5,4,2,2,0.001511015728759572,1000.0015110157289,0.00015110157288518168,1.4401958017140375,0.0001915211570349129,False
767,5,4,2,2,0.02337277923465249,1000.0233727792346,0.002337277923459169,6.401029490904558,0.0004327347565968914,False
768,5,5,2,3,0.01917765874346872,1000.0191776587435,0.0019177658743501525,4.280512593795952,0.0005845933583600527,False
769,5,5,5,0,0.036487301506268756,1000.0364873015062,0.003648730150621304,1000000000000.0,0.0,False
770,5,5,2,3,0.018511149986222344,1000.0185111499862,0.0018511149986238707,4.42337948258297,0.00031466724348092615,False
771,5,4,2,2,0.04375194222065718,1000.0437519422208,0.0043751942220751515,12.865280986085633,0.00023199854608537757,False
772,5,5,2,3,0.04511162993521418,1000.0451116299353,0.004511162993526341,16.500227355437787,0.00023157044688559838,False
773,5,3,2,1,0.04591434550833878,1000.0459143455084,0.004591434550843588,33.79000936898905,0.00014002541137188017,False
774,5,4,0,4,-0.004930165898302547,999.9950698341017,-0.0004930165898258564,0.0,0.0004930165898258564,True
775,5,5,3,2,0.010762806748361694,1000.0107628067484,0.0010762806748402908,12.453540584339041,9.286127959140731e-05,False
776,5,3,0,3,-0.005695980652812454,999.9943040193472,-0.0005695980652831167,0.0,0.0005695980652831167,True
777,5,5,2,3,0.02269341009119331,1000.0226934100913,0.0022693410091278567,7.580704721637871,0.0002957065453642826,False
778,5,4,2,2,0.04431796009498026,1000.0443179600949,0.0044317960094872435,26.336579737453935,0.00017490884345714434,False
779,5,5,3,2,0.03250548193919888,1000.0325054819392,0.003250548193921077,11.669826991983722,0.0003046486317316521,False
780,5,5,2,3,0.022969484327170088,1000.0229694843272,0.002296948432717727,4.938135250968821,0.0003481992136050393,False
781,5,5,4,1,0.04845929906972842,1000.0484592990697,0.0048459299069691045,33.78863296153596,0.00014778960344367844,False
782,5,5,2,3,0.025456832430169316,1000.0254568324302,0.0025456832430222676,8.349155562569383,0.0003463912583356432,False
783,5,5,5,0,0.07769671269110966,1000.0776967126911,0.007769671269113587,1000000000000.0,0.0,False
784,5,4,3,1,0.04993641437024411,1000.0499364143702,0.0049936414370222336,135.54631025448305,3.711279946578613e-05,False
785,5,5,2,3,0.0003199292861985571,1000.0003199292863,3.199292863200753e-05,1.0929491454620468,0.0001746336629498611,False
786,5,4,1,3,-0.0013146139457748287,999.9986853860543,-0.00013146139457376194,0.7188578708223076,0.00046759606279401643,True
787,5,4,1,3,0.019603776954145027,1000.0196037769541,0.0019603776954113528,4.7886397584318035,0.0005174229399208863,False
788,5,4,2,2,0.005651567255084153,1000.0056515672551,0.0005651567255085865,2.2198614860260766,0.00033185702215815006,False
789,5,4,2,2,0.026487530325060706,1000.0264875303251,0.0026487530325084666,13.09248367925546,0.00017151948230775815,False
790,5,5,3,2,0.04316499770917129,1000.0431649977091,0.0043164997709141065,8.800541208414343,0.0003546809939962259,False
791,5,5,1,4,0.002965818108685749,1000.0029658181086,0.0002965818108577878,3.028435404427348,9.33518085275864e-05,False
792,5,5,3,2,0.028569187679236236,1000.0285691876792,0.0028569187679181596,18.57642775720776,0.00016254200146038067,False
793,5,4,3,1,0.06809666356509453,1000.0680966635651,0.006809666356514299,54.45331819871079,0.00012739183122855823,False
794,5,4,2,2,0.023801420588451055,1000.0238014205884,0.002380142058837009,6.615517004323106,0.0004238509218339459,False
795,5,4,1,3,-0.0003571307796060817,999.9996428692203,-3.571307796619294e-05,0.9330661241385307,0.00040861034560365643,True
796,5,5,2,3,0.022688837725032895,1000.0226888377251,0.002268883772512709,5.313750728526906,0.0005259507340915062,False
797,5,4,3,1,0.04400357075216894,1000.0440035707522,0.004400357075223838,12.108682655638496,0.0003961090507398914,False
798,5,5,4,1,0.005385635025080096,1000.005385635025,0.000538563502504985,6.55440779246276,9.696084621920608e-05,False
799,5,5,0,5,-0.010122945824197682,999.9898770541758,-0.0010122945824150521,0.0,0.0010122945824150521,True
800,5,4,3,1,0.048078950117907214,1000.0480789501179,0.004807895011788333,36.88750382358616,0.0001339682889339814,False
801,5,5,3,2,0.04805570033502479,1000.048055700335,0.004805570033499862,21.397299159431533,0.0002223279859686613,False
802,5,5,2,3,0.002657857192129228,1000.0026578571922,0.0002657857192161828,1.7245202250828104,0.0002206944278100309,False
803,5,5,3,2,0.04585963191982899,1000.0458596319199,0.00458596319199387,14.09560869936857,0.0003501827185399675,False
804,5,5,3,2,0.003239746522705721,1000.0032397465226,0.0003239746522581299,2.6959378996120273,0.00016503188368993432,False
805,5,3,2,1,0.008045351224410614,1000.0080453512245,0.000804535122449579,9.430100581045313,9.543600514234641e-05,False
806,5,5,4,1,0.05776218364774178,1000.0577621836479,0.005776218364792385,172.89858887150922,3.360150529922796e-05,False
807,5,4,2,2,0.007553913769784995,1000.0075539137698,0.0007553913769811515,3.609211298532208,0.00028950644372484574,False
808,5,5,3,2,0.04512517445323721,1000.0451251744531,0.004512517445311915,14.399087430283233,0.00033677782079345346,False
809,5,5,4,1,0.035483645904198766,1000.0354836459042,0.0035483645904150762,59.1468558642499,6.102418673208376e-05,False
810,5,5,3,2,0.02971748204149416,1000.0297174820415,0.002971748204151936,13.824272350004758,0.00023172098399070018,False
811,5,5,3,2,0.026699195857953304,1000.026699195858,0.0026699195857986524,13.014096870340568,0.00021759142052815152,False
812,5,4,1,3,-0.0023829604692673567,999.9976170395306,-0.00023829604693901272,0.22482054485909067,0.00023829604693901272,True
813,5,4,3,1,0.032980890668382244,1000.0329808906683,0.0032980890668341087,72.52992343122783,4.6106281369887474e-05,False
814,5,4,2,2,0.044119850776468204,1000.0441198507764,0.004411985077638292,18.578542374654354,0.00019665089919498,False
815,5,5,3,2,0.04408786572144523,1000.0440878657215,0.004408786572150802,19.78291344059823,0.00023471799111697038,False
816,5,4,3,1,0.04728066102012094,1000.0472806610201,0.004728066102006778,55.4687771333418,8.679905647910674e-05,False
817,5,5,3,2,0.024921477669660293,1000.0249214776696,0.002492147766963626,9.01420203528047,0.00017806856105835324,False
818,5,5,2,3,0.02240632690926971,1000.0224063269092,0.0022406326909163,5.995793759840078,0.0004484917806081225,False
819,5,5,3,2,0.02422395328748152,1000.0242239532874,0.002422395328744642,5.155625281382658,0.0005829159292553123,False
820,5,5,3,2,0.053147937075434776,1000.0531479370756,0.005314793707555054,38.91266619884146,0.00014017752732975163,False
821,5,5,2,3,0.02446767794427936,1000.0244676779444,0.0024467677944358,5.459788389803604,0.0005486286748464409,False
822,5,4,3,1,0.04905580242672821,1000.0490558024268,0.004905580242677843,27.255242614266194,0.0001868376480375794,False
823,5,4,1,3,0.00028986586799835314,1000.000289865868,2.8986586801238446e-05,1.088827742335167,0.0003263224196201399,False
824,5,5,4,1,0.07274360820158056,1000.0727436082016,0.007274360820156289,69.69199585735528,0.00010589293415475244,False
825,5,5,2,3,0.020538685433644188,1000.0205386854337,0.002053868543373483,5.392832366518242,0.0002786074976597774,False
826,5,5,4,1,0.06938798126794933,1000.069387981268,0.006938798126805068,30.968762268511085,0.00023151775723592277,False
827,5,5,2,3,0.018235544209163807,1000.0182355442091,0.0018235544209119325,3.8399532286575537,0.0006420913700037721,False
828,5,4,2,2,0.04554428311075883,1000.0455442831108,0.004554428311075753,29.56274861188727,0.00015944956348039178,False
829,5,5,1,4,-0.0013061458536301365,999.9986938541464,-0.00013061458536185454,0.28447021085677116,0.0001609641788710179,True
830,5,3,0,3,-0.003993147308543788,999.9960068526915,-0.00039931473085061956,0.0,0.00039931473085061956,True
831,5,5,3,2,0.05121648543374387,1000.0512164854338,0.005121648543376978,29.093432569171707,0.0001807777996200786,False
832,5,5,2,3,0.021797436049058764,1000.021797436049,0.0021797436049041607,9.2568386715698,0.0002545079424939335,False
833,5,5,2,3,0.008886236774390788,1000.0088862367744,0.0008886236774401368,6.676162814334365,6.818385691076401e-05,False
834,5,4,3,1,0.048016047615779975,1000.0480160476158,0.004801604761576073,33.93322192654676,0.0001457946731913768,False
835,5,5,2,3,0.024966734514647447,1000.0249667345147,0.002496673451469178,7.037545443076196,0.00022860763682501782,False
836,5,5,4,1,0.012442379893286514,1000.0124423798933,0.0012442379893286672,8.919930295448479,0.00015710139079910134,False
837,5,5,4,1,0.02798378240033878,1000.0279837824003,0.0027983782400269777,9.681408324415077,0.0003223316565564941,False
838,5,5,1,4,-0.0006769426232982921,999.9993230573767,-6.769426232722253e-05,0.8456151221978853,0.0004384756609250361,True
839,5,5,1,4,0.0002857074141517598,1000.0002857074142,2.8570741415023806e-05,1.0652437532265808,0.00029083828929112553,False
840,5,4,1,3,0.021350885430530306,1000.0213508854305,0.0021350885430479138,6.863377610587882,0.0003641305959552104,False
841,5,5,1,4,-0.005366768101406596,999.9946332318985,-0.000536676810145309,0.055973672296703345,0.000536676810145309,True
842,5,5,1,4,0.01994797846237885,1000.0199479784624,0.0019947978462369065,5.928455809582655,0.0003721262827630774,False
843,5,4,3,1,0.04977221287322001,1000.0497722128733,0.0049772212873335775,30.217057393704604,0.0001703445020880919,False
844,5,4,2,2,0.01922542730691646,1000.019225427307,0.001922542730699206,6.155993516737337,0.0003728667607960059,False
845,5,4,3,1,0.04987656198864102,1000.0498765619886,0.004987656198863988,87.00094574607655,5.7993833377478834e-05,False
846,5,5,4,1,0.027599736624358193,1000.0275997366243,0.0027599736624324576,10.936705543022066,0.00027774696678772577,False
847,5,5,3,2,0.06770775117420556,1000.0677077511742,0.006770775117422545,26.561395346535615,0.0002648705510579361,False
848,5,5,2,3,0.023826563746567893,1000.0238265637465,0.0023826563746524696,8.003380661716378,0.00024262141866321742,False
849,5,3,2,1,0.005159428162580777,1000.0051594281625,0.0005159428162528456,2.3494359096372817,0.0003823396224902353,False
850,5,4,3,1,0.025040085181160014,1000.0250400851811,0.002504008518110368,7.584014149366275,0.00038030542457460025,False
851,5,4,4,0,0.02748655613396713,1000.0274865561339,0.0027486556133908377,1000000000000.0,0.0,False
852,5,5,3,2,0.04701843063954626,1000.0470184306395,0.004701843063946853,11.053469089726546,0.00027808325207447283,False
853,5,5,2,3,-0.003804856940501153,999.9961951430595,-0.000380485694051913,0.23928203874006249,0.00047697230811536426,True
854,5,5,3,2,0.009482143747160584,1000.0094821437472,0.0009482143747163718,3.43885499411123,0.00024537192093632533,False
855,5,5,2,3,0.023440662510276707,1000.0234406625102,0.002344066251021104,5.1108390652204845,0.0004107991405021494,False
856,5,3,2,1,0.003541712621284148,1000.0035417126213,0.0003541712621313309,17.090464965699876,2.2011168137447636e-05,False
857,5,4,0,4,-0.00603831446515008,999.9939616855348,-0.0006038314465172334,0.0,0.0006038314465172334,True
858,5,5,2,3,-0.0021731149693686013,999.9978268850306,-0.00021731149694232955,0.6123399562477603,0.0005038292430847383,True
859,5,5,0,5,-0.011927566165155473,999.9880724338349,-0.0011927566165127247,0.0,0.0011927566165127247,True
860,5,3,2,1,0.02175182707337832,1000.0217518270733,0.0021751827073330787,10.90771902953773,0.00021954408974338637,False
861,5,5,1,4,-0.003556792780676699,999.9964432072193,-0.00035567927807278465,0.5863620747487595,0.0008598763871143642,True
862,5,5,2,3,-0.003127924327885571,999.9968720756721,-0.00031279243279414004,0.15134483140520197,0.00032875475270657264,True
863,5,5,3,2,0.027500777755830975,1000.0275007777559,0.0027500777755903984,5.92139441801043,0.0003698706176326093,False
864,5,4,1,3,-0.0013135525697093996,999.9986864474303,-0.000131355256974075,0.682063408496505,0.0002553237397137309,True
865,5,4,2,2,0.01972494833227574,1000.0197249483324,0.0019724948332395797,4.796900701657854,0.00048547229026780765,False
866,5,5,4,1,0.0592054585806214,1000.0592054585807,0.005920545858066361,157.6372515754883,3.779763446903158e-05,False
867,5,5,2,3,0.022892523085957232,1000.0228925230858,0.0022892523085829455,5.825320165077761,0.00041408570952251893,False
868,5,4,1,3,0.002115250612099706,1000.0021152506121,0.00021152506120643012,1.661513210668874,0.00019828607030317625,False
869,5,5,1,4,0.018172431404380657,1000.0181724314044,0.0018172431404423152,3.857450052884177,0.0006359667209608232,False
870,5,5,4,1,0.018666580225802008,1000.0186665802257,0.0018666580225726646,19322.801403671034,9.660709985971785e-08,False
871,5,5,5,0,0.060091065684035966,1000.060091065684,0.006009106568399147,1000000000000.0,0.0,False
872,5,3,2,1,0.025273355867849893,1000.0252733558679,0.0025273355867852843,36.344692656695045,7.150536561998822e-05,False
873,5,4,3,1,0.009964042982769487,1000.0099640429828,0.0009964042982801402,66.08897215952992,1.5308216741698834e-05,False
874,5,5,3,2,0.024245010996423583,1000.0242450109965,0.002424501099653753,7.899910665860261,0.00031662623903230266,False
875,5,4,3,1,0.003828136557752203,1000.0038281365578,0.000382813655778591,3.3844783321957803,0.00016054334420360745,False
876,5,5,3,2,0.026108164024742142,1000.0261081640248,0.002610816402477667,10.020351208059543,0.0002894287885522171,False
877,5,4,1,3,0.0004852047231782403,1000.0004852047231,4.85204723077004e-05,1.1145878649381524,0.0003605649434521662,False
878,5,5,3,2,0.026477047648364168,1000.0264770476484,0.002647704764842729,9.131234527920451,0.0002003112128101377,False
879,5,3,2,1,0.02529133379080074,1000.0252913337907,0.0025291333790733003,17.05661943199548,0.00015750920937659515,False
880,5,3,3,0,0.03298161818802982,1000.0329816181879,0.0032981618187932324,1000000000000.0,0.0,False
881,5,5,2,3,0.02517841010078688,1000.0251784101008,0.0025178410100807013,7.208322759503039,0.00040197566731876573,False
882,5,5,2,3,0.04426965142422633,1000.0442696514242,0.004426965142420158,12.106927596559245,0.0003985577009676853,False
883,5,3,1,2,0.003171822179635674,1000.0031718221796,0.00031718221796381844,2.4451125724477456,0.00013220667020049883,False
884,5,4,1,3,0.0016631620491599857,1000.0016631620492,0.00016631620492262302,1.4474007176804813,0.0003717387977758335,False
885,5,5,2,3,0.043238854938598165,1000.0432388549386,0.0043238854938636,15.199659481954727,0.00020097781604135891,False
886,5,5,2,3,0.004953254217799611,1000.0049532542179,0.0004953254217866743,1.9961766783393382,0.0003570311736690432,False
887,5,4,3,1,0.05142318877250064,1000.0514231887724,0.005142318877244634,119.57427242688304,4.3367779774472145e-05,False
888,5,5,1,4,0.01760133214741799,1000.0176013321474,0.00176013321473647,3.812506265669495,0.0005801661291116034,False
889,5,5,2,3,0.04264069446669158,1000.0426406944666,0.004264069446662688,11.640549784431547,0.00040073769994251055,False
890,5,5,3,2,0.02797045357226879,1000.0279704535722,0.0027970453572152107,6.926662413430551,0.000243043113610347,False
891,5,5,1,4,-0.0024173434002787617,999.9975826565998,-0.0002417343400225036,0.6946098131509647,0.0004679052500137004,True
892,5,5,1,4,-0.0003719555258144139,999.9996280444741,-3.71955525906742e-05,0.9179831932254261,0.00043115033113772454,True
893,5,4,2,2,0.021279411129122208,1000.0212794111291,0.0021279411129057737,8.889010718726778,0.00021600207178380516,False
894,5,3,2,1,0.024660224436843788,1000.0246602244368,0.0024660224436843237,45.691908083618365,5.517827610219683e-05,False
895,5,5,3,2,0.026578818307482207,1000.0265788183074,0.0026578818307370967,7.997643605556784,0.0002619833644727024,False
896,5,4,4,0,0.07440624376935438,1000.0744062437693,0.007440624376931737,1000000000000.0,0.0,False
897,5,4,1,3,0.017705525958878105,1000.0177055259588,0.0017705525958831457,3.902554176152934,0.0006099836008395429,False
898,5,4,2,2,0.005113136446791927,1000.0051131364469,0.0005113136446880162,2.25547171761353,0.00040726815068410367,False
899,5,4,1,3,0.016116196138246427,1000.0161161961381,0.0016116196138113994,4.011920077806873,0.0005350804710019475,False
900,5,5,4,1,0.01504881235180838,1000.0150488123518,0.0015048812351778906,20.93217976635732,7.550008342604997e-05,False
901,5,3,2,1,0.022077740745243643,1000.0220777407452,0.00220777407452033,18.11630030053285,0.00012898362652266585,False
902,5,4,1,3,0.01712267861616614,1000.017122678616,0.0017122678616033227,3.5226595045272258,0.0006787388146632282,False
903,5,4,3,1,0.03048468972932973,1000.0304846897293,0.0030484689729291855,16.12897130398555,0.00020149297931898417,False
904,5,4,2,2,0.022520415186099072,1000.0225204151861,0.002252041518613623,5.01175581794635,0.00036291922563765766,False
905,5,5,2,3,0.04351997437159506,1000.0435199743716,0.004351997437163391,9.333234366458049,0.00029679885284394913,False
906,5,5,1,4,-0.002140655013489665,999.9978593449865,-0.00021406550134770442,0.6769825643975483,0.0006627027441126121,True
907,5,5,2,3,0.020271536134084788,1000.0202715361341,0.002027153613414612,5.801824385087144,0.00024401781105325428,False
908,5,4,0,4,-0.007596988355092347,999.9924030116448,-0.0007596988355203394,0.0,0.0007596988355203394,True
909,5,5,3,2,0.02449354584405606,1000.0244935458439,0.002449354584393859,5.765496686393345,0.0005139746044677817,False
910,5,5,1,4,0.0001902436265328344,1000.0001902436265,1.9024362654818105e-05,1.0305625478466727,0.0003693625750997853,False
911,5,5,1,4,-0.001184066217019947,999.998815933783,-0.00011840662169788629,0.7460278874627043,0.0002508248849380834,True
912,5,3,1,2,0.022739119221933862,1000.0227391192219,0.002273911922191019,14.992915370152815,0.00014669891925682234,False
913,5,5,3,2,0.04165289881095818,1000.0416528988111,0.004165289881109402,16.739777895650736,0.0001908785793131497,False
914,5,5,4,1,0.03015762750901737,1000.030157627509,0.0030157627508970108,30.465724821591643,0.0001023454918860771,False
915,5,5,2,3,0.04588785072053366,1000.0458878507205,0.00458878507205327,28.62374786650904,0.00016610949797109332,False
916,5,5,2,3,0.025048123205460574,1000.0250481232055,0.0025048123205465346,8.333598493563176,0.0002905519534465384,False
917,5,5,3,2,0.03022811661955016,1000.0302281166196,0.003022811661958258,11.03769757568748,0.00016442873657069869,False
918,5,4,2,2,0.02212188292188993,1000.022121882922,0.002212188292196515,4.423420528949927,0.0006461769932128433,False
919,5,5,2,3,0.004402482729992742,1000.00440248273,0.00044024827300290784,1.973935797895788,0.00027912293746921524,False
920,5,4,3,1,0.008029925194854272,1000.0080299251949,0.0008029925194932729,3.166755246916913,0.00037059459186776625,False
921,5,5,1,4,-0.0017893642190070398,999.9982106357809,-0.00017893642191211257,0.7103137654836906,0.000617687744516547,True
922,5,5,3,2,0.023339619164887363,1000.0233396191649,0.002333961916485805,5.068085032627043,0.0005737082768451333,False
923,5,3,1,2,-0.0001782904231491223,999.9998217095768,-1.78290423150429e-05,0.952075361373253,0.0003720224674793826,True
924,5,5,4,1,0.054050323308882216,1000.054050323309,0.005405032330895665,64.76646988982681,8.476104622297496e-05,False
925,5,5,4,1,0.03456800831367743,1000.0345680083137,0.0034568008313726755,16.182983087905495,0.00022766760992023815,False
926,5,4,1,3,-0.0013957013982742426,999.9986042986017,-0.00013957013983372234,0.7273144744644219,0.0005118355275953945,True
927,5,5,2,3,0.02054261463327581,1000.0205426146332,0.0020542614633200173,5.090278913671221,0.00041301251167403825,False
928,5,5,4,1,0.09437617117408703,1000.0943761711741,0.009437617117407626,151.45559839597172,6.272534410707177e-05,False
929,5,5,3,2,0.04813195291644026,1000.0481319529164,0.00481319529163784,15.885386542968027,0.0002327381799887007,False
930,5,4,2,2,-0.002726468333109201,999.9972735316668,-0.00027264683332077765,0.2510032879907112,0.0003029502792034851,True
931,5,5,2,3,0.002646169051203572,1000.0026461690511,0.00026461690511041524,1.772999724678503,0.00017914347713830547,False
932,5,2,2,0,0.025529262753234173,1000.0255292627533,0.0025529262753252622,1000000000000.0,0.0,False
933,5,5,4,1,0.03406893394286405,1000.0340689339429,0.0034068933942876358,15.31706236949232,0.00023795249595729936,False
934,5,5,2,3,0.024324237846604906,1000.0243242378467,0.0024324237846713006,6.120195676368671,0.0003324124236655734,False
935,5,4,2,2,0.045420706372918444,1000.0454207063729,0.004542070637285178,17.6700774979605,0.0001471500551690751,False
936,5,5,2,3,0.002072318040013333,1000.00207231804,0.0002072318039950005,1.5312983016153683,0.0003900459042748069,False
937,5,4,3,1,0.05016595048259778,1000.0501659504826,0.005016595048255112,21.97152755333762,0.0002392087522318395,False
938,5,2,2,0,0.0062052127699406216,1000.0062052127699,0.0006205212769941681,1000000000000.0,0.0,False
939,5,4,1,3,0.0015127083160363227,1000.001512708316,0.0001512708315999589,1.6691090910295934,0.00012767688987196378,False
940,5,5,5,0,0.07525425303512567,1000.0752542530352,0.007525425303515477,1000000000000.0,0.0,False
941,5,4,0,4,-0.004337855185692854,999.9956621448143,-0.0004337855185667649,0.0,0.0004337855185667649,True
942,5,3,1,2,0.00045547489636954585,1000.0004554748963,4.5547489628461334e-05,1.1065984473968915,0.00023975716291269004,False
943,5,5,2,3,0.0039858006414777315,1000.0039858006415,0.0003985800641544302,1.6770759030230094,0.00034943415226291444,False
944,5,5,3,2,0.06762574562036919,1000.0676257456204,0.0067625745620375705,21.648561690772453,0.00020031790190291857,False
945,5,5,3,2,0.03088755718362853,1000.0308875571836,0.0030887557183632455,20.574679180598256,8.913559729535336e-05,False
946,5,5,2,3,0.01867074548811488,1000.0186707454882,0.001867074548817982,4.016065878609364,0.0006190276364787472,False
947,5,5,1,4,0.016909843708598736,1000.0169098437085,0.0016909843708504011,3.6557944282064434,0.0005066201568906955,False
948,5,3,0,3,-0.006143385532808245,999.9938566144673,-0.0006143385532709544,0.0,0.0006143385532709544,True
949,5,5,1,4,4.9571005244654093e-05,1000.0000495710053,4.957100532010372e-06,1.0120032652252853,0.00041297933781834215,False
950,5,4,1,3,0.01880004489132084,1000.0188000448913,0.0018800044891349897,4.849123410137054,0.0002984227878303388,False
951,5,5,3,2,0.048161112831745435,1000.048161112832,0.004816111283196279,18.0672936283717,0.00023654429632785967,False
952,5,4,2,2,0.043526953454167495,1000.0435269534543,0.004352695345426127,11.559995383105113,0.0004121772271620295,False
953,5,5,4,1,0.056190944811780275,1000.0561909448116,0.005619094481164666,70.61253632656712,8.071911806360922e-05,False
954,5,5,3,2,0.007047181269409268,1000.0070471812694,0.0007047181269399516,3.3159361999306096,0.0002893074996383652,False
955,5,4,3,1,0.06768656819291928,1000.0676865681928,0.006768656819281204,25.460504403331168,0.0002766982995996004,False
956,5,5,2,3,0.02323349724704546,1000.023233497247,0.002323349724701984,4.776599697325034,0.0004716271298207175,False
957,5,4,2,2,0.0010350280986940357,1000.0010350280986,0.00010350280986131111,1.2556763148813403,0.0004048195941327456,False
958,5,4,1,3,-0.0016542281633611885,999.9983457718366,-0.00016542281633746825,0.5802973315942384,0.00023815996549956254,True
959,5,4,2,2,0.006540606098917723,1000.0065406060988,0.0006540606098837999,3.00599233856106,0.00032605158212772157,False
960,5,5,1,4,0.016950878834406276,1000.0169508788343,0.0016950878834336436,3.505149285016296,0.0006766254177512437,False
961,5,5,4,1,0.05373557684945112,1000.0537355768495,0.005373557684947627,61.628349374234325,8.862884095801023e-05,False
962,5,4,2,2,0.0036396198038552135,1000.003639619804,0.00036396198039483356,4.445640851811548,8.609220836145265e-05,False
963,5,5,2,3,0.003382678090141514,1000.00338267809,0.00033826780900199084,1.501027829694282,0.0003079009215412043,False
964,5,3,1,2,0.0033701199558936277,1000.0033701199559,0.00033701199558890945,3.73020360055272,0.00012343784315637063,False
965,5,5,3,2,0.026328512368901078,1000.0263285123689,0.0026328512368877454,12.830638235696977,0.00013359551163341643,False
966,5,4,3,1,0.031262911000320796,1000.0312629110003,0.0031262911000339956,27.088418019298132,0.00011983055536747919,False
967,5,5,4,1,0.05268655411870544,1000.0526865541187,0.0052686554118736234,38.055012785131275,0.00014218135541227566,False
968,5,5,4,1,0.006818431685551532,1000.0068184316856,0.0006818431685587711,4.966696261360692,0.00017189195331184236,False
969,5,5,4,1,0.03159167201738968,1000.0315916720174,0.0031591672017384554,12.692662444037873,0.0002701762309428621,False
970,5,4,2,2,0.022114738551019166,1000.022114738551,0.0022114738550953915,7.172399896313043,0.0003582842803893982,False
971,5,5,3,2,0.04530916787506829,1000.0453091678752,0.004530916787518891,21.72673026440547,0.0002185922016187425,False
972,5,5,3,2,0.025326992574628785,1000.0253269925746,0.0025326992574605358,7.228752897657188,0.0002703388568193077,False
973,5,5,4,1,0.05815554223993966,1000.0581555422399,0.005815554223988784,36.15260425851876,0.00016543242793385954,False
974,5,4,1,3,0.018228104224667106,1000.0182281042247,0.0018228104224704113,4.315720900815495,0.0005497478457868964,False
975,5,3,1,2,0.0017757027100200645,1000.0017757027101,0.00017757027101197309,1.5026056764407918,0.0003532974987359648,False
976,5,5,3,2,0.022140324955481266,1000.0221403249553,0.002214032495533047,11.682021605300418,0.00020726217490728502,False
977,5,5,4,1,0.05007905452682025,1000.0500790545268,0.005007905452680462,26.913556331963743,0.000193249551053417,False
978,5,5,3,2,0.010842627860618284,1000.0108426278607,0.001084262786071122,4.570360677558639,0.00030368295569038625,False
979,5,5,1,4,0.017798677549993563,1000.01779867755,0.0017798677549990317,4.132501033188482,0.0005681938285533761,False
980,5,5,3,2,0.003948401380246673,1000.0039484013802,0.0003948401380171163,3.483929768584138,0.00015895780005100994,False
981,5,5,0,5,-0.010427464616755703,999.9895725353833,-0.0010427464616668658,0.0,0.0010427464616668658,True
982,5,4,2,2,0.004318820535446957,1000.0043188205354,0.0004318820535445411,2.1856161726221575,0.0003642662866070839,False
983,5,5,4,1,0.015907586383778392,1000.0159075863837,0.0015907586383718808,7.293830475551209,0.0002527477933583651,False
984,5,4,3,1,0.07206761328042927,1000.0720676132803,0.007206761328029643,73.52378135635175,9.936602629396776e-05,False
985,5,5,2,3,-0.00201573607412969,999.9979842639259,-0.000201573607409955,0.2724766348669242,0.00021979159839702334,True
986,5,5,1,4,0.01810970226076592,1000.0181097022607,0.0018109702260744598,4.711318777047629,0.0004514308984653326,False
987,5,4,3,1,0.029387138474711836,1000.0293871384747,0.0029387138474703534,25.728918754278375,0.00011883668877670451,False
988,5,5,2,3,-0.000650270157601548,999.9993497298424,-6.502701576209802e-05,0.8803555691262174,0.0002492764072974348,True
989,5,5,3,2,0.029505555453790647,1000.0295055554539,0.002950555545385214,15.589371916532714,0.00016214085277397317,False
990,5,5,3,2,0.006952270586651811,1000.0069522705867,0.0006952270586680242,3.983805140724887,0.00019186037215305048,False
991,5,4,2,2,-0.0005055875333679352,999.9994944124667,-5.0558753332552446e-05,0.8908030474206371,0.0004535030237274686,True
992,5,4,1,3,-0.0015147896406609946,999.9984852103593,-0.00015147896407370352,0.7192978963962748,0.000539643138131396,True
993,5,5,3,2,0.06877567001330231,1000.0687756700133,0.006877567001333773,26.500186463977318,0.00021563826413970236,False
994,5,5,2,3,0.04158633810546296,1000.0415863381056,0.004158633810561696,11.155092961988592,0.0002150605639371861,False
995,5,3,2,1,-0.000141964128668279,999.9998580358714,-1.4196412860201236e-05,0.8240976214954246,8.070614817913961e-05,True
996,5,3,2,1,0.00237004273891906,1000.0023700427389,0.00023700427389030662,2.16401048129713,0.0002036091886054048,False
997,5,5,3,2,0.02558843445754388,1000.0255884344574,0.002558843445740422,8.615806605632585,0.000194696117188076,False
998,5,5,4,1,0.03400176646820966,1000.0340017664682,0.003400176646823638,22.72346288782849,0.00015652093151174995,False
999,5,5,1,4,-0.001621886674665368,999.9983781133253,-0.00016218866746839922,0.7169737730640048,0.000573049370206599,True
1000,5,4,2,2,0.002358394302720201,1000.0023583943027,0.0002358394302746092,2.2087728357183956,9.93603392440494e-05,False
1001,5,4,1,3,0.019765991371351675,1000.0197659913714,0.001976599137140056,5.53998737106049,0.0003305571490159309,False
1002,5,5,3,2,0.0027268532563126144,1000.0027268532561,0.00027268532561492976,1.8443893730338536,0.00032293789375898997,False
1003,5,4,2,2,0.02530516038058328,1000.0253051603806,0.002530516038063979,17.802613844497106,0.00015060181863437057,False
1004,5,5,2,3,0.0018034319684725817,1000.0018034319684,0.00018034319683692956,1.6104427632469511,0.00020061512923348344,False
1005,5,5,3,2,0.06876904030854053,1000.0687690403084,0.006876904030843889,29.92214419093531,0.00015716223464548108,False
1006,5,4,1,3,0.018386992875530188,1000.0183869928755,0.0018386992875548457,5.315095898305077,0.00029445914929198037,False
1007,5,5,3,2,0.01942440683319823,1000.0194244068331,0.0019424406833081775,4.491694217135299,0.0003127606384685058,False
1008,5,5,2,3,0.024225796947431964,1000.0242257969476,0.002422579694757587,5.834107799740907,0.00038362304696650304,False
1009,5,5,3,2,0.030877990785713832,1000.0308779907857,0.003087799078571152,16.339391546437295,0.0001861661905159948,False
1010,5,5,4,1,0.05064930509034594,1000.0506493050904,0.005064930509036003,21.984222305243378,0.00024136296725201496,False
1011,5,5,2,3,0.020469094376390783,1000.0204690943764,0.002046909437638078,5.694153381760104,0.0004350650074457008,False
1012,5,5,4,1,0.04905362489686101,1000.0490536248968,0.00490536248968283,32.59117891053981,0.00015527284765433767,False
1013,5,5,3,2,0.004531224246047731,1000.0045312242461,0.00045312242460795457,2.0335834089288434,0.0004383955673479322,False
1014,5,5,1,4,-0.0005382613772389232,999.9994617386227,-5.382613773008415e-05,0.8876979278279323,0.0004555322220256042,True
1015,5,5,4,1,0.015616183297916756,1000.0156161832979,0.0015616183297879616,10.175589496283573,0.00017018975038405167,False
1016,5,4,2,2,0.023789697237163437,1000.0237896972371,0.002378969723713453,9.434723773024572,0.0002697191668744381,False
1017,5,4,2,2,0.004157988220231763,1000.0041579882203,0.0004157988220299557,2.154911076695763,0.00036002669851313844,False
1018,5,4,1,3,0.017283519255972928,1000.017283519256,0.001728351925601146,3.6177017336766117,0.0005489252243023657,False
1019,5,4,4,0,0.02903577641805274,1000.029035776418,0.0029035776418027126,1000000000000.0,0.0,False
1020,5,4,3,1,0.013573097344120018,1000.0135730973441,0.0013573097344078632,17.13177035865218,8.41389199194964e-05,False
1021,5,5,4,1,0.050615676990461794,1000.0506156769906,0.005061567699056013,85.07771602606037,6.019797765194654e-05,False
1022,5,5,3,2,0.06368195754550152,1000.0636819575456,0.006368195754555472,12.339093214806393,0.0005615887916749886,False
1023,5,5,2,3,0.022548506175580813,1000.0225485061754,0.0022548506175439796,5.795448396230057,0.0002505302324607328,False
1024,5,5,4,1,0.09367189199241091,1000.0936718919924,0.009367189199235782,41.489003261757176,0.00023132923553492087,False
1025,5,5,2,3,0.042104523108773724,1000.0421045231088,0.0042104523108832835,8.694204396500453,0.00044836380559445385,False
1026,5,5,3,2,0.009067453357680142,1000.0090674533576,0.0009067453357602062,3.1476475925220777,0.00028687506566387453,False
1027,5,5,4,1,0.09245370277116552,1000.0924537027712,0.00924537027711949,123.21815041024824,7.564282104889577e-05,False
1028,5,5,3,2,0.024910680209731792,1000.0249106802098,0.002491068020981402,6.665284268645929,0.000439707506779996,False
1029,5,3,2,1,0.024264286866069237,1000.024264286866,0.0024264286866014116,8.897690172775016,0.00030723270140242676,False
1030,5,4,1,3,0.02093830288268042,1000.0209383028828,0.002093830288276877,5.816505686547066,0.00032543367136200275,False
1031,5,4,3,1,0.026766490810538945,1000.0267664908105,0.0026766490810473443,12.938938870511297,0.00022418838616226558,False
1032,5,4,2,2,0.026197955476785696,1000.0261979554768,0.002619795547684589,25.32959178639568,0.00010767645089912957,False
1033,5,4,3,1,0.002367556050496532,1000.0023675560506,0.00023675560505580508,3.2140181802565384,0.00010693443868261503,False
1034,5,4,1,3,0.02132097398641681,1000.0213209739865,0.002132097398646238,7.524888163919744,0.000326755788153435,False
1035,5,5,1,4,0.01636887400964954,1000.0163688740097,0.0016368874009685898,3.11744635794743,0.0007730292424351417,False
1036,5,5,2,3,8.596887178787774e-05,1000.0000859688718,8.59688717582685e-06,1.0153673415333362,0.00033077145430979724,False
1037,5,4,2,2,0.026825889916043837,1000.026825889916,0.002682588991604007,7.4238235677649,0.0004175974673862528,False
1038,5,5,4,1,0.018329052097689452,1000.0183290520977,0.0018329052097669774,16.463211756237254,0.00011853221705968153,False
1039,5,4,3,1,0.028693944004550175,1000.0286939440045,0.0028693944004544395,14.942098529729916,0.0002058022681600748,False
1040,5,5,3,2,0.04804258559655054,1000.0480425855966,0.004804258559659047,23.110127902977222,0.00013351113281032668,False
1041,5,4,3,1,0.05260920520527994,1000.0526092052054,0.005260920520538548,426.8557849620033,1.2353167446313078e-05,False
1042,5,5,3,2,0.027126098472377937,1000.0271260984724,0.00271260984724222,20.533793534069996,0.00013886753960150599,False
1043,5,5,3,2,0.026185383750369884,1000.0261853837504,0.002618538375043045,11.384746843517537,0.00025215235522182413,False
1044,5,5,2,3,0.00476358123289635,1000.0047635812329,0.00047635812328508106,2.2464516075612937,0.00020474460337002,False
1045,5,4,1,3,-0.004250008940635644,999.9957499910593,-0.00042500089407440097,0.14441149336502102,0.0004967348040618592,True
1046,5,5,2,3,0.026379922904671237,1000.0263799229048,0.002637992290476632,7.830195570496136,0.0003862151690785085,False
1047,5,4,1,3,-0.002011912184195024,999.9979880878158,-0.0002011912184229914,0.6691663047526399,0.00060813152523362,True
1048,5,2,1,1,0.02389689621334498,1000.0238968962134,0.0023896896213386754,14.92486392570105,0.0001716131399234655,False
1049,5,4,3,1,0.02794021763835315,1000.0279402176385,0.0027940217638501965,39.43626602475207,7.269024695367102e-05,False
1050,5,5,2,3,0.0017471588229237898,1000.0017471588229,0.00017471588229227563,1.4451212806945444,0.00035422737322939334,False
1051,5,5,1,4,-0.003151817830679416,999.9968481821693,-0.0003151817830712389,0.5985266056430321,0.0005768105357128679,True
1052,5,4,3,1,0.04745536549055048,1000.0474553654906,0.004745536549057761,1400.5838021683116,3.390676954495575e-06,False
1053,5,5,2,3,0.019502797713770056,1000.0195027977138,0.001950279771381247,5.46857836329916,0.00043436952621536007,False
1054,5,5,3,2,0.03323355880440497,1000.0332335588046,0.003323355880456802,12.35632542656595,0.0002926343409431696,False
1055,5,3,2,1,0.04696641253157966,1000.0469664125317,0.004696641253167399,30.04813762552708,0.00016168476319080582,False
1056,5,5,0,5,-0.004920589405618143,999.9950794105944,-0.0004920589405628562,0.0,0.0004920589405628562,True
1057,5,5,4,1,0.051150156501276266,1000.0511501565012,0.005115015650119403,34.54802515312222,0.0001524604267596338,False
1058,5,5,4,1,0.013296526651297602,1000.0132965266514,0.0013296526651402018,33.08097214363184,4.144661421889381e-05,False
1059,5,4,1,3,0.017535825471118306,1000.0175358254712,0.0017535825471213687,3.7673771312697015,0.0004986959037069028,False
1060,5,4,2,2,0.02024254734957733,1000.0202425473497,0.0020242547349653248,5.094253667923108,0.000494401157366955,False
1061,5,4,2,2,0.002512178961969448,1000.002512178962,0.00025121789619788617,2.1734456879914235,0.00014115364571125612,False
1062,5,5,3,2,0.013038514847117705,1000.013038514847,0.0013038514847039551,10.43901037813179,0.00013813234983351032,False
1063,5,4,2,2,0.02228138202990377,1000.02228138203,0.002228138202997343,12.109861080562363,0.00012208588736677036,False
1064,5,4,1,3,-0.0006037395116613642,999.9993962604883,-6.037395116891276e-05,0.882161977508491,0.0005123446322096037,True
1065,5,5,3,2,0.029088215202960906,1000.029088215203,0.0029088215203046273,17.972934929171213,0.00017137564070505445,False
1066,5,4,1,3,-0.0012478082807207162,999.9987521917193,-0.00012478082807092504,0.7629954169534523,0.0003551109909608385,True
1067,5,3,0,3,-0.003631888702023654,999.9963681112979,-0.0003631888702102515,0.0,0.0003631888702102515,True
1068,5,4,3,1,0.03255352247554001,1000.0325535224755,0.003255352247549581,45.356865844942234,7.338963675662694e-05,False
1069,5,5,2,3,0.023878811595102432,1000.0238788115951,0.0023878811595068328,4.876280608685736,0.0006160238126653895,False
1070,5,4,2,2,0.002061499024953147,1000.0020614990249,0.0002061499024875957,1.3074326830416862,0.0006705529823875622,False
1071,5,5,0,5,-0.009223579383542608,999.9907764206164,-0.0009223579383615287,0.0,0.0009223579383615287,True
1072,5,5,4,1,0.0043322142755268704,1000.0043322142755,0.00043322142754504973,2.21153206240068,0.0003575787939899263,False
1073,5,3,2,1,0.021640153485573337,1000.0216401534855,0.0021640153485464,26.455664663487095,8.500923896951167e-05,False
1074,5,5,2,3,0.039446394236856,1000.0394463942368,0.003944639423684748,8.249950040033657,0.0005334674091206092,False
1075,5,3,1,2,0.003488042968317444,1000.0034880429683,0.00034880429683425973,2.548076286124397,0.00022531466953523704,False
1076,5,4,3,1,0.028794907521990157,1000.028794907522,0.0028794907521955794,36.87545661174577,8.026352900287747e-05,False
1077,5,5,1,4,-0.003568132462012679,999.9964318675379,-0.0003568132462078211,0.4991493381821989,0.0007124144448766856,True
1078,5,4,2,2,0.020624960635807234,1000.0206249606358,0.00206249606358142,4.2085137490914235,0.00034630857051628605,False
1079,5,5,1,4,-9.987417717318689e-05,999.9999001258229,-9.987417706724955e-06,0.9828244817361588,0.000392081108801705,True
1080,5,5,1,4,-0.0020325796991019383,999.9979674203008,-0.00020325796991755852,0.6215258492071273,0.0002851909717833223,True
1081,5,5,5,0,0.0991110229018356,1000.0991110229019,0.00991110229018659,1000000000000.0,0.0,False
1082,5,5,4,1,0.033446773705200675,1000.0334467737052,0.003344677370523641,13.483205992475805,0.00026793302581247714,False
1083,5,4,1,3,0.0010993805684066914,1000.0010993805685,0.00010993805684620383,1.3571573063462612,0.0003078128197842607,False
1084,5,4,1,3,0.0017729010218923984,1000.0017729010219,0.00017729010219227347,1.403010408776038,0.0004399117345135272,False
1085,5,3,1,2,0.02334536436924242,1000.0233453643692,0.002334536436922008,11.977495217976522,0.00014882682288543946,False
1086,5,5,4,1,0.05276290723127529,1000.0527629072312,0.005276290723122657,418.5608369599851,1.263561973521868e-05,False
1087,5,5,4,1,0.03333557399914959,1000.0333355739992,0.003333557399923848,257.5555608367459,1.299339711030404e-05,False
1088,5,3,3,0,0.009814983474594698,1000.0098149834745,0.0009814983474484506,1000000000000.0,0.0,False
1089,5,4,1,3,-0.002210949543313802,999.9977890504567,-0.00022109495432687257,0.11993496650641067,0.00024767015746647304,True
1090,5,4,1,3,-0.004203477137456826,999.9957965228624,-0.00042034771375938363,0.030052908460692872,0.0004333717402488225,True
1091,5,5,4,1,0.07424962598897973,1000.074249625989,0.00742496259889549,75.95702453566632,9.90562611718815e-05,False
1092,5,5,1,4,-0.0037273922518330045,999.9962726077482,-0.0003727392251789752,0.38479427063100974,0.0006058759507451556,True
1093,5,5,1,4,-0.0032511866587864053,999.9967488133412,-0.0003251186658758343,0.1913528415938815,0.0003251186658758343,True
1094,5,4,2,2,0.0027421911517177258,1000.0027421911517,0.00027421911516967157,2.1936316974637884,0.00022973395715418556,False
1095,5,5,2,3,0.041939209412163475,1000.0419392094122,0.0041939209412248605,7.797323716023952,0.0002731439242829313,False
1096,5,4,2,2,0.025365602855593927,1000.0253656028556,0.0025365602855572434,15.446135596640561,0.00017558269997352196,False
1097,5,5,3,2,0.04570684522728679,1000.0457068452274,0.00457068452274143,9.621916440915683,0.0003286888158754664,False
1098,5,5,2,3,0.017859416596816384,1000.0178594165969,0.0017859416596934352,4.592245079214879,0.0004937891394206417,False
1099,5,5,2,3,-0.0003587059158602856,999.9996412940843,-3.587059156870964e-05,0.942479680140062,0.0006215054773856532,True
1100,5,5,3,2,0.02633141435659204,1000.0263314143566,0.002633141435660491,6.831702504813066,0.000451520014330294,False
1101,5,4,2,2,0.0024983271331252043,1000.0024983271331,0.00024983271331393555,1.8709775644358226,0.00028684144941561505,False
1102,5,4,1,3,-0.006230901729259875,999.9937690982707,-0.0006230901729281868,0.1396221265676247,0.0007242052500032514,True
1103,5,4,2,2,0.04159954288536099,1000.0415995428854,0.004159954288536483,10.486252048290012,0.0003379193559785014,False
1104,5,5,2,3,0.007079228830470298,1000.0070792288305,0.0007079228830548345,3.1583547851095206,0.0003279918982343588,False
1105,5,5,2,3,0.020391381103077682,1000.020391381103,0.0020391381102967897,4.9200410030221935,0.0004746330695781564,False
1106,5,5,2,3,0.04120810092659921,1000.0412081009265,0.004120810092649663,8.075789938330981,0.0005823816321026243,False
1107,5,3,1,2,-0.0006419861186068288,999.9993580138814,-6.41986118580462e-05,0.06915214405822673,6.896788598479324e-05,True
1108,5,4,1,3,-0.0004774211713736683,999.9995225788286,-4.774211713538534e-05,0.9115652030234833,0.0003935216650802431,True
1109,5,5,3,2,0.023926170184388248,1000.0239261701844,0.002392617018438159,5.827174259240308,0.0004956558205549299,False
1110,5,5,5,0,0.04170212898680325,1000.0417021289868,0.004170212898679892,1000000000000.0,0.0,False
1111,5,5,3,2,0.04982835928607692,1000.049828359286,0.0049828359286038905,17.340350807859963,0.0001740367485922434,False
1112,5,5,1,4,-0.0027835859590921493,999.997216414041,-0.0002783585959036827,0.5044733515475973,0.0005617413472138682,True
1113,5,4,2,2,0.006231569979342965,1000.0062315699794,0.0006231569979377128,3.220997558876665,0.0002805737191602737,False
1114,5,3,2,1,0.04240107323478246,1000.0424010732348,0.004240107323482789,11.99910203505734,0.00038549577137700906,False
1115,5,4,2,2,0.005984989561634193,1000.0059849895617,0.0005984989561738985,2.818362339836392,0.00032913869319525053,False
1116,5,4,3,1,0.047200410052486756,1000.0472004100525,0.004720041005248277,23.85648425350489,0.00020650289185749696,False
1117,5,4,4,0,0.0585948862037665,1000.0585948862038,0.0058594886203763965,1000000000000.0,0.0,False
1118,5,5,2,3,0.0005165687520858741,1000.0005165687521,5.165687521184737e-05,1.0928456754738447,0.0004682611741892693,False
1119,5,5,3,2,0.028269872040808025,1000.0282698720408,0.002826987204082343,8.018866550991401,0.0002498534242135975,False
1120,5,5,2,3,0.0006263123070217999,1000.000626312307,6.263123069629727e-05,1.1601274245713538,0.00039113248581885805,False
1121,5,4,1,3,0.012270218397566892,1000.0122702183976,0.0012270218397588907,2.1366332565317947,0.0006631283678871114,False
1122,5,5,2,3,0.023620125163097402,1000.0236201251631,0.0023620125163120067,5.834814225871623,0.000254283647050958,False
1123,5,4,1,3,-0.0007338158971526097,999.9992661841029,-7.33815897092427e-05,0.38143230040153986,8.475597743443206e-05,True
1124,5,3,2,1,0.024298372049414322,1000.0242983720494,0.0024298372049429418,119.63842983566475,2.0481019406359118e-05,False
1125,5,5,2,3,0.00026663376026904613,1000.0002666337602,2.6663376024771425e-05,1.0595351145902319,0.00028638345621908543,False
1126,5,5,0,5,-0.00994129446001333,999.9900587055399,-0.0009941294460077189,0.0,0.0009941294460077189,True
1127,5,5,2,3,0.0020463730249811033,1000.0020463730249,0.00020463730248820866,1.328886724579311,0.000320108429798438,False
1128,5,4,2,2,0.005669205245174989,1000.0056692052452,0.0005669205245226294,3.1909366602760607,0.00025875714929952666,False
1129,5,5,2,3,0.02055664447785328,1000.0205566444778,0.0020556644477778717,3.7500086227556926,0.0004237369858305711,False
1130,5,5,4,1,0.05133776913465611,1000.0513377691346,0.005133776913464771,22.015789693969708,0.0002442702685227002,False
1131,5,5,2,3,0.023648181067006634,1000.0236481810671,0.0023648181067073893,5.997799123581714,0.00047315847171948726,False
1132,5,3,2,1,0.02131964014864545,1000.0213196401486,0.0021319640148590225,7.511205164930062,0.0003274219639495655,False
1133,5,5,3,2,0.052402996666875486,1000.052402996667,0.0052402996666955914,37.42288909689052,0.00011482699899346209,False
1134,5,4,2,2,0.026429035477504585,1000.0264290354775,0.0026429035477463004,9.696438786263501,0.00027233452910159473,False
1135,5,4,3,1,0.006174772583787828,1000.0061747725837,0.0006174772583676713,5.442227841103646,0.00013900155522621234,False
1136,5,4,3,1,0.026101739034410473,1000.0261017390344,0.002610173903440227,10.69012017064726,0.00026935785680010115,False
1137,5,5,2,3,0.04071565330791458,1000.0407156533079,0.004071565330787052,7.569338771399013,0.00032259314065195767,False
1138,5,5,3,2,0.02932379016066253,1000.0293237901608,0.002932379016078812,21.53836997869279,7.509950467205735e-05,False
1139,5,5,1,4,-0.0016241580593585525,999.9983758419405,-0.00016241580594851258,0.3415909559710191,0.00024667897648029773,True
1140,5,5,2,3,0.0011514812409146172,1000.0011514812409,0.00011514812408677244,1.430057543976885,0.0001953060095167327,False
1141,5,4,1,3,0.0027873506670913935,1000.0027873506671,0.00027873506670630374,1.9436812323373882,0.00029536993760075346,False
1142,5,5,1,4,0.020450923524806364,1000.0204509235248,0.002045092352477695,6.533849290365058,0.0003010133317843611,False
1143,5,4,3,1,0.02824679392894718,1000.0282467939288,0.002824679392881535,43.15201511202154,6.700979079918275e-05,False
1144,5,4,2,2,0.003234276438470759,1000.0032342764384,0.00032342764384338805,1.9437388530427964,0.00034270883603539917,False
1145,5,3,3,0,0.009092230750992478,1000.009092230751,0.0009092230750979979,1000000000000.0,0.0,False
1146,5,5,3,2,0.04785843250088567,1000.047858432501,0.004785843250101607,13.965618361941095,0.0003690989832345228,False
1147,5,5,3,2,0.04424526495199495,1000.044245264952,0.004424526495199643,19.52490673417088,0.00023884196709213264,False
1148,5,4,1,3,0.018440807378303677,1000.0184408073783,0.0018440807378283352,5.180731440640019,0.0003579391801622478,False
1149,5,5,0,5,-0.010716603543962203,999.989283396456,-0.0010716603543983183,0.0,0.0010716603543983183,True
1150,5,5,2,3,0.026428590797113648,1000.0264285907972,0.0026428590797195283,14.561534119374834,0.00014081607282957634,False
1151,5,4,3,1,0.009039864007590962,1000.0090398640076,0.0009039864007604592,19.224709635691877,4.960176587202445e-05,False
1152,5,4,3,1,0.05077458561481877,1000.0507745856149,0.005077458561493131,47.02282948545027,0.00011032478050765349,False
1153,5,4,3,1,0.024665788034148366,1000.0246657880341,0.0024665788034099025,10.303992458603721,0.0002651024747687415,False
1154,5,5,2,3,0.021689926242475583,1000.0216899262424,0.002168992624240218,5.209131534086608,0.0004164393472385725,False
1155,5,5,1,4,-0.00230028920495208,999.9976997107949,-0.00023002892050953962,0.6835162309608156,0.0007268269118412718,True
1156,5,5,2,3,0.023528218784829046,1000.0235282187848,0.0023528218784804266,14.403661301892516,0.00017553576037698804,False
1157,5,4,3,1,0.012353303833273509,1000.0123533038334,0.001235330383337896,12.586303865770025,0.00010661937586455812,False
1158,5,4,2,2,0.001775595627776377,1000.0017755956278,0.000177559562780516,1.5224640384431902,0.00023448689259068285,False
1159,5,5,3,2,0.0498605897037458,1000.0498605897036,0.0049860589703598635,49.302561968945504,9.043290796063329e-05,False
1160,5,5,3,2,0.025290454157304635,1000.0252904541572,0.00252904541572434,8.176395843032418,0.00025921219301309844,False
1161,5,3,2,1,0.027940256135516407,1000.0279402561356,0.00279402561355937,125.31716711475744,2.2474978140962776e-05,False
1162,5,3,3,0,0.009990479702468512,1000.0099904797025,0.0009990479702537414,1000000000000.0,0.0,False
1163,5,5,3,2,0.03333569201252355,1000.0333356920125,0.0033335692012542496,30.547558292902906,0.00011281657470153059,False
1164,5,5,1,4,0.017777242930342448,1000.0177772429304,0.0017777242930378633,4.425499895593754,0.0004900366231822773,False
1165,5,5,4,1,0.0310602730755475,1000.0310602730757,0.0031060273075695474,10.163886779794428,0.00033893048229669085,False
1166,5,4,4,0,0.025970136876240925,1000.0259701368761,0.0025970136876139805,1000000000000.0,0.0,False
1167,5,5,3,2,0.023318219253867335,1000.023318219254,0.002331821925395161,5.417580967965649,0.0005265958276590839,False
1168,5,4,2,2,0.027213476822345206,1000.0272134768225,0.002721347682245323,18.490014021051564,0.00010264115214566088,False
1169,5,5,4,1,0.07487639143602579,1000.0748763914361,0.007487639143607793,76.31686396937616,9.940763197730128e-05,False
1170,5,5,3,2,0.026355502924264283,1000.0263555029243,0.002635550292427524,13.093694190245461,0.00012823092415601423,False
1171,5,4,2,2,0.02337707515782144,1000.0233770751578,0.00233770751577822,49.76307047999374,4.7940121339706815e-05,False
1172,5,5,1,4,-0.0011511278189542335,999.998848872181,-0.00011511278189573204,0.8156544574749772,0.00039304321703639286,True
1173,5,5,2,3,0.023973901911653953,1000.0239739019115,0.0023973901911517716,6.6131554990830255,0.000427089981638424,False
1174,5,5,4,1,0.052753739046205735,1000.0527537390462,0.005275373904623848,21.765492332826224,0.000254033223621344,False
1175,5,4,3,1,0.023702908306282973,1000.0237029083063,0.002370290830629074,8.34945309469098,0.0003225125461881362,False
1176,5,4,0,4,-0.00398329298839873,999.9960167070116,-0.0003983292988436915,0.0,0.0003983292988436915,True
1177,5,5,2,3,0.0021109327294442327,1000.0021109327295,0.00021109327294652756,1.6745999131279463,0.00015914039944391335,False
1178,5,4,1,3,0.017660608737384835,1000.0176606087374,0.0017660608737401161,3.8986447655810266,0.0006092712341683182,False
1179,5,4,1,3,-0.005374322609274994,999.9946256773908,-0.0005374322609213777,0.023074639306267068,0.0005374322609213777,True
1180,5,5,2,3,-0.0019128761664007857,999.9980871238336,-0.00019128761664433114,0.6841285768554819,0.0005639516478744678,True
1181,5,5,1,4,-0.0035325057301725683,999.9964674942698,-0.00035325057301633934,0.5343621566543798,0.0007586380232282863,True
1182,5,5,2,3,0.023273226521952257,1000.023273226522,0.0023273226521951075,6.368244733050686,0.0003177436355448516,False
1183,5,5,1,4,-0.004601216848594571,999.9953987831515,-0.0004601216848527656,0.4477201136231745,0.0008331313455528288,True
1184,5,5,1,4,0.018285968333766455,1000.0182859683338,0.0018285968333771052,4.619649527619033,0.0005051743670078003,False
1185,5,5,1,4,-0.005165722385361776,999.9948342776146,-0.0005165722385413573,0.16972469757950592,0.0005165722385413573,True
1186,5,5,1,4,0.020853315979481833,1000.0208533159795,0.00208533159794797,7.656129744268195,0.00029386209752146897,False
1187,5,4,2,2,0.0210197740013528,1000.0210197740013,0.0021019774001274525,6.814766880846525,0.0002385102495881019,False
1188,5,4,3,1,0.048906575678502866,1000.0489065756785,0.0048906575678529405,14.506036359627936,0.00036210901834010656,False
1189,5,4,2,2,0.002628065000559661,1000.0026280650005,0.0002628065000521929,2.1319524674410375,0.00019096951421033738,False
1190,5,5,2,3,-0.0013326812799711448,999.99866731872,-0.00013326812800187326,0.7157476562400984,0.0004229816091196881,True
1191,5,5,1,4,0.01891970099208015,1000.0189197009922,0.0018919700992228172,5.333062113953341,0.0003773696631355961,False
1192,5,5,0,5,-0.008615563854273738,999.9913844361457,-0.0008615563854277752,0.0,0.0008615563854277752,True
1193,5,5,2,3,0.04128859931445861,1000.0412885993145,0.004128859931449825,9.542962186610355,0.00019902245596767898,False
1194,5,4,2,2,0.007114427367558653,1000.0071144273677,0.0007114427367696408,3.5165718759505764,0.0002827018340657974,False
1195,5,5,1,4,0.0007096569777918157,1000.0007096569777,7.096569777331752e-05,1.1746879864047397,0.00038597712300736555,False
1196,5,5,2,3,0.0013115143709738937,1000.001311514371,0.00013115143709683253,1.4124774972710794,0.0002878922447621335,False
1197,5,3,1,2,0.018664349740911447,1000.0186643497409,0.0018664349740902255,5.394850993297952,0.00042467701763158373,False
1198,5,5,2,3,0.026077115622333707,1000.0260771156223,0.0026077115622342717,11.377308102815723,0.00021707754897196674,False
1199,5,4,2,2,0.018709735812162686,1000.0187097358122,0.0018709735812194594,4.802166511368867,0.0004920695184988038,False
1200,5,4,2,2,0.005682971611429048,1000.0056829716115,0.0005682971611463472,6.223834357537835,0.00010878854006526631,False
1201,5,4,1,3,-0.00041978823251059946,999.9995802117676,-4.1978823242061486e-05,0.9163819920066154,0.00032452536524942845,True
1202,5,5,2,3,0.01760264517405941,1000.017602645174,0.0017602645173951713,3.486269855162512,0.0004580162009233391,False
1203,5,5,4,1,0.057180578715612176,1000.0571805787156,0.0057180578715588124,19.038567760090604,0.0003169810405395786,False
1204,5,4,2,2,0.0009215574699073729,1000.00092155747,9.215574699510398e-05,1.3779982931985562,0.00024379937329968015,False
1205,5,5,0,5,-0.005950149162428667,999.9940498508375,-0.0005950149162458728,0.0,0.0005950149162458728,True
1206,5,5,2,3,0.0442838796243605,1000.0442838796245,0.004428387962445868,11.677469312485098,0.00030543721577491257,False
1207,5,5,4,1,0.029213082450104285,1000.0292130824502,0.0029213082450155526,130.85128764026877,2.249733751114036e-05,False
1208,5,5,1,4,0.01856472657663855,1000.0185647265766,0.0018564726576641988,4.510457794391496,0.0005288406146405577,False
1209,5,5,2,3,-0.0017129334334350915,999.9982870665665,-0.00017129334335095337,0.704882790662091,0.0003376460608096641,True
1210,5,4,2,2,0.024596591398562347,1000.0245965913987,0.002459659139867654,11.913315914462919,0.0002253814660093667,False
1211,5,4,2,2,0.002120002368868196,1000.002120002369,0.00021200023689971206,1.538026734969038,0.0002924379050572041,False
1212,5,5,1,4,-0.001512791261969501,999.998487208738,-0.00015127912620300777,0.7439901593707946,0.00046149002514793636,True
1213,5,5,2,3,0.00396580460763583,1000.0039658046076,0.0003965804607560131,1.6121443861924991,0.00033586970326950907,False
1214,5,4,1,3,-0.002884592281774097,999.9971154077182,-0.0002884592281816367,0.5196206454683473,0.00034922497402271446,True
1215,5,4,3,1,0.030250469364000537,1000.030250469364,0.003025046936397757,32.23553198903855,9.684601782738151e-05,False
1216,5,4,2,2,0.007227913297806044,1000.0072279132977,0.0007227913297697342,3.5065029960551124,0.00023116388275464298,False
1217,5,4,3,1,0.0259268273096404,1000.0259268273097,0.002592682730971774,9.285013162010113,0.0003129287918532888,False
1218,5,5,2,3,-0.004083577068794191,999.9959164229313,-0.0004083577068740851,0.1311964894865891,0.0004083577068740851,True
1219,5,3,1,2,-0.004154976261817845,999.9958450237382,-0.00041549762618160464,0.037105911644155616,0.0004315090981170764,True
1220,5,4,2,2,0.023777110475998623,1000.023777110476,0.002377711047597586,6.413746450672401,0.00043918644752864543,False
1221,5,5,3,2,0.030613764160874867,1000.030613764161,0.0030613764160989376,12.714240576017312,0.00023371997908063782,False
1222,5,5,1,4,0.015213143941620403,1000.0152131439415,0.0015213143941537055,3.0441566923948087,0.0005758449674203803,False
1223,5,4,2,2,0.005128352505264895,1000.0051283525053,0.0005128352505266775,2.3868351847701192,0.00036978491013305086,False
1224,5,5,3,2,0.030455370300595277,1000.0304553703005,0.0030455370300501274,11.273238602586012,0.0002964534503576033,False
1225,5,5,3,2,0.05004477675849804,1000.0500447767585,0.005004477675845465,14.98419890577485,0.0003578474081090329,False
1226,5,3,3,0,0.026101022584368715,1000.0261010225844,0.0026101022584384737,1000000000000.0,0.0,False
1227,5,5,1,4,0.019519084276000763,1000.0195190842761,0.0019519084276112151,4.741722355319136,0.0005216475092518971,False
1228,5,5,4,1,0.0732351898243451,1000.0732351898245,0.007323518982445877,101.31283601049385,7.300478395915716e-05,False
1229,5,5,2,3,0.01760850600183946,1000.0176085060019,0.0017608506001920432,3.780811498007693,0.0005836840836441549,False
1230,5,5,2,3,-0.0016480095645395943,999.9983519904354,-0.00016480095646329574,0.41892531123212423,0.0002836137313099582,True
1231,5,5,0,5,-0.006829428326490179,999.9931705716734,-0.0006829428326568631,0.0,0.0006829428326568631,True
1232,5,4,3,1,0.034813210988129575,1000.0348132109881,0.0034813210988090763,73.47162222223226,4.8036471826156134e-05,False
1233,5,5,3,2,0.007119906241856006,1000.0071199062418,0.0007119906241769059,2.555937215284029,0.00040045239966759474,False
1234,5,4,2,2,0.0023009328235538426,1000.0023009328236,0.00023009328235730207,1.609040084580671,0.00019120592858143937,False
1235,5,5,4,1,0.04973130191526633,1000.0497313019152,0.0049731301915244336,26.150633299376025,0.0001977292306379566,False
1236,5,5,4,1,0.016433678413569977,1000.0164336784135,0.0016433678413477538,13.594507153388397,0.0001304810608491285,False
1237,5,5,3,2,0.002757042706054343,1000.0027570427061,0.0002757042706093671,1.6773315066371597,0.0002583424869945585,False
1238,5,5,2,3,0.0047317118576367416,1000.0047317118576,0.00047317118576302165,2.0765531572594673,0.0004395242190980753,False
1239,5,4,1,3,-0.00510398597991857,999.99489601402,-0.0005103985979985737,0.07239328722021096,0.0005103985979985737,True
1240,5,5,2,3,0.008273377185958657,1000.008273377186,0.000827337718601484,3.7251861515131606,0.00024175977966285056,False
1241,5,5,3,2,0.04895242843495064,1000.0489524284351,0.00489524284350864,12.792060496968848,0.0002352296621485936,False
1242,5,4,2,2,0.0028284851834004393,1000.0028284851834,0.0002828485183385965,3.7037837491209173,0.00010461210828225376,False
1243,5,5,2,3,0.04564890073745354,1000.0456489007374,0.0045648900737433,12.317187442677506,0.00020059004059476136,False
1244,5,4,1,3,0.0020057264938804983,1000.0020057264938,0.000200572649384867,1.8339610044209895,0.00024050602885381523,False
1245,5,5,2,3,0.023820244425669764,1000.0238202444257,0.002382024442567854,6.997189720066575,0.0003971790712048248,False
1246,5,5,3,2,0.021489168276321215,1000.0214891682764,0.002148916827638914,4.803928739538069,0.00034549263367454646,False
1247,5,1,0,1,-0.0033068678420469597,999.9966931321579,-0.000330686784207046,0.0,0.000330686784207046,True
1248,5,5,2,3,0.0170055318012614,1000.0170055318013,0.0017005531801260077,3.8517768753548602,0.0005963134883620341,False
1249,5,5,3,2,0.026724581673640977,1000.0267245816735,0.0026724581673533976,12.337451222883242,0.00012484998610997605,False
1250,5,4,1,3,-0.004909609482066731,999.9950903905179,-0.0004909609482069754,0.03878346653040855,0.0004909609482069754,True
1251,5,5,2,3,0.02065349480716261,1000.0206534948072,0.002065349480722034,5.770263244182649,0.00033651290200396037,False
1252,5,5,3,2,0.025845397945922118,1000.025845397946,0.002584539794600005,7.487653837512726,0.0002168738266881701,False
1253,5,4,3,1,0.030696087629819246,1000.0306960876298,0.0030696087629848985,38.626403600447,8.15786719718783e-05,False
1254,5,5,2,3,-0.0007921395701764402,999.9992078604299,-7.921395700805078e-05,0.7737610639037114,0.0003501331104977746,True
1255,5,5,3,2,0.008746578861369737,1000.0087465788613,0.0008746578861291711,2.9822545589836356,0.00024627985095177326,False
1256,5,4,2,2,0.0005434720123829772,1000.0005434720124,5.434720123957959e-05,1.6794336145270325,7.160123275298246e-05,False
1257,5,4,4,0,0.05214134792913529,1000.0521413479291,0.005214134792913683,1000000000000.0,0.0,False
1258,5,4,4,0,0.05326335344124293,1000.0532633534413,0.005326335344125255,1000000000000.0,0.0,False
1259,5,5,4,1,0.05281595202537965,1000.0528159520254,0.005281595202541212,24.882960202513086,0.00022114491493994138,False
1260,5,5,3,2,0.047025535733399834,1000.0470255357335,0.0047025535733496325,23.45228636063234,0.00020944653465448937,False
1261,5,3,2,1,0.0038280964651828428,1000.0038280964652,0.0003828096465213093,5.417892105348824,8.664943377314187e-05,False
1262,5,4,2,2,0.022347447778850605,1000.0223474477788,0.00223474477787704,21.651131654685166,0.00010083556247610114,False
1263,5,4,3,1,0.0031304234522588105,1000.0031304234523,0.0003130423452262221,2.7850637149215003,0.00017536760318535014,False
1264,5,5,3,2,0.06939385215514858,1000.0693938521551,0.0069393852155144485,23.993846667182776,0.00019750304180661258,False
1265,5,5,1,4,0.01702852754336804,1000.0170285275433,0.0017028527543288873,3.8578369458368225,0.0005958537126616647,False
1266,5,4,2,2,0.0015538076234442564,1000.0015538076235,0.00015538076235088738,1.6987567872961724,0.0002223674462470626,False
1267,5,5,4,1,0.04933031007460108,1000.0493303100747,0.0049330310074651605,22.389101978328007,0.0002306221616279277,False
1268,5,5,1,4,0.016736910220905846,1000.0167369102207,0.0016736910220743085,4.292808284267419,0.0004039844712224295,False
1269,5,3,1,2,0.0032078071384675825,1000.0032078071384,0.00032078071384376015,2.215159486791976,0.0001893731171809746,False
1270,5,5,4,1,0.04757925454501033,1000.0475792545451,0.004757925454509859,34.56550172323209,0.0001417504643200118,False
1271,5,4,1,3,-0.0011100860447451082,999.9988899139553,-0.00011100860447186277,0.771845325178234,0.0004865497696300736,True
1272,5,5,4,1,0.055317532055865266,1000.0553175320559,0.0055317532055937585,74.95843816071992,7.479373049415276e-05,False
1273,5,4,1,3,-0.0007190203015885214,999.9992809796984,-7.19020301630735e-05,0.8659923454890187,0.00028862504613917254,True
1274,5,5,2,3,0.04370412282190054,1000.0437041228221,0.00437041228220778,13.273802273630256,0.0002541189348025971,False
1275,5,4,2,2,0.0177888598522822,1000.0177888598523,0.001778885985231682,4.499752850446736,0.0005082774058466365,False
1276,5,5,3,2,0.012064428147781414,1000.0120644281478,0.001206442814782349,5.389864877507218,0.00014498823297454246,False
1277,5,5,3,2,0.05207353834819058,1000.0520735383483,0.005207353834828154,25.17149694975585,0.00018197866318477967,False
1278,5,5,2,3,-0.0005609515911024017,999.9994390484089,-5.6095159106916984e-05,0.84505968168197,0.0001845770492331626,True
1279,5,5,4,1,0.03601839413125731,1000.0360183941312,0.0036018394131247075,43.04059444504484,8.567417231795891e-05,False
1280,5,5,4,1,0.038031327714282574,1000.0380313277143,0.0038031327714293183,65.91133144280188,5.8589658954133485e-05,False
1281,5,5,4,1,0.03363320465570547,1000.0336332046558,0.0033633204655757255,37.36984499527056,9.247328660733512e-05,False
1282,5,4,2,2,0.02419922722490121,1000.0241992272249,0.002419922722492629,7.515998131233887,0.0003713713736908358,False
1283,5,4,1,3,0.01940073099773698,1000.0194007309977,0.0019400730997745086,6.5327073370023845,0.00035065529073108337,False
1284,5,4,1,3,-0.0010136197504017849,999.9989863802497,-0.00010136197503243238,0.15289598688889108,0.00010136197503243238,True
1285,5,4,3,1,0.026071016737864067,1000.0260710167378,0.002607101673777379,14.399728850979125,0.00019456376336058557,False
1286,5,5,2,3,0.021650636822341345,1000.0216506368224,0.0021650636822414526,4.6277723611025685,0.000441818556155845,False
1287,5,5,3,2,0.028641481492594167,1000.0286414814926,0.002864148149262746,11.124707910360259,0.0002828847853401772,False
1288,5,4,0,4,-0.0049238256324763705,999.9950761743676,-0.0004923825632431545,0.0,0.0004923825632431545,True
1289,5,5,3,2,0.01103705245239279,1000.0110370524525,0.0011037052452479656,3.771287436226403,0.0003982584605776674,False
1290,5,5,4,1,0.0362516325035068,1000.0362516325035,0.00362516325035358,12.922976330257882,0.0003040485152268957,False
1291,5,5,3,2,0.07280503983041132,1000.0728050398304,0.007280503983042763,89.02640614480477,5.094245037442531e-05,False
1292,5,3,2,1,0.0026379202582770245,1000.0026379202583,0.00026379202582802467,3.91735065058028,9.042145530212737e-05,False
1293,5,5,2,3,0.023542441059797428,1000.0235424410599,0.002354244105993075,6.002110416530245,0.00027399567924171883,False
1294,5,5,3,2,0.0065810807315908005,1000.0065810807316,0.0006581080731621114,4.360343957687319,0.0001958453696034554,False
1295,5,5,4,1,0.05308940233780726,1000.053089402338,0.005308940233794602,34.90419036763884,0.0001565821742998578,False
1296,5,3,1,2,-0.0020338587913490604,999.9979661412086,-0.00020338587913784067,0.6736167605954844,0.00037304310124907085,True
1297,5,5,4,1,0.010385137487299113,1000.0103851374872,0.0010385137487219254,9.994655038785929,0.00011545815268457096,False
1298,5,5,3,2,0.005918811825266775,1000.0059188118253,0.0005918811825267766,3.1057829109768833,0.0002810741693451746,False
1299,5,5,3,2,0.012398398078385744,1000.0123983980784,0.001239839807840326,7.036036964074875,0.00012724094066163857,False
1300,5,5,4,1,0.052167966826012255,1000.0521679668261,0.005216796682611857,21.74202777990385,0.00025149577514342527,False
1301,5,5,0,5,-0.0069885305547733876,999.9930114694452,-0.0006988530554849603,0.0,0.0006988530554849603,True
1302,5,5,3,2,0.049351705279065065,1000.049351705279,0.004935170527903665,38.00714552903259,8.834231502588196e-05,False
1303,5,5,2,3,-0.000372912028774779,999.9996270879712,-3.729120287516707e-05,0.931295179845038,0.000354545352729474,True
1304,5,3,2,1,0.001579802156966178,1000.001579802157,0.0001579802157039012,2.236686653035035,0.00012774472074544944,False
1305,5,5,3,2,0.00960599310779237,1000.0096059931078,0.0009605993107811628,3.8521519414124032,0.00019866902496492258,False
1306,5,4,2,2,0.018486126476409383,1000.0184861264764,0.0018486126476432217,5.012101015953577,0.0004505676662006408,False
1307,5,4,1,3,0.01744210300198651,1000.0174421030019,0.0017442103001940267,4.2823863669757625,0.0004661747800204769,False
1308,5,3,2,1,0.023515433236489292,1000.0235154332365,0.0023515433236525494,20.251486297089443,0.0001221486636040936,False
1309,5,5,1,4,0.019725668690317014,1000.0197256686903,0.0019725668690284692,4.661837695134209,0.0005386686954578809,False
1310,5,5,3,2,0.048305164543401974,1000.0483051645434,0.00483051645434216,17.50851958152572,0.0002636123231923193,False
1311,5,5,3,2,0.02950114314355246,1000.0295011431436,0.0029501143143647822,7.3806376963800195,0.00046235193067595905,False
1312,5,3,1,2,0.0006273350058810341,1000.0006273350059,6.273350059018412e-05,1.1318908235187037,0.00047564463675944866,False
1313,5,4,1,3,0.01968093677772224,1000.0196809367777,0.0019680936777717764,4.996129251957516,0.00041375535444103666,False
1314,5,4,2,2,0.022410235241100408,1000.0224102352412,0.0022410235241181907,4.9031898855701925,0.000574135643615609,False
1315,5,5,2,3,0.004392890578938349,1000.0043928905789,0.00043928905788561675,2.1369440946636984,0.0003863755115137894,False
1316,5,2,0,2,-0.00250246344794825,999.9974975365521,-0.0002502463447854097,0.0,0.0002502463447854097,True
1317,5,5,2,3,0.017876136749642127,1000.0178761367497,0.0017876136749691795,3.7896950702839054,0.0003947144412895801,False
1318,5,5,3,2,0.027412201832045967,1000.027412201832,0.002741220183202131,8.151493274834332,0.00021212599605974181,False
1319,5,5,2,3,0.023835939329381682,1000.0238359393294,0.0023835939329387656,8.027682127489994,0.0003391628977728148,False
1320,5,5,2,3,0.0022655438534775352,1000.0022655438535,0.00022655438534684434,1.3374915803438698,0.0006712855493358283,False
1321,5,5,5,0,0.07820064129844284,1000.0782006412985,0.007820064129850835,1000000000000.0,0.0,False
1322,5,4,2,2,0.04320880487937034,1000.0432088048793,0.004320880487932754,16.168450321770784,0.00028485287360554255,False
1323,5,5,2,3,0.026413335477255682,1000.0264133354772,0.002641333547717295,12.07446259550712,0.00019603314246517616,False
1324,5,4,1,3,0.002555513831968001,1000.0025555138319,0.0002555513831907774,2.16696330362592,0.00021898836271248002,False
1325,5,5,2,3,0.0017084131747605808,1000.0017084131748,0.000170841317481063,1.36710592789001,0.0004653733554732753,False
1326,5,4,3,1,0.05373220088845555,1000.0537322008884,0.0053732200888362055,569.9685459725489,9.443555490972242e-06,False
1327,5,5,3,2,0.00789859964290856,1000.007898599643,0.0007898599642999216,5.6955113105921775,9.393274257976708e-05,False
1328,5,4,1,3,0.02050787846678983,1000.0205078784668,0.002050787846678759,6.111555420401304,0.0004011963862344685,False
1329,5,5,4,1,0.04885837005963825,1000.0488583700596,0.0048858370059633675,21.391665319255786,0.00023959308136029846,False
1330,5,5,1,4,0.019297691623545297,1000.0192976916236,0.0019297691623592073,5.302070437887821,0.0003635773242081086,False
1331,5,5,3,2,0.006156489690017131,1000.0061564896899,0.0006156489689942646,2.1523800398363995,0.0005342396255274324,False
1332,5,4,2,2,0.04671997197163524,1000.0467199719716,0.004671997197158362,18.545045893291874,0.0002662793797431895,False
1333,5,4,3,1,0.029993351468029516,1000.029993351468,0.0029993351467965113,22.68569973388225,0.00013830501565972474,False
1334,5,5,3,2,0.04779853210823428,1000.0477985321081,0.00477985321081178,15.873216645829936,0.00032137319886942355,False
1335,5,5,4,1,0.03088259468291275,1000.0308825946829,0.0030882594682907437,30.00468086407408,0.00010647451985050793,False
1336,5,5,2,3,0.04264901397477768,1000.0426490139747,0.004264901397471021,9.185463008999994,0.0003182910420036933,False
1337,5,4,2,2,0.04541240759061611,1000.0454124075907,0.0045412407590674775,26.740572365534955,0.00014319646306572027,False
1338,5,5,3,2,0.022956008825874886,1000.0229560088258,0.0022956008825758545,5.1041322845664645,0.0003538274795687357,False
1339,5,4,1,3,-0.001817007200719802,999.9981829927992,-0.0001817007200770604,0.5861530197152911,0.0004390517778815822,True
1340,5,5,0,5,-0.004882988770595216,999.9951170112294,-0.000488298877064608,0.0,0.000488298877064608,True
1341,5,5,1,4,-0.005541308885588934,999.9944586911145,-0.0005541308885540275,0.38456562170239394,0.000647276786708062,True
1342,5,4,2,2,0.002684074198529704,1000.0026840741986,0.00026840741985552087,2.3587498564236076,0.0001975399802859101,False
1343,5,5,2,3,0.023501113744679232,1000.0235011137448,0.0023501113744828217,4.732062551744253,0.0006296896996861356,False
1344,5,5,2,3,-0.000502970595515329,999.9994970294047,-5.02970595334773e-05,0.9134086946062567,0.0003666090486107757,True
1345,5,5,3,2,0.026534243678702857,1000.0265342436786,0.0026534243678611345,10.967561930300267,0.00015110433685923852,False
1346,5,4,3,1,0.027647676056671486,1000.0276476760567,0.0027647676056744785,15.968404699026394,0.00018470223878760923,False
1347,5,5,5,0,0.05969051827591222,1000.0596905182759,0.005969051827594285,1000000000000.0,0.0,False
1348,5,5,3,2,0.06914251714716264,1000.0691425171473,0.006914251714727015,18.993492854694853,0.00036110124076508534,False
1349,5,5,1,4,-0.0041701157468099145,999.9958298842532,-0.0004170115746774172,0.07927382671486209,0.0004170115746774172,True
1350,5,4,3,1,0.02637894753130344,1000.0263789475314,0.0026378947531384258,31.608128232949035,8.61804706449719e-05,False
1351,5,4,3,1,0.06723203618995391,1000.0672320361899,0.006723203618992102,36.89667421799806,0.00018729321769797027,False
1352,5,5,3,2,0.02619717841226506,1000.0261971784123,0.0026197178412303403,5.024234819205174,0.0006509640412434885,False
1353,5,4,3,1,0.04849992047284006,1000.0484999204729,0.004849992047286378,27.18057754086454,0.000185247093718253,False
1354,5,5,1,4,0.014610552527634059,1000.0146105525276,0.001461055252764254,2.3585791062121064,0.0007187381921368999,False
1355,5,5,3,2,0.029123928969075192,1000.0291239289689,0.002912392896894289,19.452457472243868,0.00011189615702493525,False
1356,5,5,2,3,0.025279465110920437,1000.0252794651109,0.0025279465110884304,11.183009152774723,0.0002337477880911098,False
1357,5,5,2,3,0.0387538636470454,1000.038753863647,0.003875386364700262,5.405566861960082,0.0008796566903129132,False
1358,5,5,0,5,-0.006242340560193661,999.9937576594398,-0.0006242340560220328,0.0,0.0006242340560220328,True
1359,5,4,0,4,-0.008496930881992675,999.9915030691182,-0.000849693088184722,0.0,0.000849693088184722,True
1360,5,3,1,2,0.0015353675351672314,1000.0015353675352,0.00015353675352116624,1.474630931379314,0.00032348661530932075,False
1361,5,4,1,3,0.0010886135632068126,1000.0010886135632,0.00010886135631835713,1.2947991158896706,0.00036927124252842693,False
1362,5,4,2,2,0.002238730128202566,1000.0022387301283,0.00022387301282833505,1.4720683885002126,0.0004742385177110009,False
1363,5,5,2,3,0.023138381842340017,1000.0231383818423,0.002313838184227279,24.036756692332233,8.451837205711855e-05,False
1364,5,5,3,2,0.004039664701770989,1000.0040396647016,0.00040396647016223143,1.9625173265651918,0.0002342462298725923,False
1365,5,5,1,4,0.015301592761684753,1000.0153015927617,0.0015301592761716165,3.0372276465801105,0.0005384917847724452,False
1366,5,5,4,1,0.0729575994264964,1000.0729575994264,0.007295759942644508,59.052368182843885,0.00012566918712281878,False
1367,5,5,4,1,0.010267881649222753,1000.0102678816492,0.0010267881649156153,22.01634900566657,4.8856112936468514e-05,False
1368,5,5,1,4,0.016699961920524246,1000.0166999619205,0.001669996192049439,3.4390509776061253,0.0006846748530984047,False
1369,5,5,2,3,0.043623691810883346,1000.0436236918109,0.004362369181092163,12.858201953518485,0.00029041858042758287,False
1370,5,4,1,3,0.018804418447299052,1000.0188044184473,0.0018804418447302851,4.748808200243873,0.00034429771591248937,False
1371,5,5,3,2,0.026657071444229432,1000.0266570714443,0.002665707144433327,13.995450436817233,0.00015073068572064586,False
1372,5,4,4,0,0.07267026884540162,1000.0726702688454,0.007267026884539974,1000000000000.0,0.0,False
1373,5,4,2,2,0.025181121252396826,1000.0251811212523,0.002518112125233074,9.267788592895148,0.0003045617225381681,False
1374,5,5,2,3,-0.0010866291308626649,999.9989133708691,-0.00010866291308957442,0.8409057647767444,0.00046526448702230346,True
1375,5,4,2,2,0.003848938221793215,1000.0038489382217,0.00038489382217221646,2.422328921797226,0.0002706063930217823,False
1376,5,5,2,3,0.016511331193982764,1000.016511331194,0.001651133119401038,3.725557224972359,0.0005886560153702355,False
1377,5,4,3,1,0.029239499174969326,1000.029239499175,0.002923949917499158,43.18535122211193,6.930989819579217e-05,False
1378,5,4,2,2,0.0069285192205963495,1000.0069285192205,0.0006928519220537055,2.8747938238014856,0.0003695597875747687,False
1379,5,5,1,4,-0.006134292444641672,999.9938657075554,-0.0006134292444585299,0.04869851681665273,0.0006134292444585299,True
1380,5,5,3,2,0.029561008219708383,1000.0295610082198,0.0029561008219843644,7.918402049770131,0.00042726641035060103,False
1381,5,4,0,4,-0.0045125852607582825,999.9954874147392,-0.00045125852608407513,0.0,0.00045125852608407513,True
1382,5,5,2,3,0.0017982028207169922,1000.0017982028207,0.00017982028207370605,1.3386892698133015,0.000530927882613992,False
1383,5,4,1,3,-0.0022425886924006496,999.9977574113076,-0.00022425886924111184,0.147512059187395,0.0002528349190673256,True
1384,5,4,4,0,0.014347814844702806,1000.0143478148447,0.0014347814844654749,1000000000000.0,0.0,False
1385,5,5,3,2,0.008010615146505728,1000.0080106151464,0.0008010615146417877,3.98316348441922,0.0002685262673512346,False
1386,5,5,3,2,0.04854580805775168,1000.0485458080578,0.004854580805783826,18.177472967342997,0.0001959081201877978,False
1387,5,5,3,2,0.028268414377424795,1000.0282684143774,0.002826841437740768,6.758918833499988,0.00028358088848564895,False
1388,5,3,0,3,-0.0032916931590897397,999.996708306841,-0.0003291693158985254,0.0,0.0003291693158985254,True
1389,5,5,0,5,-0.0038290498970420025,999.9961709501031,-0.0003829049896921788,0.0,0.0003829049896921788,True
1390,5,4,3,1,0.049413069167361906,1000.0494130691675,0.004941306916748545,139.560281633341,3.5660890804401917e-05,False
1391,5,4,2,2,0.04434547737530592,1000.0443454773754,0.004434547737537286,20.842002174342007,0.000197280701274849,False
1392,5,4,2,2,0.02442778463221424,1000.0244277846322,0.002442778463216655,7.724421577437286,0.00020812664634064105,False
1393,5,4,0,4,-0.002437641822461479,999.9975623581776,-0.00024376418224392185,0.0,0.00024376418224392185,True
1394,5,4,2,2,0.023648634328161007,1000.0236486343282,0.0023648634328196747,6.5858035240665425,0.00031420121555356676,False
1395,5,5,4,1,0.026830114272087643,1000.026830114272,0.002683011427200199,19.299939054439367,0.00014661313457509095,False
1396,5,5,2,3,0.023464011060584024,1000.0234640110606,0.002346401106058238,6.662986133864084,0.0004143284610535998,False
1397,5,5,0,5,-0.008317718989234182,999.9916822810109,-0.0008317718989133027,0.0,0.0008317718989133027,True
1398,5,3,2,1,0.025930008332276384,1000.0259300083322,0.0025930008332238686,12.610663206871434,0.00022332297144963886,False
1399,5,5,2,3,0.021679815516726285,1000.0216798155168,0.002167981551679077,5.095187096121856,0.0002973199377152014,False
1400,5,4,2,2,0.0061315047919176125,1000.0061315047919,0.0006131504791937914,3.2002141769525556,0.00021875679685336573,False
1401,5,5,2,3,0.001405600146489655,1000.0014056001464,0.00014056001464268775,1.369984669849383,0.0003799076721406891,False
1402,5,5,4,1,0.008900537818018582,1000.008900537818,0.0008900537818021803,4.475482485369573,0.00025609502724819325,False
1403,5,5,2,3,0.02389538135463227,1000.0238953813546,0.0023895381354577696,6.069658864478302,0.00035381335277406833,False
1404,5,5,2,3,0.0018293178884236669,1000.0018293178883,0.00018293178883368454,1.5274854366010433,0.00031230174053423746,False
1405,5,4,2,2,0.0015945240208371514,1000.0015945240209,0.00015945240209020995,1.6502614962344728,0.0002452117459774886,False
1406,5,5,4,1,0.09443129472074023,1000.0944312947208,0.009443129472083455,59.4519873448848,0.00016155360837046828,False
1407,5,4,3,1,0.04642984250349995,1000.0464298425035,0.004642984250347126,38.15813780514509,0.00012494880952516394,False
1408,5,5,2,3,0.022722898613436786,1000.0227228986136,0.002272289861355148,23.922548921345438,9.912669997457429e-05,False
1409,5,5,0,5,-0.009870906556539815,999.9901290934436,-0.0009870906556443515,0.0,0.0009870906556443515,True
1410,5,5,2,3,0.024426370702327158,1000.0244263707023,0.0024426370702258283,7.103383964199558,0.00040020103101885116,False
1411,5,5,3,2,0.024947526733496303,1000.0249475267335,0.002494752673351286,8.024312174326427,0.00026805419727744464,False
1412,5,5,4,1,0.03180101076942644,1000.0318010107695,0.003180101076952724,15.792424824514512,0.00021498172981182503,False
1413,5,5,3,2,0.004758173625232209,1000.0047581736252,0.0004758173625191375,2.1930743713376417,0.0002488612202114382,False
1414,5,4,2,2,0.04729490543767063,1000.0472949054376,0.004729490543763859,32.681543150396664,0.00014927491983525467,False
1415,5,5,2,3,0.0001470614208200138,1000.000147061421,1.4706142098930287e-05,1.0296844895706212,0.00032185205614041477,False
1416,5,5,2,3,0.028615550488179552,1000.0286155504881,0.002861555048809805,12.758781985194029,0.00024334716015054025,False
1417,5,4,1,3,-0.0021452904896445283,999.9978547095103,-0.0002145290489693252,0.6618715153618508,0.0006056332056118662,True
1418,5,4,0,4,-0.008035092224067623,999.9919649077759,-0.0008035092224076834,0.0,0.0008035092224076834,True
1419,5,5,1,4,0.00038435690426096665,1000.0003843569042,3.8435690419191816e-05,1.0884753484175225,0.0002635291680751803,False
1420,5,4,3,1,0.04989526427859946,1000.0498952642787,0.004989526427868896,68.2592730233226,7.418347245220502e-05,False
1421,5,5,1,4,0.020955975124998548,1000.020955975125,0.00209559751250481,6.921534378945117,0.0003538943419698626,False
1422,5,4,1,3,-0.008252520107243746,999.9917474798928,-0.0008252520107248529,0.03177171502429547,0.0008523318312947,True
1423,5,3,2,1,0.022333648561149135,1000.0223336485611,0.0022333648561129846,11.738522004515227,0.0002079768021744195,False
1424,5,4,3,1,0.013084514389249421,1000.0130845143893,0.001308451438933389,21.494037323215966,6.384489477824115e-05,False
1425,5,4,3,1,0.05046223168187486,1000.0504622316819,0.00504622316818768,24.278166603123836,0.000216767827351788,False
1426,5,4,2,2,0.020598358272139527,1000.020598358272,0.002059835827196821,5.075808986196061,0.0005053808542584193,False
1427,5,5,3,2,-0.00020760284250403505,999.9997923971575,-2.0760284246534866e-05,0.9415621177617937,0.00025454996785242604,True
1428,5,5,1,4,0.017604829604190346,1000.0176048296042,0.0017604829604238145,4.421824866388001,0.0005144748722088491,False
1429,5,5,2,3,0.019355548844275226,1000.0193555488441,0.0019355548844146144,4.679251454813834,0.00032020029619843625,False
1430,5,5,1,4,-0.0029181019500977437,999.9970818980499,-0.00029181019500583715,0.5608590380102287,0.0005762006711862146,True
1431,5,5,1,4,-0.009313673818244524,999.9906863261817,-0.0009313673818269308,0.06474844615302222,0.0009313673818269308,True
1432,5,3,3,0,0.004979782862746951,1000.0049797828627,0.0004979782862733373,1000000000000.0,0.0,False
1433,5,5,5,0,0.061627587573855315,1000.0616275875739,0.006162758757386655,1000000000000.0,0.0,False
1434,5,5,2,3,0.045387416181293494,1000.0453874161813,0.004538741618125642,20.579400564760427,0.00023180657064084633,False
1435,5,4,2,2,0.0008080600278123672,1000.0008080600279,8.080600279072315e-05,1.1875163905656698,0.0002826500904312913,False
1436,5,3,0,3,-0.002896642702251261,999.9971033572978,-0.000289664270223966,0.0,0.000289664270223966,True
1437,5,5,1,4,-0.008602372212515629,999.9913976277874,-0.0008602372212635601,0.07410145272943701,0.0008602372212635601,True
1438,5,5,2,3,0.0009446659657674322,1000.0009446659657,9.446659656759948e-05,1.2783173039819145,0.00031221809194744874,False
1439,5,4,0,4,-0.0056592124507344,999.9943407875493,-0.0005659212450723316,0.0,0.0005659212450723316,True
1440,5,4,2,2,0.04649982909159427,1000.0464998290917,0.004649982909165829,32.90406172647941,0.00014574542362371802,False
1441,5,4,3,1,0.006637291037037373,1000.006637291037,0.0006637291037009163,12.265289733681552,5.89180677479817e-05,False
1442,5,4,1,3,0.01822702989530162,1000.0182270298953,0.0018227029895342638,4.499014585035718,0.0003129982158384337,False
1443,5,5,2,3,0.005438663836778745,1000.0054386638368,0.0005438663836798696,2.2513736664639374,0.00029493256995331564,False
1444,5,5,3,2,0.023972727234934745,1000.023972727235,0.0023972727234991,9.751585584140791,0.000273924387806801,False
1445,5,4,2,2,0.005338250377743142,1000.0053382503777,0.0005338250377690201,3.1090425330963027,0.00025311051273905577,False
1446,5,5,2,3,0.02405203530999234,1000.0240520353101,0.002405203531009192,6.300058589327582,0.000453793996306413,False
1447,5,5,1,4,0.02268958060848948,1000.0226895806084,0.0022689580608357576,10.895642448850694,0.0002098156162680984,False
1448,5,5,0,5,-0.006824388475192653,999.9931756115249,-0.0006824388475138222,0.0,0.0006824388475138222,True
1449,5,5,3,2,0.02826160738610497,1000.0282616073861,0.0028261607386070864,59.18721159493207,3.304173019762296e-05,False
1450,5,3,1,2,0.022169513494332372,1000.0221695134943,0.0022169513494304737,10.144894158397646,0.00024242504189260215,False
1451,5,2,0,2,-0.003836607785880697,999.9961633922142,-0.0003836607785842716,0.0,0.0003836607785842716,True
1452,5,5,0,5,-0.01295883617972091,999.9870411638202,-0.0012958836179791432,0.0,0.0012958836179791432,True
1453,5,5,2,3,-0.003735415979487917,999.9962645840205,-0.0003735415979463141,0.24950407492758817,0.0003735415979463141,True
1454,5,5,4,1,0.055836187304419534,1000.0558361873044,0.005583618730440776,174.23227561209546,3.2230167049494485e-05,False
1455,5,4,2,2,0.026338652425877487,1000.0263386524259,0.002633865242592037,16.669737867164685,0.00016394099517356154,False
1456,5,5,5,0,0.014788234208093725,1000.014788234208,0.001478823420802655,1000000000000.0,0.0,False
1457,5,5,4,1,0.07486106447825963,1000.0748610644781,0.007486106447811381,38.25321812381628,0.00020094714501281966,False
1458,5,5,2,3,0.022380298758166405,1000.0223802987583,0.002238029875832126,5.391889982027445,0.0003614577428265875,False
1459,5,5,2,3,0.01983519368635632,1000.0198351936863,0.0019835193686276397,5.688615070835461,0.00021635152610315346,False
1460,5,3,1,2,0.0011820718632099142,1000.0011820718632,0.00011820718632407078,1.482010635437914,0.00012262697765291663,False
1461,5,5,1,4,-0.001092495363123391,999.9989075046369,-0.000109249536308198,0.7727986931906567,0.0004808490666050602,True
1462,5,4,2,2,0.041789842314306026,1000.0417898423143,0.0041789842314301495,12.514640241830667,0.00036291964545591697,False
1463,5,4,2,2,0.0059124058229351175,1000.005912405823,0.0005912405822982692,5.68923135433536,0.00010017175669882736,False
1464,5,4,2,2,0.045633150496713924,1000.0456331504968,0.00456331504967693,40.67342143167705,0.00011111435626106293,False
1465,5,2,0,2,-0.004878576424049732,999.9951214235759,-0.0004878576424061976,0.0,0.0004878576424061976,True
1466,5,5,4,1,0.03289052274142135,1000.0328905227414,0.003289052274135429,43.40081619550398,7.756822810497057e-05,False
1467,5,3,1,2,0.002179762777929003,1000.0021797627779,0.00021797627779278627,2.2257136117683163,0.00017783551796495253,False
1468,5,5,2,3,0.0029061697101300348,1000.0029061697102,0.0002906169710172435,1.8289783169278309,0.00017697100935977697,False
1469,5,5,0,5,-0.00842728546389119,999.9915727145361,-0.0008427285463881161,0.0,0.0008427285463881161,True
1470,5,5,2,3,0.02119946396365952,1000.0211994639636,0.002119946396362593,6.769470890066919,0.00031482344961012966,False
1471,5,5,2,3,0.024893303996757016,1000.0248933039967,0.002489330399669143,6.138249795336851,0.0004844704906986408,False
1472,5,5,2,3,-0.001469417498919808,999.9985305825012,-0.00014694174988107988,0.5730398007358347,0.0003441579569766873,True
1473,5,5,3,2,0.06826451093878434,1000.0682645109388,0.006826451093877494,21.49576244078697,0.00018434307737106827,False
1474,5,4,2,2,0.021862797155192376,1000.0218627971551,0.002186279715510864,8.173267552124651,0.00030477397356496865,False
1475,5,5,3,2,0.02027251959735457,1000.0202725195974,0.0020272519597369864,5.35935781842543,0.0002524862075915735,False
1476,5,5,3,2,0.06834867884103733,1000.0683486788412,0.006834867884117557,20.14728885753267,0.00023318222814751373,False
1477,5,4,0,4,-0.00504008063601525,999.9949599193641,-0.0005040080635922095,0.0,0.0005040080635922095,True
1478,5,5,3,2,0.020873039822991768,1000.020873039823,0.0020873039822959074,7.955323677276503,0.0003000944669038882,False
1479,5,5,2,3,0.00247104722642738,1000.0024710472263,0.0002471047226322298,2.4066566267937195,0.00013796348268195848,False
1480,5,5,2,3,-0.001606436218489222,999.9983935637815,-0.0001606436218480667,0.7491491148270456,0.0006403947962950564,True
1481,5,4,2,2,0.02534862534867055,1000.0253486253486,0.0025348625348556196,9.566679037156002,0.00017300297760129978,False
1482,5,5,3,2,0.0068350823603646445,1000.0068350823603,0.0006835082360339583,4.656305229045608,9.948319351703236e-05,False
1483,5,4,1,3,0.0011144624052736752,1000.0011144624052,0.00011144624052121798,1.3130846798432463,0.00034363691910357377,False
1484,5,5,2,3,0.01573804663964234,1000.0157380466396,0.0015738046639626189,3.3951753666538447,0.00047654948455146947,False
1485,5,5,4,1,0.007981511654296539,1000.0079815116543,0.0007981511654293171,3.8325771316365693,0.00028177257280946177,False
1486,5,5,2,3,0.020285369930290648,1000.0202853699303,0.0020285369930320486,4.011470652142055,0.0006736034407595071,False
1487,5,5,3,2,0.026044720972348667,1000.0260447209723,0.0026044720972322466,10.44042052363725,0.0002758782167828543,False
1488,5,5,4,1,0.052316942171103824,1000.052316942171,0.005231694217104631,34.78602593155427,0.0001548432457480776,False
1489,5,3,1,2,0.0012646001103298215,1000.0012646001103,0.00012646001102893932,1.374602302501026,0.0003375847136794618,False
1490,5,4,2,2,0.026705484488710397,1000.0267054844886,0.0026705484488616094,10.618337604571495,0.00027764358331748085,False
1491,5,5,2,3,0.0025432813244280587,1000.0025432813245,0.0002543281324506097,2.304101694086486,0.0001337309371725919,False
1492,5,4,4,0,0.05579309659652529,1000.0557930965966,0.005579309659663067,1000000000000.0,0.0,False
1493,5,5,2,3,0.0015248533633685736,1000.0015248533633,0.0001524853363321199,1.265113045093937,0.00038282025014950704,False
1494,5,4,3,1,0.0691820467538998,1000.0691820467539,0.006918204675389461,60.48478539972024,0.00011630208681481236,False
1495,5,5,2,3,0.003146552053497685,1000.0031465520535,0.00031465520535221,2.064388170977755,0.0001885794993086165,False
1496,5,4,2,2,0.022186542046319004,1000.0221865420464,0.002218654204637005,9.299177891644478,0.0002673342147318181,False
1497,5,4,2,2,0.0031022922344792307,1000.0031022922344,0.00031022922344163816,2.4744050113340195,0.00015777112476186056,False
1498,5,4,2,2,0.02690319073796783,1000.0269031907379,0.0026903190737925797,9.809255480610776,0.0003053892107061672,False
1499,5,5,1,4,-0.004949207127967292,999.9950507928721,-0.0004949207127879163,0.35316142759643443,0.0006229999636730098,True
1500,5,3,1,2,0.01852602406900046,1000.0185260240689,0.001852602406893311,4.184567953791952,0.00029311536089835497,False
1501,5,4,1,3,0.0003294061283996711,1000.0003294061285,3.294061284577765e-05,1.1017334954493936,0.00032379318821540437,False
1502,5,5,2,3,0.0038596698872385583,1000.0038596698871,0.00038596698871060656,1.6574556961847347,0.0003997696626448653,False
1503,5,5,4,1,0.03158121019556751,1000.0315812101956,0.003158121019555438,19.71929700210712,0.00016870938151214432,False
1504,5,5,3,2,0.043220070188627675,1000.0432200701887,0.004322007018868135,12.242706548621713,0.0001996693581822653,False
1505,5,4,3,1,0.05447919112847889,1000.0544791911285,0.005447919112850741,80.72337759905002,6.833527726257671e-05,False
1506,5,5,2,3,0.044851396383710655,1000.0448513963837,0.004485139638370584,10.708527533116778,0.00046195653757629573,False
1507,5,3,1,2,0.024956431744403526,1000.0249564317444,0.0024956431744385553,45.23559534800305,3.399143175755574e-05,False
1508,5,5,4,1,0.027735049911613918,1000.0277350499116,0.002773504991159825,22.892003042392176,0.0001266872833874657,False
1509,5,5,5,0,0.05840143579660509,1000.0584014357966,0.005840143579655433,1000000000000.0,0.0,False
1510,5,4,3,1,0.04884275990092716,1000.0488427599009,0.004884275990093556,32.26623981408872,0.00015620835481896416,False
1511,5,5,0,5,-0.0037060370603508577,999.9962939629397,-0.00037060370602830516,0.0,0.00037060370602830516,True
1512,5,3,1,2,0.01813583162347922,1000.0181358316235,0.0018135831623453669,3.6223808756300784,0.0006915615298912347,False
1513,5,4,2,2,0.003059815592044225,1000.0030598155921,0.00030598155921097715,2.1796345340386774,0.00025938674256167357,False
1514,5,5,1,4,-0.0024435088498056447,999.9975564911504,-0.00024435088496375105,0.6563806502473517,0.00039826515093182023,True
1515,5,4,3,1,0.04895842031175486,1000.0489584203118,0.004895842031180564,18.729391817733273,0.0002761284133369391,False
1516,5,5,3,2,0.04674082228076586,1000.0467408222808,0.004674082228075349,12.545336661735897,0.0004048253406375868,False
1517,5,4,3,1,0.050707948604919256,1000.050707948605,0.005070794860500882,34.64192948646184,0.0001507205495900068,False
1518,5,2,1,1,-0.0016664006130757741,999.9983335993869,-0.0001666400613089536,0.18855201916425868,0.00020536136048576736,True
1519,5,3,0,3,-0.0017297981223886921,999.9982702018776,-0.0001729798122369175,0.0,0.0001729798122369175,True
1520,5,5,4,1,0.011968812099827267,1000.0119688120998,0.0011968812099780735,6.841642383002971,0.00020488554021973776,False
1521,5,5,3,2,0.047592181737066384,1000.0475921817371,0.004759218173705904,16.847015436695926,0.00022418215107791183,False
1522,5,5,0,5,-0.007433646893140623,999.9925663531068,-0.0007433646893218792,0.0,0.0007433646893218792,True
1523,5,4,3,1,0.05121385139675423,1000.0512138513968,0.005121385139682388,63.17981721961029,8.235982153529467e-05,False
1524,5,5,2,3,0.002257849395475268,1000.0022578493956,0.00022578493956189048,1.297584566594152,0.0005982684999253252,False
1525,5,5,1,4,-0.005019097715622804,999.9949809022843,-0.000501909771571718,0.39749341843588926,0.0008330361641242234,True
1526,5,5,4,1,0.029905842828181824,1000.0299058428282,0.002990584282815689,17.186081361935436,0.00018476252065981658,False
1527,5,5,2,3,0.019353825791401165,1000.0193538257913,0.0019353825791313282,3.4157304092267533,0.0003811353245282589,False
1528,5,5,3,2,0.048230087682726956,1000.0482300876828,0.004823008768278214,10.29178088989516,0.0003906404445803024,False
1529,5,5,3,2,0.0461600687628882,1000.0461600687629,0.004616006876290157,7.376613901142767,0.0007238962477345012,False
1530,5,5,2,3,0.0012707426227275046,1000.0012707426229,0.0001270742622864418,1.1987512694978268,0.0002581388881822022,False
1531,5,2,1,1,0.004148975914986758,1000.004148975915,0.00041489759149726524,3.230906223312904,0.0001859760370752184,False
1532,5,4,2,2,0.007727499978386615,1000.0077274999783,0.0007727499978273044,5.454537967941594,0.0001734741579379332,False
1533,5,4,3,1,0.025538087544460047,1000.0255380875445,0.002553808754453257,34.1941220423157,7.693557164429876e-05,False
1534,5,5,3,2,0.03197557494061738,1000.0319755749405,0.003197557494047487,37.354334935030124,8.795452210087244e-05,False
1535,5,3,2,1,0.025268786995505155,1000.0252687869955,0.002526878699552526,25.541250464880164,0.00010296183774149016,False
1536,5,4,2,2,0.021254824565101624,1000.0212548245651,0.0021254824565062336,6.428807548684418,0.0002492299122650365,False
1537,5,4,3,1,0.031973428443497015,1000.0319734284435,0.0031973428443507145,11.545165992812215,0.0003031955763929746,False
1538,5,5,1,4,0.0001794883889675756,1000.0001794883889,1.794883888805998e-05,1.0429815435848515,0.00036940349634562164,False
1539,5,4,3,1,0.03151221261729783,1000.0315122126174,0.0031512212617371914,23.4952916368803,0.0001400794494425649,False
1540,5,3,1,2,0.021172840887631467,1000.0211728408876,0.002117284088762972,6.023120026595495,0.0004214970626773218,False
1541,5,4,1,3,0.0024718177317210837,1000.0024718177316,0.0002471817731588999,2.503866394895881,0.0001643641842292709,False
1542,5,4,2,2,0.01722187344680295,1000.0172218734468,0.0017221873446828793,4.932254362849501,0.00038892188367753986,False
1543,5,3,1,2,-0.0012152573748204923,999.9987847426252,-0.00012152573748380745,0.2962831698382927,0.0001726911594223634,True
1544,5,4,3,1,0.06962901684170834,1000.0696290168416,0.006962901684164535,36.210211726568,0.00019774734951293684,False
1545,5,5,1,4,0.019269084801415228,1000.0192690848015,0.0019269084801521786,4.75409226434425,0.00025944254940668543,False
1546,5,3,1,2,0.021076495281793117,1000.0210764952817,0.002107649528170441,9.714155897404973,0.0001434156380355489,False
1547,5,4,2,2,0.00455273056392695,1000.004552730564,0.0004552730564000739,1.9298126252185723,0.00028366115176678284,False
1548,5,5,3,2,0.01377804142193513,1000.0137780414218,0.001377804142180139,20.65477964157039,7.009955275663122e-05,False
1549,5,5,3,2,0.029711836095688306,1000.0297118360955,0.002971183609554373,11.397165096263837,0.0002101222331338822,False
1550,5,5,1,4,0.019857651458852064,1000.0198576514589,0.001985765145889218,5.0008365356942015,0.00042905717771943395,False
1551,5,4,3,1,0.04609060750971371,1000.0460906075098,0.004609060750976823,24.58380906412579,0.0001954284546815639,False
1552,5,5,0,5,-0.008375840426261424,999.9916241595737,-0.0008375840426310787,0.0,0.0008375840426310787,True
1553,5,5,3,2,0.04435253555325316,1000.0443525355532,0.004435253555323015,9.69761073226101,0.000509925741269611,False
1554,5,5,2,3,0.004611670837090572,1000.004611670837,0.0004611670836993653,1.8779105595275096,0.0003492877647317982,False
1555,5,5,1,4,-0.0014823916291115192,999.9985176083708,-0.00014823916292243665,0.7854578517218207,0.0006909521489793481,True
1556,5,4,3,1,0.005190332692864972,1000.0051903326929,0.0005190332692905031,8.002363427959516,7.412258370322888e-05,False
1557,5,5,3,2,0.03190460708346379,1000.0319046070836,0.0031904607083561133,15.038301714976548,0.00022726051452529917,False
1558,5,5,2,3,0.01867856393170411,1000.0186785639316,0.001867856393164402,4.567261444964579,0.0002670671514309596,False
1559,5,5,2,3,0.021526692007652073,1000.0215266920077,0.002152669200768287,4.621301938482729,0.00043624980290480486,False
1560,5,5,2,3,0.02158148121459721,1000.0215814812144,0.0021581481214411726,5.036349478379122,0.00047312022740783567,False
1561,5,5,2,3,0.02298817122366696,1000.0229881712236,0.002298817122357377,6.1046346463428245,0.0003500829454083032,False
1562,5,5,2,3,0.022683198432696873,1000.0226831984327,0.0022683198432673635,6.135705333801466,0.00025188949968801827,False
1563,5,4,4,0,0.05315502160854065,1000.0531550216085,0.0053155021608517925,1000000000000.0,0.0,False
1564,5,5,0,5,-0.006054819970794045,999.9939451800293,-0.0006054819970700009,0.0,0.0006054819970700009,True
1565,5,5,4,1,0.04919944578507246,1000.0491994457851,0.004919944578512059,34.91399549805237,0.00014507121635460863,False
1566,5,4,3,1,0.029475394222555695,1000.0294753942226,0.0029475394222572508,10.94673626572524,0.0002963227064883561,False
1567,5,4,3,1,0.028874113274819996,1000.0288741132748,0.002887411327481004,32.92419108506448,9.04458728427926e-05,False
1568,5,4,2,2,0.005845241566355952,1000.0058452415662,0.000584524156624866,4.399672315406465,9.474065915355822e-05,False
1569,5,5,2,3,0.02441816540830683,1000.0244181654083,0.0024418165408292224,5.1335137809736215,0.0003451259125199613,False
1570,5,4,1,3,0.016768995541209402,1000.0167689955412,0.0016768995541156073,3.438209016127759,0.00040932323224751604,False
1571,5,5,2,3,0.004436317095245545,1000.0044363170952,0.0004436317095155573,2.499912165455494,0.0002957708654470284,False
1572,5,5,4,1,0.06963963935360248,1000.0696396393537,0.006963963935368155,35.04715231535044,0.00020452922865297872,False
1573,5,5,2,3,0.046587079227176975,1000.0465870792272,0.004658707922715166,23.830507956995362,0.00012171746095599085,False
1574,5,5,2,3,0.024813393978281452,1000.0248133939783,0.0024813393978320164,5.610126397841021,0.0003843656066806034,False
1575,5,5,1,4,-0.0028720358739259566,999.9971279641262,-0.0002872035873792811,0.6285743672323688,0.0007732427870465651,True
1576,5,5,4,1,0.049301249213371215,1000.0493012492134,0.004930124921338574,26.49037471504817,0.0001934013286505143,False
1577,5,5,2,3,0.019480652772367005,1000.0194806527724,0.0019480652772358553,4.251913052799227,0.0005990520796785859,False
1578,5,4,2,2,0.04295264491354011,1000.0429526449135,0.004295264491349826,13.127460048368354,0.000318636911596699,False
1579,5,5,3,2,0.048337645125513466,1000.0483376451256,0.004833764512557082,62.27740055660945,7.888148751418349e-05,False
1580,5,5,2,3,0.019406488239626145,1000.0194064882396,0.0019406488239610553,4.257043867428333,0.0005958162309244164,False
1581,5,4,2,2,0.006566108850083055,1000.00656610885,0.0006566108850051932,4.58860409769107,0.00018296957657879692,False
1582,5,4,3,1,0.003781710827914378,1000.0037817108279,0.0003781710827865936,5.838726571802931,7.815472759571387e-05,False
1583,5,5,5,0,0.08255623429910121,1000.0825562342991,0.008255623429909063,1000000000000.0,0.0,False
1584,5,5,3,2,0.026157959538611955,1000.0261579595386,0.002615795953863653,11.745752967703368,0.00017853391123438353,False
1585,5,5,4,1,0.0447306872730708,1000.044730687273,0.004473068727304508,21.27006296486954,0.00022066329002451844,False
1586,5,4,4,0,0.052199213884548734,1000.0521992138846,0.00521992138845917,1000000000000.0,0.0,False
1587,5,4,2,2,0.0045120297218528265,1000.0045120297218,0.0004512029721809086,2.533283961591407,0.0001667171369873685,False
1588,5,5,1,4,-0.004378577781701279,999.9956214222184,-0.00043785777816083285,0.002730515747738123,0.00043785777816083285,True
1589,5,5,2,3,0.0020560415204288027,1000.0020560415204,0.0002056041520404506,1.599611078771909,0.0001776806555994881,False
1590,5,4,2,2,0.023684695703304785,1000.0236846957033,0.0023684695703309446,4.318309035162998,0.0007137398620243856,False
1591,5,3,1,2,0.003931536419531218,1000.0039315364195,0.0003931536419486292,5.304956854031709,9.1325360636548e-05,False
1592,5,2,1,1,-0.0005480193746869571,999.9994519806253,-5.4801937471893326e-05,0.4240378078917094,9.514845958456526e-05,True
1593,5,5,1,4,-0.003729697383973246,999.996270302616,-0.0003729697383960229,0.06614378825291486,0.00038350194113421235,True
1594,5,5,2,3,0.026427960063711446,1000.0264279600636,0.0026427960063642787,11.21406152507122,0.00019829087586913376,False
1595,5,4,2,2,0.003199840440907396,1000.003199840441,0.0003199840440970547,1.857333701034344,0.00023459672151913318,False
1596,5,5,3,2,0.010049781708696498,1000.0100497817086,0.0010049781708630688,5.269947426799398,0.00014558717459271328,False
1597,5,4,3,1,0.04993088253671941,1000.0499308825367,0.004993088253672794,51.74203970685663,9.839877876814749e-05,False
1598,5,5,4,1,0.06859529119738535,1000.0685952911975,0.006859529119753915,34.27139438030363,0.0002061689702941294,False
1599,5,4,3,1,0.0060301615497888456,1000.0060301615498,0.000603016154980196,5.682377859322537,0.00012878363327108666,False
1600,5,5,2,3,0.023016476241439043,1000.0230164762414,0.0023016476241423333,5.490456523911563,0.0002677382916203896,False
1601,5,5,1,4,-0.005209708276053917,999.994790291724,-0.0005209708275970115,0.34843836271018414,0.0007620077289402617,True
1602,5,5,2,3,0.0017902919614301873,1000.0017902919615,0.00017902919614698476,1.3875756259621237,0.0004264427558496208,False
1603,5,4,2,2,0.04534288829422601,1000.0453428882942,0.0045342888294158,25.602873666637635,0.00018429480651878147,False
1604,5,5,3,2,0.0031208781524415903,1000.0031208781525,0.00031208781524583173,2.188513684885518,0.00017532407194747682,False
1605,5,5,3,2,0.0089679710205444,1000.0089679710205,0.0008967971020524601,3.5081663661389864,0.00024750896578375247,False
1606,5,4,3,1,0.06722276775671686,1000.0672227677568,0.006722276775678893,27.35455753488002,0.0002550589293200189,False
1607,5,5,2,3,0.022044532527641,1000.0220445325277,0.0022044532527729643,6.413032193250204,0.0004072400354142085,False
1608,5,4,3,1,0.027991214384963,1000.027991214385,0.0027991214384996965,73.31423792995486,3.870665259761916e-05,False
1609,5,4,4,0,0.03468503359752012,1000.0346850335974,0.003468503359738406,1000000000000.0,0.0,False
1610,5,4,2,2,0.02738418151437646,1000.0273841815144,0.0027384181514435112,14.80874005893571,0.00019830954676839125,False
1611,5,4,1,3,-0.0023642879088611427,999.9976357120911,-0.00023642879089038615,0.6711102807661933,0.0007188695087165797,True
1612,5,5,3,2,0.04810078352728142,1000.0481007835273,0.004810078352727487,24.697885249511806,0.00020297500398100965,False
1613,5,5,4,1,0.030537707839604446,1000.0305377078397,0.003053770783969867,69.60692651263162,4.450973578531163e-05,False
1614,5,4,1,3,0.0009623732151806204,1000.0009623732152,9.623732152022058e-05,1.2539818717682323,0.00037891233566236636,False
1615,5,3,2,1,0.04729471273737987,1000.0472947127373,0.004729471273731178,1129.7142904059513,4.190041302124611e-06,False
1616,5,4,2,2,0.046819683785726596,1000.0468196837858,0.004681968378577039,33.844731832519685,0.00014254496348458558,False
1617,5,5,2,3,0.023956086123449793,1000.0239560861236,0.0023956086123575913,7.927846832441745,0.0002840004235114858,False
1618,5,5,3,2,0.03138764425068778,1000.0313876442507,0.00313876442506853,86.26416337701953,2.18921971685257e-05,False
1619,5,3,2,1,0.002985970222663354,1000.0029859702227,0.00029859702226531226,3.8598360808328733,0.00010441053043451215,False
1620,5,5,2,3,0.02176998882096036,1000.021769988821,0.0021769988821006337,3.800652184152086,0.00030456650471470675,False
1621,5,5,1,4,0.018145313680669038,1000.0181453136806,0.0018145313680633989,3.7236399717339266,0.00051494600379299,False
1622,5,5,5,0,0.03663089393023472,1000.0366308939302,0.0036630893930237104,1000000000000.0,0.0,False
1623,5,5,2,3,0.020797041267851285,1000.0207970412679,0.002079704126788329,7.846983106669177,0.00026867737512795804,False
1624,5,4,2,2,0.04479625730937262,1000.0447962573094,0.004479625730937187,37.14825984797468,6.559103087709324e-05,False
1625,5,3,2,1,0.043671674656685325,1000.0436716746567,0.004367167465670718,16.938746488393797,0.00027399087975596534,False
1626,5,4,2,2,0.0006319192822375548,1000.0006319192822,6.319192822274999e-05,1.2171471486393535,0.00029100970756417154,False
1627,5,3,2,1,0.0026019988733580975,1000.0026019988734,0.00026019988733878564,2.0434162068894,0.00024937179937290746,False
1628,5,5,3,2,0.027145864873380894,1000.0271458648733,0.0027145864873318716,7.892371402711381,0.00039384153147212697,False
1629,5,4,0,4,-0.0040043697017676325,999.9959956302982,-0.0004004369701760879,0.0,0.0004004369701760879,True
1630,5,4,1,3,0.01932197626290491,1000.0193219762629,0.0019321976262858698,5.884697725758486,0.0002334883935304788,False
1631,5,4,1,3,0.017561390660826733,1000.0175613906608,0.0017561390660830512,3.918023024404099,0.00034258577962474943,False
1632,5,5,3,2,0.007593180308536902,1000.0075931803086,0.0007593180308617776,3.965086466652061,0.0002560863028406857,False
1633,5,5,2,3,0.02507307162165616,1000.0250730716216,0.0025073071621591224,7.4123108421409984,0.0003093389411851002,False
1634,5,5,3,2,0.028821657232692092,1000.0288216572327,0.0028821657232697365,13.304490136184324,0.00023423690793151762,False
1635,5,5,3,2,0.0034109559483743645,1000.0034109559483,0.00034109559483113116,1.8166685390970383,0.00031032853653898703,False
1636,5,5,2,3,0.04348576071012533,1000.0434857607102,0.004348576071015486,9.018511141869734,0.00032467583408505213,False
1637,5,5,2,3,-0.0020789332422523907,999.9979210667577,-0.00020789332422737063,0.7037647366432213,0.0006156605925415786,True
1638,5,4,4,0,0.07250566139860154,1000.0725056613985,0.007250566139850889,1000000000000.0,0.0,False
1639,5,4,0,4,-0.0031335264063889145,999.9968664735935,-0.00031335264064864533,0.0,0.00031335264064864533,True
1640,5,5,2,3,0.0214140742223185,1000.0214140742223,0.002141407422232078,6.066032160929633,0.0002159002041010185,False
1641,5,5,1,4,-0.00784811262342857,999.9921518873767,-0.000784811262326457,0.02509472216682537,0.000784811262326457,True
1642,5,5,4,1,0.09043714922855874,1000.0904371492285,0.009043714922847812,50.75771397301067,0.0001817424166417658,False
1643,5,5,2,3,-0.0031893804048094207,999.9968106195952,-0.0003189380404819531,0.2652968535518128,0.00041854414071543553,True
1644,5,5,2,3,0.006197926302512343,1000.0061979263027,0.0006197926302661472,7.5487277120703995,9.464321276482223e-05,False
1645,5,4,1,3,0.02287386249308511,1000.022873862493,0.0022873862493042905,11.949493881280445,0.00013514144952390364,False
1646,5,4,1,3,0.018335697501975383,1000.0183356975019,0.0018335697501925096,4.677581955838969,0.0004985686278686204,False
1647,5,4,3,1,0.06940755864063176,1000.0694075586406,0.006940755864059156,64.94661695509353,0.0001085321937972445,False
1648,5,3,2,1,0.02924209890602431,1000.029242098906,0.0029242098906024695,57.38345598500043,5.186266077511805e-05,False
1649,5,4,2,2,0.027944678785836605,1000.0279446787858,0.0027944678785843283,9.704196236060758,0.00032104019627374306,False
1650,5,4,2,2,0.02232142579929509,1000.0223214257993,0.0022321425799304963,9.091248866648883,0.000275864286919048,False
1651,5,4,2,2,0.026209654709421687,1000.0262096547094,0.002620965470941883,13.326570070141319,0.00021262128805231702,False
1652,5,5,3,2,0.024702826880570745,1000.0247028268805,0.0024702826880456997,7.8580306832350715,0.00019702664812605344,False
1653,5,5,3,2,0.04560926237252175,1000.0456092623725,0.004560926237252261,16.372998674486443,0.00029668422757822555,False
1654,5,4,4,0,0.07457073717513492,1000.0745707371752,0.0074570737175235985,1000000000000.0,0.0,False
1655,5,5,4,1,0.031025143028157662,1000.0310251430282,0.0031025143028159618,20.7824427501434,0.00015683092024246193,False
1656,5,4,3,1,0.030265058426696963,1000.0302650584268,0.003026505842683491,33.67332887131932,9.262873376178677e-05,False
1657,5,4,3,1,0.028677052492233263,1000.0286770524922,0.0028677052492184886,12.968128455713323,0.00023960439210989016,False
1658,5,3,2,1,0.028363402922365815,1000.0283634029224,0.002836340292242312,383.49527741474606,7.415149420811352e-06,False
1659,5,5,2,3,0.04215450002212282,1000.0421545000221,0.004215450002209309,7.999520779063587,0.0006022483731726424,False
1660,5,5,4,1,0.023616628539123493,1000.023616628539,0.0023616628539002704,18.380638916811282,0.0001358757228195665,False
1661,5,5,2,3,0.045242951284000556,1000.0452429512841,0.004524295128408085,11.990506730441385,0.00022101578712659754,False
1662,5,4,0,4,-0.004970926834449008,999.9950290731656,-0.0004970926834403144,0.0,0.0004970926834403144,True
1663,5,5,1,4,0.01849512185853187,1000.0184951218587,0.0018495121858677522,4.682870723999791,0.0004172935855535798,False
1664,5,5,4,1,0.03600240231886486,1000.0360024023189,0.003600240231889984,21.996622680872917,0.0001714668831913027,False
1665,5,4,2,2,0.02616946996981526,1000.0261694699698,0.0026169469969772765,14.279326525450902,0.00010709284206729946,False
1666,5,5,1,4,-0.003915169050147738,999.9960848309499,-0.0003915169050060285,0.013958477483985989,0.0003915169050060285,True
1667,5,5,2,3,0.022010634307394406,1000.0220106343072,0.0022010634307207512,4.04620973769481,0.0007225369463721323,False
1668,5,3,2,1,0.024866738851199142,1000.0248667388512,0.002486673885118762,16.222186449937045,0.00016335852233169136,False
1669,5,5,1,4,0.016136876801497523,1000.0161368768015,0.0016136876801510877,2.9190082143606793,0.0007784041303239065,False
1670,5,5,2,3,0.021792063446908552,1000.0217920634468,0.0021792063446810063,13.115357859396424,0.00015755546518323748,False
1671,5,3,0,3,-0.005709037174342606,999.9942909628256,-0.0005709037174369769,0.0,0.0005709037174369769,True
1672,5,5,4,1,0.025511118512406478,1000.0255111185123,0.0025511118512326902,10.744403561812737,0.00026180277069443036,False
1673,5,4,1,3,0.019676600741974627,1000.0196766007421,0.0019676600742059235,6.313973506068076,0.00037027171292481037,False
1674,5,4,2,2,0.025779277146896137,1000.0257792771469,0.002577927714685302,23.567859521363676,0.00011422697453047256,False
1675,5,5,3,2,0.026459615975281233,1000.0264596159752,0.002645961597522728,13.492381664315996,0.00010605568606858439,False
1676,5,4,1,3,0.00316039052013277,1000.0031603905202,0.00031603905201791347,1.9991488926170913,0.00031630826430273373,False
1677,5,4,2,2,0.006501762410834732,1000.0065017624108,0.0006501762410834999,4.859684918524411,0.00016585614598642532,False
1678,5,5,2,3,0.041593687705811226,1000.0415936877058,0.004159368770581296,7.67619884969152,0.0006229847188197468,False
1679,5,5,3,2,0.02604554297102863,1000.0260455429711,0.0026045542971132817,10.70889681912259,0.0002591563607995147,False
1680,5,5,0,5,-0.008877024666621018,999.9911229753335,-0.000887702466650353,0.0,0.000887702466650353,True
1681,5,5,1,4,0.0002786754005413973,1000.0002786754005,2.786754005228431e-05,1.0661655376047592,0.0004021734298479958,False
1682,5,5,3,2,0.052783997605077,1000.0527839976049,0.005278399760493358,36.88795970166766,0.00010428821082268876,False
1683,5,4,1,3,0.0002559128436337608,1000.0002559128436,2.559128436132596e-05,1.078684265344699,0.0003252401766872026,False
1684,5,3,3,0,0.009246473530968633,1000.009246473531,0.000924647353099317,1000000000000.0,0.0,False
1685,5,4,1,3,0.0033412292226520763,1000.0033412292225,0.0003341229222542097,2.4664827663501288,0.00018138251871278044,False
1686,5,5,2,3,0.004789760988878876,1000.004789760989,0.00047897609889560047,1.776525085451095,0.0003708959264570413,False
1687,5,5,2,3,0.026044308977421153,1000.0260443089774,0.002604430897736165,9.10025558409759,0.00020557863713547441,False
1688,5,5,2,3,-0.00013235368508341663,999.9998676463149,-1.3235368510322586e-05,0.9816913127461641,0.0005966374884906145,True
1689,5,5,1,4,0.017877242542144612,1000.0178772425421,0.0017877242542112981,4.759728387755144,0.00024126997603933525,False
1690,5,5,2,3,0.022430545963260717,1000.0224305459634,0.0022430545963402436,6.69277419288738,0.0003118709796922303,False
1691,5,5,3,2,0.047375087111338414,1000.0473750871113,0.004737508711127702,11.722500558702947,0.00025622452634157107,False
1692,5,5,2,3,0.018275033345300413,1000.0182750333454,0.0018275033345389602,5.6531501208506505,0.000340151953912482,False
1693,5,3,2,1,0.020667212830366734,1000.0206672128304,0.0020667212830403517,8.144460069269172,0.0002892692480917985,False
1694,5,4,1,3,-0.003827807287700777,999.9961721927123,-0.0003827807287734686,0.5249190912745396,0.0005463270935438969,True
1695,5,3,1,2,-4.867553265635325e-06,999.9999951324468,-4.867553229814802e-07,0.9785693156360835,1.583739979371753e-05,True
1696,5,5,2,3,0.04421204710057924,1000.0442120471006,0.004421204710058646,13.000508102261337,0.00020509683089101706,False
1697,5,5,3,2,0.02881323679672932,1000.0288132367967,0.002881323679673642,16.01265159914984,0.0001919263669492466,False
1698,5,5,2,3,0.0036453519676004527,1000.0036453519676,0.00036453519676342693,1.618975060505774,0.0005889335774895699,False
1699,5,5,3,2,0.0314918673589045,1000.0314918673589,0.0031491867358909077,14.801591579712982,0.00020707314901073916,False
1700,5,5,3,2,0.020983063022659048,1000.0209830630228,0.002098306302275432,8.540496955409083,0.00021562948959399366,False
1701,5,5,2,3,0.019090046529094472,1000.0190900465291,0.0019090046529072423,4.36743344035328,0.0005668885172106836,False
1702,5,4,2,2,0.00607133693590727,1000.006071336936,0.0006071336935974613,2.9389084177638476,0.00020324445079924978,False
1703,5,5,2,3,0.021843128133450934,1000.0218431281336,0.0021843128133582465,4.5862186561130756,0.0006090682158305166,False
1704,5,5,4,1,0.06926906077029876,1000.0692690607704,0.006926906077035255,28.625781156543262,0.00025072851942138614,False
1705,5,3,2,1,0.030392444130663433,1000.0303924441307,0.0030392444130711736,156.06353089406338,1.959999489145048e-05,False
1706,5,5,1,4,0.014741003187002572,1000.0147410031869,0.001474100318694127,2.7401638522217246,0.000847104321144343,False
1707,5,5,3,2,0.026942375292317078,1000.0269423752924,0.0026942375292378527,9.823887141388436,0.0003053329939556784,False
1708,5,5,4,1,0.05875966964525278,1000.0587596696454,0.005875966964538293,70.92911253028784,8.402491340137791e-05,False
1709,5,5,1,4,-0.006329755459658923,999.9936702445403,-0.0006329755459660192,0.1292372595610878,0.0006329755459660192,True
1710,5,5,3,2,0.02666760974397348,1000.0266676097439,0.002666760974386761,14.64707034899749,0.0001178314317139033,False
1711,5,4,1,3,-0.004333030439865685,999.9956669695601,-0.0004333030439852337,0.09364657273473129,0.0004333030439852337,True
1712,5,5,3,2,0.04513998574524615,1000.0451399857452,0.004513998574520883,15.10973176828343,0.00027876385101990305,False
1713,5,4,1,3,0.01973966754131323,1000.0197396675412,0.0019739667541216477,4.474145681356544,0.00037871676109426495,False
1714,5,5,2,3,0.023444109252594183,1000.0234441092524,0.0023444109252409363,9.739197600702049,0.0002482714840994049,False
1715,5,5,4,1,0.031145489780318617,1000.0311454897803,0.0031145489780328717,15.204163595426241,0.00021926283284169187,False
1716,5,5,2,3,0.038944241458180824,1000.038944241458,0.0038944241458011676,7.5877376293990775,0.0005911360902680585,False
1717,5,3,0,3,-0.005474335396478116,999.9945256646035,-0.0005474335396456808,0.0,0.0005474335396456808,True
1718,5,5,3,2,0.027318745174208292,1000.0273187451743,0.002731874517428423,12.379512376926403,0.00016156294207961424,False
1719,5,5,2,3,0.04233262848895835,1000.0423326284889,0.004233262848890718,6.867297625166999,0.0005662709956928133,False
1720,5,4,2,2,0.00699658947644911,1000.0069965894763,0.0006996589476329973,7.123052829090182,7.323233056695244e-05,False
1721,5,5,2,3,0.02385806792234501,1000.0238580679223,0.002385806792233325,5.355948403217259,0.0004388101373524085,False
1722,5,4,3,1,0.027934218756243127,1000.0279342187563,0.00279342187562861,49.31930816307665,5.781032455166052e-05,False
1723,5,5,2,3,0.04188310223497942,1000.041883102235,0.004188310223503322,10.135691418139654,0.00024566493019619886,False
1724,5,5,3,2,0.05058907371058881,1000.0505890737106,0.00505890737106256,22.203850537601795,0.00017711365067801197,False
1725,5,5,4,1,0.050543836780220674,1000.0505438367802,0.005054383678020713,62.61552703993342,8.203100616128722e-05,False
1726,5,5,2,3,0.003943188292773068,1000.0039431882927,0.0003943188292737432,1.708102857988622,0.0005568613008107665,False
1727,5,5,1,4,-0.0017680625781622827,999.998231937422,-0.0001768062577980345,0.7430581483639851,0.000604326771383512,True
1728,5,5,3,2,0.048936501351131964,1000.0489365013512,0.004893650135124971,44.878510270547096,9.87758123076192e-05,False
1729,5,5,1,4,-0.0009935289038717579,999.9990064710962,-9.935289037912298e-05,0.8046437105654753,0.0005085706946162934,True
1730,5,5,0,5,-0.005661007626612815,999.9943389923733,-0.0005661007626713399,0.0,0.0005661007626713399,True
1731,5,5,5,0,0.04171976955885936,1000.041719769559,0.004171976955899481,1000000000000.0,0.0,False
1732,5,5,5,0,0.08150210401543795,1000.0815021040155,0.008150210401549885,1000000000000.0,0.0,False
1733,5,5,0,5,-0.0056148466912929115,999.9943851533088,-0.0005614846691173625,0.0,0.0005614846691173625,True
1734,5,4,2,2,0.021340141743060394,1000.0213401417429,0.002134014174293952,8.451055721577237,0.00028639733794308316,False
1735,5,5,2,3,0.041921492721834826,1000.0419214927217,0.004192149272171264,7.430976582963925,0.00033238383047597266,False
1736,5,5,5,0,0.06103979164458538,1000.0610397916446,0.0061039791644589055,1000000000000.0,0.0,False
1737,5,5,3,2,0.04912107498995132,1000.04912107499,0.004912107499001195,28.80234138038453,0.0001766707410451875,False
1738,5,5,3,2,0.04522780833534195,1000.0452278083353,0.004522780833531215,14.25397340897163,0.00034123125383783075,False
1739,5,5,3,2,0.02643901436475014,1000.0264390143648,0.002643901436476881,19.058628894345986,0.00014640245839938126,False
1740,5,5,2,3,0.04343334257315423,1000.0434333425733,0.004343334257328024,11.12613997312698,0.0004289025239187997,False
1741,5,5,2,3,0.0016201823379413229,1000.0016201823379,0.00016201823378878544,1.2448477968005065,0.00034298496860856175,False
1742,5,5,2,3,0.021851964422865487,1000.0218519644228,0.002185196442280812,8.193067460549349,0.0003037916788939589,False
1743,5,5,2,3,0.043538035824857046,1000.0435380358248,0.004353803582478122,18.85916888756421,0.00015531803770964497,False
1744,5,5,2,3,0.021854460400518336,1000.0218544604005,0.002185446040050465,3.6463978545316285,0.0004538947384879252,False
1745,5,5,3,2,0.029832184382150198,1000.029832184382,0.002983218438203039,8.599803204612499,0.0003925350410863891,False
1746,5,5,3,2,0.0028750898766488394,1000.0028750898766,0.000287508987662477,1.9025667606145826,0.00021190456499765878,False
1747,5,5,2,3,0.02244581871521688,1000.0224458187153,0.0022445818715254974,6.3981875640789765,0.0003725830553776177,False
1748,5,4,4,0,0.05050839439774705,1000.0505083943978,0.005050839439775245,1000000000000.0,0.0,False
1749,5,5,2,3,0.00480260559462855,1000.0048026055945,0.0004802605594477427,2.3472513588867168,0.00028956243951770597,False
1750,5,5,1,4,-0.0005476010635099378,999.9994523989365,-5.4760106354478925e-05,0.8856013975139716,0.00046039338030183914,True
1751,5,4,2,2,0.020613170824005243,1000.0206131708239,0.0020613170823935434,8.520101909896635,0.000139026185404999,False
1752,5,3,0,3,-0.004225760264960098,999.9957742397352,-0.00042257602648305693,0.0,0.00042257602648305693,True
1753,5,5,4,1,0.05359892078197958,1000.053598920782,0.005359892078195117,70.18969756867487,7.746244439123266e-05,False
1754,5,5,1,4,0.017445231287275854,1000.0174452312873,0.0017445231287297246,3.6477900657837594,0.0006588442281341256,False
1755,5,4,3,1,0.03076488429892144,1000.030764884299,0.0030764884298946525,29.555289398153665,0.00010773740790977554,False
1756,5,4,2,2,0.02419974311194033,1000.0241997431119,0.0024199743111921633,8.216886655494491,0.00033532109158613817,False
1757,5,5,2,3,0.0037455561433070816,1000.0037455561434,0.00037455561433716864,1.886547611508039,0.00024617505123393,False
1758,5,5,2,3,-0.0013549013729360166,999.998645098627,-0.00013549013730198566,0.7429940691860725,0.00028646683384693386,True
1759,5,5,3,2,0.02994791396980046,1000.0299479139699,0.0029947913969863293,14.340583548954369,0.00011457989774002957,False
1760,5,4,3,1,0.04801300541996359,1000.0480130054199,0.00480130054198753,303.806473700508,1.5855239848049966e-05,False
1761,5,4,3,1,0.0045445390635979,1000.0045445390637,0.0004544539063658704,3.900916005182029,0.0001566586358258529,False
1762,5,5,2,3,0.02385300482639648,1000.0238530048264,0.002385300482637831,5.26116645157699,0.0005597764156277663,False
1763,5,4,2,2,0.008936625496721806,1000.0089366254967,0.0008936625496744454,8.887714719519229,0.00010221152231220831,False
1764,5,5,1,4,-0.0033946989106780553,999.9966053010893,-0.0003394698910710758,0.026656526529182052,0.0003394698910710758,True
1765,5,5,1,4,0.01829085436960993,1000.0182908543698,0.0018290854369752197,3.969860682741939,0.00033378102717732897,False
1766,5,5,2,3,0.02075841575149705,1000.0207584157514,0.0020758415751402025,9.620222152466907,0.00022982323869200628,False
1767,5,4,1,3,0.0009696271038346872,1000.0009696271038,9.696271038137637e-05,1.2199093411006054,0.0003554535885301579,False
1768,5,4,3,1,0.006650051485882189,1000.006650051486,0.0006650051485962649,8.515325171741116,8.848642820894089e-05,False
1769,5,5,2,3,0.0015020558941708725,1000.0015020558942,0.00015020558942069329,1.6059156573333817,0.00021357564549787878,False
1770,5,5,3,2,0.00840501716716171,1000.0084050171672,0.0008405017167206097,5.051838332919961,0.00016563658485189444,False
1771,5,5,1,4,-0.0008849241299897213,999.99911507587,-8.849241299913047e-05,0.7959032520297715,0.00023156811544048123,True
1772,5,5,1,4,-0.0007971845144719198,999.9992028154854,-7.971845145675616e-05,0.8487060915549608,0.0004463973997749562,True
1773,5,5,1,4,-0.0041452191526934615,999.9958547808474,-0.0004145219152633217,0.1876690544802612,0.0005102869926986387,True
1774,5,4,2,2,0.026773117863867626,1000.0267731178639,0.0026773117863854168,20.43902087986357,7.677565278654334e-05,False
1775,5,5,2,3,0.0035925376983909035,1000.0035925376984,0.00035925376984096146,1.9958060087927407,0.00036076422514652357,False
1776,5,5,3,2,0.06694461698257437,1000.0669446169826,0.0066944616982596026,29.455847905836336,0.00023524155193257575,False
1777,5,4,2,2,-0.0018261783484218226,999.9981738216516,-0.00018261783484376792,0.18292063955335736,0.00022350073161305775,True
1778,5,4,3,1,0.004404450185236891,1000.0044044501853,0.00044044501853477417,2.738279132350953,0.0002533781568401065,False
1779,5,4,2,2,0.021765580404091593,1000.0217655804041,0.0021765580404121466,7.867782930159668,0.00031692250831853594,False
1780,5,4,2,2,0.007552917097247808,1000.0075529170972,0.0007552917097200407,4.948462160515323,0.00019128652724982473,False
1781,5,4,1,3,-0.0022027205416664366,999.9977972794584,-0.0002202720541617964,0.5107135066732335,0.00045018930774739683,True
1782,5,5,2,3,0.0008389885818679843,1000.0008389885818,8.389885817905451e-05,1.1359055400133313,0.00039021028793116035,False
1783,5,5,2,3,0.0025448905903304583,1000.0025448905903,0.00025448905903431297,1.5749280251197193,0.0003561943988293019,False
1784,5,5,2,3,0.020280221840575624,1000.0202802218405,0.002028022184049405,4.312243894492815,0.0006122642849293647,False
1785,5,4,4,0,0.037050789390247425,1000.0370507893903,0.003705078939026407,1000000000000.0,0.0,False
1786,5,5,3,2,0.06868358232601539,1000.0686835823261,0.006868358232611626,16.651115422670557,0.0004388308001147755,False
1787,5,5,3,2,0.026087344637267175,1000.0260873446372,0.0026087344637176105,15.36021497607815,0.00018165952438937852,False
1788,5,3,2,1,0.02410321135577454,1000.0241032113559,0.0024103211355850362,8.430958102268052,0.0003243620946818737,False
1789,5,3,1,2,0.004390335567785364,1000.0043903355679,0.00043903355679049123,4.543593654301822,9.661110697152253e-05,False
1790,5,3,1,2,-0.003706922412749829,999.9962930775873,-0.000370692241267534,0.17710337649876953,0.0004504720701782412,True
1791,5,4,3,1,0.029519513532462148,1000.0295195135324,0.0029519513532363815,120.8226550429698,2.463591813759375e-05,False
1792,5,5,2,3,0.0233343033498352,1000.0233343033499,0.002333430334988407,6.7694606713203855,0.00028554365277386754,False
1793,5,4,1,3,-0.0008769510622486875,999.9991230489377,-8.769510623096721e-05,0.7983499593087133,0.00040970479482211887,True
1794,5,5,3,2,0.028140782229161946,1000.0281407822291,0.0028140782229115757,9.374644853302058,0.0003360153618565072,False
1795,5,5,3,2,-4.9580576436874385e-05,999.9999504194236,-4.958057638759783e-06,0.9871415391816061,0.0003703408213320038,True
1796,5,5,3,2,0.049232244460267395,1000.0492322444603,0.004923224446031327,23.237030018973467,0.00013136460857861743,False
1797,5,5,5,0,0.057411925477932634,1000.0574119254779,0.005741192547793617,1000000000000.0,0.0,False
1798,5,3,1,2,0.021185528931573282,1000.0211855289316,0.0021185528931596306,10.74610112134023,0.00021736932339441766,False
1799,5,5,1,4,-0.0030478987562600193,999.9969521012437,-0.0003047898756335598,0.5680230384704025,0.0007055697474015688,True
1800,5,4,3,1,0.06973716633741454,1000.0697371663374,0.0069737166337404234,143.24299885665835,4.9026782971850476e-05,False
1801,5,3,3,0,0.02964908255630897,1000.0296490825564,0.0029649082556375108,1000000000000.0,0.0,False
1802,5,5,3,2,0.0666201288517909,1000.0666201288518,0.0066620128851809565,18.1128120249856,0.00020056953956453747,False
1803,5,5,3,2,0.0036393320631177895,1000.0036393320631,0.0003639332063130496,2.2805605847793258,0.00020005912628664522,False
1804,5,4,3,1,0.03132519552118322,1000.0313251955213,0.003132519552127633,42.26124728705117,7.59169117607857e-05,False
1805,5,4,3,1,0.00913085489668929,1000.0091308548967,0.0009130854896739038,7.043027754095582,0.00015109683156069439,False
1806,5,4,1,3,0.023040416328800727,1000.0230404163289,0.0023040416328854005,16.88590893543741,0.00013161257961655793,False
1807,5,4,3,1,0.03286217284281834,1000.0328621728428,0.0032862172842783362,16.326730889018794,0.0002144097424267012,False
1808,5,4,2,2,0.04372921755742407,1000.0437292175574,0.004372921755737024,13.518832795303547,0.00033165332404761215,False
1809,5,4,1,3,-0.004441447134796567,999.9955585528652,-0.00044414471348090955,0.5029735821654474,0.0008936038358228871,True
1810,5,4,1,3,0.0008231614449815366,1000.0008231614449,8.231614449414338e-05,1.1872951049877472,0.0004394974175544003,False
1811,5,5,3,2,0.0312349080186864,1000.0312349080187,0.0031234908018745954,9.933327955218028,0.00026928800303949174,False
1812,5,5,1,4,-0.0033846623360021286,999.9966153376639,-0.0003384662336088695,0.5829759794230012,0.0008116228727885755,True
1813,5,5,4,1,0.054726061777568946,1000.0547260617777,0.005472606177772832,46.73229951445933,0.00011966610547915479,False
1814,5,5,3,2,0.04664725052542976,1000.0466472505253,0.004664725052532503,17.31928467779959,0.00028583418520180626,False
1815,5,5,2,3,-0.001884046083486725,999.9981159539166,-0.00018840460834326222,0.7102237775685861,0.0006105453494066575,True
1816,5,3,1,2,0.0019045566146567853,1000.0019045566147,0.00019045566147042338,1.6764400504264583,0.00024103047196604168,False
1817,5,5,4,1,0.05736080020897668,1000.0573608002089,0.0057360800208925864,50.563504808714605,0.00011572900612319447,False
1818,5,5,1,4,0.0018990472307305747,1000.0018990472308,0.00018990472308360042,1.606384860034488,0.00024156507556654107,False
1819,5,5,1,4,-0.0033284652477897124,999.9966715347523,-0.0003328465247705026,0.21147126669639504,0.00042211046168004793,True
1820,5,5,3,2,0.047346333673551635,1000.0473463336735,0.004734633367354491,14.304538598843472,0.000355847918210049,False
1821,5,5,2,3,0.026777250182809045,1000.0267772501828,0.002677725018281762,8.666643963739267,0.00019264497534550175,False
1822,5,5,2,3,0.024348582841259497,1000.0243485828414,0.002434858284141228,9.198478099131743,0.0002969890575514,False
1823,5,5,4,1,0.07498462639912709,1000.0749846263991,0.007498462639910031,32.67608659560094,0.00023671708208056723,False
1824,5,4,1,3,0.0010135287071349776,1000.0010135287072,0.00010135287071761924,1.2205325322612977,0.0004595798232290988,False
1825,5,4,3,1,0.030736821755296562,1000.0307368217552,0.0030736821755226627,24.654482260426196,0.00012993663001247262,False
1826,5,5,2,3,0.00038073845844881985,1000.0003807384585,3.807384584888496e-05,1.0696062688883792,0.0005469887476010626,False
1827,5,5,5,0,0.05405534551146033,1000.0540553455114,0.0054055345511415,1000000000000.0,0.0,False
1828,5,4,0,4,-0.007877790265332143,999.9921222097347,-0.0007877790265297334,0.0,0.0007877790265297334,True
1829,5,5,3,2,0.03251066738829873,1000.0325106673882,0.003251066738823738,12.551558411323908,0.00016110685144177215,False
1830,5,4,2,2,0.008306948820476485,1000.0083069488205,0.00083069488205183,6.871303778402584,9.225832205242634e-05,False
1831,5,5,1,4,0.018453510113750345,1000.0184535101137,0.0018453510113658922,4.26629503944543,0.0004264549903268744,False
1832,5,4,3,1,0.027707625234871597,1000.0277076252348,0.0027707625234825173,187.958718782756,1.4820126165235757e-05,False
1833,5,4,3,1,0.00569073716150669,1000.0056907371616,0.0005690737161557991,3.551573291342318,0.00022302679310762336,False
1834,5,5,2,3,0.023644470310016603,1000.02364447031,0.0023644470310046017,5.798405423407384,0.0004927448504522428,False
1835,5,5,3,2,0.0021987795131606022,1000.0021987795132,0.00021987795131508394,1.8371184460846333,0.00026265923460777173,False
1836,5,4,1,3,-0.0015582539478533957,999.9984417460522,-0.00015582539477918542,0.668428393265995,0.0002848325493800985,True
1837,5,4,0,4,-0.006774496549149929,999.9932255034508,-0.0006774496549155629,0.0,0.0006774496549155629,True
1838,5,5,5,0,0.07578546416093851,1000.075785464161,0.007578546416095833,1000000000000.0,0.0,False
1839,5,5,3,2,0.06631257733912659,1000.0663125773392,0.006631257733920392,29.12875651643264,0.00023573037764562966,False
1840,5,4,2,2,0.019719635588035186,1000.019719635588,0.0019719635587989613,5.285736231368399,0.0004601224742600607,False
1841,5,4,1,3,-0.001065592909662478,999.9989344070904,-0.00010655929096401451,0.8273747005602261,0.0006172866393967524,True
1842,5,5,4,1,0.05237479688191797,1000.052374796882,0.005237479688196345,14.594861547403966,0.0003852326996432156,False
1843,5,4,1,3,-0.0030384602790111213,999.996961539721,-0.0003038460278958155,0.3221643737695672,0.00044825915921364867,True
1844,5,5,2,3,-0.003325107262605437,999.9966748927374,-0.00033251072626399035,0.11877697753827739,0.0003770742203893635,True
1845,5,5,2,3,0.023914486526598753,1000.0239144865266,0.0023914486526564363,7.334303108719084,0.00037753934593638406,False
1846,5,4,1,3,0.019822089560217283,1000.0198220895602,0.0019822089560193492,7.370572513841076,0.0003111436991852432,False
1847,5,5,4,1,0.04824123094343059,1000.0482412309435,0.004824123094351762,27.027688360627124,0.00018534581432732013,False
1848,5,5,1,4,0.01629088696372613,1000.0162908869637,0.0016290886963702179,4.097127685439054,0.0005259998494807405,False
1849,5,4,1,3,0.020216931233727368,1000.0202169312337,0.0020216931233676405,6.873776154425849,0.0002074763034670468,False
1850,5,3,0,3,-0.003458183815635132,999.9965418161844,-0.00034581838156100275,0.0,0.00034581838156100275,True
1851,5,4,3,1,0.04541490893064938,1000.0454149089305,0.004541490893052468,25.601807150189384,0.00018459116602784038,False
1852,5,5,4,1,0.07137883042761034,1000.0713788304275,0.007137883042753401,32.122952672945345,0.00022932776631022598,False
1853,5,5,2,3,0.044078300055544035,1000.0440783000555,0.004407830005550295,19.492136838991886,0.00013634178717523868,False
1854,5,4,3,1,0.027060909794537496,1000.0270609097945,0.002706090979449982,49.49223183336686,5.5803146637013656e-05,False
1855,5,5,2,3,0.0038779658545834614,1000.0038779658545,0.000387796585448541,1.6643086826917481,0.0004034092553340801,False
1856,5,4,2,2,0.025259628484357925,1000.0252596284843,0.0025259628484263887,6.774364006735897,0.00025380136769399543,False
1857,5,4,2,2,-0.0027736894163791336,999.9972263105836,-0.0002773689416358138,0.16160539027088336,0.0003308334028133686,True
1858,5,5,2,3,0.02004189464286149,1000.0200418946429,0.002004189464287265,5.1431375151517855,0.0002628113891318175,False
1859,5,4,3,1,0.05136938068158241,1000.0513693806816,0.005136938068164909,30.52515434204898,0.0001739810522427583,False
1860,5,5,4,1,0.033213060862709136,1000.0332130608627,0.0033213060862749447,18.07935729797734,0.00019446129495205502,False
1861,5,5,2,3,0.039862573679475,1000.0398625736796,0.003986257367955659,8.20334308912226,0.0003680746340326129,False
1862,5,4,2,2,0.026525774078148573,1000.0265257740782,0.0026525774078208996,10.66216445468127,0.0002529345247435708,False
1863,5,5,3,2,0.002951308741900238,1000.0029513087418,0.00029513087417853967,1.873210133414578,0.00033114140417505266,False
1864,5,5,3,2,0.051352955460686446,1000.0513529554606,0.005135295546062935,16.90849373142412,0.00018275766578845266,False
1865,5,4,3,1,0.0441651153747037,1000.0441651153748,0.004416511537476708,19.328292109547476,0.00024096688938470836,False
1866,5,5,2,3,0.02441074699535517,1000.0244107469954,0.0024410746995386034,8.715466068131326,0.0003163871991660017,False
1867,5,5,2,3,0.04301299876949122,1000.0430129987694,0.004301299876942721,11.452482032868128,0.00041149051115037336,False
1868,5,4,3,1,0.021532352486053136,1000.021532352486,0.002153235248601959,11.896179480759606,0.0001976137831093183,False
1869,5,5,4,1,0.0033835021899744663,1000.00338350219,0.0003383502189990395,3.01290337214469,0.00016809064144354124,False
1870,5,5,2,3,0.022402354881526094,1000.0224023548816,0.0022402354881592146,6.475582463559683,0.00029737325926257,False
1871,5,4,2,2,0.04560043150424489,1000.0456004315042,0.004560043150422644,21.150120869337307,0.00022629805260596325,False
1872,5,5,4,1,0.007933256200578756,1000.0079332562005,0.0007933256200544748,13.693699030412164,6.24970827002627e-05,False
1873,5,4,1,3,0.020663163796150564,1000.0206631637961,0.0020663163796143637,15.54208686975978,0.00014209214937181968,False
1874,5,4,3,1,0.010037036554048837,1000.0100370365541,0.0010037036554081168,8.080785143727358,0.0001417501579789919,False
1875,5,5,4,1,0.053308546129245675,1000.0533085461292,0.005330854612918756,849.9043413845974,6.279390714015258e-06,False
1876,5,5,3,2,0.07318270738127246,1000.0731827073813,0.00731827073813065,100.10395241321866,7.384255730044067e-05,False
1877,5,5,3,2,0.04667874161647013,1000.0466787416165,0.004667874161646068,39.24921819893981,0.00010652633929741242,False
1878,5,4,2,2,0.02617413322532959,1000.0261741332253,0.002617413322525408,10.84546607561332,0.00013861398373065666,False
1879,5,3,1,2,-0.0011814234595980046,999.9988185765403,-0.00011814234596840834,0.3297943559890069,0.00017627775447408566,True
1880,5,4,2,2,0.00020446787703384665,1000.0002044678771,2.0446787709715862e-05,1.0438334035555041,0.0003549603764638351,False
1881,5,5,2,3,0.0017971505373680606,1000.0017971505373,0.00017971505372997855,1.270100177602406,0.0003006420685778721,False
1882,5,4,2,2,0.02450909993563657,1000.0245090999357,0.002450909993569894,78.37433058527407,2.7805807405911764e-05,False
1883,5,3,1,2,-0.0013707467706003415,999.9986292532293,-0.00013707467707035903,0.7005432278965756,0.00045774298755676507,True
1884,5,5,3,2,0.0691847860478432,1000.0691847860478,0.00691847860477992,24.75901164808159,0.00029118708008971626,False
1885,5,5,3,2,0.01187489592445836,1000.0118748959245,0.0011874895924506744,4.744946241929586,0.0002556914431168527,False
1886,5,5,2,3,0.024061667020818505,1000.024061667021,0.0024061667020987445,5.421450074414166,0.0004100901854712902,False
1887,5,5,1,4,0.01792676667834992,1000.0179267666784,0.0017926766678442619,4.68280763151815,0.00048675792629442223,False
1888,5,5,1,4,-0.0022421183755526137,999.9977578816245,-0.0002242118375534119,0.6757350264492347,0.0005039739029371049,True
1889,5,5,3,2,0.027051967535184605,1000.0270519675353,0.0027051967535271617,11.414917051498932,0.00025973605298540723,False
1890,5,4,0,4,-0.004728138089358346,999.9952718619106,-0.00047281380893764434,0.0,0.00047281380893764434,True
1891,5,4,2,2,0.00616409052710373,1000.0061640905271,0.0006164090527136069,2.881251393483061,0.0003276574121645762,False
1892,5,5,4,1,0.03271856974763435,1000.0327185697477,0.003271856974765797,24.884184026756685,0.00013698376475006834,False
1893,5,5,1,4,-0.004731607659729793,999.9952683923403,-0.00047316076596644053,0.38036050898945456,0.0007636065370775214,True
1894,5,4,1,3,-0.005409011610273396,999.9945909883897,-0.000540901161025431,0.1011390892512886,0.0006017625478637487,True
1895,5,5,3,2,0.047625247248583705,1000.0476252472486,0.004762524724856121,12.239240422259092,0.0004237209991922718,False
1896,5,4,2,2,0.022576018966524922,1000.0225760189666,0.0022576018966560694,8.849149323546898,0.00028762376705344646,False
1897,5,4,3,1,0.02942410014592196,1000.029424100146,0.0029424100146002276,16.33149096415875,0.00019191335007598178,False
1898,5,5,4,1,0.04843729110712158,1000.0484372911071,0.004843729110712048,14.670906655352173,0.00035430928122650587,False
1899,5,3,1,2,0.0030386425772885154,1000.0030386425772,0.00030386425771666836,2.356283185868821,0.0002240418969336133,False
1900,5,5,1,4,-0.00227622946879422,999.9977237705313,-0.000227622946874817,0.6648989380109821,0.000679266563724923,True
1901,5,5,2,3,0.02497583816049998,1000.0249758381605,0.00249758381604579,5.698275154601842,0.0005315959014524197,False
1902,5,5,2,3,0.02453705020176194,1000.0245370502018,0.002453705020184316,7.391980982686964,0.00038387239054600287,False
1903,5,5,3,2,0.02769236716435024,1000.0276923671643,0.0027692367164263484,18.913936394638903,0.00013396289390357196,False
1904,5,5,1,4,0.0002668864742695989,1000.0002668864743,2.6688647426453827e-05,1.049098900898372,0.0004113098095221989,False
1905,5,5,2,3,0.023360160841854407,1000.0233601608419,0.002336016084188941,6.885872188144697,0.00023320575815964932,False
1906,5,5,2,3,0.019780493767940416,1000.019780493768,0.0019780493768053018,5.801698838076159,0.0003107092344836168,False
1907,5,5,4,1,0.027199831456512325,1000.0271998314565,0.0027199831456528045,13.010084556777153,0.00022646938425718142,False
1908,5,5,2,3,0.0005974873675270203,1000.0005974873676,5.9748736759956955e-05,1.1373981915017173,0.0002921725075657495,False
1909,5,4,2,2,0.044203625608035,1000.0442036256081,0.004420362560813374,20.79993303949649,0.0001528822515524553,False
1910,5,4,2,2,-0.0010607097654757032,999.9989392902346,-0.00010607097653974052,0.37754181182540614,0.0001704064792154752,True
1911,5,4,1,3,0.01829220313857128,1000.0182922031386,0.0018292203138571496,4.290024324992198,0.00028450952207024127,False
1912,5,5,2,3,0.04348705560150553,1000.0434870556015,0.004348705560153121,18.294455207894156,0.0002468776900741432,False
1913,5,5,4,1,0.014739077345517108,1000.0147390773454,0.0014739077345439,59.666890508838335,2.5123091313525304e-05,False
1914,5,5,2,3,0.04622384334993949,1000.0462238433499,0.004622384334993512,19.657206393652892,0.00021053471091363462,False
1915,5,4,1,3,0.0005146096730893829,1000.000514609673,5.1460967301864e-05,1.097260067825619,0.00033689863657855313,False
1916,5,5,0,5,-0.009351818988216026,999.9906481810118,-0.0009351818988193372,0.0,0.0009351818988193372,True
1917,5,5,1,4,-0.004004332902023155,999.9959956670979,-0.0004004332902127317,0.146776934785582,0.0004693180842091733,True
1918,5,5,4,1,0.03023132486808795,1000.0302313248682,0.0030231324868168485,14.13963581608518,0.00023007734225757303,False
1919,5,5,4,1,0.05771650988518802,1000.0577165098852,0.005771650988515375,32.3445997602212,0.00018412545603132356,False
1920,5,3,3,0,0.027458978943176383,1000.0274589789432,0.0027458978943172953,1000000000000.0,0.0,False
1921,5,5,2,3,0.024363459316303834,1000.0243634593164,0.002436345931641881,9.745152930179055,0.0002785932542199194,False
1922,5,4,2,2,0.02288128890010478,1000.0228812889001,0.0022881288900066465,18.60032832524811,0.0001300048980738211,False
1923,5,5,3,2,0.030666901962442754,1000.0306669019625,0.0030666901962490556,8.631781482645726,0.0004018219522975201,False
1924,5,5,3,2,0.06725613228417873,1000.0672561322843,0.006725613228434213,24.892304179144176,0.0001704969514548793,False
1925,5,5,3,2,0.02333992267158253,1000.0233399226714,0.0023339922671425485,13.20932551820658,0.0001432576170714128,False
1926,5,5,1,4,0.014188348356962015,1000.014188348357,0.0014188348357038194,2.5038568253912206,0.0006011752655240343,False
1927,5,4,1,3,0.017864372264942033,1000.017864372265,0.0017864372264966733,4.063337149451254,0.0005831532112964737,False
1928,5,5,4,1,0.05075838829590395,1000.0507583882959,0.005075838829588974,40.28810499859462,0.0001291925170284918,False
1929,5,5,1,4,-0.00959150609221119,999.9904084939077,-0.0009591506092306191,0.023927950704081234,0.0009591506092306191,True
1930,5,4,1,3,-0.002863858618795204,999.9971361413812,-0.0002863858618752602,0.22201447180014455,0.0003186399857762288,True
1931,5,5,2,3,0.025110454449340923,1000.0251104544493,0.00251104544493046,8.284894706389865,0.00023319496895988454,False
1932,5,4,1,3,0.02110054635205888,1000.021100546352,0.002110054635204506,6.256284285084836,0.00021301084921105938,False
1933,5,5,3,2,0.012594366613672605,1000.0125943666136,0.001259436661359814,7.273937152231904,0.00020073928229895314,False
1934,5,5,3,2,0.009138616969084688,1000.0091386169692,0.000913861696915319,3.7824484957078623,0.00019437591223950715,False
1935,5,4,1,3,-0.0018984695996136316,999.9981015304004,-0.00018984695996095982,0.5811285286863304,0.0004532343999585464,True
1936,5,5,3,2,0.04530160661044744,1000.0453016066103,0.004530160661033733,12.418852452185465,0.00020784067697220712,False
1937,5,5,3,2,0.04435251435162387,1000.0443525143517,0.00443525143516581,13.893522360661088,0.00019586576180254583,False
1938,5,4,1,3,0.018550935830439548,1000.0185509358305,0.0018550935830489832,4.72098383644678,0.000498537484529315,False
1939,5,5,2,3,0.006253727203826027,1000.0062537272038,0.0006253727203784365,2.7858949531818777,0.0002453878449387048,False
1940,5,4,1,3,-0.0014464692520914785,999.9985535307478,-0.0001446469252186944,0.7899322862929794,0.0005360093576418226,True
1941,5,4,0,4,-0.005288556990603549,999.9947114430095,-0.0005288556990535653,0.0,0.0005288556990535653,True
1942,5,4,3,1,0.05323217622076498,1000.0532321762208,0.005323217622083121,60.969831337269596,8.87627179907268e-05,False
1943,5,4,1,3,0.019981665413629113,1000.0199816654136,0.001998166541363844,4.850427467291193,0.0002895423118729923,False
1944,5,5,4,1,0.0015472017481463537,1000.0015472017482,0.00015472017481670263,2.271491266995125,0.00012168368842053592,False
1945,5,4,2,2,0.005039692009789619,1000.0050396920099,0.000503969200985921,2.9065413928058046,0.00013288204892205612,False
1946,5,4,2,2,0.023230243433550984,1000.0232302434335,0.0023230243433545184,11.28261734471599,0.00022591185244349532,False
1947,5,4,3,1,0.06677753440274801,1000.0667775344028,0.006677753440283141,23.26674256411883,0.0002998980843813115,False
1948,5,5,4,1,0.036135587098880914,1000.0361355870989,0.00361355870988973,36.26241490862065,0.00010247538546533252,False
1949,5,4,3,1,0.02773730043308932,1000.027737300433,0.0027737300433045677,18.52367909192503,0.00015828071390417176,False
1950,5,4,3,1,-0.0006531396645044594,999.9993468603355,-6.531396644504639e-05,0.4125023505812919,0.00011117315092784779,True
1951,5,4,3,1,0.050776980622964735,1000.0507769806229,0.005077698062291347,27.566194290465585,0.00019112374491690026,False
1952,5,4,2,2,0.02470519184789231,1000.0247051918478,0.0024705191847829155,12.116248022705088,0.00022224397835088894,False
1953,5,5,0,5,-0.007190540870938483,999.992809459129,-0.0007190540870965378,0.0,0.0007190540870965378,True
1954,5,5,2,3,0.02242971035367804,1000.0224297103537,0.0022429710353662814,7.852810592066575,0.000259095724029776,False
1955,5,4,3,1,0.027903274807721937,1000.0279032748077,0.002790327480772703,21.46555836138187,0.00013634260211574655,False
1956,5,5,3,2,0.011334309954740196,1000.0113343099547,0.001133430995469098,6.026684424635106,0.00014164280791311416,False
1957,5,5,1,4,0.01674904777671346,1000.0167490477767,0.0016749047776670523,3.6958826344820426,0.0006212682622714034,False
1958,5,5,1,4,-0.007422664344217515,999.9925773356558,-0.0007422664344176155,0.094078696675733,0.0007422664344176155,True
1959,5,4,3,1,0.03141127630101203,1000.031411276301,0.0031411276301014372,59.760903074872836,5.345437396023967e-05,False
1960,5,5,3,2,0.05058982710204066,1000.0505898271022,0.005058982710215786,27.183658580150812,0.0001932013053462588,False
1961,5,4,2,2,0.004699051702739294,1000.0046990517027,0.0004699051702687029,2.6807160969925197,0.00027958418988217854,False
1962,5,4,2,2,0.005618859868440156,1000.0056188598685,0.0005618859868491199,2.4578784062853636,0.00038541347785212563,False
1963,5,5,1,4,0.015667791377724394,1000.0156677913777,0.0015667791377723009,3.040893967081475,0.0006476317458473963,False
1964,5,4,3,1,0.025522857824466116,1000.0255228578245,0.002552285782451236,8.22926710099164,0.00035304742044342237,False
1965,5,5,2,3,-0.0006724236047953673,999.9993275763952,-6.724236047830345e-05,0.8813705947188442,0.0005668243736405002,True
1966,5,5,3,2,0.026214700298900207,1000.0262147002991,0.0026214700299078686,14.825830952604733,0.00012569420301899404,False
1967,5,5,3,2,0.025198844756877222,1000.0251988447568,0.002519884475680101,15.569632571103714,0.00010515973182117832,False
1968,5,4,3,1,0.02052501526596483,1000.020525015266,0.002052501526600281,6.580833095956404,0.0003677680045701357,False
1969,5,5,2,3,0.024179517432637528,1000.0241795174326,0.002417951743257163,6.1565199121053915,0.00037006576618668884,False
1970,5,5,3,2,0.02712328450226761,1000.0271232845023,0.0027123284502295064,15.018772222321358,0.00019347371561575743,False
1971,5,4,2,2,0.02258114937179798,1000.0225811493717,0.0022581149371717403,5.615318407058571,0.0004892535378478816,False
1972,5,4,2,2,-0.0009966534327384901,999.9990033465672,-9.966534328214039e-05,0.6306109089391516,0.00022757449096388885,True
1973,5,4,2,2,0.02722260367304252,1000.0272226036732,0.0027222603673180855,28.116181949622554,8.556738118643629e-05,False
1974,5,5,0,5,-0.004734966213111215,999.995265033787,-0.0004734966213050029,0.0,0.0004734966213050029,True
1975,5,5,4,1,0.027863441012151276,1000.0278634410122,0.002786344101218674,12.315533871553741,0.000246238748121832,False
1976,5,5,2,3,-7.043560525588186e-05,999.9999295643947,-7.0435605266538924e-06,0.9860010454404987,0.0004189924933598377,True
1977,5,5,3,2,0.025536917421916935,1000.025536917422,0.0025536917421959513,12.481203752610194,0.0001816588366511849,False
1978,5,3,2,1,0.025440242556276575,1000.0254402425562,0.00254402425562148,10.844558101383138,0.000258419344925187,False
1979,5,5,2,3,0.02162366234367135,1000.0216236623437,0.0021623662343699833,5.408135578553905,0.00028129579621949977,False
1980,5,5,3,2,0.029263567503345394,1000.0292635675032,0.0029263567503221566,16.355890930032963,9.610974374959723e-05,False
1981,5,5,3,2,0.04902206824806733,1000.0490220682482,0.004902206824817768,18.422019369878612,0.0002813719905477367,False
1982,5,3,0,3,-0.00556299565428168,999.9944370043456,-0.0005562995654372571,0.0,0.0005562995654372571,True
1983,5,4,2,2,0.026337543922754194,1000.0263375439228,0.002633754392275023,19.46766764141829,7.182168373577766e-05,False
1984,5,4,1,3,-0.00105883037029099,999.9989411696297,-0.00010588303703116254,0.8368518891314399,0.0004136631756415106,True
1985,5,5,2,3,0.026223980198620902,1000.0262239801987,0.002622398019866523,7.721730536077916,0.0003262599913092524,False
1986,5,5,3,2,0.031855043989016514,1000.031855043989,0.003185504398902594,19.992290297271953,0.00016772618515688008,False
1987,5,4,3,1,0.003778123561975766,1000.003778123562,0.0003778123562028668,4.533890055586673,0.00010691066188185665,False
1988,5,5,1,4,0.00021951209901960225,1000.0002195120991,2.1951209907911108e-05,1.0398910385256692,0.0002835496585134934,False
1989,5,5,3,2,0.030438525466651902,1000.0304385254667,0.0030438525466706776,21.706453770942463,0.00014699973971328114,False
1990,5,5,3,2,0.009449057781099616,1000.0094490577811,0.0009449057781125703,6.1323027612828565,9.770192733640216e-05,False
1991,5,5,2,3,0.021329198666586863,1000.0213291986665,0.0021329198666535376,9.444048786888128,0.00016634824571610808,False
1992,5,3,1,2,-0.0033221560153118695,999.9966778439847,-0.00033221560153151586,0.06845460685095503,0.0003566283756736173,True
1993,5,5,2,3,0.0017609581521081466,1000.0017609581521,0.00017609581520900973,1.4004040017891386,0.0004397953427655921,False
1994,5,5,4,1,0.055794053994112455,1000.0557940539941,0.005579405399407733,515.3863588513759,1.0846378326329063e-05,False
1995,5,4,2,2,0.04511025538354835,1000.0451102553834,0.004511025538340618,14.549081961398594,0.00017519848479423674,False
1996,5,5,2,3,0.022224629296217734,1000.0222246292963,0.00222246292962609,5.0415680443553965,0.0005498989413731145,False
1997,5,5,1,4,-0.0025880259990633675,999.9974119740009,-0.0002588025999102683,0.33957278728107443,0.00039187149609460904,True
1998,5,5,4,1,0.05387066894301122,1000.0538706689429,0.005387066894286363,66.43013774807426,8.232860965790817e-05,False
1999,5,5,2,3,0.043253755646541756,1000.0432537556466,0.004325375564656042,10.456913444545162,0.0004529807560921474,False
2000,5,4,1,3,0.0008300766118253676,1000.0008300766118,8.300766118054526e-05,1.335891739186566,0.00019735026936587016,False
2001,5,4,2,2,0.0013866656148780823,1000.0013866656149,0.00013866656148593394,1.3410378717187597,0.0002810557585235074,False
2002,5,4,0,4,-0.006791311966010949,999.993208688034,-0.0006791311966026114,0.0,0.0006791311966026114,True
2003,5,5,4,1,0.050494359044800444,1000.0504943590448,0.005049435904481925,62.49819958454105,8.210285023477578e-05,False
2004,5,4,3,1,0.0019178587280928466,1000.001917858728,0.00019178587280066492,1.8022396646477217,0.00023906203464972516,False
2005,5,5,2,3,0.04393379609241344,1000.0439337960923,0.004393379609234671,15.321655778429895,0.0001901684534124864,False
2006,5,4,1,3,-0.003573973458004783,999.996426026542,-0.0003573973457946522,0.04945589476852618,0.0003573973457946522,True
2007,5,5,3,2,0.050015013718277226,1000.0500150137183,0.005001501371827998,38.538244193438985,9.05629159497019e-05,False
2008,5,5,4,1,0.07681388520219254,1000.0768138852021,0.007681388520211385,175.97932187261628,4.389779935377452e-05,False
2009,5,4,2,2,0.006894880673042851,1000.0068948806731,0.0006894880673144143,4.696940184354637,0.00018650181335222262,False
2010,5,5,4,1,0.05285570991523228,1000.0528557099151,0.0052855709915093025,58.48825385239796,9.194175570428342e-05,False
2011,5,5,3,2,0.023609814687066546,1000.023609814687,0.0023609814687006294,6.057298432452499,0.00032320126768996347,False
2012,5,5,0,5,-0.008198972752599166,999.9918010272474,-0.0008198972752552437,0.0,0.0008198972752552437,True
2013,5,4,3,1,0.005579309724270323,1000.0055793097243,0.000557930972433951,3.121604738185654,0.0002629746511314495,False
2014,5,5,3,2,0.03107682382788621,1000.0310768238279,0.003107682382790245,19.66802803390056,0.0001664659878938825,False
2015,5,5,2,3,0.04128991234274725,1000.0412899123428,0.004128991234279056,8.609302704814542,0.0005426241266036413,False
2016,5,5,3,2,0.05075886210265647,1000.0507588621026,0.00507588621026116,34.47028626919978,0.00015164932901102232,False
2017,5,5,2,3,0.02437258518138572,1000.0243725851813,0.0024372585181254183,9.982701223983112,0.00027132150487175447,False
2018,5,4,3,1,0.03348617704603105,1000.033486177046,0.0033486177046029297,51.88562792354,6.580491582673482e-05,False
2019,5,5,3,2,0.06758024304529445,1000.0675802430453,0.006758024304531318,21.485116169776443,0.00020459966485429258,False
2020,5,5,1,4,-0.000721290799157569,999.9992787092009,-7.212907991061002e-05,0.8576793904971911,0.00046884914969791836,True
2021,5,5,2,3,0.021616032151730292,1000.0216160321517,0.002161603215165542,6.432846585884192,0.0003978767265039096,False
2022,5,5,3,2,0.04325451372631615,1000.0432545137264,0.004325451372642419,17.452122554748488,0.00015727377169915243,False
2023,5,4,1,3,0.0014796265167655869,1000.0014796265168,0.00014796265168115497,1.3303126761882134,0.0004479445707698021,False
2024,5,4,3,1,0.03024682709712587,1000.030246827097,0.003024682709701665,20.07446870614773,0.00015856727000432733,False
2025,5,4,2,2,0.0218450039311293,1000.0218450039312,0.0021845003931161952,11.935757377137417,0.00014912425770035044,False
2026,5,3,3,0,0.028203482018149744,1000.0282034820181,0.0028203482018057005,1000000000000.0,0.0,False
2027,5,5,2,3,0.01847572807997365,1000.0184757280799,0.0018475728079920374,4.089449758543471,0.0004215261891960819,False
2028,5,5,4,1,0.036363130458094445,1000.036363130458,0.003636313045797124,24.522539294369224,0.00015458782034014098,False
2029,5,4,3,1,0.007105993936304811,1000.0071059939363,0.0007105993936306731,32.53071688950446,2.253673445693494e-05,False
2030,5,5,5,0,0.029331192370165793,1000.0293311923701,0.0029331192370136705,1000000000000.0,0.0,False
2031,5,5,2,3,0.005123209213761082,1000.0051232092138,0.0005123209213820701,5.051367441407934,0.0001264561915318757,False
2032,5,5,1,4,0.015092343575925975,1000.0150923435759,0.001509234357592959,2.87374131936498,0.00045730834215191863,False
2033,5,5,5,0,0.03314450263662059,1000.0331445026366,0.003314450263655999,1000000000000.0,0.0,False
2034,5,5,4,1,0.026930770905621494,1000.0269307709057,0.0026930770905664756,14.064374146174064,0.00020613900524040217,False
2035,5,5,3,2,0.06847838484460768,1000.0684783848446,0.006847838484463863,25.839981319748397,0.00017570961868248227,False
2036,5,5,2,3,0.0225086307638343,1000.0225086307637,0.002250863076369569,3.8278902991218806,0.0007959270907961043,False
2037,5,5,2,3,0.003236472418938789,1000.0032364724191,0.00032364724190756536,2.632876877406815,0.00019820676400286174,False
2038,5,4,3,1,0.02299223483619194,1000.0229922348362,0.002299223483623791,12.249934562539941,0.00020437149290905985,False
2039,5,4,2,2,0.04669404558754874,1000.0466940455876,0.004669404558762836,49.900271287298956,8.32386869199431e-05,False
2040,5,4,1,3,-0.00010047179232411407,999.9998995282077,-1.0047179227967718e-05,0.9770897039452294,0.0003582693630164613,True
2041,5,5,1,4,0.011938471883742554,1000.0119384718838,0.0011938471883809142,2.00777382702284,0.0006376161343791799,False
2042,5,5,4,1,0.03653486220755117,1000.0365348622076,0.0036534862207645348,42.2252002804403,8.862264332947234e-05,False
2043,5,3,2,1,0.028886823892211446,1000.0288868238922,0.002888682389220776,37.45304881152643,7.924391740061764e-05,False
2044,5,5,2,3,0.00438981142644326,1000.0043898114264,0.00043898114264493413,2.127208638362353,0.00036758163826107194,False
2045,5,3,2,1,0.0054049076115010464,1000.0054049076115,0.0005404907611477938,4.7473964659604695,0.0001442310057313989,False
2046,5,5,2,3,0.01679366313349561,1000.0167936631334,0.0016793663133398693,3.5918522485774185,0.0006055587485320757,False
2047,5,5,3,2,0.02239067436164172,1000.0223906743616,0.0022390674361645324,10.639925351893904,0.00023226456348485167,False
2048,5,5,3,2,0.027154170753236128,1000.0271541707532,0.0027154170753192377,52.85135635926317,5.236780889244743e-05,False
2049,5,5,2,3,0.022342075466022137,1000.0223420754661,0.0022342075466099233,4.709522271288325,0.0006022727488218838,False
2050,5,4,3,1,0.05164034696308591,1000.051640346963,0.005164034696304044,42.17780845621158,0.0001254081965498699,False
2051,5,3,1,2,-0.0007342720298815139,999.99926572797,-7.342720299448046e-05,0.6142543369601269,0.00010540831754042302,True
2052,5,4,2,2,0.04458845735618399,1000.0445884573562,0.004458845735621253,22.814587411703084,0.00020438790495673235,False
2053,5,5,3,2,0.006959706850887202,1000.0069597068508,0.0006959706850807379,3.252082523863041,0.00030903116704427764,False
2054,5,5,2,3,0.0413193440092218,1000.0413193440093,0.004131934400925275,9.26981560738741,0.00038820886214894595,False
2055,5,5,1,4,0.0011937090863820437,1000.0011937090864,0.00011937090863511911,1.312730173038759,0.0002489062479765626,False
2056,5,5,2,3,0.024855875368470434,1000.0248558753684,0.0024855875368416493,9.217335951402482,0.00019794198592535395,False
2057,5,4,2,2,0.02068241156601661,1000.020682411566,0.0020682411565985603,7.472465765582492,0.0003195369195474366,False
2058,5,5,2,3,0.006320396635101819,1000.0063203966351,0.0006320396635146608,3.870130519575692,0.00022021159653093917,False
2059,5,4,2,2,0.026310111909486386,1000.0263101119094,0.002631011190942445,9.404529600748813,0.0002735232041554079,False
2060,5,4,2,2,-0.0003439443466737007,999.9996560556533,-3.439443466959347e-05,0.7248995998342848,0.00012502491263234201,True
2061,5,4,3,1,0.015558473174240781,1000.0155584731742,0.0015558473174223763,9.043502102802874,0.00019342794353870914,False
2062,5,5,2,3,0.04485539771622053,1000.0448553977162,0.004485539771621916,12.280560445242887,0.0003976252598279718,False
2063,5,5,4,1,0.052234394727408234,1000.0522343947273,0.0052234394727292965,88.58280327532425,5.964001239817662e-05,False
2064,5,4,1,3,-0.0018750932948768105,999.9981249067051,-0.00018750932948705668,0.2223103593369931,0.000218225644573522,True
2065,5,5,2,3,0.004831331090525832,1000.0048313310905,0.00048313310904859466,2.703365176692952,0.0001791056862944307,False
2066,5,5,1,4,-0.0042474839947735194,999.9957525160053,-0.0004247483994731738,0.14708729032535328,0.0004979975027367801,True
2067,5,5,3,2,0.031105928658837944,1000.0311059286589,0.003110592865891704,18.828531852388405,0.00011921692018859177,False
2068,5,4,3,1,0.04542758958010422,1000.0454275895801,0.004542758958007198,19.82021845946364,0.00024136497918467967,False
2069,5,4,2,2,0.0004984720183653557,1000.0004984720183,4.984720183074387e-05,1.1172900287376888,0.00042498894135851333,False
2070,5,5,3,2,0.05220992118701804,1000.052209921187,0.005220992118699997,100.54327572068891,3.7376954060018185e-05,False
2071,5,5,1,4,-0.005817345143132067,999.9941826548569,-0.0005817345143100283,0.04150934409673405,0.0005817345143100283,True
2072,5,5,2,3,0.04467044978884792,1000.0446704497888,0.0044670449788782205,12.738639471238985,0.00031406189445584736,False
2073,5,5,1,4,0.019578351863398603,1000.0195783518634,0.0019578351863401623,5.9145856976219395,0.00039837237700339755,False
2074,5,4,3,1,0.029592456467650213,1000.0295924564678,0.0029592456467753435,77.19903813228707,3.883573492657888e-05,False
2075,5,4,2,2,0.022682287471060172,1000.0226822874711,0.002268228747107059,5.510772860981855,0.00025288362439823686,False
2076,5,4,1,3,0.00038093869922036167,1000.0003809386993,3.8093869932254165e-05,1.1109746281567523,0.00034326517042412727,False
2077,5,4,3,1,0.051244765674039336,1000.051244765674,0.00512447656740278,61.05095753774533,8.533546803164427e-05,False
2078,5,5,2,3,0.041047018597841704,1000.041047018598,0.004104701859796478,6.984971538667524,0.0004923693276452572,False
2079,5,4,2,2,0.024475296125918217,1000.0244752961258,0.002447529612584276,6.642278319085077,0.0004337714226791401,False
2080,5,5,3,2,0.025147129779033366,1000.025147129779,0.0025147129779043097,7.660145296471355,0.00028996216443739675,False
2081,5,4,3,1,0.030516774490769852,1000.0305167744907,0.0030516774490706665,30.892568901693767,0.00010208816308931999,False
2082,5,4,2,2,0.02763987605135965,1000.0276398760514,0.0027639876051352985,25.78034880634382,9.113394842188426e-05,False
2083,5,5,2,3,0.0032616853299158284,1000.00326168533,0.0003261685330016917,1.6389229546130484,0.0002869716419800054,False
2084,5,4,2,2,0.021588716535602223,1000.0215887165355,0.002158871653546157,8.189551655640695,0.0003002716537007585,False
2085,5,5,2,3,0.01979631980649445,1000.0197963198065,0.0019796319806459906,8.065249581123568,0.0001924477756574561,False
2086,5,4,4,0,0.0355152123845953,1000.0355152123847,0.003551521238466648,1000000000000.0,0.0,False
2087,5,4,1,3,0.0005174409093657721,1000.0005174409093,5.1744090933425474e-05,1.1105882491553014,0.00046789620460910205,False
2088,5,5,3,2,0.03021474064822467,1000.0302147406483,0.0030214740648261797,19.774399587092965,0.00010902162256343219,False
2089,5,5,5,0,0.057061941392069125,1000.0570619413921,0.005706194139213494,1000000000000.0,0.0,False
2090,5,4,2,2,0.025336743859892975,1000.02533674386,0.002533674385995255,9.195517276128545,0.0003091536873853329,False
2091,5,5,4,1,0.053839101038931574,1000.053839101039,0.00538391010389887,59.50552232622395,9.201897254333628e-05,False
2092,5,4,2,2,0.00585710552466065,1000.0058571055247,0.0005857105524682992,3.4484698320399727,0.00016488582815547015,False
2093,5,3,2,1,0.027506287412713194,1000.0275062874126,0.0027506287412620623,69.96693205801208,3.988329855246775e-05,False
2094,5,5,4,1,0.0354228279121465,1000.0354228279123,0.0035422827912270803,33.7442219565235,0.00010817693744440265,False
2095,5,5,1,4,0.017585879602040017,1000.0175858796019,0.001758587960193836,3.6863862688658697,0.0006546137996195128,False
2096,5,5,2,3,0.022426633209721672,1000.0224266332096,0.0022426633209647663,5.0967235301699825,0.0004510615876142765,False
2097,5,4,1,3,-0.0012284453435877868,999.9987715546565,-0.00012284453434858734,0.4269369099780925,0.00021436476453118303,True
2098,5,5,2,3,0.02677681977176392,1000.0267768197716,0.002677681977161228,12.28319917682601,0.0001966722563098139,False
2099,5,5,3,2,0.013969910729458065,1000.0139699107294,0.0013969910729429104,21.55726430916075,6.233047892444837e-05,False
2100,5,4,2,2,0.02548079865806785,1000.0254807986581,0.0025480798658122695,14.035013852855142,0.00019547494328807908,False
2101,5,5,0,5,-0.008373187578901547,999.991626812421,-0.00083731875789681,0.0,0.00083731875789681,True
2102,5,5,3,2,0.011767640559161806,1000.0117676405592,0.0011767640559241955,14.320108727363618,6.422105888532098e-05,False
2103,5,4,3,1,0.02844690519340828,1000.0284469051934,0.0028446905193391103,82.44765011595084,3.492560683301598e-05,False
2104,5,5,4,1,0.02932561424858591,1000.0293256142487,0.002932561424870528,3221.611898528374,9.105566705996099e-07,False
2105,5,5,2,3,0.0013674727970809004,1000.001367472797,0.0001367472797028313,1.3427203762742341,0.00039900524382856267,False
2106,5,4,1,3,0.02301197628752302,1000.0230119762875,0.0023011976287534708,10.763010969185283,0.0002084737029349526,False
2107,5,3,1,2,0.004611990783248635,1000.0046119907832,0.00046119907832462557,4.0295429963029985,0.00015223294396883984,False
2108,5,4,3,1,0.014839995910748768,1000.0148399959107,0.0014839995910733705,534.386254925513,2.782197417754654e-06,False
2109,5,4,3,1,0.0007889188075791952,1000.0007889188076,7.889188076433129e-05,1.8356062462369953,9.441258294727559e-05,False
2110,5,4,2,2,0.027627282138719567,1000.0276272821387,0.0027627282138723785,13.308451679129762,0.00022445231185013665,False
2111,5,5,3,2,0.01072356545533304,1000.0107235654555,0.0010723565455464266,3.905388017538407,0.00029807662972416434,False
2112,5,4,1,3,0.00018029719686765526,1000.0001802971968,1.802971968345446e-05,1.0430661126552558,0.00041865212751872604,False
2113,5,5,3,2,0.05093598331864256,1000.0509359833186,0.005093598331859539,33.99905018448681,8.466217133218379e-05,False
2114,5,5,3,2,0.0242122854436702,1000.0242122854436,0.0024212285443582005,7.058608573947464,0.00039963442345651855,False
2115,5,4,4,0,0.03393063138565238,1000.0339306313856,0.0033930631385601377,1000000000000.0,0.0,False
2116,5,4,3,1,0.05114753176671363,1000.0511475317668,0.005114753176678733,77.01664620129594,6.728464661591716e-05,False
2117,5,5,1,4,-0.004800714492583754,999.9951992855074,-0.00048007144926032197,0.36070695627942706,0.0005957037992497678,True
2118,5,4,2,2,0.022182461614505735,1000.0221824616144,0.002218246161442039,10.162341098967808,0.00023642727211381498,False
2119,5,5,4,1,0.055671258027204136,1000.0556712580272,0.005567125802724605,29.96572568787528,0.0001921970076864454,False
2120,5,4,2,2,0.026262685905818733,1000.0262626859057,0.0026262685905749095,17.17537892786064,0.0001623621061526137,False
2121,5,4,2,2,-0.0007096437556281963,999.9992903562443,-7.096437557265744e-05,0.6949923007617382,0.00023266421057996923,True
2122,5,5,4,1,0.009904468541104982,1000.0099044685412,0.0009904468541208189,10.395497513664067,0.00010541659701935443,False
2123,5,4,2,2,0.0435346883226211,1000.0435346883227,0.004353468832266572,12.450225449437974,0.00038019013530318237,False
2124,5,4,3,1,0.05037218340059406,1000.0503721834007,0.005037218340066829,50.65656163746859,0.00010144114239665213,False
2125,5,5,2,3,0.01879414775085218,1000.0187941477509,0.0018794147750895716,3.06901456060532,0.0006065730813444733,False
2126,5,4,3,1,0.03126406957181801,1000.0312640695718,0.0031264069571761864,33.45109180531754,9.634211927505021e-05,False
2127,5,5,2,3,0.021663289836633726,1000.0216632898365,0.002166328983651056,4.169391228471878,0.000459324147249616,False
2128,5,4,2,2,0.0425768862344212,1000.0425768862345,0.004257688623454214,13.34459431250705,0.00034490308191834627,False
2129,5,5,3,2,0.049706349686384294,1000.0497063496864,0.004970634968640297,26.18512386604629,0.00019735895434356822,False
2130,5,3,2,1,0.008473755155586264,1000.0084737551556,0.0008473755155591789,5.017856963978482,0.00021090139035588566,False
2131,5,4,2,2,0.003434381195086163,1000.0034343811952,0.0003434381195233982,2.359923003570254,0.0002348315946164803,False
2132,5,5,2,3,-0.0018988765339232952,999.9981011234661,-0.00018988765339145175,0.7426002933257376,0.000737711956582751,True
2133,5,4,2,2,0.02655304252703758,1000.026553042527,0.0026553042526984427,20.477413547769952,0.00010194428282375157,False
2134,5,5,2,3,0.04385537202575193,1000.0438553720257,0.004385537202574596,11.427689053826342,0.00024865234478097735,False
2135,5,4,2,2,0.045404966232107165,1000.0454049662321,0.004540496623212676,17.62819745765083,0.0001522124982308627,False
2136,5,5,3,2,0.04193788926723672,1000.0419378892673,0.004193788926727393,9.478822405527302,0.0004946192674083249,False
2137,5,4,3,1,0.027851692380789703,1000.0278516923809,0.0027851692380863823,20.222754740281786,0.00014488918345705317,False
2138,5,4,1,3,0.019995144450707564,1000.0199951444506,0.001999514445060413,6.48108627658444,0.0002546763134284465,False
2139,5,5,2,3,0.02664145289252395,1000.0266414528925,0.0026641452892476993,10.451911318083134,0.00021683468187022487,False
2140,5,5,2,3,0.02523499010631446,1000.0252349901062,0.002523499010624164,7.791878548750374,0.00025333449375466446,False
2141,5,2,1,1,0.02324169515762545,1000.0232416951577,0.002324169515770791,57.06693789707997,4.1453476910646714e-05,False
2142,5,3,2,1,0.04649993804565292,1000.0464999380456,0.004649993804559926,81.60835019045223,5.768353895663989e-05,False
2143,5,5,4,1,0.012567136543701509,1000.0125671365437,0.0012567136543680136,13.065326550043252,0.00010415867393961255,False
2144,5,4,3,1,0.06988352811090268,1000.0698835281108,0.006988352811083587,35.83731534676672,0.0002005899891477525,False
2145,5,5,1,4,0.018864647255668013,1000.0188646472557,0.0018864647255668388,5.099136949852481,0.00024687247059619925,False
2146,5,5,1,4,5.4607485127216204e-05,1000.000054607485,5.460748502628121e-06,1.0190665663503986,0.00018838876810605145,False
2147,5,5,3,2,-0.0004897023002506726,999.9995102976997,-4.897023003422873e-05,0.6702386283852277,0.00013768774947493513,True
2148,5,5,3,2,0.02298744118869549,1000.0229874411887,0.002298744118866125,6.987059996571703,0.00027447479540114726,False
2149,5,4,3,1,0.0498228797600023,1000.0498228797601,0.004982287976008593,30.66016623779215,0.0001679790981597762,False
2150,5,4,4,0,0.07629433047006365,1000.0762943304702,0.007629433047020484,1000000000000.0,0.0,False
2151,5,5,2,3,0.0386738439814862,1000.0386738439815,0.0038673843981541726,6.925702784886654,0.0003783017248547057,False
2152,5,5,2,3,0.04513895036517125,1000.0451389503652,0.004513895036518534,25.749800510706752,0.00018237680169960944,False
2153,5,3,1,2,0.019029004923398006,1000.0190290049235,0.0019029004923481806,5.341982513734673,0.00043825613905710273,False
2154,5,5,2,3,0.016698496841709553,1000.0166984968416,0.0016698496841627277,4.182437402880997,0.0005247077861326943,False
2155,5,5,4,1,0.048078297456677084,1000.0480782974566,0.004807829745664094,46.45204600823314,0.00010577552777225832,False
2156,5,4,3,1,0.02902378431210359,1000.0290237843121,0.0029023784312130377,39.50377338755343,7.537682031703429e-05,False
2157,5,4,2,2,0.022308464127827013,1000.022308464128,0.0022308464127945627,6.523067380970508,0.00040391439373479445,False
2158,5,4,0,4,-0.008654768440070426,999.9913452315599,-0.0008654768440123917,0.0,0.0008654768440123917,True
2159,5,4,0,4,-0.004646789112492339,999.9953532108874,-0.00046467891125985257,0.0,0.00046467891125985257,True
2160,5,3,3,0,0.011425456565447842,1000.0114254565655,0.00114254565654619,1000000000000.0,0.0,False
2161,5,3,2,1,0.02606247422023891,1000.0260624742203,0.002606247422033903,12.962088409668157,0.0002178694665307569,False
2162,5,4,2,2,0.043383822789906545,1000.04338382279,0.004338382279001962,16.511185195197026,0.0001666335282256351,False
2163,5,3,2,1,0.009168059649604467,1000.0091680596496,0.0009168059649596217,6.542256692279518,0.00016542105786356842,False
2164,5,5,2,3,0.02594948294315202,1000.0259494829431,0.002594948294313326,8.154897605055401,0.0002084061176938622,False
2165,5,4,2,2,0.025331557462254135,1000.0253315574623,0.002533155746232296,11.12005791728888,0.000250310400087983,False
2166,5,5,2,3,0.002296856933055957,1000.0022968569331,0.0002296856933071467,1.4645079614543144,0.0002230962392331425,False
2167,5,4,2,2,0.007976855272461197,1000.0079768552724,0.0007976855272431749,5.729317887176811,0.00014362441568175607,False
2168,5,5,2,3,0.0038852676432623947,1000.0038852676433,0.000388526764334074,2.3078549727468998,0.0002970717490939023,False
2169,5,5,2,3,0.0010403554119844426,1000.001040355412,0.0001040355411987548,1.245490226609339,0.00023120849951965283,False
2170,5,3,1,2,0.0037697079181987,1000.0037697079181,0.00037697079180816213,4.484554799233255,0.0001017925578889432,False
2171,5,5,3,2,0.0014630208749627004,1000.0014630208749,0.00014630208748940278,1.4291591918458668,0.0003409040054975776,False
2172,5,5,3,2,0.04332245717081973,1000.0433224571709,0.004332245717091609,14.597928087314079,0.00021748191393271553,False
2173,5,5,2,3,0.024070248020974502,1000.0240702480211,0.0024070248021075716,7.760019666392874,0.0003507536368601905,False
2174,5,3,1,2,0.0022421362906537815,1000.0022421362906,0.00022421362906470678,2.502003391122425,0.0001492758225267342,False
2175,5,4,0,4,-0.004876458456027266,999.995123541544,-0.0004876458456010368,0.0,0.0004876458456010368,True
2176,5,3,3,0,0.03397256570758257,1000.0339725657076,0.0033972565707586,1000000000000.0,0.0,False
2177,5,5,2,3,0.002902403294741481,1000.0029024032947,0.0002902403294683609,1.78110697542564,0.00037157564662493314,False
2178,5,5,3,2,0.04475113517063953,1000.0447511351707,0.0044751135170713495,16.09239584817429,0.00029650030627747874,False
2179,5,5,1,4,0.017991748816090107,1000.0179917488163,0.0017991748816257314,3.7849621168580403,0.00041959501305655067,False
2180,5,3,1,2,0.021007973994517246,1000.0210079739945,0.002100797399452858,11.995110288886542,0.0001482271061377105,False
2181,5,4,1,3,0.01957910573463704,1000.0195791057347,0.0019579105734692345,4.74134089896793,0.0005233048918283886,False
2182,5,4,4,0,0.07528424415830874,1000.0752842441583,0.007528424415829705,1000000000000.0,0.0,False
2183,5,5,2,3,-0.0009481391649984192,999.999051860835,-9.481391649615034e-05,0.8529855199880564,0.0004030562856173446,True
2184,5,4,2,2,0.023195604290741734,1000.0231956042909,0.002319560429089051,18.186539063406066,9.477893542867422e-05,False
2185,5,4,3,1,0.04962134405850448,1000.0496213440587,0.004962134405866436,38.336502609085905,0.0001328993908866862,False
2186,5,4,3,1,0.014046805401158487,1000.0140468054013,0.0014046805401335405,207.18684338336465,6.812562284924463e-06,False
2187,5,5,3,2,0.025544981033870824,1000.0255449810339,0.0025544981033931435,8.297621485547914,0.00034664895525793327,False
2188,5,5,3,2,0.04742016517672989,1000.0474201651767,0.004742016517673165,21.079608975409528,0.00023344610338350887,False
2189,5,5,2,3,0.019784422319156635,1000.0197844223192,0.001978442231916233,5.128981238905196,0.0004328045589994791,False
2190,5,5,3,2,0.02557421954456182,1000.0255742195445,0.0025574219544523655,10.825123542691813,0.00026029412692878394,False
2191,5,4,2,2,0.02719215113645417,1000.0271921511364,0.0027192151136432585,23.198582573301366,0.00012249448108236325,False
2192,5,5,2,3,0.0025507109251695598,1000.0025507109251,0.0002550710925106614,1.5900078192295408,0.00022933888022207903,False
2193,5,5,3,2,0.006300575926064705,1000.006300575926,0.0006300575926047714,4.450625298724445,0.00010539584499906612,False
2194,5,4,2,2,0.04037483366067566,1000.0403748336607,0.004037483366073502,7.697006328362994,0.0003298987761462023,False
2195,5,4,2,2,0.024751465419965892,1000.02475146542,0.0024751465419967644,8.251171838934972,0.0002036635005424614,False
2196,5,4,4,0,0.05759864330660214,1000.0575986433066,0.005759864330661912,1000000000000.0,0.0,False
2197,5,5,2,3,0.025382553183370307,1000.0253825531834,0.002538255318336269,6.300617220201505,0.0004312794586789883,False
2198,5,5,3,2,0.023363080406394572,1000.0233630804063,0.00233630804062841,6.602828083189648,0.0004169769501940893,False
2199,5,5,1,4,-0.004905837811883183,999.9950941621881,-0.0004905837811861602,0.0815086062430982,0.0004905837811861602,True
2200,5,5,1,4,0.01926537379427357,1000.0192653737943,0.0019265373794269181,5.067136717620044,0.000329827740017663,False
2201,5,5,3,2,0.04827885796783588,1000.0482788579678,0.004827885796782993,11.31959028099638,0.00039385912434331135,False
2202,5,5,3,2,0.00847633041737836,1000.0084763304175,0.0008476330417465761,2.718690906131416,0.00029832192278488945,False
2203,5,5,3,2,0.04802570045770099,1000.0480257004576,0.004802570045762877,14.134340821040452,0.0003656498724467383,False
2204,5,5,3,2,0.02486960540259157,1000.0248696054026,0.002486960540261407,9.570825618556016,0.00029015774988081004,False
2205,5,5,3,2,0.04698111846212163,1000.0469811184621,0.00469811184620994,43.56442527323002,6.501497540511991e-05,False
2206,5,4,1,3,0.019244192763840047,1000.0192441927638,0.0019244192763835598,6.182119569889927,0.0003410339671018851,False
2207,5,5,0,5,-0.004815569541979472,999.995184430458,-0.000481556954196094,0.0,0.000481556954196094,True
2208,5,5,1,4,0.020805997090049547,1000.02080599709,0.0020805997089951237,7.5066640902818875,0.0002424036916381176,False
2209,5,5,2,3,0.0013276094452953158,1000.0013276094453,0.00013276094452976394,1.3064327216128906,0.0002710116110698362,False
2210,5,4,2,2,0.04671086491250016,1000.0467108649125,0.004671086491248388,22.132649104861315,0.0001314708882008989,False
2211,5,5,1,4,0.015643724381247164,1000.0156437243812,0.0015643724381220634,3.2516784000874073,0.000550106411640841,False
2212,5,4,0,4,-0.0037606439399439345,999.9962393560601,-0.0003760643939926922,0.0,0.0003760643939926922,True
2213,5,3,3,0,0.0047249050021556105,1000.0047249050021,0.0004724905002149171,1000000000000.0,0.0,False
2214,5,3,2,1,0.008160308747023502,1000.008160308747,0.0008160308747051203,12.614277012654634,7.026071963392916e-05,False
2215,5,5,3,2,0.004544286415661112,1000.0045442864156,0.0004544286415580246,1.8776158671822722,0.0003099590192510558,False
2216,5,5,3,2,0.025377810142117423,1000.025377810142,0.0025377810142003907,8.276496974144424,0.00034875404623262006,False
2217,5,5,5,0,0.04246958650107047,1000.0424695865012,0.0042469586501169936,1000000000000.0,0.0,False
2218,5,5,1,4,0.015164830430343383,1000.0151648304303,0.001516483043030803,2.7819379407738123,0.0006529554341113908,False
2219,5,3,0,3,-0.0020485309322516134,999.9979514690677,-0.00020485309322566535,0.0,0.00020485309322566535,True
2220,5,5,2,3,0.022881295643157905,1000.0228812956431,0.0022881295643060184,4.876764323774198,0.0005902126756096078,False
2221,5,4,2,2,7.432728154430968e-05,1000.0000743272816,7.432728159528778e-06,1.015550059142296,0.0004779848106423961,False
2222,5,5,3,2,0.043057633948756724,1000.0430576339488,0.0043057633948819785,12.015325852289575,0.0002589988338785169,False
2223,5,5,2,3,0.02519737065645193,1000.0251973706563,0.0025197370656314887,11.685880143265479,0.00020018564448471925,False
2224,5,4,2,2,0.04216227986041717,1000.0421622798603,0.004216227986034937,10.962206341306905,0.0003302998338660594,False
2225,5,4,3,1,0.010375557371037722,1000.010375557371,0.001037555737104867,14.659864944824378,7.595647789693017e-05,False
2226,5,5,3,2,0.026774819281051902,1000.0267748192812,0.0026774819281172313,6.204546741920666,0.00028014708666507254,False
2227,5,4,2,2,0.025254715210638982,1000.0252547152107,0.002525471521073541,7.237118525413195,0.0004049075075761656,False
2228,5,5,4,1,0.0280576058443226,1000.0280576058444,0.002805760584442396,30.228789685975528,9.599259748214449e-05,False
2229,5,4,3,1,0.04726629018707217,1000.047266290187,0.004726629018705353,20.86009403101281,0.0002379963061230228,False
2230,5,5,2,3,0.025093560401624238,1000.0250935604017,0.0025093560401728606,9.825529410739543,0.000252014677006523,False
2231,5,4,3,1,0.01115772022870726,1000.0111577202287,0.001115772022865258,7.557389128666092,0.00017015492004475164,False
2232,5,3,2,1,0.021657380353896027,1000.0216573803539,0.0021657380353872213,8.80722217465916,0.0002773950934461247,False
2233,5,5,3,2,0.05223414655800122,1000.0522341465581,0.005223414655813485,22.591003108273505,0.00013496216866997203,False
2234,5,4,2,2,0.027492525742482253,1000.0274925257424,0.002749252574244565,22.252267100709695,9.324858220891092e-05,False
2235,5,5,1,4,0.014273276538766505,1000.0142732765389,0.0014273276538915524,2.6255082904255596,0.0006611938262845153,False
2236,5,5,1,4,0.016655051195771077,1000.0166550511957,0.0016655051195698432,3.7554955043888127,0.0006044166328329978,False
2237,5,5,1,4,0.0013227608826967792,1000.0013227608827,0.00013227608826582582,1.36221687272179,0.00036518296140515473,False
2238,5,4,1,3,0.0021863600025124074,1000.0021863600025,0.00021863600024971675,2.4195206823108526,0.0001540210036978351,False
2239,5,5,3,2,0.02816866740821359,1000.0281686674082,0.0028168667408181134,73.71461384464766,3.3381698564379036e-05,False
2240,5,3,1,2,-0.0013981616572895648,999.9986018383428,-0.00013981616572209533,0.1898581032180399,0.00013981616572209533,True
2241,5,5,2,3,0.023138864104692573,1000.0231388641047,0.002313886410468058,5.1467896318131725,0.00028844020084761723,False
2242,5,5,1,4,-0.007354669208212073,999.9926453307918,-0.0007354669208211817,0.02628590631804881,0.0007553212237439766,True
2243,5,3,2,1,0.027150878637149017,1000.0271508786371,0.002715087863714416,26.004749356468185,0.000108582886593922,False
2244,5,4,1,3,0.001157972616032557,1000.0011579726162,0.00011579726161699,1.3392029760886155,0.00020675063250337187,False
2245,5,5,2,3,0.020591421215641788,1000.0205914212156,0.0020591421215613082,6.334001078895075,0.0003860317816695867,False
2246,5,4,3,1,0.06878577740452751,1000.0687857774046,0.006878577740462788,31.3017740295921,0.0002269863475795305,False
2247,5,4,2,2,0.01996809077655938,1000.0199680907765,0.0019968090776501415,5.781031969417449,0.0004176523165824619,False
2248,5,5,1,4,0.016706948977588513,1000.0167069489778,0.0016706948977798675,3.4195228314507733,0.0006905059443965911,False
2249,5,4,3,1,0.05186751267814095,1000.0518675126782,0.0051867512678199995,38.346932087156674,0.00013887285421768637,False
2250,5,3,2,1,0.028054868385255546,1000.0280548683853,0.002805486838531124,54.80647475290194,5.2140320497073846e-05,False
2251,5,3,1,2,0.021726060987773493,1000.0217260609877,0.0021726060987703024,9.456687760588826,0.0001326916555740354,False
2252,5,5,2,3,0.004136360864212883,1000.0041363608643,0.00041363608643223414,2.2796017459854454,0.00018240092566342047,False
2253,5,5,2,3,0.02777139014771651,1000.0277713901477,0.0027771390147677266,15.607857894130145,0.00019011160337905898,False
2254,5,4,2,2,0.024142471753912955,1000.024142471754,0.0024142471753975767,10.080964730207441,0.00020162736455027133,False
2255,5,3,1,2,0.003293498042314518,1000.0032934980424,0.0003293498042353349,3.8203545244338026,0.00011677602988129366,False
2256,5,4,2,2,0.025994835676215154,1000.0259948356762,0.002599483567621519,10.632329911477932,0.0002292765622189117,False
2257,5,5,3,2,0.04970391359215773,1000.0497039135921,0.004970391359211135,12.906463075355202,0.000293218943586411,False
2258,5,5,3,2,0.021492875760444726,1000.0214928757605,0.0021492875760486642,5.530593168911808,0.0004743839981527218,False
2259,5,5,2,3,0.04109304045775221,1000.0410930404577,0.004109304045766748,6.852116155937489,0.00038774816655883903,False
2260,5,5,0,5,-0.008126611000139512,999.9918733889999,-0.0008126611000079721,0.0,0.0008126611000079721,True
2261,5,4,4,0,0.05815837582468251,1000.0581583758246,0.005815837582463246,1000000000000.0,0.0,False
2262,5,5,4,1,0.0049315593066126765,1000.0049315593067,0.0004931559306669442,2.7025116683598496,0.00028966149209507647,False
2263,5,4,2,2,0.025414130290211234,1000.0254141302902,0.002541413029018713,9.35690614476212,0.00016673482278188828,False
2264,5,5,3,2,0.034696169302929875,1000.0346961693028,0.003469616930283337,32.52786280702643,0.00011004590591968091,False
2265,5,5,2,3,0.024254556685791746,1000.0242545566858,0.0024254556685832543,7.5733947521873795,0.000368971954365841,False
2266,5,5,4,1,0.0512356694657566,1000.0512356694658,0.0051235669465768295,92.34591450419371,5.6089721954322155e-05,False
2267,5,5,0,5,-0.008133483644707019,999.9918665163553,-0.0008133483644655825,0.0,0.0008133483644655825,True
2268,5,3,2,1,0.002727413550312331,1000.0027274135504,0.0002727413550360325,2.932602244554295,0.00014112594727194022,False
2269,5,5,3,2,0.009538955418518477,1000.0095389554185,0.0009538955418520344,3.0611462696724057,0.00027981189116709507,False
2270,5,5,2,3,-0.0016464952946400198,999.9983535047053,-0.0001646495294721717,0.7288868583511816,0.0003633835858783334,True
2271,5,5,2,3,0.004426635835226197,1000.0044266358351,0.0004426635835102388,3.4153418840326846,0.00011680002721211613,False
2272,5,3,2,1,0.026250625519757886,1000.0262506255198,0.002625062551976498,18.738310077911397,0.00014798831119833267,False
2273,5,5,4,1,0.07233318802593929,1000.0723331880258,0.0072333188025822896,66.88242105448252,0.00010978327109556507,False
2274,5,3,1,2,0.0012542053408380583,1000.0012542053408,0.0001254205340842418,1.5140875626409729,0.00014198277749666172,False
2275,5,4,3,1,0.026502572928236483,1000.0265025729283,0.0026502572928279733,7.491955173788395,0.00040823715227134016,False
2276,5,5,2,3,0.02232202936598623,1000.0223220293659,0.0022322029365909658,5.327071444690455,0.00036124034925768986,False
2277,5,5,0,5,-0.010722738179803319,999.9892772618201,-0.0010722738179879342,0.0,0.0010722738179879342,True
2278,5,5,4,1,0.008708222749218482,1000.0087082227493,0.0008708222749305606,17.781527602657174,5.189171662323133e-05,False
2279,5,4,3,1,0.01255053845121587,1000.0125505384511,0.0012550538451137072,9.092046057012448,0.00015509585643128232,False
2280,5,4,2,2,0.0032043029600771137,1000.0032043029602,0.0003204302960170935,2.0613476292256934,0.00025469642012012624,False
2281,5,5,3,2,0.0032486075379755106,1000.003248607538,0.0003248607538012038,1.7175100512818464,0.0004527610404860099,False
2282,5,5,3,2,0.0691513967197498,1000.0691513967199,0.00691513967199171,45.01025435773805,0.00015712189559532387,False
2283,5,5,3,2,0.03079655298727317,1000.0307965529872,0.0030796552987226275,13.115755950774929,0.00020317234065252187,False
2284,5,5,3,2,0.0495039128929657,1000.049503912893,0.00495039128929875,17.193841233756203,0.00030568156341987686,False
2285,5,5,1,4,0.0167462957842353,1000.0167462957842,0.0016746295784173526,3.350625062613341,0.0006882569706837566,False
2286,5,5,3,2,0.013899048780434551,1000.0138990487804,0.00138990487804449,8.186230997134997,0.00012633411755587077,False
2287,5,5,4,1,0.009761742504888739,1000.0097617425048,0.0009761742504792891,3.2696519314470085,0.0004300968532096376,False
2288,5,4,2,2,0.02458933105907647,1000.024589331059,0.002458933105901906,8.499347132628708,0.0003278862896308965,False
2289,5,4,2,2,0.019305141096131424,1000.0193051410962,0.0019305141096197076,6.312439013352365,0.00023442394206680208,False
2290,5,4,3,1,0.030594409267328017,1000.0305944092675,0.0030594409267450827,14.852029178333146,0.00022086398308702757,False
2291,5,5,1,4,0.015554308325750959,1000.0155543083258,0.0015554308325818056,2.8376763192438617,0.0007768708786320145,False
2292,5,4,3,1,0.021139356779742612,1000.0211393567798,0.0021139356779826812,10.853481014788224,0.00021453212869182738,False
2293,5,5,4,1,0.05223599403177994,1000.0522359940317,0.00522359940316619,38.119366202283565,0.00014072087876195287,False
2294,5,3,2,1,0.009359331472743461,1000.0093593314726,0.0009359331472637678,13.240350749539342,7.646216119440567e-05,False
2295,5,5,0,5,-0.007266808317814859,999.9927331916822,-0.0007266808317808682,0.0,0.0007266808317808682,True
2296,5,2,1,1,0.02198554828570603,1000.0219855482857,0.002198554828567012,13.93047044183092,0.00017002898993041527,False
2297,5,4,3,1,0.0294645341034994,1000.0294645341035,0.0029464534103453843,15.585551820174505,0.00020200630197435523,False
2298,5,5,3,2,0.00889698259637555,1000.0088969825964,0.0008896982596411362,3.4410008573635373,0.00018647036877472215,False
2299,5,5,1,4,0.016780650670316418,1000.0167806506703,0.0016780650670284558,3.8456415522717813,0.00032461327878841896,False
2300,5,5,4,1,0.05535777943993953,1000.05535777944,0.00553577794399871,26.423345792354468,0.00021773247234790986,False
2301,5,4,2,2,0.02530070225176679,1000.0253007022519,0.002530070225191139,9.015534169583796,0.00031564586608965326,False
2302,5,5,3,2,0.032245757690030116,1000.03224575769,0.003224575769002058,12.418616478017304,0.0002823864602310479,False
2303,5,4,2,2,0.024687387035560986,1000.0246873870356,0.002468738703555573,6.991032636490466,0.000412060446952878,False
2304,5,5,3,2,0.024642935049104066,1000.0246429350491,0.00246429350490871,32.195174789132366,6.17130133491628e-05,False
2305,5,2,0,2,-0.0005229377057310719,999.9994770622942,-5.229377057958118e-05,0.0,5.229377057958118e-05,True
2306,5,5,3,2,0.004526554469089767,1000.0045265544691,0.00045265544690664683,2.0698439770016726,0.00022235470579136163,False
2307,5,4,2,2,0.021547703793450834,1000.0215477037933,0.0021547703793316944,7.321626511826198,0.0002208522173360314,False
2308,5,4,1,3,0.0026386939226743025,1000.0026386939227,0.00026386939226767935,1.739329128938835,0.00021377236403168353,False
2309,5,4,1,3,-0.004264508090766063,999.9957354919094,-0.00042645080906140716,0.04518001169862095,0.00042645080906140716,True
2310,5,5,3,2,0.06924656602209957,1000.0692465660219,0.006924656602188862,28.499387158804456,0.00019884215735475278,False
2311,5,5,2,3,0.04508847516782941,1000.0450884751679,0.004508847516785863,19.930412876134156,0.00020888059666912895,False
2312,5,5,4,1,0.03202069958301504,1000.0320206995831,0.0032020699583085845,20.890112163912843,0.00016098802922215327,False
2313,5,5,1,4,0.01875588543486845,1000.0187558854348,0.0018755885434757146,4.217974495312218,0.0004590618496081334,False
2314,5,4,1,3,0.02022861901603572,1000.020228619016,0.002022861901605211,5.227355353389634,0.0004018218311018157,False
2315,5,4,1,3,0.01786553030007062,1000.0178655303001,0.0017865530300127832,5.010094761876522,0.0002437667943695487,False
2316,5,5,3,2,0.003588087499059858,1000.0035880874991,0.00035880874991107704,1.851176932452187,0.0003082091495230088,False
2317,5,5,2,3,0.04458272230650668,1000.0445827223065,0.004458272230647253,13.966143658170207,0.00020584124977680813,False
2318,5,4,2,2,0.0011884777697692382,1000.0011884777698,0.00011884777698014659,1.3895259813605783,0.00026508873260127074,False
2319,5,4,2,2,0.04105935955542738,1000.0410593595554,0.004105935955544738,8.6772764717994,0.0005347919191314527,False
2320,5,5,3,2,0.026721564451697655,1000.0267215644516,0.002672156445157725,8.076505781475475,0.00026790531991680684,False
2321,5,5,4,1,0.02221100018862642,1000.0222110001886,0.002221100018857669,11.53356923600326,0.00021085426831686987,False
2322,5,4,1,3,-0.0019563107198415654,999.9980436892802,-0.00019563107198337094,0.6620665747754906,0.00036778264561689863,True
2323,5,4,3,1,0.05023364121075159,1000.0502336412108,0.005023364121075247,112.6325798074819,4.499908654906903e-05,False
2324,5,5,0,5,-0.007292300016207304,999.9927076999838,-0.000729230001616088,0.0,0.000729230001616088,True
2325,5,4,0,4,-0.008281381362063075,999.991718618638,-0.0008281381362053252,0.0,0.0008281381362053252,True
2326,5,5,1,4,0.002413641075355083,1000.0024136410755,0.00024136410754636015,2.334738743701828,0.0001808317093023408,False
2327,5,4,3,1,0.0675466784502794,1000.0675466784502,0.006754667845018502,581.8827193567582,1.1628018183324707e-05,False
2328,5,5,3,2,0.05044059056090687,1000.0504405905609,0.005044059056092465,15.409889558672642,0.0002386055791434171,False
2329,5,5,3,2,0.011789326760965458,1000.0117893267609,0.0011789326760890616,7.667569486369234,9.746118574977101e-05,False
2330,5,5,1,4,0.018767364984761545,1000.0187673649848,0.0018767364984796585,4.101148562227777,0.00034945891351299,False
2331,5,5,4,1,0.03435890842512476,1000.0343589084251,0.0034358908425133447,17.735395142164183,0.00020529934969100406,False
2332,5,4,3,1,0.03170690021401387,1000.031706900214,0.003170690021397604,16.994625405030053,0.00019823361333856678,False
2333,5,5,4,1,0.07338623288285932,1000.0733862328829,0.007338623288285362,49.57882276909869,0.00015105951766633693,False
2334,5,4,1,3,-0.001751987449492621,999.9982480125504,-0.00017519874495519616,0.008346753980983633,0.00017667339431000071,True
2335,5,5,1,4,-0.0021062859255726375,999.9978937140744,-0.00021062859256062435,0.6990540103505074,0.0005544954196352592,True
2336,5,5,3,2,0.025704635130494348,1000.0257046351305,0.0025704635130523457,12.418969593900215,0.0001608373773024141,False
2337,5,4,2,2,0.023384798436278987,1000.0233847984363,0.0023384798436268286,6.408879592247771,0.00021869528408160476,False
2338,5,5,5,0,0.053345290494542855,1000.0533452904946,0.005334529049457614,1000000000000.0,0.0,False
2339,5,4,2,2,0.00445588525253012,1000.0044558852526,0.0004455885252582448,2.703156675257622,0.00021972185169261138,False
2340,5,5,1,4,0.01752618434004104,1000.01752618434,0.001752618433999942,3.778627178611867,0.0003539563672200122,False
2341,5,4,1,3,-0.0019946907515044914,999.9980053092485,-0.00019946907515304703,0.6891246671455175,0.0006416340316733252,True
2342,5,5,4,1,0.072441735505283,1000.0724417355053,0.007244173550532197,93.61896933000291,7.821107299155783e-05,False
2343,5,4,2,2,0.04348179747417511,1000.0434817974742,0.004348179747421454,11.484770030636335,0.00041471388831268994,False
2344,5,3,3,0,0.029891599119681034,1000.0298915991197,0.0029891599119650893,1000000000000.0,0.0,False
2345,5,5,1,4,-0.006697089550574187,999.9933029104494,-0.0006697089550584678,0.009109800632268322,0.0006758659592037475,True
2346,5,4,1,3,-0.0014584262042303794,999.9985415737958,-0.0001458426204180796,0.6717938449508399,0.00044436151732764887,True
2347,5,5,3,2,0.021604447786730676,1000.0216044477867,0.00216044477866717,6.5515954056108905,0.0003891568086516636,False
2348,5,3,2,1,0.02912992754155392,1000.0291299275415,0.002912992754147581,35.49072745855827,8.445474062345898e-05,False
2349,5,4,3,1,0.04911557058456535,1000.0491155705846,0.004911557058460403,37.05516698143754,0.00013622033243800927,False
2350,5,5,3,2,0.026487433189066045,1000.0264874331891,0.0026487433189117835,8.504115832995623,0.0003529720000545298,False
2351,5,5,3,2,0.023560209265527515,1000.0235602092655,0.002356020926549718,42.81829581734034,4.3842446715695344e-05,False
2352,5,3,2,1,0.04673990409187482,1000.0467399040919,0.00467399040918508,16.97932034482526,0.0002924953087755026,False
2353,5,5,4,1,0.05511958375609877,1000.0551195837561,0.005511958375609538,55.02570526618382,0.00010201950839085848,False
2354,5,4,4,0,0.03165547020841418,1000.0316554702084,0.003165547020842041,1000000000000.0,0.0,False
2355,5,5,5,0,0.030085305964405566,1000.0300853059643,0.003008530596434866,1000000000000.0,0.0,False
2356,5,5,2,3,0.007448694309044777,1000.0074486943091,0.0007448694309118764,7.43154226080374,0.00011581447141017003,False
2357,5,4,2,2,0.024342753147098543,1000.0243427531472,0.002434275314715251,11.995366216836198,0.00016273857563184801,False
2358,5,4,1,3,0.01752375328901571,1000.017523753289,0.00175237532889696,4.824599230337814,0.0003628163911946921,False
2359,5,4,3,1,0.048147608670971676,1000.0481476086709,0.004814760867088807,21.98250166459872,0.00022946553009433045,False
2360,5,5,1,4,0.0009362950644914159,1000.0009362950645,9.36295064548176e-05,1.2317915846473073,0.0004039363237562547,False
2361,5,5,4,1,0.048626157342142304,1000.0486261573421,0.00486261573421416,23.94085785884329,0.00021195808139949136,False
2362,5,3,0,3,-0.004785093683121579,999.995214906317,-0.0004785093683040032,0.0,0.0004785093683040032,True
2363,5,4,2,2,0.022803321130632326,1000.0228033211306,0.0022803321130595577,6.110525738549437,0.000323252166338066,False
2364,5,4,0,4,-0.005345738398093505,999.9946542616019,-0.0005345738398091272,0.0,0.0005345738398091272,True
2365,5,4,2,2,0.0036392561957359934,1000.0036392561957,0.00036392561956972714,1.8503420730908955,0.0002355214469178425,False
2366,5,5,2,3,-0.0028296390149172173,999.9971703609851,-0.00028296390148625506,0.5984428483788018,0.0006022499585014884,True
2367,5,5,4,1,0.05559106515247898,1000.0555910651525,0.005559106515249823,29.04507697247481,0.0001982149007122924,False
2368,5,4,1,3,0.001571648296533881,1000.0015716482965,0.0001571648296476269,1.5130598335013146,0.0003063270420921746,False
2369,5,5,1,4,0.00035745363547407894,1000.0003574536355,3.574536355017699e-05,1.071318618386288,0.0005012039271309342,False
2370,5,4,2,2,0.0013029912655982234,1000.0013029912657,0.0001302991265674791,1.3652225184343867,0.0003333900459018926,False
2371,5,5,1,4,-0.0066166511829226565,999.993383348817,-0.0006616651182980604,0.0998441385479919,0.0007350556287309812,True
2372,5,5,2,3,0.017429000183996183,1000.0174290001838,0.0017429000183824426,4.198071868126237,0.0005234511876291124,False
2373,5,5,1,4,0.015461819228700229,1000.0154618192287,0.0015461819228676176,2.9101361209247596,0.0006049597422247644,False
2374,5,3,1,2,-0.0013423432300779478,999.9986576567699,-0.00013423432301351568,0.6190383446386538,0.00035235651967013837,True
2375,5,5,4,1,0.02923771076462599,1000.0292377107645,0.0029237710764505207,11.317210977558025,0.00028338059322943494,False
2376,5,5,3,2,0.04792827890408736,1000.047928278904,0.004792827890400986,31.52547993079104,0.00012246603721171017,False
2377,5,4,0,4,-0.004667998591990126,999.995332001408,-0.0004667998592026379,0.0,0.0004667998592026379,True
2378,5,5,2,3,0.021189100494908138,1000.0211891004949,0.0021189100494893864,3.958615121646409,0.0007161627623045782,False
2379,5,5,3,2,0.04856470687378668,1000.0485647068738,0.0048564706873776235,13.03137812693531,0.0002839545667268147,False
2380,5,4,2,2,0.04468897459896949,1000.0446889745991,0.004468897459912568,27.142009550236555,0.00017094697525408265,False
2381,5,3,3,0,0.07096445201890533,1000.0709644520189,0.0070964452018870364,1000000000000.0,0.0,False
2382,5,5,4,1,0.052894657893194516,1000.0528946578933,0.005289465789326187,32.81160470938176,0.0001662693593461948,False
2383,5,4,1,3,-0.0035195172603250313,999.9964804827397,-0.0003519517260315297,0.21124669416981712,0.00036831714725156007,True
2384,5,5,2,3,0.042516198948057894,1000.042516198948,0.004251619894796477,9.970082668000938,0.000473955385612969,False
2385,5,5,5,0,0.06026971681846868,1000.0602697168184,0.006026971681842496,1000000000000.0,0.0,False
2386,5,3,1,2,0.021806508526780875,1000.0218065085268,0.0021806508526765354,10.561661327314555,0.00017741606327490445,False
2387,5,5,1,4,0.019956724954743613,1000.0199567249547,0.0019956724954681704,5.387682162022361,0.00045483524598921576,False
2388,5,5,2,3,0.021765671708580545,1000.0217656717086,0.0021765671708635637,10.812126240848746,0.00022181889185455964,False
2389,5,4,4,0,0.052480680565687374,1000.0524806805657,0.005248068056573629,1000000000000.0,0.0,False
2390,5,4,2,2,0.04400893655827779,1000.0440089365584,0.0044008936558384455,10.213610552902885,0.00031445480292639414,False
2391,5,5,3,2,0.04712060810246503,1000.0471206081024,0.004712060810243202,47.04224056325441,0.00010234212654722797,False
2392,5,4,4,0,0.028672088078176387,1000.0286720880782,0.002867208807822408,1000000000000.0,0.0,False
2393,5,5,5,0,0.07713313031969206,1000.0771331303196,0.007713313031956659,1000000000000.0,0.0,False
2394,5,5,3,2,0.053062393259297465,1000.0530623932592,0.00530623932592107,37.96513341323386,9.839269162247452e-05,False
2395,5,4,2,2,0.021284989193037188,1000.0212849891931,0.002128498919307731,5.8242314389169225,0.0003722718398989855,False
2396,5,4,1,3,-0.003964612699557643,999.9960353873005,-0.00039646126995194206,0.15427576084465447,0.00046878314656169097,True
2397,5,4,1,3,0.001677014225134341,1000.0016770142252,0.0001677014225151652,1.3856196055317442,0.00024288757492763654,False
2398,5,5,3,2,0.04748477686899398,1000.047484776869,0.004748477686905516,23.01282541675927,0.0002157041041200422,False
2399,5,5,2,3,0.02686656725168758,1000.0268665672517,0.0026866567251659034,12.114544853335646,0.00021547864214426228,False
2400,5,5,2,3,0.022443962352320938,1000.0224439623524,0.0022443962352440396,6.498823200700465,0.0004014599090055526,False
2401,5,5,2,3,0.02308864549470069,1000.0230886454948,0.0023088645494794948,4.647880433353922,0.0005130310564140927,False
2402,5,5,3,2,0.02347873663731814,1000.0234787366373,0.0023478736637343903,6.1557808410759485,0.00040196837697623397,False
2403,5,4,4,0,0.07846637578480493,1000.0784663757847,0.007846637578472837,1000000000000.0,0.0,False
2404,5,4,3,1,0.04683642680735974,1000.0468364268073,0.004683642680731737,28.899773591362468,0.00016786978814900674,False
2405,5,4,1,3,0.019811920971078735,1000.0198119209712,0.0019811920971164907,5.746477736951563,0.00041739257766499396,False
2406,5,4,3,1,0.028575285858598292,1000.0285752858587,0.0028575285858664754,24.128530302615918,0.00012354678291146373,False
2407,5,5,3,2,0.027067019041954358,1000.0270670190419,0.0027067019041851384,15.36026741972976,0.00013387707021456403,False
2408,5,4,0,4,-0.0077760446144067566,999.9922239553855,-0.0007776044614502098,0.0,0.0007776044614502098,True
2409,5,5,1,4,0.017952134606928488,1000.0179521346068,0.0017952134606844083,4.1358742564305535,0.0005724626722356763,False
2410,5,5,2,3,0.023442165924763867,1000.0234421659247,0.002344216592473458,5.4080599036479855,0.00043001606904908836,False
2411,5,5,1,4,-0.006022558788094907,999.9939774412119,-0.0006022558788117749,0.18108437730291865,0.0007354309310017015,True
2412,5,4,2,2,0.0029153017984917414,1000.0029153017985,0.0002915301798452674,2.013717628210743,0.000287584216443332,False
2413,5,5,1,4,0.01826772362181883,1000.0182677236219,0.0018267723621875121,4.819487532460893,0.0003678941303463526,False
2414,5,5,3,2,0.03172711933878306,1000.0317271193387,0.0031727119338711414,23.609397885029143,7.22269592074437e-05,False
2415,5,3,1,2,-0.001603777915059773,999.9983962220849,-0.0001603777915079263,0.08184146595664818,0.00017467331136913344,True
2416,5,5,4,1,0.051417445825056904,1000.0514174458251,0.0051417445825109095,23.188247029336573,0.00023172724784507092,False
2417,5,5,3,2,0.010646128388991137,1000.010646128389,0.0010646128388998477,16.89982453693504,6.69571938358201e-05,False
2418,5,4,3,1,0.03075153856155045,1000.0307515385615,0.003075153856150337,15.25652887685062,0.00021569947854783875,False
2419,5,5,3,2,0.012209837615248149,1000.0122098376152,0.0012209837615159813,4.0767600848464465,0.0002792664849597893,False
2420,5,5,3,2,0.020318717815387705,1000.0203187178153,0.0020318717815257514,6.346859963214125,0.00038000299060453763,False
2421,5,5,2,3,-0.002106950887612355,999.9978930491125,-0.00021069508875370957,0.14122590116587097,0.00021747853137983267,True
2422,5,5,4,1,0.03252585777317917,1000.0325258577732,0.0032525857773180182,16.396161786275055,0.00021125220439819947,False
2423,5,5,4,1,0.0294717291093133,1000.0294717291093,0.0029471729109332044,21.898212739312186,0.0001410211375254792,False
2424,5,4,1,3,0.019715218074151095,1000.0197152180741,0.001971521807411136,5.263377718813185,0.0004624206328182406,False
2425,5,4,3,1,0.027097535766652248,1000.0270975357666,0.0027097535766642976,42.31105866265341,6.559210686261039e-05,False
2426,5,4,2,2,0.002476932966656773,1000.0024769329667,0.00024769329667151396,1.6402923616370906,0.00023589773325817162,False
2427,5,5,4,1,0.05243882216416694,1000.0524388221642,0.0052438822164162955,78.31318519060937,6.782482371877112e-05,False
2428,5,5,2,3,0.02097685005753559,1000.0209768500575,0.002097685005753647,7.001833309037836,0.0003495073751196287,False
2429,5,4,4,0,0.03230635770076813,1000.0323063577008,0.0032306357700804256,1000000000000.0,0.0,False
2430,5,5,3,2,0.010023367540739637,1000.0100233675408,0.001002336754083899,5.3539303431217915,0.00023021140002861992,False
2431,5,5,4,1,0.05643238684423123,1000.0564323868442,0.005643238684422159,53.913376662205216,0.00010665051146361293,False
2432,5,5,2,3,0.023825351786269145,1000.0238253517862,0.0023825351786172177,6.46945833811908,0.00043559487796127056,False
2433,5,5,3,2,0.02688483347732628,1000.0268848334773,0.0026884833477311076,17.113367521196846,0.000166843248706488,False
2434,5,4,2,2,0.0009117951370123248,1000.000911795137,9.117951369717048e-05,1.2434645591024522,0.00025788295189386193,False
2435,5,5,3,2,0.0067842511671618415,1000.006784251167,0.0006784251167005096,3.018139193719894,0.00020277122778737265,False
2436,5,5,0,5,-0.005068474736579867,999.9949315252634,-0.0005068474736617645,0.0,0.0005068474736617645,True
2437,5,5,3,2,0.024686482977590015,1000.0246864829776,0.002468648297758591,7.931141268819217,0.0003561676500339672,False
2438,5,4,2,2,0.004500014724235854,1000.0045000147242,0.00045000147241580635,4.597390125615054,7.6538423979855e-05,False
2439,5,3,2,1,0.006357712285221841,1000.0063577122852,0.0006357712285193883,3.0331181189952994,0.0003127056353226938,False
2440,5,5,4,1,0.03238667277495424,1000.032386672775,0.003238667277503282,12.501926630890015,0.00028156719420651397,False
2441,5,5,2,3,0.0036251920706191843,1000.0036251920706,0.0003625192070558114,2.827669249576793,0.00019835055338717213,False
2442,5,4,1,3,0.0242765879603492,1000.0242765879603,0.002427658796034393,25.32132229810863,6.343910287114341e-05,False
2443,5,4,3,1,0.030790531467325768,1000.0307905314673,0.0030790531467346227,35.95558944173327,8.808431136251073e-05,False
2444,5,5,1,4,-0.0016962841183092608,999.9983037158817,-0.00016962841183385536,0.5578143753652299,0.00025805461478203693,True
2445,5,5,4,1,0.0510625338842783,1000.0510625338842,0.005106253388419191,39.345931009366474,0.0001331558715676534,False
2446,5,5,2,3,0.020690322177527334,1000.0206903221775,0.0020690322177529196,5.617339008967609,0.0002617710450522281,False
2447,5,5,2,3,0.019184956762083986,1000.0191849567622,0.0019184956762160255,5.07056579702688,0.00023756883708937477,False
2448,5,3,3,0,0.006346365960963018,1000.006346365961,0.0006346365961007905,1000000000000.0,0.0,False
2449,5,5,3,2,0.006127710174612423,1000.0061277101746,0.0006127710174610001,3.662608468377739,0.00016965916734533373,False
2450,5,5,1,4,-0.00018111650828877548,999.9998188834918,-1.8111650820173964e-05,0.9560583739818611,0.00036275150160918206,True
2451,5,5,3,2,0.0018870664462952561,1000.0018870664463,0.00018870664463292995,1.4623920064243905,0.0004081096146433732,False
2452,5,5,5,0,0.04182133935710463,1000.041821339357,0.004182133935705678,1000000000000.0,0.0,False
2453,5,4,3,1,0.01077783814566886,1000.0107778381456,0.0010777838145600072,12.980566584000439,8.99610053465949e-05,False
2454,5,5,0,5,-0.004846231059413666,999.9951537689404,-0.0004846231059559614,0.0,0.0004846231059559614,True
2455,5,3,1,2,-0.0014642098575245904,999.9985357901426,-0.00014642098574313422,0.0344288717276611,0.00014642098574313422,True
2456,5,4,2,2,0.020200303198012075,1000.0202003031981,0.002020030319806665,5.659445692582702,0.0002612087252151254,False
2457,5,4,1,3,0.017868637150866628,1000.0178686371509,0.0017868637150854736,4.072726857635736,0.000581510000404217,False
2458,5,4,2,2,0.041984172836677845,1000.0419841728367,0.0041984172836691865,12.397956359664283,0.00036833142961429136,False
2459,5,4,1,3,0.0035264963627178176,1000.0035264963627,0.0003526496362724174,2.710363159480544,0.00020618291711899692,False
2460,5,4,3,1,0.05231650399607672,1000.052316503996,0.005231650399605314,143.8582236475244,3.661934653322872e-05,False
2461,5,4,3,1,0.03091796268346253,1000.0309179626835,0.0030917962683474796,23.39272799235089,0.00013806839280558936,False
2462,5,5,3,2,0.0271735456755712,1000.0271735456756,0.0027173545675623248,6.103189998370922,0.00027464092986996763,False
2463,5,4,1,3,0.020754161409772112,1000.0207541614097,0.0020754161409740845,5.34077818743796,0.00024612524613134933,False
2464,5,3,0,3,-0.0029317680122600822,999.9970682319877,-0.0002931768012331304,0.0,0.0002931768012331304,True
2465,5,4,2,2,0.04312348022162354,1000.0431234802217,0.004312348022165224,13.940279143244846,0.00022474670729479842,False
2466,5,5,2,3,0.027476353270098328,1000.0274763532701,0.0027476353270117215,10.757818559615718,0.00019873177829485934,False
2467,5,5,1,4,0.0009588890260537706,1000.0009588890262,9.588890261511552e-05,1.257552399706364,0.0002677155259561914,False
2468,5,5,4,1,0.035939605428035384,1000.0359396054279,0.0035939605427870443,30.63580754611651,0.00012126688734698692,False
2469,5,5,3,2,0.020133471597518434,1000.0201334715975,0.0020133471597546305,7.971259327555449,0.00027348143915201933,False
2470,5,5,2,3,0.004722968037600507,1000.0047229680375,0.0004722968037526698,2.4299304372861488,0.00020856912406685044,False
2471,5,4,2,2,0.02433224959750007,1000.0243322495976,0.0024332249597591726,7.650784062082527,0.00036584621053497283,False
2472,5,5,2,3,0.005071259964192085,1000.0050712599642,0.0005071259964211094,2.23979736749657,0.0003231703742374737,False
2473,5,5,3,2,0.0494693278723925,1000.0494693278724,0.004946932787242986,11.18779706825475,0.00029558084666140146,False
2474,5,4,3,1,0.025647703365196946,1000.0256477033652,0.002564770336516631,12.85481529726558,0.00021634840123851973,False
2475,5,3,2,1,0.0252130398729894,1000.0252130398729,0.002521303987293777,11.696573801060671,0.00023571069773776034,False
2476,5,4,1,3,0.02176393776497773,1000.0217639377651,0.002176393776505847,10.0331880401503,0.00022299682483763373,False
2477,5,5,2,3,0.000993560934549401,1000.0009935609346,9.935609346030104e-05,1.2227614313987074,0.00028039332366675137,False
2478,5,4,3,1,0.027880552771721575,1000.0278805527716,0.002788055277164858,10.177026656754864,0.0003037987336517716,False
2479,5,3,1,2,0.021429472434322982,1000.0214294724344,0.002142947243441995,8.407646744611842,0.00028928853079150945,False
2480,5,5,2,3,0.02437900835289609,1000.0243790083529,0.002437900835286655,7.7255072023009665,0.00029617787208982544,False
2481,5,5,1,4,-0.003594457425619489,999.9964055425744,-0.0003594457425606379,0.018984063999499534,0.0003594457425606379,True
2482,5,4,1,3,0.017742612366538298,1000.0177426123665,0.001774261236653274,3.9999429446988337,0.0005914176691994783,False
2483,5,4,3,1,0.048379056360193934,1000.0483790563601,0.004837905636009054,23.21512834456759,0.00021776426335809427,False
2484,5,5,2,3,0.007871418597116873,1000.007871418597,0.0007871418597005685,3.3178331172900686,0.00016590280377267393,False
2485,5,4,3,1,0.024019199412300175,1000.0240191994122,0.002401919941223696,9.786734973500154,0.0002733501911919054,False
2486,5,3,2,1,0.0044136203121386865,1000.0044136203121,0.0004413620312107014,7.07727427168783,7.262499790385845e-05,False
2487,5,5,3,2,0.02532384245376314,1000.0253238424536,0.002532384245364483,9.937926735352244,0.0002798385062533271,False
2488,5,5,3,2,0.06984373159769935,1000.0698437315976,0.006984373159764346,35.766564001188435,0.00014313784210745272,False
2489,5,5,1,4,0.017925479092688358,1000.0179254790926,0.0017925479092582466,4.220024994896905,0.0005566875760678159,False
2490,5,5,1,4,0.015601956215857755,1000.015601956216,0.0015601956215959944,3.317696650120859,0.0005500588440895626,False
2491,5,4,1,3,0.016721972957555144,1000.0167219729575,0.001672197295749811,4.055265410651448,0.00036021268094652025,False
2492,5,5,1,4,0.01723916019554637,1000.0172391601957,0.0017239160195686055,3.7791020042827252,0.00031073717148046855,False
2493,5,5,3,2,0.04473654257995293,1000.0447365425799,0.004473654257992621,24.177556196144227,0.00015724503279444959,False
2494,5,5,3,2,0.025225617341427087,1000.0252256173414,0.0025225617341448014,7.052689533661456,0.0003403071388267923,False
2495,5,5,2,3,-0.00048376059293909405,999.9995162394071,-4.8376059294241716e-05,0.891272756874356,0.000438357681205894,True
2496,5,5,2,3,0.00504620417386012,1000.0050462041738,0.0005046204173822843,2.0269824470437627,0.0003142314300124588,False
2497,5,3,2,1,0.026964119083056487,1000.026964119083,0.0026964119083004333,15.781299393104558,0.00018242049204673095,False
2498,5,4,3,1,0.050597068944164686,1000.0505970689442,0.005059706894417104,21.82335394112441,0.00024297653522071988,False
2499,5,4,1,3,0.0002121338072159746,1000.0002121338073,2.121338072811341e-05,1.0525828269382773,0.00040342792422052296,False
2500,5,5,2,3,0.019985053160393357,1000.0199850531603,0.001998505316032606,5.704014194077553,0.00042484074321676163,False
2501,5,5,4,1,0.014223623449026508,1000.0142236234491,0.001422362344908379,10.901109444815196,0.00014365537760025138,False
2502,5,4,3,1,0.031062270717347594,1000.0310622707174,0.003106227071737067,20.549295745591607,0.0001588912151204756,False
2503,5,5,3,2,0.007782036275765996,1000.0077820362757,0.0007782036275671088,2.699203109473335,0.0004579778376508412,False
2504,5,5,3,2,0.07131354795808133,1000.0713135479582,0.007131354795819789,50.482077810221945,0.000144119954359212,False
2505,5,4,3,1,0.0674732669615215,1000.0674732669617,0.006747326696165601,29.73055483732196,0.00023483738801096402,False
2506,5,3,2,1,0.026411324403088594,1000.026411324403,0.0026411324403056826,13.09340186750612,0.000218388253987788,False
2507,5,3,1,2,0.023501105121738527,1000.0235011051218,0.002350110512179526,40.72688542877796,5.91552513512076e-05,False
2508,5,5,2,3,0.019465025064340308,1000.0194650250643,0.0019465025064278054,9.1813704409835,0.00023791368471114133,False
2509,5,4,2,2,0.04279111717709256,1000.0427911171772,0.004279111717721662,8.824429051421786,0.0005468648497446933,False
2510,5,4,1,3,0.01699894260221157,1000.0169989426023,0.0016998942602299396,3.8644842880677603,0.0005934381512474829,False
2511,5,5,3,2,0.024843060566820674,1000.0248430605669,0.002484306056692276,11.926149464870859,0.0001652663353358899,False
2512,5,5,3,2,0.00776888694846905,1000.0077688869484,0.0007768886948383624,3.5432355875009125,0.00029468087298054724,False
2513,5,4,2,2,0.00503225166714962,1000.0050322516671,0.0005032251667103083,2.2092859788379418,0.0004161303026080562,False
2514,5,3,1,2,0.020671661059094817,1000.0206716610592,0.00206716610591684,11.123513457083677,0.00020418989541868624,False
2515,5,5,1,4,0.013177764025004583,1000.013177764025,0.001317776402504478,2.471248115468374,0.0008956860427815628,False
2516,5,5,4,1,0.015242052942510253,1000.0152420529424,0.00152420529424262,11.732701846379097,0.00014201475748773588,False
2517,5,4,4,0,0.05114840964554164,1000.0511484096455,0.005114840964552059,1000000000000.0,0.0,False
2518,5,4,3,1,0.027696014962295023,1000.0276960149623,0.002769601496231644,12.490419493145426,0.00024103488660432785,False
2519,5,5,3,2,0.05123591992036797,1000.0512359199204,0.005123591992037291,60.89379690905539,8.554016234878414e-05,False
2520,5,3,1,2,0.02011024205022186,1000.0201102420502,0.0020110242050236592,6.702212265175102,0.00035266604925243396,False
2521,5,5,2,3,-0.0012699782756850637,999.9987300217242,-0.00012699782757863431,0.7795068738841274,0.0005759718219223942,True
2522,5,5,3,2,0.04705144728460796,1000.0470514472846,0.004705144728461619,10.72164666270016,0.0003681887521973564,False
2523,5,5,4,1,0.07698969289124885,1000.0769896928912,0.007698969289117486,379.0442154331916,2.0364676379342265e-05,False
2524,5,4,0,4,-0.005508811427584165,999.9944911885725,-0.0005508811427489491,0.0,0.0005508811427489491,True
2525,5,3,2,1,0.002802240336281264,1000.0028022403363,0.0002802240336336581,2.404726171825384,0.00019948642633923705,False
2526,5,4,0,4,-0.0022943661619903135,999.9977056338381,-0.0002294366161891048,0.0,0.0002294366161891048,True
2527,5,4,1,3,0.021941725370530307,1000.0219417253705,0.002194172537053873,10.67911355872142,0.0001311771152018082,False
2528,5,3,0,3,-0.004602271492934249,999.9953977285071,-0.000460227149289949,0.0,0.000460227149289949,True
2529,5,5,3,2,0.026878742901220706,1000.0268787429012,0.0026878742901203624,11.423559198643291,0.00025785771092498377,False
2530,5,5,0,5,-0.006330119695453883,999.9936698803047,-0.0006330119695348912,0.0,0.0006330119695348912,True
2531,5,4,3,1,0.02359553285279052,1000.0235955328528,0.0023595532852823454,8.768502374467143,0.00030372526537678237,False
2532,5,5,3,2,0.05276128978791616,1000.052761289788,0.0052761289788008986,88.14098889318747,6.054414667788218e-05,False
2533,5,5,4,1,0.05080966535197308,1000.0508096653521,0.005080966535206244,32.156270969933814,0.00016307150832596523,False
2534,5,5,2,3,0.04385339919480977,1000.0438533991947,0.004385339919474518,12.441082052523846,0.000351675816741784,False
2535,5,5,2,3,-0.0015072940278850503,999.9984927059721,-0.00015072940278741955,0.7576703942008368,0.0003691653947839768,True
2536,5,3,2,1,0.00640524296127832,1000.0064052429614,0.0006405242961363911,10.005711353897627,7.112423115813726e-05,False
2537,5,5,3,2,0.043769102609010006,1000.0437691026088,0.00437691026088487,24.951854204043524,0.00017610815418136376,False
2538,5,4,3,1,0.03273332390057917,1000.0327333239005,0.0032733323900515643,28.991783578350304,0.00011693507881580544,False
2539,5,3,1,2,-0.0033456836785225952,999.9966543163214,-0.0003345683678617206,0.11151236721775075,0.0003765592395725517,True
2540,5,5,2,3,0.025032963722435658,1000.0250329637224,0.0025032963722424026,8.262077394029488,0.00030728635637403704,False
2541,5,5,4,1,0.05504155209520462,1000.0550415520951,0.005504155209507644,35.97155451116007,0.00015738425092019098,False
2542,5,5,2,3,0.043868638789852095,1000.0438686387897,0.00438686387897178,11.158136768904,0.0002967582826058214,False
2543,5,5,3,2,0.027771003120216655,1000.0277710031202,0.0027771003120165005,10.693343551866716,0.00021238595589328997,False
2544,5,5,0,5,-0.006034205305128824,999.9939657946949,-0.0006034205305127216,0.0,0.0006034205305127216,True
2545,5,5,3,2,0.06871399311084558,1000.0687139931108,0.006871399311080496,36.8410316741503,0.00015689493015776288,False
2546,5,3,2,1,0.047664823414686086,1000.0476648234147,0.004766482341472056,41.07885794324559,0.00011892759888496585,False
2547,5,5,2,3,0.02181852974287145,1000.021818529743,0.0021818529742972715,7.43520972572341,0.00030630076963689135,False
2548,5,5,1,4,-0.0065857692019416665,999.9934142307982,-0.0006585769201819857,0.05699609041459834,0.0006767432038486731,True
2549,5,4,3,1,0.030266978247992796,1000.0302669782479,0.0030266978247937004,43.15029945650871,7.1807041739254e-05,False
2550,5,5,3,2,0.027947711670145352,1000.0279477116701,0.0027947711670094576,16.57184932794653,0.00017017897028786207,False
2551,5,5,2,3,0.018877058210097514,1000.01887705821,0.0018877058210023277,2.9817990133398613,0.0009525162914353768,False
2552,5,5,3,2,0.043968773831427006,1000.0439687738314,0.004396877383135234,16.703337623648718,0.0001915836547595973,False
2553,5,5,2,3,0.003877903168189786,1000.003877903168,0.0003877903168017838,4.798218742342549,5.630455635514192e-05,False
2554,5,4,2,2,0.02289835178281551,1000.0228983517827,0.0022898351782714597,6.875012920636029,0.0003897583221032619,False
2555,5,5,2,3,0.01905805276254796,1000.0190580527626,0.0019058052762602527,3.398869962003382,0.0007944412191215641,False
2556,5,5,1,4,0.017643863625597122,1000.0176438636256,0.0017643863625607993,3.510854734513147,0.0004926761617753073,False
2557,5,3,2,1,0.022688394469135276,1000.0226883944691,0.002268839446912807,28.29723876220857,8.311412395116311e-05,False
2558,5,5,3,2,0.027446410269826426,1000.0274464102699,0.002744641026993122,9.103989969297807,0.00022433545267449125,False
2559,5,5,3,2,0.04643321466334655,1000.0464332146634,0.0046433214663352375,13.37952404922424,0.00037507005996244606,False
2560,5,5,1,4,0.018826773931811022,1000.0188267739319,0.0018826773931891693,4.349501700640839,0.0005620631173588652,False
2561,5,4,3,1,0.027187539396341047,1000.0271875393963,0.002718753939632279,44.039150477982695,6.316785919775656e-05,False
2562,5,5,4,1,0.030443693229370686,1000.0304436932294,0.003044369322935836,52.73015141957619,5.884913863530901e-05,False
2563,5,5,2,3,0.04253580930909924,1000.0425358093092,0.004253580930924272,10.810034324522363,0.00023303835131986589,False
2564,5,5,2,3,0.023452552066136757,1000.0234525520661,0.002345255206614638,5.738432602578394,0.0004949432445982893,False
2565,5,4,3,1,0.05272859061082617,1000.0527285906107,0.005272859061074086,22.044487757017077,0.00025054529963495554,False
2566,5,5,3,2,0.0259087716261165,1000.0259087716261,0.0025908771626063755,7.6865867751104435,0.0003874622564025197,False
2567,5,5,0,5,-0.006388738251515565,999.9936112617485,-0.0006388738251530413,0.0,0.0006388738251530413,True
2568,5,5,1,4,0.0150909783647194,1000.0150909783647,0.001509097836469664,2.7789482907907317,0.0008482889972412851,False
2569,5,4,3,1,0.07065294387202892,1000.070652943872,0.007065294387200538,61.28634267968145,0.00011718718777208014,False
2570,5,5,4,1,0.0519889736320898,1000.051988973632,0.0051988973631978295,40.59959461062636,0.00013128589944616674,False
2571,5,4,3,1,0.02325495784724801,1000.0232549578473,0.0023254957847257175,14.680812173449217,0.00016998229017417543,False
2572,5,4,1,3,-0.004456357203788483,999.9955436427963,-0.00044563572037077394,0.1018524238424713,0.00044563572037077394,True
2573,5,5,2,3,0.046315710696955524,1000.046315710697,0.004631571069694473,21.58505970362651,0.00013088795264063223,False
2574,5,5,3,2,0.005482005545370144,1000.0054820055452,0.0005482005545218271,2.3122343058192687,0.0002538987662433101,False
2575,5,5,3,2,0.04826049114981502,1000.0482604911498,0.004826049114979014,43.02282492028741,7.635114725417225e-05,False
2576,5,5,3,2,-0.002426406910346358,999.9975735930896,-0.00024264069104447118,0.4195942009385998,0.0003089987768289478,True
2577,5,5,2,3,0.002222080064245516,1000.0022220800643,0.00022220800642571703,1.442591681408948,0.0003654394185446108,False
2578,5,5,4,1,0.07097475453375002,1000.0709747545338,0.007097475453383595,85.07488689557711,8.441243299617256e-05,False
2579,5,3,0,3,-0.0032703139825836364,999.9967296860174,-0.0003270313982625339,0.0,0.0003270313982625339,True
2580,5,5,3,2,0.04881067887800916,1000.048810678878,0.004881067887799873,15.476212497334684,0.00024054125932935228,False
2581,5,4,2,2,0.02271443908306509,1000.0227144390831,0.0022714439083074468,9.279758511165323,0.0002743299917244047,False
2582,5,5,1,4,0.015988621233220396,1000.0159886212333,0.0015988621233304912,3.314102886551804,0.0006909209320838271,False
2583,5,5,2,3,0.005899656446498714,1000.0058996564466,0.0005899656446558764,2.837402466703954,0.00032108509772484154,False
2584,5,5,3,2,0.0045884059857507365,1000.0045884059858,0.00045884059858281034,2.738503498032798,0.00026392848739078547,False
2585,5,4,2,2,0.005106545402270741,1000.0051065454022,0.0005106545402213669,2.9374016017822253,0.00019003885456169524,False
2586,5,3,1,2,0.00344426721090788,1000.003444267211,0.0003444267210966245,3.7048862550061243,0.00012733441030318403,False
2587,5,4,0,4,-0.006704307944887142,999.9932956920551,-0.0006704307944914944,0.0,0.0006704307944914944,True
2588,5,5,1,4,0.01645807592761865,1000.0164580759275,0.00164580759275168,3.226276084551268,0.0007392471901624832,False
2589,5,4,1,3,0.018804236745248427,1000.0188042367453,0.0018804236745268098,4.763705565363273,0.0004996202922484371,False
2590,5,4,3,1,0.04598353499283411,1000.0459835349927,0.004598353499272889,54.349841834117825,8.619244858891762e-05,False
2591,5,4,2,2,0.01107198661656791,1000.0110719866166,0.001107198661657094,49.689588607579886,2.2739946939509536e-05,False
2592,5,5,2,3,0.02384676203257391,1000.0238467620326,0.002384676203257641,7.694955903477613,0.0002883352801003666,False
2593,5,5,2,3,0.021141528545498795,1000.0211415285456,0.00211415285456269,4.007179601030825,0.00041286459679345323,False
2594,5,4,1,3,0.018896999387334756,1000.0188969993873,0.0018896999387266078,4.705134022940584,0.00032066376973034495,False
2595,5,4,2,2,0.024810367516163653,1000.0248103675161,0.0024810367516124644,9.906594854243892,0.0002785540745390749,False
2596,5,3,2,1,0.006640297409291421,1000.0066402974091,0.0006640297409148844,4.314598845869995,0.00020033422782761703,False
2597,5,3,1,2,0.002912596337912405,1000.0029125963379,0.00029125963378646703,2.030914109940699,0.00018734913530806807,False
2598,5,4,2,2,0.0073358035096930865,1000.0073358035098,0.0007335803509818106,3.9783963007474075,0.0002462980371740303,False
2599,5,5,1,4,0.01717040651041524,1000.0171704065104,0.0017170406510444993,4.321780085841641,0.0005168922233868097,False
2600,5,5,3,2,0.031534667049904756,1000.03153466705,0.003153466704998209,9.495656117082142,0.0003422873191020084,False
2601,5,4,3,1,0.05369228859329694,1000.0536922885933,0.005369228859331087,105.27840090013073,5.1489367046997364e-05,False
2602,5,5,3,2,0.021076431289518527,1000.0210764312894,0.0021076431289429823,5.620550085779026,0.00026015888175303097,False
2603,5,4,2,2,-0.0004912462518061179,999.9995087537482,-4.9124625184049366e-05,0.8903453349609602,0.0004437398496861533,True
2604,5,5,0,5,-0.01003833934541603,999.9899616606544,-0.001003833934555587,0.0,0.001003833934555587,True
2605,5,5,2,3,0.027806351446714356,1000.0278063514468,0.0027806351446770347,17.702005170718323,0.00016648510859340604,False
2606,5,5,3,2,0.010529963593520417,1000.0105299635936,0.0010529963593626235,6.192885709748495,0.00018848078904957002,False
2607,5,5,3,2,0.023676403735889702,1000.023676403736,0.0023676403735976236,6.122515167603318,0.0004622027063078349,False
2608,5,5,4,1,0.030447801197810872,1000.0304478011977,0.0030447801197738046,18.035477363212948,0.0001787277602283483,False
2609,5,5,1,4,-0.0038641677494741945,999.9961358322505,-0.0003864167749497938,0.41709491841985674,0.0006629136007320307,True
2610,5,5,2,3,0.020077099829981654,1000.02007709983,0.0020077099830018595,3.647461089004386,0.0005796898143644761,False
2611,5,4,3,1,0.026708300927398895,1000.0267083009275,0.002670830092745291,13.246833692964076,0.00021807701516766287,False
2612,5,4,1,3,-9.915790875776446e-05,999.9999008420912,-9.915790883496811e-06,0.9727844913775763,0.0002467961285901765,True
2613,5,5,2,3,0.025032188233671905,1000.0250321882337,0.0025032188233694796,6.575987641029936,0.00020319275839710829,False
2614,5,5,3,2,0.0494365280050923,1000.0494365280052,0.004943652800523069,16.294560346454126,0.0002840030871892284,False
2615,5,5,3,2,0.032663291607711635,1000.0326632916077,0.0032663291607718747,12.990187334767846,0.0002724072182134132,False
2616,5,5,2,3,0.042436964468565534,1000.0424369644686,0.004243696446860667,11.32792620024339,0.0004108761862720867,False
2617,5,4,1,3,0.021299775128764988,1000.0212997751288,0.0021299775128795773,10.40345464702966,0.0002009649835361823,False
2618,5,5,2,3,0.02510205385027336,1000.0251020538502,0.002510205385021891,9.739624731166161,0.00020480405682974382,False
2619,5,3,0,3,-0.0023244843918027794,999.9976755156082,-0.0002324484391806436,0.0,0.0002324484391806436,True
2620,5,5,2,3,0.005815231169738123,1000.0058152311698,0.000581523116977678,2.4626537170817517,0.0003929285306867314,False
2621,5,4,2,2,0.04520121021173109,1000.0452012102118,0.004520121021175783,20.54968834201282,0.0002312119222551701,False
2622,5,5,3,2,0.03156527606857219,1000.0315652760687,0.003156527606870441,8.498482422365573,0.00021362315210422754,False
2623,5,4,3,1,0.027919436079257714,1000.0279194360793,0.0027919436079287155,75.81192434359994,3.731865164306144e-05,False
2624,5,5,3,2,0.005505866381003911,1000.0055058663811,0.0005505866381099622,2.607768921695383,0.0003424507799282474,False
2625,5,5,2,3,-0.0005832370101688108,999.9994167629898,-5.832370102325513e-05,0.9072679831679673,0.0005796765987428059,True
2626,5,5,3,2,0.027234057736857706,1000.0272340577369,0.0027234057736905018,10.372354915020097,0.0002167476856659518,False
2627,5,5,2,3,0.023718363237190086,1000.0237183632372,0.0023718363237207993,6.385370603888899,0.00043529745736482393,False
2628,5,3,1,2,0.020370335424360834,1000.0203703354243,0.0020370335424331645,4.893447023661007,0.0002922631361116146,False
2629,5,5,2,3,0.023275533518200407,1000.0232755335184,0.0023275533518358317,6.954996211897519,0.0003908559731134563,False
2630,5,5,2,3,0.04604608496054374,1000.0460460849604,0.004604608496038054,24.755078539187675,0.00019383680372584425,False
2631,5,5,3,2,0.031181145825472448,1000.0311811458256,0.0031181145825598835,23.077178764768487,8.209673648912451e-05,False
2632,5,3,1,2,0.021838982792564604,1000.0218389827926,0.002183898279258756,8.868785292321292,0.0002775394420041266,False
2633,5,4,2,2,0.024357962665354213,1000.0243579626655,0.002435796266547641,7.85601132125482,0.0003552703047868313,False
2634,5,5,3,2,0.025942865431885696,1000.025942865432,0.0025942865431943575,23.545710449292205,0.00011506525217048596,False
2635,5,5,3,2,0.007421319925858426,1000.0074213199258,0.0007421319925811076,4.939663602032078,0.00018837445720691902,False
2636,5,3,0,3,-0.003649529423638085,999.9963504705763,-0.0003649529423682907,0.0,0.0003649529423682907,True
2637,5,4,2,2,0.027015576556031887,1000.027015576556,0.002701557655598208,10.715962674027766,0.0002780518106238842,False
2638,5,5,4,1,0.014969638232426086,1000.0149696382325,0.0014969638232514625,7.699995716587515,0.0002234268511962193,False
2639,5,5,3,2,0.007940439515119052,1000.0079404395152,0.0007940439515209619,3.4492297984788824,0.0003242014906049917,False
2640,5,4,3,1,0.02722185567059107,1000.0272218556706,0.0027221855670632065,20.50758227235069,0.00013954172287858145,False
2641,5,5,2,3,0.005763104696065327,1000.005763104696,0.0005763104696029586,2.8614722749484462,0.00020908129887870262,False
2642,5,4,1,3,0.00040954754986841004,1000.0004095475498,4.095475497933876e-05,1.097342614844193,0.0004207259685134605,False
2643,5,3,1,2,0.00414035164775185,1000.0041403516477,0.0004140351647720308,4.098739655482316,0.00011047919792872563,False
2644,5,5,4,1,0.056187316688748344,1000.0561873166887,0.0056187316688692595,28.96441395027382,0.0002009126566051181,False
2645,5,5,1,4,0.0022323254000286524,1000.0022323254001,0.00022323254000866655,1.6365656755914402,0.00035068265311792856,False
2646,5,5,3,2,0.04644511860950713,1000.0464451186094,0.004644511860942657,7.613732731296606,0.0007022182956745205,False
2647,5,3,1,2,0.016917216280275982,1000.0169172162803,0.0016917216280262438,3.905433362334039,0.00037072362346179943,False
2648,5,4,2,2,0.002663635345391773,1000.0026636353452,0.0002663635345243165,2.0082886202617805,0.00017446042822939488,False
2649,5,5,2,3,0.02701784839211929,1000.0270178483922,0.0027017848392233645,21.575912000204127,0.00012733656305954355,False
2650,5,5,3,2,0.002425335105769423,1000.0024253351056,0.0002425335105613158,1.698740358442237,0.0002615040811093999,False
2651,5,3,2,1,0.04586270850924118,1000.0458627085093,0.004586270850927576,15.28215162348108,0.00032111904226894694,False
2652,5,5,1,4,-0.0023772254690593536,999.9976227745308,-0.0002377225469217592,0.6040265497053579,0.0003119318023725652,True
2653,5,5,2,3,-0.001645685995676305,999.9983543140044,-0.00016456859956406333,0.3210212443872179,0.00020366826715871868,True
2654,5,5,5,0,0.05320095615750831,1000.0532009561574,0.005320095615741138,1000000000000.0,0.0,False
2655,5,4,0,4,-0.007402166471165846,999.9925978335289,-0.0007402166471138117,0.0,0.0007402166471138117,True
2656,5,5,2,3,0.022777480315747153,1000.0227774803158,0.002277748031576721,6.303793014579075,0.0002708833493333108,False
2657,5,5,2,3,0.024926878233694556,1000.0249268782337,0.002492687823371398,8.48802737795665,0.0001834625858111569,False
2658,5,4,3,1,0.009087974453875396,1000.0090879744538,0.0009087974453791504,5.94249084471434,0.00018387438115041732,False
2659,5,5,2,3,0.023277313802662722,1000.0232773138025,0.0023277313802509527,12.976961942955977,0.00013670677165069446,False
2660,5,4,2,2,0.022217026550447938,1000.0222170265505,0.0022217026550492847,6.182805246393658,0.00028299632746246013,False
2661,5,5,2,3,0.005532115256384853,1000.0055321152564,0.0005532115256414727,2.475756745316351,0.00019451653964851884,False
2662,5,3,2,1,0.008100477810542767,1000.0081004778106,0.0008100477810558005,13.695591358829912,6.380513214234844e-05,False
2663,5,5,2,3,0.027659027928133583,1000.0276590279283,0.002765902792828001,24.34688765656389,0.00011846987201806769,False
2664,5,4,3,1,0.00071591169535507,1000.0007159116952,7.159116952379917e-05,1.6135141544197258,0.0001166902333965428,False
2665,5,3,1,2,0.003083327376352279,1000.0030833273763,0.0003083327376316447,2.628213687196838,0.00018936777494263482,False
2666,5,5,2,3,-0.0002427964283287108,999.9997572035718,-2.4279642821056766e-05,0.949076928923307,0.000267747954353581,True
2667,5,5,4,1,0.024107409254326043,1000.0241074092543,0.002410740925427035,27.745068451684222,9.013768295987334e-05,False
2668,5,5,1,4,-0.006777379782341565,999.9932226202176,-0.0006777379782420211,0.07703442901730094,0.0006777379782420211,True
2669,5,4,2,2,0.023134039233278423,1000.0231340392334,0.0023134039233355,12.93149664196664,0.00019388564488667252,False
2670,5,5,2,3,0.0191425844501174,1000.01914258445,0.0019142584450037247,4.749403689951354,0.00036494072659252195,False
2671,5,5,4,1,0.07514005232640954,1000.0751400523264,0.00751400523264465,56.96554060988974,0.00013425424037335167,False
2672,5,5,5,0,0.09385187027875677,1000.0938518702787,0.009385187027874053,1000000000000.0,0.0,False
2673,5,4,3,1,0.051283574031846836,1000.0512835740319,0.00512835740319133,25.033635378902137,0.0002133711106703943,False
2674,5,4,3,1,0.05037340758901363,1000.0503734075891,0.005037340758906339,44.55689138743146,0.00011564427309499371,False
2675,5,4,1,3,0.00038512925416501814,1000.0003851292541,3.8512925414124766e-05,1.0887797759461215,0.0004338029129485221,False
2676,5,5,5,0,0.07138504604938901,1000.0713850460494,0.00713850460493859,1000000000000.0,0.0,False
2677,5,5,1,4,-0.0012207652228941935,999.998779234777,-0.00012207652230245003,0.8065687960384976,0.0006311075895924214,True
2678,5,4,3,1,0.030378851864204744,1000.0303788518643,0.003037885186427047,63.42516318238879,4.866293123992978e-05,False
2679,5,5,2,3,0.000745817448470031,1000.0007458174484,7.458174484327173e-05,1.4637634715597385,0.0001265783030580904,False
2680,5,5,4,1,0.05113726996431675,1000.0511372699644,0.005113726996444257,33.74447543657598,0.00015617068004303292,False
2681,5,4,2,2,0.04591763265721287,1000.0459176326572,0.004591763265716509,37.66801281139061,0.00012522218006302208,False
2682,5,4,1,3,0.020548212081358576,1000.0205482120814,0.002054821208139401,7.111524435058683,0.0002328356780708418,False
2683,5,5,1,4,0.02061412802879381,1000.0206141280288,0.0020614128028796585,8.100314680589932,0.0001665848847210327,False
2684,5,4,1,3,-0.0006790030019118631,999.999320996998,-6.790030020056292e-05,0.8505849088457625,0.00045443895397388826,True
2685,5,5,2,3,0.022576227629531872,1000.0225762276295,0.00225762276295427,4.9219619779522015,0.00029577928093191795,False
2686,5,5,2,3,0.04468356856315943,1000.0446835685632,0.004468356856318679,14.951494211737016,0.0002253864855107498,False
2687,5,4,2,2,0.02161749598957667,1000.0216174959896,0.00216174959896307,9.606288080206202,0.0002511825747319563,False
2688,5,5,0,5,-0.009461044335420431,999.9905389556645,-0.0009461044335466796,0.0,0.0009461044335466796,True
2689,5,4,1,3,0.02031288152248007,1000.0203128815224,0.0020312881522386306,5.8921088491429945,0.00029267063757769455,False
2690,5,3,1,2,-0.0023325480876984763,999.9976674519122,-0.00023325480877929293,0.3790399481358123,0.00023325480877929293,True
2691,5,4,2,2,0.02453094712486885,1000.024530947125,0.00245309471249584,7.414308110118082,0.0003824302035297349,False
2692,5,5,3,2,0.04358477088538779,1000.0435847708853,0.004358477088533164,8.428802468566257,0.000445256340344713,False
2693,5,4,3,1,0.07316023629879094,1000.0731602362988,0.00731602362988042,394.4191733675571,1.8595541766198517e-05,False
2694,5,4,2,2,0.02205254721485535,1000.0220525472149,0.002205254721491201,9.872439059954011,0.00022429250814184342,False
2695,5,4,2,2,0.04501929637288424,1000.0450192963729,0.004501929637285684,36.84590698258737,0.00011975252850222227,False
2696,5,5,2,3,0.04282019371310731,1000.042820193713,0.004282019371305523,9.379825374267016,0.0003506537461589687,False
2697,5,4,2,2,0.0020391907041022866,1000.0020391907042,0.00020391907041812375,1.8138254328173236,0.0001881095503299715,False
2698,5,5,2,3,0.002387123781355303,1000.0023871237813,0.00023871237813182232,1.3885774212389164,0.0003814567052142605,False
2699,5,5,4,1,0.04436519873161421,1000.0443651987316,0.00443651987316116,18.433800517045416,0.0002544779897653636,False
2700,5,5,1,4,-0.0015291688454624054,999.9984708311546,-0.0001529168845422646,0.7333379205435233,0.0005734481815238723,True
2701,5,5,4,1,0.037841986743329524,1000.0378419867433,0.003784198674327399,23.45135696549663,0.00016854513996701075,False
2702,5,4,4,0,0.07443145268127496,1000.0744314526812,0.0074431452681210436,1000000000000.0,0.0,False
2703,5,4,0,4,-0.004950813853655297,999.9950491861463,-0.0004950813853724867,0.0,0.0004950813853724867,True
2704,5,5,2,3,0.024653394659063087,1000.024653394659,0.0024653394659026164,7.597177513037007,0.00028786145012506747,False
2705,5,4,3,1,0.04807822546377286,1000.0480782254638,0.004807822546376884,461.61332588666886,1.0437368251642308e-05,False
2706,5,5,2,3,0.0413663439586104,1000.0413663439587,0.004136634395865713,9.843498365882452,0.000467759954790381,False
2707,5,4,3,1,0.06837115814498917,1000.068371158145,0.006837115814505524,22.682975155040715,0.000315321848847816,False
2708,5,5,3,2,0.008904026767873684,1000.0089040267679,0.0008904026767936557,5.1547550019030295,0.00020496342429049527,False
2709,5,5,3,2,0.049191415818867365,1000.0491914158188,0.004919141581876829,35.18011752581423,9.522813660396423e-05,False
2710,5,4,3,1,0.05052114195200024,1000.050521141952,0.005052114195200375,32.71621898767096,0.00015928670062961305,False
2711,5,5,2,3,0.026333091864573645,1000.0263330918646,0.00263330918645579,9.04574128970879,0.00027411114593566156,False
2712,5,5,4,1,0.05721219910108334,1000.0572121991011,0.005721219910105901,124.88471565888683,4.618064450314021e-05,False
2713,5,3,0,3,-0.004439274404256972,999.9955607255957,-0.0004439274404262506,0.0,0.0004439274404262506,True
2714,5,4,3,1,0.031027445891773642,1000.0310274458917,0.003102744589170925,30.478900609212207,0.0001052501733675561,False
2715,5,5,3,2,0.06677217734146194,1000.0667721773415,0.006677217734147689,29.056830649437757,0.00017952548478206154,False
2716,5,5,3,2,0.029127554168963746,1000.029127554169,0.0029127554169008363,8.47980813303808,0.0002435832205530746,False
2717,5,5,1,4,0.0007789502932671723,1000.0007789502932,7.789502932382675e-05,1.4211243464427077,0.00015670601388819704,False
2718,5,5,2,3,0.024376311572060636,1000.024376311572,0.002437631157204123,5.67664264497246,0.0003042364033361117,False
2719,5,5,4,1,0.04918842609031838,1000.0491884260904,0.004918842609038166,15.655579477126606,0.00033561171504876,False
2720,5,5,2,3,0.002198550807112607,1000.0021985508071,0.00021985508070656578,1.7642734015309616,0.00023152498474701135,False
2721,5,5,5,0,0.012572918244724481,1000.0125729182446,0.0012572918244586617,1000000000000.0,0.0,False
2722,5,5,1,4,-0.0018803727130874,999.9981196272869,-0.000188037271311714,0.6890449435404233,0.0005399460256741053,True
2723,5,5,2,3,0.022924811484012306,1000.022924811484,0.002292481148401748,7.641333066484678,0.00034518388483775194,False
2724,5,4,3,1,0.05056754372776741,1000.0505675437278,0.005056754372776595,23.461059859952552,0.00022513321149519283,False
2725,5,5,2,3,0.02532144398243721,1000.0253214439824,0.0025321443982420535,8.251717472862914,0.00023441228729485856,False
2726,5,5,3,2,0.026078921771526774,1000.0260789217715,0.0026078921771500066,11.189723965941146,0.00022691616711498496,False
2727,5,4,3,1,0.00868267236730987,1000.0086826723673,0.0008682672367285704,7.584665121889753,0.00013186070011795152,False
2728,5,4,0,4,-0.0036539414831897044,999.9963460585168,-0.00036539414832077456,0.0,0.00036539414832077456,True
2729,5,4,3,1,0.04435865575170771,1000.0443586557518,0.004435865575180742,18.598510371362057,0.0002520528454584865,False
2730,5,4,1,3,0.019534226237776803,1000.0195342262377,0.001953422623773804,6.354100517159507,0.0003648376292152056,False
2731,5,4,1,3,0.021234329861776133,1000.0212343298618,0.002123432986184071,6.983048425710103,0.00031641740024147147,False
2732,5,5,1,4,-0.003250407015263552,999.9967495929847,-0.0003250407015343626,0.5889942232814069,0.0004851538282537149,True
2733,5,5,3,2,0.02627152666487265,1000.0262715266649,0.0026271526664913836,12.012685370967665,0.00017461619472669554,False
2734,5,2,2,0,0.009024011633071274,1000.0090240116331,0.0009024011633073315,1000000000000.0,0.0,False
2735,5,4,2,2,0.02305491064198411,1000.023054910642,0.0023054910642031244,5.357539197860232,0.0003405599701319762,False
2736,5,5,3,2,0.0028344987159123333,1000.0028344987159,0.00028344987158561706,1.857479112748601,0.0002945214508611954,False
2737,5,4,4,0,0.05745210046601924,1000.0574521004661,0.005745210046609373,1000000000000.0,0.0,False
2738,5,5,2,3,0.016515378641899805,1000.0165153786418,0.0016515378641770442,3.5524549503867604,0.0004144626487147896,False
2739,5,5,4,1,0.05279969015997798,1000.05279969016,0.005279969015998631,37.23687137559522,0.00014570621450232265,False
2740,5,4,2,2,0.0020157719583536802,1000.0020157719583,0.00020157719583266954,1.567064781522094,0.00035547472247117186,False
2741,5,5,2,3,0.002395275348358095,1000.0023952753484,0.00023952753483627023,1.4299443934296858,0.0005571128231849798,False
2742,5,5,4,1,0.047937333097306224,1000.0479373330974,0.004793733309736581,26.046751025561132,0.0001913863143695875,False
2743,5,5,3,2,0.04986531164076195,1000.0498653116408,0.004986531164081498,19.749454333219294,0.00013456767469506304,False
2744,5,4,0,4,-0.004342281349387108,999.9956577186506,-0.000434228134940895,0.0,0.000434228134940895,True
2745,5,5,2,3,0.021960350356727287,1000.0219603503567,0.002196035035672139,4.4947844413652795,0.00043173416248691864,False
2746,5,5,2,3,0.04389448605978084,1000.0438944860598,0.004389448605979851,15.739533272284167,0.00025305755190960455,False
2747,5,5,1,4,-0.004622740313572878,999.9953772596864,-0.00046227403136072097,0.11863039020773841,0.00046227403136072097,True
2748,5,4,2,2,0.02552267158699836,1000.025522671587,0.00255226715870549,11.64769862065567,0.00023970032871751222,False
2749,5,5,1,4,0.014968608510429726,1000.0149686085103,0.0014968608510343984,3.30612992119099,0.0006490791508781512,False
2750,5,4,2,2,0.02325465698410825,1000.0232546569841,0.002325465698413609,7.217865985472437,0.0003380822931126368,False
2751,5,5,4,1,0.05086766470513458,1000.0508676647053,0.005086766470526527,17.697390434029614,0.00030464439880688586,False
2752,5,4,2,2,0.023778027392566747,1000.0237780273926,0.0023778027392609147,7.178394564225468,0.00038485770284069076,False
2753,5,5,2,3,0.04371493321505799,1000.043714933215,0.00437149332150284,14.648854531495894,0.00020516117239783967,False
2754,5,5,3,2,0.0014903888616086525,1000.0014903888616,0.0001490388861611791,1.467035007577653,0.00031911566801398096,False
2755,5,4,3,1,0.0318808986155136,1000.0318808986156,0.003188089861555454,62.46275062452799,5.187009995513466e-05,False
2756,5,5,1,4,0.0019356918362582753,1000.0019356918364,0.00019356918363655493,1.6777836042004861,0.0001824308213713266,False
2757,5,5,2,3,0.0005067159705763134,1000.0005067159707,5.067159706868552e-05,1.1061338575795363,0.00047743103108359723,False
2758,5,5,2,3,0.018032979391111297,1000.0180329793911,0.0018032979391136906,4.052286631133949,0.000590802292515491,False
2759,5,5,3,2,0.029550153723334485,1000.0295501537233,0.0029550153723334914,18.339562298411334,0.00016058632605224613,False
2760,5,4,3,1,0.029170118662183754,1000.0291701186621,0.00291701186621367,44.40358828457583,6.720666285999044e-05,False
2761,5,4,2,2,0.004117606107518101,1000.0041176061076,0.00041176061075702823,5.704562812134088,8.752323463994278e-05,False
2762,5,4,1,3,0.016792905870215473,1000.0167929058701,0.001679290587014748,3.3907450948535756,0.0004330086507512061,False
2763,5,5,4,1,0.07568303476032398,1000.0756830347603,0.007568303476034544,437.6554016955671,1.7331222159253522e-05,False
2764,5,5,0,5,-0.005039408209367659,999.9949605917906,-0.0005039408209427165,0.0,0.0005039408209427165,True
2765,5,4,1,3,0.02023134401036957,1000.0202313440104,0.0020231344010426255,12.161562656835915,0.0001812550685203437,False
2766,5,4,2,2,0.006649410615288407,1000.0066494106153,0.0006649410615295892,3.0115197718439366,0.0003305632146267542,False
2767,5,3,1,2,0.0027104465337206103,1000.0027104465338,0.0002710446533797039,1.8101525072277962,0.0003345580116097849,False
2768,5,5,5,0,0.058758710132236554,1000.0587587101323,0.005875871013233791,1000000000000.0,0.0,False
2769,5,5,2,3,0.021001379540853765,1000.0210013795408,0.0021001379540848577,4.548675061990185,0.0005415339652772587,False
2770,5,4,1,3,-0.003965902699523931,999.9960340973005,-0.00039659026995195743,0.06204677297904432,0.00039659026995195743,True
2771,5,4,2,2,0.02628580315004308,1000.02628580315,0.002628580315001727,13.30019078193592,0.00021370149509185047,False
2772,5,4,2,2,0.005225927383479066,1000.0052259273835,0.0005225927383548879,2.4166791615152956,0.0003688824497295247,False
2773,5,4,3,1,0.00806899799946617,1000.0080689979995,0.0008068997999544081,4.255054531740421,0.0002478887342399584,False
2774,5,5,2,3,-8.979729350855207e-05,999.9999102027065,-8.979729352631692e-06,0.9836032901915908,0.00038694843793050953,True
2775,5,5,4,1,0.07815699937282514,1000.0781569993728,0.007815699937282261,202.35371971951758,3.881367275154284e-05,False
2776,5,5,2,3,0.04466047762856172,1000.0446604776286,0.004466047762855397,9.15177837429122,0.0003123502788721434,False
2777,5,5,2,3,0.02124287776950639,1000.0212428777695,0.0021242877769509505,3.881166072697428,0.0007372803013499946,False
2778,5,5,4,1,0.0514660532151399,1000.0514660532152,0.0051466053215222015,15.932528955982356,0.0003446487182097534,False
2779,5,1,1,0,0.025083478272946116,1000.0250834782729,0.0025083478272904356,1000000000000.0,0.0,False
2780,5,5,3,2,0.026329921959614627,1000.0263299219596,0.00263299219595865,7.875606831529201,0.0002133474060320274,False
2781,5,5,3,2,0.02732017053230327,1000.0273201705323,0.0027320170532334487,11.032466815264149,0.00027231058234236644,False
2782,5,5,0,5,-0.007426159415071068,999.9925738405851,-0.0007426159414876566,0.0,0.0007426159414876566,True
2783,5,4,0,4,-0.005749063739543465,999.9942509362604,-0.0005749063739585835,0.0,0.0005749063739585835,True
2784,5,5,3,2,0.04504477883618288,1000.0450447788363,0.004504477883631353,16.7012407758379,0.0001887459115213583,False
2785,5,5,2,3,0.0241111617641304,1000.0241111617642,0.002411116176415362,7.52857371055501,0.00036931744716639514,False
2786,5,2,1,1,0.02067480249803972,1000.0206748024981,0.00206748024980925,9.027310264343589,0.00025754980350584675,False
2787,5,5,3,2,0.053080112870007634,1000.05308011287,0.005308011287002046,33.91982226275951,0.00014332742841361828,False
2788,5,4,1,3,0.019697788466622415,1000.0196977884666,0.0019697788466601193,7.273146419266272,0.00024628048872198913,False
2789,5,5,1,4,-0.0017802773023690985,999.9982197226976,-0.00017802773023731786,0.6999884295573077,0.0005934004161709687,True
2790,5,5,2,3,-8.256413976145266e-05,999.9999174358603,-8.256413968865672e-06,0.9778812552315584,0.00037125122433963044,True
2791,5,4,2,2,0.018488491341012717,1000.018488491341,0.0018488491341031477,4.818100629254612,0.00047890807035106455,False
2792,5,4,2,2,0.04730600214291971,1000.0473060021429,0.00473060021429319,30.76647096616782,0.00015891601417202035,False
2793,5,4,2,2,0.026812396051431722,1000.0268123960514,0.0026812396051354884,11.86837257300115,0.00024670111253044524,False
2794,5,4,4,0,0.07620198595981771,1000.0762019859598,0.0076201985959755796,1000000000000.0,0.0,False
2795,5,5,1,4,0.01950017353564465,1000.0195001735356,0.001950017353556177,7.539968053338697,0.00015969439024274835,False
2796,5,5,4,1,0.03248039152146155,1000.0324803915215,0.003248039152151705,11.415457132605884,0.0003118368678787116,False
2797,5,5,4,1,0.055447521002462835,1000.0554475210024,0.005544752100240658,26.355899054807146,0.00021867619810786543,False
2798,5,5,2,3,0.00403731080591767,1000.0040373108059,0.00040373108058702203,1.9778431127867255,0.00024261738325732349,False
2799,5,5,4,1,0.07160968141237684,1000.0716096814124,0.007160968141238299,141.61953269439334,5.0923226923520746e-05,False
2800,5,5,2,3,0.020058532518240132,1000.0200585325182,0.0020058532518191898,5.722884469205237,0.00026051070003298745,False
2801,5,5,2,3,0.00428042510685567,1000.0042804251069,0.0004280425106912844,1.800812895976069,0.0004417073148374584,False
2802,5,5,1,4,-0.003311413147437831,999.9966885868525,-0.00033114131474576425,0.4989466051014391,0.0004784553947616888,True
2803,5,5,1,4,0.018980545368090684,1000.018980545368,0.0018980545367980994,4.85462238704116,0.00025828290408352417,False
2804,5,5,3,2,0.024980164038456983,1000.0249801640384,0.0024980164038424847,8.256924329408742,0.0003442154407025169,False
2805,5,3,2,1,0.04773285925229249,1000.0477328592522,0.004773285925216442,165.88427157785355,2.8947920058699863e-05,False
2806,5,5,3,2,0.011515402101182872,1000.0115154021012,0.0011515402101167638,22.74094473914352,3.784395585568559e-05,False
2807,5,4,2,2,-0.0008725785809375479,999.999127421419,-8.725785810383968e-05,0.8183089585696129,0.00033095029278911174,True
2808,5,4,3,1,0.04939368015791448,1000.0493936801579,0.004939368015789114,68.28836586760181,7.340597370557589e-05,False
2809,5,4,2,2,0.00717091951561464,1000.0071709195157,0.0007170919515715468,5.166688385797856,0.00013056369634796284,False
2810,5,4,2,2,0.02375609951504565,1000.023756099515,0.0023756099515026105,5.878697308664396,0.00038023389786303593,False
2811,5,5,3,2,0.02897662703859193,1000.0289766270387,0.0028976627038673542,11.77425558628086,0.0002463619350986381,False
2812,5,5,3,2,0.027829542360002815,1000.02782954236,0.0027829542359995682,53.16793070639658,5.334461707273096e-05,False
2813,5,4,2,2,0.002583274661994088,1000.002583274662,0.00025832746620153553,1.7414023951798439,0.00022838867459995527,False
2814,5,5,3,2,0.02562365270669313,1000.0256236527067,0.0025623652706713075,9.19699965044367,0.00031259794802735997,False
2815,5,4,0,4,-0.006131267790044,999.99386873221,-0.0006131267790010497,0.0,0.0006131267790010497,True
2816,5,4,2,2,0.009465230885884414,1000.0094652308858,0.0009465230885780329,4.861278365628898,0.00019003088084446063,False
2817,5,4,2,2,0.027532242026900876,1000.0275322420268,0.0027532242026836683,17.826905051538773,0.00013753893222746656,False
2818,5,5,1,4,0.015226806133280122,1000.0152268061331,0.0015226806133114225,2.92225728720079,0.00042580039069826405,False
2819,5,4,2,2,0.007885440769891235,1000.0078854407699,0.0007885440769882736,4.805577363106772,0.00020720541193115286,False
2820,5,5,2,3,0.044265046757502736,1000.0442650467575,0.004426504675745946,11.232677881221585,0.00021703372714125532,False
2821,5,4,1,3,-0.0030222684282811096,999.9969777315716,-0.000302226842836717,0.21624311151797093,0.000302226842836717,True
2822,5,4,4,0,0.030233766519998848,1000.0302337665199,0.0030233766519927483,1000000000000.0,0.0,False
2823,5,5,2,3,0.01936877281408192,1000.0193687728141,0.0019368772814118528,5.580807994948822,0.00025853773395283496,False
2824,5,4,0,4,-0.003170486181090407,999.996829513819,-0.00031704861810339936,0.0,0.00031704861810339936,True
2825,5,5,4,1,0.0550320461998544,1000.0550320461998,0.005503204619981261,76.20038545303362,7.31764568005646e-05,False
2826,5,5,2,3,0.005624739327134516,1000.0056247393271,0.0005624739327117823,2.764192650568764,0.0003188251438851021,False
2827,5,3,2,1,0.003985035246193056,1000.0039850352462,0.0003985035246159896,3.2595653858742195,0.00017636189519658994,False
2828,5,5,3,2,0.006132907718202134,1000.0061329077181,0.0006132907718097158,3.921368897370438,0.00014860799231728133,False
2829,5,4,2,2,0.022000734302694853,1000.0220007343028,0.0022000734302764615,11.983690215021298,0.00019502670443100162,False
2830,5,4,1,3,0.00039999124766112396,1000.0003999912476,3.9999124760470294e-05,1.1739757968012423,0.0002299113873309488,False
2831,5,5,3,2,0.047168346834652604,1000.0471683468346,0.004716834683461003,14.934834563694766,0.0002015973120023773,False
2832,5,5,2,3,0.0001431336546418719,1000.0001431336547,1.4313365466023243e-05,1.0339125296747163,0.0002418646593231934,False
2833,5,5,4,1,0.07414678520900925,1000.074146785209,0.007414678520899543,69.11696369292402,0.00010884889689911448,False
2834,5,3,2,1,0.00035262025132500757,1000.0003526202513,3.5262025130577966e-05,1.315894860117795,0.00011162567240909595,False
2835,5,4,4,0,0.07486830351639845,1000.0748683035165,0.007486830351649588,1000000000000.0,0.0,False
2836,5,5,2,3,0.018081384627248148,1000.0180813846272,0.001808138462718034,3.5622273604308123,0.0006823708429919861,False
2837,5,5,2,3,0.021616405088019222,1000.021616405088,0.0021616405088025203,4.147312840894008,0.0004952084774582883,False
2838,5,5,2,3,0.022482654500434886,1000.0224826545004,0.0022482654500436184,4.670834078414772,0.0006124648001384457,False
2839,5,4,2,2,-9.898611310182556e-05,999.999901013887,-9.898611301650817e-06,0.9831540841685757,0.0005875967257640742,True
2840,5,4,0,4,-0.0051963011235146295,999.9948036988765,-0.0005196301123532975,0.0,0.0005196301123532975,True
2841,5,4,3,1,0.0724229003520085,1000.0724229003521,0.007242290035208042,110.03403522117331,6.641743324111742e-05,False
2842,5,5,1,4,-0.0015443975080321089,999.998455602492,-0.00015443975080415838,0.7299448261869437,0.0005718798271070346,True
2843,5,5,2,3,0.025527153151479305,1000.0255271531514,0.0025527153151415406,11.567772386998683,0.00017928631557424525,False
2844,5,5,3,2,0.04566070684110316,1000.0456607068411,0.004566070684109036,25.179734589173307,0.00011608208698135058,False
2845,5,5,2,3,0.02425142307935219,1000.0242514230792,0.0024251423079249437,6.499688755225459,0.0002600294737049912,False
2846,5,5,5,0,0.05301635953157338,1000.0530163595316,0.005301635953162531,1000000000000.0,0.0,False
2847,5,5,2,3,0.01697013223727859,1000.0169701322372,0.0016970132237247525,3.8509064686905776,0.00047540803728957174,False
2848,5,5,3,2,0.04946533000011504,1000.0494653300001,0.0049465330000089125,21.687962891286002,0.000239090839777918,False
2849,5,4,0,4,-0.0110025160978996,999.988997483902,-0.0011002516097960325,0.0,0.0011002516097960325,True
2850,5,3,1,2,0.02057271513118864,1000.0205727151312,0.002057271513115211,11.546204274847767,0.00019507222309584905,False
2851,5,5,3,2,0.008099006376368737,1000.0080990063764,0.0008099006376369289,3.964178644076737,0.000214490296549967,False
2852,5,5,1,4,-0.005365006391640212,999.9946349936083,-0.0005365006391684801,0.0004978317874707194,0.0005365006391684801,True
2853,5,5,4,1,0.05348939118704835,1000.053489391187,0.005348939118698582,21.62435478733902,0.000259350615999665,False
2854,5,5,1,4,0.015094386465949794,1000.0150943864659,0.0015094386465875685,3.2568488115088186,0.0006688112026183683,False
2855,5,5,2,3,0.0044665129646463495,1000.0044665129645,0.0004466512964540925,1.79356353142839,0.000562836836505974,False
2856,5,5,0,5,-0.006255488444902519,999.9937445115552,-0.0006255488444821822,0.0,0.0006255488444821822,True
2857,5,4,2,2,0.02508333188314863,1000.0250833318831,0.002508333188313827,8.51820499838041,0.00024905550149583735,False
2858,5,4,3,1,0.028136060946649846,1000.0281360609466,0.002813606094662191,20.217552977919066,0.00014640450017630008,False
2859,5,3,3,0,0.0485215529838168,1000.0485215529837,0.004852155298374327,1000000000000.0,0.0,False
2860,5,5,2,3,0.002589013328648908,1000.0025890133287,0.00025890133287020944,1.5274748939459644,0.0003276297682987206,False
2861,5,5,3,2,0.0448396183873139,1000.0448396183874,0.004483961838741379,12.375046327202782,0.00025061344013010967,False
2862,5,5,2,3,0.045084379719763375,1000.0450843797197,0.004508437971969669,9.28464667590898,0.0005248755132871979,False
2863,5,3,1,2,0.02223313462142688,1000.0222331346214,0.0022233134621387762,10.400570647890884,0.0001854190615176776,False
2864,5,5,2,3,0.02095496777045662,1000.0209549677704,0.002095496777042172,5.2171496130564226,0.00027621448445326596,False
2865,5,5,4,1,0.05291073114249598,1000.0529107311424,0.005291073114244682,40.07099861148872,0.00013542199071431098,False
2866,5,5,3,2,0.00039289875767351435,1000.0003928987577,3.9289875769554786e-05,1.1959820415096176,0.00020047684213856987,False
2867,5,4,1,3,0.0027578260842033193,1000.0027578260841,0.00027578260841210067,2.2635160318492575,0.00014656616479339935,False
2868,5,4,3,1,0.029552131319644227,1000.0295521313197,0.0029552131319746876,332.36615023671544,8.918271009861201e-06,False
2869,5,4,2,2,0.04439976383746645,1000.0443997638374,0.004439976383741851,10.606922723785084,0.00046216426544560825,False
2870,5,4,2,2,0.04672996060325524,1000.0467299606032,0.004672996060321566,36.56735492454275,0.00012877503120307666,False
2871,5,4,2,2,0.006427258998437253,1000.0064272589984,0.0006427258998428441,3.977151792586006,0.00020211221718178095,False
2872,5,4,3,1,0.006865665464745446,1000.0068656654648,0.0006865665464829363,9.545126617682659,8.034536079269602e-05,False
2873,5,4,2,2,0.026261158970433688,1000.0262611589706,0.0026261158970555696,14.01379792007391,0.0002017947345620996,False
2874,5,5,1,4,0.020745199432091944,1000.020745199432,0.0020745199431985383,7.268976126806602,0.000248689330839944,False
2875,5,4,2,2,0.027020720389556222,1000.0270207203896,0.0027020720389600685,18.33714399265709,8.419530393087079e-05,False
2876,5,5,1,4,-0.0024680318666749474,999.9975319681334,-0.00024680318665559753,0.058944327220378366,0.000248833442431353,True
2877,5,4,2,2,0.004429808237830662,1000.0044298082379,0.00044298082378873004,2.11331504386783,0.0003816340859771117,False
2878,5,5,1,4,0.01256885895582589,1000.0125688589559,0.0012568858955887662,2.1836985694442297,0.0006639164916429614,False
2879,5,5,2,3,0.0268682617605211,1000.0268682617606,0.0026868261760569115,9.223632940229901,0.00028486904013713535,False
2880,5,3,2,1,0.025468830432321746,1000.0254688304324,0.002546883043237358,17.266332503720758,0.00015657325164193986,False
2881,5,5,4,1,0.07516872411912105,1000.0751687241191,0.0075168724119066615,48.97785410740828,0.0001566694972118987,False
2882,5,4,3,1,0.06995079024393255,1000.0699507902439,0.006995079024386542,132.4719355693519,5.320212253348682e-05,False
2883,5,4,2,2,0.008400131922459076,1000.0084001319225,0.0008400131922485344,4.556030069904883,0.0001665315447667126,False
2884,5,4,2,2,0.0004993807886720355,1000.0004993807887,4.993807887103685e-05,1.1197029024606255,0.00022630325629170026,False
2885,5,5,2,3,0.006515557081091385,1000.006515557081,0.0006515557081002044,2.711852966747398,0.00022077661590357914,False
2886,5,4,4,0,0.05393571983707635,1000.0539357198372,0.005393571983722723,1000000000000.0,0.0,False
2887,5,5,1,4,0.002156648175539279,1000.0021566481755,0.00021566481755144195,1.5629868523829686,0.0003830725649095257,False
2888,5,5,1,4,-0.0015168937264567932,999.9984831062736,-0.00015168937263752014,0.7329738586536426,0.0005680670075148624,True
2889,5,4,1,3,-0.0001834901337283419,999.9998165098664,-1.834901336223993e-05,0.9598792707975101,0.0004089670828864058,True
2890,5,5,1,4,-0.0010426600798093624,999.9989573399203,-0.00010426600797472928,0.8002372969383204,0.00029699569726190163,True
2891,5,5,0,5,-0.00832047929936196,999.9916795207006,-0.000832047929941382,0.0,0.000832047929941382,True
2892,5,5,2,3,0.0017994510445652999,1000.0017994510446,0.0001799451044576017,1.2329750197247966,0.0006872356401800061,False
2893,5,4,3,1,0.03050333516566289,1000.0305033351658,0.003050333516580395,92.62870350573768,3.329015253257239e-05,False
2894,5,5,5,0,0.03621015812951513,1000.0362101581295,0.003621015812950645,1000000000000.0,0.0,False
2895,5,4,2,2,0.04598956349589811,1000.0459895634958,0.004598956349582295,19.243282110456327,0.0002520781751389969,False
2896,5,3,1,2,0.0014639830140460606,1000.0014639830141,0.0001463983014104997,1.642874888608383,0.00022772440485141487,False
2897,5,5,3,2,0.052108283499972964,1000.0521082834999,0.005210828349993335,55.56435595900764,8.097494248625221e-05,False
2898,5,5,2,3,0.020687094446966342,1000.020687094447,0.0020687094446998344,3.9322993768583427,0.00047759982168367763,False
2899,5,4,3,1,0.028495025675372883,1000.0284950256754,0.0028495025675397303,21.65581581378927,0.0001379515867711234,False
2900,5,4,3,1,0.029135826210856697,1000.0291358262109,0.002913582621090427,33.962946601894025,8.838708349990617e-05,False
2901,5,5,2,3,0.00012073770870544513,1000.0001207377087,1.2073770869847067e-05,1.0258493915040463,0.00031741948813532875,False
2902,5,4,0,4,-0.00404375842170712,999.9959562415783,-0.0004043758421744315,0.0,0.0004043758421744315,True
2903,5,5,5,0,0.040689398856207266,1000.0406893988561,0.004068939885610234,1000000000000.0,0.0,False
2904,5,5,2,3,0.004089169792777334,1000.0040891697928,0.00040891697927918357,3.5198768664058218,0.00012437317382136824,False
2905,5,5,1,4,-0.0069681489134283455,999.9930318510866,-0.0006968148913415462,0.005367146108528463,0.0006968148913415462,True
2906,5,5,2,3,0.006393497831309184,1000.0063934978311,0.0006393497831140849,2.6209692196795684,0.00039442030485775854,False
2907,5,5,3,2,0.02749734361636779,1000.0274973436165,0.002749734361646006,7.144235763508777,0.0002713332355397541,False
2908,5,3,0,3,-0.003579459389808988,999.9964205406102,-0.00035794593898117453,0.0,0.00035794593898117453,True
2909,5,5,3,2,0.024503503127645262,1000.0245035031277,0.002450350312767569,6.872358004718,0.00024100393204286433,False
2910,5,4,1,3,-0.002768384634013338,999.9972316153659,-0.0002768384634123322,0.19319485102945336,0.0002768384634123322,True
2911,5,4,2,2,0.0035578084940566706,1000.0035578084941,0.00035578084940652844,1.8345190950283785,0.0004263270534387934,False
2912,5,5,1,4,0.017967088860965534,1000.0179670888609,0.0017967088860928015,3.882001052021061,0.0006234240909975597,False
2913,5,5,1,4,-0.002790680862543281,999.9972093191375,-0.00027906808625175475,0.5513780842706404,0.0006220541603054891,True
2914,5,5,4,1,0.05270130970442052,1000.0527013097045,0.005270130970450281,24.035782463633087,0.0002287747655170763,False
2915,5,5,1,4,-0.006609632818832885,999.9933903671811,-0.0006609632818936007,0.024228597059798726,0.0006609632818936007,True
2916,5,4,1,3,0.01974399389677658,1000.0197439938968,0.0019743993896781833,5.3812340386654025,0.00027583367146917227,False
2917,5,5,2,3,0.0037312629603982,1000.0037312629604,0.00037312629604002723,1.7175713935295351,0.000290573246115855,False
2918,5,4,0,4,-0.006277194655284257,999.9937228053448,-0.0006277194655240236,0.0,0.0006277194655240236,True
2919,5,5,3,2,0.004208413083539233,1000.0042084130837,0.0004208413083688356,2.158800543857091,0.00028002355054468353,False
2920,5,5,4,1,0.03644872465918901,1000.0364487246592,0.0036448724659180697,25.25999960900813,0.00015024140342302853,False
2921,5,4,1,3,0.020514129164745928,1000.0205141291648,0.002051412916478057,9.724026736909646,0.00023514518906040397,False
2922,5,5,2,3,0.003645846735636103,1000.0036458467358,0.00036458467358215787,1.6653851265026443,0.00043324253093001574,False
2923,5,5,3,2,0.044460307463007984,1000.0444603074629,0.004446030746294127,12.005594711059812,0.00040397914543746085,False
2924,5,5,2,3,0.04393010551190904,1000.0439301055119,0.004393010551189036,8.565596408814171,0.0005806419689375451,False
2925,5,5,3,2,0.048729562563632506,1000.0487295625637,0.0048729562563721626,15.171402555114073,0.00022518392821061647,False
2926,5,5,3,2,0.007043254077455496,1000.0070432540775,0.0007043254077530037,3.557898719229949,0.0001931280812868863,False
2927,5,5,4,1,0.0549334068463139,1000.0549334068463,0.005493340684631676,31.245078799856763,0.00018162758711923744,False
2928,5,5,1,4,-0.0031648252828563733,999.9968351747173,-0.0003164825282738093,0.10968666065086546,0.0003196488563503408,True
2929,5,5,3,2,0.011203346089892756,1000.0112033460899,0.0011203346089928346,8.537829024288362,0.0001478396119766332,False
2930,5,4,3,1,0.006841141118813562,1000.0068411411188,0.0006841141118798078,5.778701197619309,0.0001431590056768073,False
2931,5,5,1,4,0.017156555373574012,1000.0171565553736,0.0017156555373617267,4.1404597390468885,0.0005255800408341644,False
2932,5,5,1,4,0.01605296175302772,1000.0160529617531,0.0016052961753075577,3.8050953858132432,0.0003020493378812716,False
2933,5,4,1,3,0.0003361581986422533,1000.0003361581987,3.36158198706471e-05,1.0617941513585583,0.00028671412382785127,False
2934,5,5,2,3,0.004286364585656176,1000.0042863645857,0.00042863645857096346,2.1090697618093874,0.0003864828645760099,False
2935,5,5,2,3,0.023903632657143896,1000.0239036326573,0.0023903632657265917,9.748667483832996,0.00027322598213004313,False
2936,5,5,3,2,0.05095946221527622,1000.0509594622154,0.005095946221535997,29.71412466534977,0.00014284794323705797,False
2937,5,5,1,4,-0.00032399324257794933,999.9996760067575,-3.239932425458392e-05,0.9280681909628211,0.00045041720334211273,True
2938,5,3,1,2,-0.0006482316050351179,999.999351768395,-6.482316050551162e-05,0.8632604908576019,0.00047406119584343485,True
2939,5,5,2,3,0.019350174640248453,1000.0193501746403,0.0019350174640294427,5.295206333884741,0.0004505062885414191,False
2940,5,5,3,2,0.04677493751960884,1000.0467749375197,0.0046774937519671765,20.916523202897878,0.00023484346311255052,False
2941,5,5,1,4,-0.0008821665897458765,999.9991178334103,-8.821665896903141e-05,0.8724820644095462,0.0006917980483763131,True
2942,5,4,2,2,0.003386300553801708,1000.0033863005539,0.00033863005538705695,2.4199092176384727,0.00013780010942465628,False
2943,5,4,2,2,0.021562341155554984,1000.0215623411556,0.002156234115557254,15.732747011667623,0.0001463565561721225,False
2944,5,5,2,3,-0.002308626951554207,999.9976913730485,-0.00023086269515033565,0.6549081082529394,0.0004893543088769547,True
2945,5,5,2,3,0.004809196977739824,1000.0048091969777,0.0004809196977703323,1.8044992204590962,0.0004406130728398239,False
2946,5,5,2,3,0.023345901913327652,1000.0233459019133,0.0023345901913330636,7.004878622276396,0.0002769358529767598,False
2947,5,5,2,3,0.019418440397988086,1000.019418440398,0.0019418440397998894,6.980308762204535,0.00019897830448765652,False
2948,5,4,1,3,0.0012810273608452097,1000.0012810273608,0.0001281027360846565,1.3515467424103098,0.00033410211358495895,False
2949,5,5,4,1,0.034926668744852514,1000.034926668745,0.0034926668745015373,34.64342543005493,0.00010381343036083976,False
2950,5,5,3,2,0.014219973887819572,1000.0142199738879,0.001421997388786167,16.838728264824688,8.977977050790286e-05,False
2951,5,4,2,2,0.02411113582284874,1000.024111135823,0.0024111135822977303,7.475595806786313,0.00022248408231462236,False
2952,5,5,3,2,0.04862969513655739,1000.0486296951365,0.0048629695136469305,21.870905222235415,0.0002139459113324649,False
2953,5,4,2,2,0.019411878623943887,1000.0194118786239,0.0019411878623941446,4.897668424479574,0.0004980382246458249,False
2954,5,4,2,2,0.00545714384679275,1000.0054571438468,0.0005457143846797407,3.3455049266280903,0.00023266289435595934,False
2955,5,3,1,2,-0.0016497221104530904,999.9983502778896,-0.00016497221104145863,0.415687218705386,0.00016497221104145863,True
2956,5,5,2,3,0.024762546633727848,1000.0247625466337,0.0024762546633724015,8.53703542429209,0.0003285357003101177,False
2957,5,5,1,4,0.018121875668223885,1000.0181218756683,0.001812187566827106,4.097139512401264,0.0003973641471702649,False
2958,5,4,2,2,0.028750458053191773,1000.0287504580532,0.002875045805319587,20.720028278564346,0.00014578963286601888,False
2959,5,4,2,2,0.020203856638773627,1000.0202038566387,0.002020385663865909,6.566160989614255,0.0001815955119136399,False
2960,5,5,2,3,0.020482223730030592,1000.0204822237299,0.002048222372991404,4.864306158056291,0.0005300225919292991,False
2961,5,5,4,1,0.01642777151850725,1000.0164277715185,0.0016427771518465306,6.989644653739854,0.00027426845197664815,False
2962,5,4,2,2,0.023972169781906395,1000.0239721697819,0.002397216978192773,8.00732451515771,0.00034210160711154456,False
2963,5,5,4,1,0.010105204428682412,1000.0101052044287,0.0010105204428668914,4.744297037172988,0.00026987909727134955,False
2964,5,5,0,5,-0.0075535307370212185,999.9924464692629,-0.0007553530737141045,0.0,0.0007553530737141045,True
2965,5,4,3,1,0.026917798078398066,1000.0269177980784,0.0026917798078443414,20.169190388627758,0.0001404187627182569,False
2966,5,4,2,2,0.006629176163040177,1000.006629176163,0.0006629176162959993,4.541924675370921,0.00012734547220987527,False
2967,5,5,2,3,0.0008979949142613811,1000.0008979949142,8.979949142258192e-05,1.2041593402834372,0.00040818678465758505,False
2968,5,5,1,4,-0.005210151463647916,999.9947898485365,-0.0005210151463529656,0.39217897542542285,0.0007447515650861463,True
2969,5,4,2,2,0.004621173169736838,1000.0046211731697,0.00046211731696530476,5.489834881586857,9.503123100103039e-05,False
2970,5,5,2,3,0.021693730756609214,1000.0216937307567,0.002169373075673775,4.97234037522331,0.0003334114146923639,False
2971,5,4,2,2,0.046258977793106795,1000.0462589777932,0.004625897779317256,51.778870387372486,9.109667056402283e-05,False
2972,5,4,1,3,-0.00025024263932006794,999.9997497573607,-2.5024263925388366e-05,0.9483614885755726,0.00033738130927580276,True
2973,5,5,3,2,0.046482121634102584,1000.0464821216342,0.004648212163419885,12.853650408077742,0.0003921136299091033,False
2974,5,5,4,1,0.02909929842312474,1000.029099298423,0.002909929842303427,13.9027543999885,0.00022552192365583976,False
2975,5,5,1,4,0.017926305247167915,1000.0179263052471,0.001792630524710148,4.263388081642209,0.0005493157662840531,False
2976,5,5,1,4,-0.0015481388158882971,999.9984518611841,-0.00015481388159059863,0.7074823724746245,0.00045532011432171035,True
2977,5,4,0,4,-0.007454446084690588,999.9925455539153,-0.00074544460846937,0.0,0.00074544460846937,True
2978,5,4,2,2,0.005327365322510614,1000.0053273653225,0.0005327365322500555,2.264240821656564,0.0004213844705876646,False
2979,5,4,0,4,-0.004606018470290723,999.9953939815297,-0.000460601847032649,0.0,0.000460601847032649,True
2980,5,5,2,3,-0.0008501720476380331,999.9991498279524,-8.501720476488117e-05,0.8819762252614656,0.000327754589915876,True
2981,5,4,1,3,0.020450558004949135,1000.020450558005,0.00204505580049954,6.041666937640874,0.0004056209402678794,False
2982,5,4,2,2,0.021405882074309705,1000.0214058820743,0.002140588207430483,7.023209302879736,0.00022342561246471062,False
2983,5,4,1,3,0.01840801451322653,1000.0184080145133,0.001840801451328389,4.214232607055103,0.0005727032472009341,False
2984,5,5,3,2,0.04512826895106714,1000.0451282689511,0.004512826895108901,17.673058907061634,0.00018691162608127233,False
2985,5,5,4,1,0.027756910588591508,1000.0277569105886,0.0027756910588550452,13.265333344723782,0.00022630256834997527,False
2986,5,3,2,1,0.043630833372602144,1000.0436308333725,0.004363083337250373,20.124521604101304,0.00022814078321289343,False
2987,5,5,2,3,0.04429281131491073,1000.0442928113149,0.00442928113149037,16.378247776761576,0.00018665679934375687,False
2988,5,5,4,1,0.05616376577340817,1000.0561637657734,0.005616376577336268,54.842771333854834,0.00010431068903926644,False
2989,5,4,3,1,0.05179701474598979,1000.051797014746,0.0051797014745943665,26.76230459400249,0.00020104774333141778,False
2990,5,3,1,2,0.018288830034970355,1000.018288830035,0.0018288830034975945,5.113329480664661,0.0002657094982737362,False
2991,5,4,3,1,0.031989160432512355,1000.0319891604325,0.0031989160432544846,15.630753474065633,0.00021863581584013773,False
2992,5,3,2,1,0.003923230358356207,1000.0039232303583,0.00039232303582821255,3.774495188789653,0.00014140263911712573,False
2993,5,5,1,4,0.01928343052168928,1000.0192834305217,0.001928343052168202,4.433667045554899,0.0005615847469083678,False
2994,5,5,2,3,0.019812002084340263,1000.0198120020843,0.00198120020843362,5.461164532461807,0.00043499540092528405,False
2995,5,2,0,2,-0.0014201966656423304,999.9985798033345,-0.0001420196665549156,0.0,0.0001420196665549156,True
2996,5,4,1,3,0.020627587453392337,1000.0206275874533,0.002062758745330484,12.666415631711581,0.00011431498390371679,False
2997,5,5,0,5,-0.007473566007220066,999.9925264339928,-0.00074735660072065,0.0,0.00074735660072065,True
2998,5,4,2,2,0.046479089347749525,1000.0464790893477,0.004647908934771294,40.925980412527764,6.057452942513919e-05,False
2999,5,5,4,1,0.056383322409839245,1000.0563833224098,0.005638332240982891,48.83715983391168,0.0001178583286690797,False
3000,5,4,0,4,-0.004553124466357634,999.9954468755336,-0.0004553124466383451,0.0,0.0004553124466383451,True
3001,5,4,1,3,0.02024105627672504,1000.0202410562766,0.0020241056276631753,8.410841940052503,0.00018446582063234016,False
3002,5,5,2,3,0.044166790637452685,1000.0441667906374,0.004416679063740503,12.774321811730747,0.0003641808796444315,False
3003,5,5,3,2,0.0460053858300617,1000.0460053858301,0.004600538583008529,12.077870129955544,0.00041529089337473125,False
3004,5,5,3,2,0.027538787332306663,1000.0275387873323,0.0027538787332332506,21.042363184741482,0.00013740289545012275,False
3005,5,4,1,3,0.0011078839308776157,1000.0011078839308,0.00011078839307856469,1.3098897775579461,0.00035750735356727454,False
3006,5,5,0,5,-0.006708921553448889,999.9932910784465,-0.0006708921553467917,0.0,0.0006708921553467917,True
3007,5,5,2,3,0.025884368779578955,1000.0258843687795,0.002588436877954337,7.592427900334917,0.0002056772181179899,False
3008,5,4,1,3,0.0003081731268758166,1000.0003081731269,3.0817312688213856e-05,1.0776994019023287,0.0003966205686045549,False
3009,5,5,2,3,-0.0003958706148236592,999.999604129385,-3.9587061496604296e-05,0.898122111854424,0.0001984758683420296,True
3010,5,5,2,3,0.024768643625450434,1000.0247686436254,0.0024768643625407093,9.022591193135918,0.00023544950867062652,False
3011,5,5,3,2,0.006251057695243827,1000.0062510576953,0.0006251057695294548,2.723604060461408,0.00036267357597329016,False
3012,5,5,4,1,0.05420346255371085,1000.0542034625537,0.0054203462553687135,21.218033233842295,0.0002680793862112132,False
3013,5,5,2,3,0.0005111045537107347,1000.0005111045538,5.1110455376601746e-05,1.1546112171024292,0.00033057404455121285,False
3014,5,5,3,2,0.02629149710644049,1000.0262914971064,0.002629149710639922,11.336041069689859,0.0001860596773042827,False
3015,5,4,3,1,0.029001994395110715,1000.029001994395,0.002900199439500284,11.412495997271701,0.00027852181203472847,False
3016,5,5,4,1,0.04994523028237399,1000.0499452302823,0.004994523028233289,30.681706328583672,0.00016826491651790137,False
3017,5,5,3,2,0.028721524893360387,1000.0287215248935,0.002872152489351265,19.318332453622595,8.793553951216067e-05,False
3018,5,5,3,2,0.005173641456593609,1000.0051736414566,0.0005173641456622136,2.2575859525504436,0.0004113928865757443,False
3019,5,4,3,1,0.012412316145364791,1000.0124123161453,0.001241231614528715,47.12025023544852,2.691280251666999e-05,False
3020,5,5,2,3,0.0028336155370394175,1000.0028336155369,0.00028336155369288466,1.4646301812772282,0.00036863355538254924,False
3021,5,4,2,2,0.021704991637156897,1000.0217049916372,0.0021704991637193412,5.5294809053317895,0.00047918256226673006,False
3022,5,5,4,1,0.05431285156038797,1000.0543128515603,0.005431285156032572,28.586314078445778,0.0001968722416492896,False
3023,5,5,0,5,-0.006127121338169812,999.9938728786618,-0.0006127121338181496,0.0,0.0006127121338181496,True
3024,5,4,2,2,0.021190770952163197,1000.0211907709522,0.0021190770952216552,6.7668726893163536,0.0003674568885685403,False
3025,5,5,3,2,0.02661387900629196,1000.0266138790063,0.0026613879006276873,21.37218063989954,0.00010175980143003471,False
3026,5,4,2,2,0.0022794661049039544,1000.0022794661049,0.0002279466104937455,1.8562664365207833,0.0002126914940943294,False
3027,5,4,1,3,0.021130359616251215,1000.0211303596162,0.002113035961622245,5.76141597853673,0.000250659919811369,False
3028,5,4,4,0,0.07655883798844455,1000.0765588379884,0.007655883798838659,1000000000000.0,0.0,False
3029,5,5,2,3,0.026266658870051147,1000.0262666588701,0.002626665887009949,12.514063499589442,0.00015790108469062358,False
3030,5,3,3,0,0.03139616083507873,1000.0313961608351,0.0031396160835129193,1000000000000.0,0.0,False
3031,5,5,3,2,0.026860494731141202,1000.0268604947311,0.0026860494731067775,40.47839495970416,3.841277565898858e-05,False
3032,5,5,2,3,0.02028331037812309,1000.0202833103781,0.0020283310378090393,7.521234844542569,0.0002915374538133619,False
3033,5,4,2,2,0.025411755632388438,1000.0254117556324,0.00254117556323763,10.047064768133996,0.0002808760539393394,False
3034,5,3,1,2,-0.0028999324883299117,999.9971000675117,-0.00028999324882761357,0.03214407969909873,0.00029962437054890993,True
3035,5,4,2,2,0.02577725503222209,1000.0257772550323,0.002577725503226702,15.624499381315978,0.00017625668422719632,False
3036,5,4,2,2,0.024617377475758595,1000.0246173774758,0.002461737747580628,10.138330184170346,0.00026329779853968285,False
3037,5,4,1,3,-0.0012565370969925883,999.998743462903,-0.00012565370969923605,0.8075497771781931,0.00045609704900471113,True
3038,5,4,2,2,0.004804434138653495,1000.0048044341386,0.0004804434138577562,2.455525467380302,0.0002548306484186469,False
3039,5,5,3,2,0.05041135502282385,1000.0504113550229,0.005041135502290217,27.665048149290115,0.000189053101890148,False
3040,5,5,3,2,0.022173795099693108,1000.0221737950997,0.002217379509966122,8.696913177054157,0.00028808685494823293,False
3041,5,5,5,0,0.057286283190838345,1000.0572862831908,0.0057286283190819635,1000000000000.0,0.0,False
3042,5,5,5,0,0.09677557551059732,1000.0967755755107,0.009677557551071914,1000000000000.0,0.0,False
3043,5,5,3,2,0.02759328126742413,1000.0275932812674,0.002759328126740002,34.6927368768954,5.3116290280286195e-05,False
3044,5,3,3,0,0.05065315524198462,1000.050653155242,0.005065315524200286,1000000000000.0,0.0,False
3045,5,4,3,1,0.0059087785096242065,1000.0059087785096,0.0005908778509592594,21.85836983382868,2.8328093503660053e-05,False
3046,5,5,3,2,0.048625513471176385,1000.0486255134713,0.004862551347127919,21.606102319654454,0.00022001694858364047,False
3047,5,4,2,2,0.006924917545464062,1000.0069249175456,0.0006924917545575226,3.8340159893820442,0.0002443476923319201,False
3048,5,3,2,1,0.022074835573625256,1000.0220748355736,0.002207483557356227,10.243169729865262,0.00023882300933168895,False
3049,5,5,3,2,0.03144231815672776,1000.0314423181567,0.003144231815667808,15.498510282974165,0.00013161171093883386,False
3050,5,4,2,2,0.003976419431705737,1000.0039764194316,0.0003976419431637623,3.3153925454843227,0.00017173839495516796,False
3051,5,4,2,2,0.0250627930733887,1000.0250627930733,0.0025062793073288956,9.158632605377077,0.00030719192819764885,False
3052,5,5,2,3,0.022110023177241575,1000.0221100231772,0.0022110023177219773,6.567082216033911,0.0002163960874696636,False
3053,5,5,4,1,0.05265997217156757,1000.0526599721716,0.005265997217156837,27.908622982392764,0.0001956901286291374,False
3054,5,5,2,3,0.023947262120938846,1000.023947262121,0.0023947262121055243,9.290434117936014,0.00027835420268382423,False
3055,5,5,3,2,0.029777065948049648,1000.0297770659481,0.0029777065948110248,18.514917502678887,0.0001700043901172183,False
3056,5,4,1,3,-0.0038802019085945006,999.9961197980913,-0.0003880201908714298,0.1193524858749383,0.0003880201908714298,True
3057,5,5,2,3,0.021890884478055206,1000.021890884478,0.002189088447801168,5.455949357933054,0.0003794680006762974,False
3058,5,4,2,2,0.020692222450144487,1000.0206922224501,0.0020692222450065857,8.77301790336888,0.0001364714007062844,False
3059,5,4,2,2,0.02016567352283508,1000.0201656735228,0.002016567352279708,6.2891037282373246,0.0002619756840306875,False
3060,5,3,2,1,0.005263306584069385,1000.0052633065841,0.0005263306584083694,9.759954173334384,6.008353666996727e-05,False
3061,5,5,2,3,0.0048428806841329265,1000.0048428806841,0.00048428806841229746,2.057301612591775,0.0004580415490181622,False
3062,5,5,2,3,0.04503450137268218,1000.0450345013727,0.004503450137269738,11.292606714444668,0.00043752061630926594,False
3063,5,4,3,1,0.029831200493850143,1000.029831200494,0.0029831200493958933,66.06723824134656,4.5845340524943684e-05,False
3064,5,4,3,1,0.02748760784733653,1000.0274876078474,0.0027487607847433535,14.41448150137692,0.000204908810490035,False
3065,5,4,2,2,0.04255060018828478,1000.0425506001883,0.004255060018829226,16.593520947124812,0.00027287358853982373,False
3066,5,5,2,3,0.0036406520115689757,1000.0036406520117,0.00036406520116543105,1.8198085272262094,0.00023311564017066024,False
3067,5,4,1,3,0.00022185639734684758,1000.0002218563973,2.2185639727467785e-05,1.056334450075458,0.0003938201172672961,False
3068,5,5,1,4,-0.0008947995012233466,999.9991052004987,-8.94799501338639e-05,0.838624993743673,0.00031493481274083026,True
3069,5,5,3,2,0.046781526787573684,1000.0467815267876,0.004678152678764036,15.27165867162759,0.0002436276175153122,False
3070,5,5,4,1,0.07369038282581598,1000.0736903828258,0.007369038282581641,27.680018901259615,0.00027618628061854065,False
3071,5,5,3,2,0.024050045502728247,1000.0240500455028,0.0024050045502804094,5.902111958047775,0.0004906057982452694,False
3072,5,5,3,2,0.010240588484098125,1000.0102405884841,0.0010240588484066394,22.26200612427798,2.530281446716306e-05,False
3073,5,5,1,4,0.00021645366805577207,1000.0002164536681,2.164536681448226e-05,1.0414735750207769,0.0005219045896303713,False
3074,5,4,3,1,0.024931598452990394,1000.024931598453,0.002493159845300852,14.100742217382322,0.0001903016769826177,False
3075,5,5,4,1,0.02854346662327888,1000.0285434666233,0.0028543466623318636,29.659515561023664,9.959251983455247e-05,False
3076,5,5,3,2,0.030463135336173466,1000.030463135336,0.0030463135336049165,12.71205730808605,0.00019941389659834386,False
3077,5,4,1,3,-0.001584542714729911,999.9984154572853,-0.00015845427146814474,0.6890945435077691,0.000401983001802364,True
3078,5,4,2,2,0.020246042678377745,1000.0202460426784,0.0020246042678422785,7.7084551086587885,0.000268120286931124,False
3079,5,4,2,2,0.019490865364369732,1000.0194908653644,0.0019490865364446108,5.839170389047886,0.0002725520601200396,False
3080,5,5,4,1,0.03312491653418127,1000.0331249165341,0.0033124916534120526,18.90577021097365,0.0001849957647436895,False
3081,5,5,3,2,0.028347295112849433,1000.0283472951129,0.0028347295112894242,16.03799467168963,0.00010224230301218995,False
3082,5,4,3,1,0.06718439031882237,1000.0671843903187,0.006718439031874367,35.35389585960116,0.00019556098941912923,False
3083,5,5,1,4,0.014406854888771789,1000.0144068548889,0.0014406854888875387,2.6692071169151763,0.0008630957023001429,False
3084,5,3,2,1,-0.0007429428930021901,999.999257057107,-7.429428929981441e-05,0.6864516602695284,0.00023694684323345426,True
3085,5,4,3,1,0.02624038572864204,1000.0262403857287,0.0026240385728669934,127.66539585869718,2.0715753952177777e-05,False
3086,5,5,4,1,0.05581628758438669,1000.0558162875843,0.005581628758432089,65.30714921626145,8.679147581171364e-05,False
3087,5,4,1,3,-0.002634601582230955,999.9973653984177,-0.0002634601582258256,0.6833858735922208,0.0005323270559090281,True
3088,5,5,3,2,0.005308786401242167,1000.0053087864013,0.0005308786401315046,2.2037845086557333,0.00030999733231380815,False
3089,5,5,2,3,0.0036175240443712415,1000.0036175240444,0.00036175240444435985,2.0532984832094243,0.0003434447681703199,False
3090,5,5,3,2,0.02521802513039642,1000.0252180251305,0.002521802513047078,9.028997005374064,0.00029120791722334614,False
3091,5,4,2,2,0.007090218618398632,1000.0070902186185,0.0007090218618486688,3.1317193557000866,0.00033260369251676437,False
3092,5,5,3,2,0.04964105002993794,1000.04964105003,0.004964105003000441,23.085182675999445,0.00022438024559723045,False
3093,5,5,4,1,0.04848818775773943,1000.0484881877578,0.004848818775781183,14.488462344762592,0.0003594789866951942,False
3094,5,4,3,1,0.006748895132606601,1000.0067488951325,0.000674889513254584,4.275357533909027,0.00020604882396625803,False
3095,5,5,4,1,0.055367918212746205,1000.0553679182127,0.005536791821270981,406.50291221780077,1.3653418275704728e-05,False
3096,5,5,4,1,0.03592741794204157,1000.035927417942,0.003592741794204812,24.55236034347013,0.00015253844588722463,False
3097,5,5,1,4,0.01847241105855109,1000.0184724110586,0.0018472411058610306,4.722356743502271,0.0004179300148507536,False
3098,5,5,4,1,0.09639984018616378,1000.0963998401861,0.009639984018610903,238.14433676375089,4.06473269813391e-05,False
3099,5,5,2,3,0.044329407183398215,1000.0443294071833,0.0044329407183340665,15.888541877382568,0.00015649231110046455,False
3100,5,5,1,4,-8.600750653617371e-05,999.9999139924935,-8.600750652476564e-06,0.9839602166081889,0.000491157091857108,True
3101,5,5,2,3,0.01923686451732032,1000.0192368645172,0.0019236864517210963,5.14986988280787,0.0003423466612730408,False
3102,5,5,0,5,-0.010079459607748045,999.9899205403923,-0.0010079459607709395,0.0,0.0010079459607709395,True
3103,5,5,2,3,0.022847915605974087,1000.022847915606,0.002284791560600752,7.262182233576438,0.00021944992950813106,False
3104,5,5,2,3,0.01996961741238249,1000.0199696174124,0.0019969617412357366,6.846595637807487,0.00019739832416451798,False
3105,5,4,1,3,0.017497905986754648,1000.0174979059867,0.0017497905986715522,4.188316196646175,0.00036142598243022584,False
3106,5,4,3,1,0.029086410648230046,1000.0290864106481,0.0029086410648119453,14.957750736108775,0.00020838245785080803,False
3107,5,5,4,1,0.03171972115557663,1000.0317197211556,0.003171972115558219,81.97776085946758,3.916964643992019e-05,False
3108,5,5,2,3,-0.00019758419897175205,999.9998024158011,-1.9758419887239144e-05,0.9536803366061193,0.0003864318057586662,True
3109,5,4,3,1,0.0282697229528781,1000.0282697229529,0.002826972295292762,76.71111416557356,3.73389340097674e-05,False
3110,5,5,3,2,0.026027534475742034,1000.0260275344757,0.002602753447570194,13.459646417399739,0.00020888877439060284,False
3111,5,5,2,3,0.044510438765378024,1000.0445104387653,0.004451043876531458,16.75808790699874,0.00028244754201492146,False
3112,5,4,1,3,0.0007309491218880418,1000.0007309491219,7.3094912193028e-05,1.1425918575830003,0.000512613309799001,False
3113,5,5,3,2,0.05075747440673517,1000.0507574744067,0.005075747440673695,14.49995551402728,0.00027657240174529485,False
3114,5,5,3,2,0.0270417470912734,1000.0270417470913,0.0027041747091288925,6.701459464958094,0.00025344822406176277,False
3115,5,4,1,3,-0.00036060757009395727,999.9996393924299,-3.60607570087268e-05,0.9263955182253244,0.0002482416872450132,True
3116,5,3,1,2,0.0019623717891099684,1000.0019623717891,0.00019623717890908664,1.4946314836103973,0.0003967317524079555,False
3117,5,5,1,4,-0.0035309877646159966,999.9964690122355,-0.00035309877645204327,0.5797565031638944,0.00048352019283584016,True
3118,5,5,4,1,0.011203948530364103,1000.0112039485302,0.001120394853023754,5.905559168814247,0.00022839159728360112,False
3119,5,4,3,1,0.02630471750667837,1000.0263047175067,0.0026304717506718586,13.258859652776074,0.00021457719765294314,False
3120,5,4,2,2,0.02556575581113499,1000.025565755811,0.0025565755811044256,9.803460001355196,0.00029039750252753273,False
3121,5,4,2,2,0.021290318289572396,1000.0212903182896,0.0021290318289629794,7.218970676046807,0.00021634960377241443,False
3122,5,2,2,0,0.011180768233672936,1000.0111807682337,0.0011180768233657547,1000000000000.0,0.0,False
3123,5,5,3,2,0.02655194311246778,1000.0265519431125,0.0026551943112508524,11.575557723303588,0.00018110514706765922,False
3124,5,4,0,4,-0.004667607172521714,999.9953323928274,-0.0004667607172564203,0.0,0.0004667607172564203,True
3125,5,4,1,3,0.00020363578887189595,1000.0002036357888,2.0363578880733257e-05,1.0470720293669682,0.0004326026925345571,False
3126,5,5,3,2,0.006765114025852304,1000.0067651140258,0.0006765114025824914,3.971831777395083,0.00022763929035502856,False
3127,5,5,2,3,0.02351485396927658,1000.0235148539692,0.002351485396923181,10.869589760615504,0.00023825485339361898,False
3128,5,1,1,0,0.0008861109001747267,1000.0008861109002,8.861109001827572e-05,1000000000000.0,0.0,False
3129,5,4,3,1,0.02738828533187202,1000.0273882853318,0.0027388285331767293,19.351183251768727,0.00014924102704959373,False
3130,5,5,2,3,0.04678240626952203,1000.0467824062695,0.0046782406269471714,18.557817970717476,0.0002131810201603912,False
3131,5,5,3,2,0.023248756024302777,1000.0232487560244,0.0023248756024372595,5.98957067522023,0.0004659340196615184,False
3132,5,5,3,2,0.046817970291609626,1000.0468179702917,0.004681797029172685,13.023020741339066,0.00038940272414720315,False
3133,5,5,0,5,-0.008816257278370121,999.9911837427217,-0.0008816257278340345,0.0,0.0008816257278340345,True
3134,5,4,2,2,0.04649584849186458,1000.0464958484919,0.004649584849187249,11.728569596704244,0.0003380361274611369,False
3135,5,4,1,3,0.0179032054700046,1000.0179032054699,0.0017903205469906424,5.103644071277796,0.00043626607318506997,False
3136,5,5,5,0,0.07166992885551736,1000.0716699288555,0.007166992885549917,1000000000000.0,0.0,False
3137,5,3,2,1,0.02919961785757586,1000.0291996178576,0.0029199617857557317,31.610589487102395,9.538811140154649e-05,False
3138,5,5,2,3,0.040982280735537356,1000.0409822807355,0.0040982280735534,8.654276810143049,0.0005354167578730085,False
3139,5,5,2,3,0.02397781036601533,1000.0239778103661,0.0023977810366091036,7.287391945636049,0.00016046538966065781,False
3140,5,5,2,3,0.0025858918480197854,1000.0025858918481,0.0002585891848070787,1.6752524460502798,0.00023278523414230516,False
3141,5,4,1,3,-0.00456579714789314,999.9954342028522,-0.0004565797147847661,0.12897613138622818,0.0005241873744694203,True
3142,5,2,0,2,-0.003437729350509552,999.9965622706494,-0.00034377293505940545,0.0,0.00034377293505940545,True
3143,5,5,3,2,0.027742635346074053,1000.027742635346,0.0027742635346044153,20.97622840453078,0.00010743516157101135,False
3144,5,5,4,1,0.0072775785563212935,1000.0072775785563,0.0007277578556340813,4.654123950675469,0.000199158846221272,False
3145,5,5,1,4,-0.003318178616904482,999.9966818213832,-0.0003318178616837031,0.5342804992450216,0.0004823806566027698,True
3146,5,4,2,2,-0.0009994337421034222,999.9990005662579,-9.994337420948794e-05,0.7817616827244064,0.00023507289111868675,True
3147,5,5,2,3,0.022670009842066945,1000.022670009842,0.0022670009842045147,4.1424083503648825,0.00042569941077068996,False
3148,5,4,4,0,0.053687679496332595,1000.0536876794964,0.005368767949642006,1000000000000.0,0.0,False
3149,5,5,3,2,0.049371638235853534,1000.0493716382359,0.004937163823592528,14.386129741377236,0.0002214073976879169,False
3150,5,5,2,3,0.019963065517110138,1000.0199630655171,0.0019963065517117685,5.276380489717578,0.0002626416162570422,False
3151,5,5,4,1,0.055078013865948225,1000.0550780138659,0.005507801386590927,42.98529331356045,0.00013118406355943079,False
3152,5,4,0,4,-0.005600411997817018,999.9943995880022,-0.0005600411997761512,0.0,0.0005600411997761512,True
3153,5,5,1,4,-0.006877940731548646,999.9931220592684,-0.000687794073155601,0.1325733357493014,0.0007929132242566083,True
3154,5,4,1,3,0.020605966758484685,1000.0206059667585,0.002060596675846682,8.957462006471296,0.0002589514941064408,False
3155,5,5,3,2,0.04699738980805166,1000.046997389808,0.004699738980798429,30.34057062765033,0.00016017516162298705,False
3156,5,4,2,2,0.04321224184227606,1000.0432122418422,0.004321224184218408,15.59811383045301,0.00029600548101702256,False
3157,5,4,2,2,0.020696574466292098,1000.0206965744662,0.002069657446622841,7.276362086745895,0.00032975430958686046,False
3158,5,3,2,1,0.0022891869657006864,1000.0022891869658,0.00022891869657541973,2.038822264835529,0.00022036276828351782,False
3159,5,5,2,3,0.0160237481587918,1000.0160237481589,0.001602374815888652,3.039666473720395,0.000547904219058637,False
3160,5,4,3,1,0.024241280866870676,1000.0242412808668,0.002424128086681776,15.245263303010578,0.00017017037757775677,False
3161,5,5,1,4,-0.0055691510882670695,999.9944308489117,-0.0005569151088252511,0.04048256492288891,0.0005569151088252511,True
3162,5,5,1,4,0.0008825284343359152,1000.0008825284343,8.825284343174644e-05,1.2718348315959558,0.000278714751925021,False
3163,5,5,3,2,0.04702808922093097,1000.0470280892208,0.004702808922081659,13.54159720003937,0.00037497687472978216,False
3164,5,4,3,1,0.03261099672253876,1000.0326109967225,0.0032610996722496565,26.60465922770719,0.00012736352564388654,False
3165,5,5,2,3,0.0027411880801106975,1000.0027411880801,0.0002741188080108259,1.7228390489264995,0.00033901869119428227,False
3166,5,5,3,2,0.03072197876792508,1000.0307219787679,0.0030721978767928705,47.59685362692044,5.9095169604006514e-05,False
3167,5,4,2,2,0.02333272175321014,1000.0233327217533,0.0023332721753263285,30.805700488495166,7.161594434137441e-05,False
3168,5,5,1,4,0.01429422893136196,1000.0142942289314,0.001429422893136234,2.669682343185145,0.0007012451208248698,False
3169,5,4,3,1,0.033402958366453635,1000.0334029583665,0.003340295836653695,29.729171201530676,0.00011626551607548662,False
3170,5,5,3,2,0.028018047618766157,1000.0280180476188,0.002801804761884341,11.269432847453267,0.00014007711397438172,False
3171,5,4,2,2,0.022617375784815506,1000.0226173757848,0.0022617375784761864,12.840660577680943,0.00014122632111280144,False
3172,5,5,2,3,0.038536887552467175,1000.0385368875525,0.003853688755248186,8.265385728871381,0.00028225818568705153,False
3173,5,3,0,3,-0.005938914645597968,999.9940610853544,-0.0005938914645639671,0.0,0.0005938914645639671,True
3174,5,5,3,2,0.02583165818341131,1000.0258316581833,0.0025831658183278704,10.702900350806127,0.00018391609041176413,False
3175,5,3,1,2,0.02190788623903406,1000.0219078862391,0.002190788623909157,13.10623511137484,0.00015758715628722136,False
3176,5,5,2,3,0.027212284065158184,1000.0272122840651,0.0027212284065058156,8.422583944777424,0.00026660078555096334,False
3177,5,5,3,2,0.026782848465878913,1000.0267828484659,0.0026782848465927603,6.348535666686072,0.00030931369515206295,False
3178,5,5,2,3,0.01989170214898242,1000.019891702149,0.001989170214903879,5.59527297552868,0.00043286286384366083,False
3179,5,4,3,1,0.07055719222592416,1000.0705571922259,0.007055719222591962,146.45254957649084,4.8507602566866854e-05,False
3180,5,5,0,5,-0.004579715149145173,999.9954202848509,-0.00045797151491342445,0.0,0.00045797151491342445,True
3181,5,4,3,1,0.006259366951366846,1000.0062593669514,0.0006259366951439915,2.9251501038866223,0.0003251360396766313,False
3182,5,4,3,1,0.02786566320228376,1000.0278656632023,0.0027865663202305767,94.79127726601635,2.970961054020909e-05,False
3183,5,4,0,4,-0.003044444454436404,999.9969555555456,-0.0003044444454417317,0.0,0.0003044444454417317,True
3184,5,5,0,5,-0.006835467396765006,999.9931645326031,-0.0006835467396854256,0.0,0.0006835467396854256,True
3185,5,5,0,5,-0.008259877474240824,999.9917401225257,-0.0008259877474301901,0.0,0.0008259877474301901,True
3186,5,5,4,1,0.055159735354499306,1000.0551597353544,0.005515973535443664,53.78507146501527,0.00010449319075458185,False
3187,5,4,1,3,0.018932482387095967,1000.0189324823871,0.0018932482387072013,4.573072934075962,0.0003766511256488443,False
3188,5,5,4,1,0.0526180051144393,1000.0526180051145,0.0052618005114482,23.468865883967787,0.00023418184694037338,False
3189,5,4,4,0,0.02757845006917531,1000.0275784500692,0.002757845006919979,1000000000000.0,0.0,False
3190,5,4,2,2,0.021753336348755346,1000.0217533363488,0.0021753336348751874,6.108752164162524,0.0004257946768029812,False
3191,5,5,2,3,0.0037896811303798107,1000.0037896811303,0.0003789681130342615,1.766042041900817,0.00029446940504561066,False
3192,5,5,4,1,0.07537729234304187,1000.0753772923431,0.0075377292343091545,45.73326843891049,0.00016850319180228895,False
3193,5,4,1,3,-0.00017631467610007947,999.9998236853239,-1.7631467608225647e-05,0.9635745333839716,0.00048404232665006926,True
3194,5,5,2,3,0.02035843226597806,1000.020358432266,0.002035843226599354,5.555342729208426,0.0004469021989856572,False
3195,5,5,4,1,0.04735726651186903,1000.0473572665119,0.004735726651188088,60.42130156128461,7.9693677407065e-05,False
3196,5,4,2,2,0.022805456585172825,1000.0228054565852,0.0022805456585160756,6.222683372318734,0.000291204905057208,False
3197,5,5,3,2,0.06789959773382727,1000.0678995977337,0.006789959773368537,43.22499727048852,0.0001607967395088801,False
3198,5,5,2,3,0.021525554817766298,1000.0215255548178,0.0021525554817799276,13.23688511699502,0.00010592482582985847,False
3199,5,5,0,5,-0.010305539283249945,999.9896944607167,-0.0010305539283308462,0.0,0.0010305539283308462,True
3200,5,5,4,1,0.027555351646941804,1000.0275553516469,0.0027555351646924462,9.015626721418215,0.0003437689965498183,False
3201,5,5,3,2,0.02768943843774169,1000.0276894384377,0.0027689438437732863,28.3916936590488,9.271038639842705e-05,False
3202,5,4,1,3,0.020826570376835968,1000.0208265703768,0.0020826570376812014,7.567248305700632,0.00031712780463521995,False
3203,5,4,2,2,0.04257883806020302,1000.0425788380601,0.004257883806008066,7.544873370196238,0.0004226302462906528,False
3204,5,5,2,3,0.0418246944967404,1000.0418246944968,0.0041824694496767735,12.31921003444826,0.0003174421239992945,False
3205,5,5,2,3,0.02347436762778305,1000.0234743676277,0.002347436762772759,5.395584963773443,0.0005340442244119004,False
3206,5,5,1,4,-0.0029123752159513103,999.9970876247841,-0.000291237521594212,0.5296164308999147,0.0006191490109927145,True
3207,5,5,3,2,0.032935177306815014,1000.0329351773069,0.0032935177306853804,25.1586241327129,0.0001363255782805629,False
3208,5,5,3,2,0.027831422934469833,1000.0278314229345,0.002783142293446872,11.480361961234015,0.00026555074968407944,False
3209,5,4,3,1,0.045987928369290845,1000.0459879283693,0.004598792836929988,30.470070000336634,0.0001560421872748896,False
3210,5,5,2,3,0.0003063171439734952,1000.000306317144,3.063171440089718e-05,1.2857240934797687,8.992283948705294e-05,False
3211,5,4,3,1,0.031968758469840375,1000.0319687584699,0.0031968758469929524,244.3441382161702,1.3137262601503607e-05,False
3212,5,5,2,3,0.01968118631335807,1000.0196811863133,0.001968118631327798,6.504528394150505,0.00027923163320338064,False
3213,5,5,4,1,0.0689673802412045,1000.0689673802412,0.006896738024124716,49.40117672961015,0.00014248156031768306,False
3214,5,5,1,4,-0.003055824077495008,999.9969441759224,-0.0003055824077591751,0.6072445061093058,0.0004289891267717394,True
3215,5,5,3,2,0.04575787706799957,1000.045757877068,0.004575787706801293,19.8294897319108,0.00021403633189720495,False
3216,5,4,2,2,0.04338700498890423,1000.0433870049889,0.0043387004988858285,11.376497894541082,0.00023635609446477824,False
3217,5,4,3,1,0.012479990674272976,1000.0124799906743,0.0012479990674250983,11.210895959115843,0.0001222210805016042,False
3218,5,5,3,2,0.06912630016115398,1000.0691263001613,0.006912630016131516,60.42501164677656,6.043016932365744e-05,False
3219,5,4,1,3,0.020991086699272465,1000.0209910866992,0.0020991086699154947,8.173361669355003,0.00015946438323550692,False
3220,5,4,1,3,0.00036931996474147454,1000.0003693199648,3.693199647614165e-05,1.077260703252544,0.0004780178657370016,False
3221,5,3,2,1,0.00965792809399876,1000.009657928094,0.00096579280940432,7.505795207646075,0.00014845033149082175,False
3222,5,4,2,2,0.02030763684734976,1000.0203076368474,0.0020307636847405773,8.577229853911827,0.0002680027655735569,False
3223,5,4,2,2,0.0025653582417965465,1000.0025653582419,0.000256535824189541,2.4754516811477427,0.0001738686012614082,False
3224,5,5,3,2,0.026903391492403523,1000.0269033914924,0.0026903391492396622,17.87004935596258,0.00015946974576325386,False
3225,5,4,2,2,0.02079713053441888,1000.0207971305344,0.0020797130534447204,9.062864014766816,0.0002579372085137453,False
3226,5,4,2,2,0.0221819146112299,1000.0221819146112,0.0022181914611223872,5.457944540952937,0.0004975799081169277,False
3227,5,4,2,2,0.02330047383464856,1000.0233004738346,0.0023300473834638067,20.14462558374142,0.00012170764966867864,False
3228,5,5,5,0,0.03509261972567411,1000.0350926197258,0.0035092619725787698,1000000000000.0,0.0,False
3229,5,5,3,2,0.030716021862663263,1000.0307160218626,0.003071602186264499,12.03320666735426,0.0002235118642602174,False
3230,5,4,3,1,0.050708988795259834,1000.0507089887952,0.005070898879523611,90.03742889696481,5.695091774974666e-05,False
3231,5,5,2,3,0.019880450323797233,1000.0198804503237,0.001988045032373975,3.8737101905762494,0.00030199357705669173,False
3232,5,5,3,2,0.010633233039758569,1000.0106332330397,0.00106332330396981,7.778728201387057,8.759951987530982e-05,False
3233,5,4,2,2,0.0032971897541319876,1000.0032971897542,0.0003297189754221108,2.534693877263711,0.00012603807125907107,False
3234,5,3,2,1,0.02423843180813831,1000.0242384318082,0.0024238431808157658,9.157221085472285,0.00029713271282761955,False
3235,5,5,2,3,0.02152571624938328,1000.0215257162495,0.002152571624947086,9.145227389240226,0.00026426758872562706,False
3236,5,4,2,2,0.02534209101670127,1000.0253420910168,0.0025342091016796074,9.221812599584712,0.00030822121516697415,False
3237,5,4,3,1,0.053477773581337644,1000.0534777735814,0.005347777358144867,112.99876090431201,4.774596423900718e-05,False
3238,5,5,2,3,0.0080437305568931,1000.008043730557,0.00080437305570058,5.6017368367445775,0.0001446944760346014,False
3239,5,5,2,3,0.01759175386852434,1000.0175917538685,0.0017591753868487104,3.578197259525502,0.0005656533977685286,False
3240,5,5,2,3,0.024047634255099083,1000.0240476342552,0.00240476342552256,5.35806853985454,0.00039292829300253165,False
3241,5,5,1,4,0.016463931806237175,1000.0164639318061,0.001646393180612904,3.627327512304143,0.00045745347933464037,False
3242,5,5,3,2,0.0010905436500288188,1000.0010905436499,0.00010905436498660493,1.3092247659867942,0.00018495065825163692,False
3243,5,4,2,2,-0.001674186139673003,999.9983258138603,-0.00016741861396667445,0.6921542107561123,0.0005438371730957005,True
3244,5,2,1,1,0.004200122343217913,1000.0042001223433,0.0004200122343263502,5.462583777464543,9.411813779878898e-05,False
3245,5,5,1,4,-0.004465341341470706,999.9955346586585,-0.0004465341341528983,0.11280936689610306,0.0005033124984493043,True
3246,5,3,2,1,0.04664966428447094,1000.0466496642845,0.0046649664284473145,2286.43507792852,2.04112548966581e-06,False
3247,5,5,3,2,0.031537173794802406,1000.0315371737947,0.0031537173794731646,17.65409969779687,0.00015054192608287187,False
3248,5,4,2,2,-0.0038551782395790457,999.9961448217605,-0.00038551782395188636,0.2031916456067396,0.0004838273861220446,True
3249,5,4,3,1,0.052374309389098025,1000.052374309389,0.005237430938905163,28.775193564248507,0.00018856505632811605,False
3250,5,4,4,0,0.051897391997093166,1000.0518973919972,0.005189739199715859,1000000000000.0,0.0,False
3251,5,5,3,2,0.031860880209091405,1000.031860880209,0.003186088020902389,12.098105362625882,0.00028708395864214254,False
3252,5,4,2,2,0.0030511284748302283,1000.0030511284749,0.00030511284749081826,2.4634994269710333,0.00018548343976608044,False
3253,5,4,0,4,-0.004394185207507682,999.9956058147926,-0.00043941852073885456,0.0,0.00043941852073885456,True
3254,5,5,2,3,0.00811887451218084,1000.008118874512,0.0008118874511978902,3.81654875835008,0.00014900970277267333,False
3255,5,5,3,2,0.013013850253005142,1000.013013850253,0.0013013850252946212,6.521730069193431,0.000201487947640544,False
3256,5,4,2,2,0.005893427071886506,1000.0058934270719,0.000589342707189644,2.3159617336134217,0.0002594742280507489,False
3257,5,5,1,4,-0.00030249359450465756,999.9996975064055,-3.0249359451772764e-05,0.9337839900280059,0.0002734653991296909,True
3258,5,5,3,2,0.02423257002246359,1000.0242325700225,0.002423257002249102,4.953262382430194,0.0006129612716593447,False
3259,5,4,3,1,0.046262245889351156,1000.0462622458895,0.00462622458894657,39.359863337461675,0.00012059771919739846,False
3260,5,4,1,3,-0.003209446488155854,999.9967905535118,-0.0003209446488199319,0.22105482565490459,0.00032506826929553306,True
3261,5,4,3,1,0.029737305729907633,1000.02973730573,0.002973730573000921,66.93897297959548,4.509712934037065e-05,False
3262,5,5,3,2,0.049530202282839414,1000.0495302022829,0.004953020228288097,14.928000322070664,0.0002052468896756179,False
3263,5,5,3,2,0.02278707876569554,1000.0227870787658,0.002278707876575936,4.9335083857231705,0.0003522086100769347,False
3264,5,4,1,3,-0.0023362853301315016,999.9976637146699,-0.00023362853301023279,0.6895583462466043,0.0006780225724469346,True
3265,5,4,3,1,0.046554143445775124,1000.0465541434457,0.004655414344574638,23.79415111072496,0.0002042319099074985,False
3266,5,4,4,0,0.04983774239413781,1000.0498377423942,0.004983774239417471,1000000000000.0,0.0,False
3267,5,5,3,2,0.03130800319766394,1000.0313080031976,0.003130800319763694,17.52516176665245,0.00010699119759842756,False
3268,5,4,2,2,0.042631606581745016,1000.0426316065817,0.004263160658172183,8.154813446954728,0.0005958303208362389,False
3269,5,5,3,2,0.024750025115752628,1000.0247500251157,0.0024750025115736207,17.294077932416535,8.123571118403562e-05,False
3270,5,3,1,2,-0.0016022949184891387,999.9983977050815,-0.00016022949184844038,0.27851308198612207,0.00022208232450111607,True
3271,5,3,1,2,0.0030142472561271072,1000.0030142472561,0.0003014247256146518,1.9506353439924293,0.0003170751678957286,False
3272,5,5,0,5,-0.004669173402035924,999.9953308265979,-0.000466917340213513,0.0,0.000466917340213513,True
3273,5,3,3,0,0.026916972920633164,1000.0269169729205,0.0026916972920503213,1000000000000.0,0.0,False
3274,5,5,2,3,0.001558736086602422,1000.0015587360867,0.0001558736086735735,1.3959324783122595,0.0003726090567392206,False
3275,5,5,2,3,0.041833071479764256,1000.0418330714799,0.0041833071479914,10.165935015118771,0.0004563972078130974,False
3276,5,4,1,3,0.02042210270432595,1000.0204221027043,0.002042210270428768,6.1741280042536815,0.00039468689279184853,False
3277,5,4,0,4,-0.005324642325594501,999.9946753576744,-0.0005324642325604146,0.0,0.0005324642325604146,True
3278,5,5,3,2,0.027365656548661976,1000.0273656565486,0.002736565654856804,11.058623316500503,0.0002720605878305812,False
3279,5,3,2,1,0.024988956979508467,1000.0249889569795,0.00249889569795414,9.014039628761084,0.0003118059778745073,False
3280,5,4,2,2,0.022740129121155275,1000.0227401291212,0.0022740129121189057,25.385462429597066,9.225908454708484e-05,False
3281,5,4,4,0,0.03144244527936361,1000.0314424452794,0.0031442445279367347,1000000000000.0,0.0,False
3282,5,5,3,2,0.06541038087825062,1000.0654103808782,0.00654103808782338,12.809640633588481,0.00029731311668175384,False
3283,5,5,2,3,0.005595776656683293,1000.0055957766566,0.0005595776656605267,2.376984177948712,0.00037693733190940365,False
3284,5,5,3,2,0.04602467554188344,1000.046024675542,0.004602467554195755,12.930949908839994,0.0003857586855474437,False
3285,5,4,2,2,0.02377663678663743,1000.0237766367866,0.002377663678657882,5.61924063919654,0.0005147279261100471,False
3286,5,5,4,1,0.05560654721908805,1000.0556065472191,0.005560654721909941,86.70644960852269,6.487987003470816e-05,False
3287,5,5,3,2,0.027408573114866552,1000.0274085731148,0.002740857311482614,16.56868632944546,0.00017604928413804836,False
3288,5,5,3,2,0.008686168212000247,1000.008686168212,0.0008686168211966106,5.84727468756387,9.288787179855404e-05,False
3289,5,5,3,2,0.02970296726897573,1000.029702967269,0.0029702967269031435,10.521194962731089,0.00027671053038010783,False
3290,5,4,2,2,0.0064923052058730515,1000.0064923052059,0.0006492305205938464,3.0335477740145462,0.0003192569366678513,False
3291,5,4,1,3,0.001447949031183521,1000.0014479490312,0.0001447949031216922,1.4470407404677907,0.0002566614819470534,False
3292,5,5,1,4,0.014710015366937064,1000.014710015367,0.0014710015366972582,2.806479416394054,0.0008142918891508088,False
3293,5,4,3,1,0.007213401966828883,1000.0072134019667,0.0007213401966737365,3.5288710411667616,0.00028523911426599365,False
3294,5,5,3,2,0.005389160169077088,1000.005389160169,0.0005389160168988383,3.258906795864652,0.0002385723068398357,False
3295,5,5,4,1,0.02652445488039709,1000.0265244548804,0.002652445488035937,11.161136320879155,0.0002610306690092707,False
3296,5,2,1,1,0.023781309748699943,1000.0237813097488,0.002378130974875603,40.50584726035595,6.019546863409261e-05,False
3297,5,5,2,3,0.023867067925196755,1000.0238670679252,0.0023867067925152697,9.604609209565393,0.0002744494713852625,False
3298,5,4,4,0,0.05817147829454918,1000.0581714782946,0.00581714782946392,1000000000000.0,0.0,False
3299,5,5,1,4,-0.002783272481455209,999.9972167275184,-0.0002783272481565291,0.5079381082982808,0.00030704632969218436,True
3300,5,4,3,1,0.03171571811995977,1000.0317157181199,0.003171571811992635,11.775550066399493,0.000294327403204845,False
3301,5,5,4,1,0.09156511858036567,1000.0915651185803,0.00915651185803199,144.52913835043205,6.379549103030513e-05,False
3302,5,5,3,2,0.026004458587321658,1000.0260044585874,0.002600445858740841,5.457176451172087,0.0005834289683662064,False
3303,5,5,4,1,0.052853195690354196,1000.0528531956902,0.00528531956902043,21.111371223404948,0.0002627879666018518,False
3304,5,5,4,1,0.052032311376938686,1000.0520323113769,0.0052032311376933645,105.15704126730624,4.995446417234702e-05,False
3305,5,5,1,4,-0.0022807548194440043,999.9977192451805,-0.0002280754819480535,0.6014713062903171,0.0005722937533619188,True
3306,5,5,0,5,-0.007396773647182433,999.9926032263528,-0.0007396773647201371,0.0,0.0007396773647201371,True
3307,5,5,2,3,0.02129733291643173,1000.0212973329164,0.0021297332916446975,5.850660373329272,0.00036423877841362687,False
3308,5,5,0,5,-0.008794001294234976,999.9912059987057,-0.0008794001294290866,0.0,0.0008794001294290866,True
3309,5,4,3,1,0.007550158488781412,1000.0075501584888,0.0007550158488811576,4.471875982571689,0.000217466249557674,False
3310,5,5,2,3,0.02200989010580404,1000.0220098901058,0.002200989010577814,5.3194226623502745,0.00035108137501806114,False
3311,5,5,4,1,0.05166667214470849,1000.0516666721446,0.005166667214461996,1028.587653493512,5.027697644044763e-06,False
3312,5,5,1,4,-0.0002492234907627189,999.9997507765094,-2.492234906412705e-05,0.950284910097649,0.0002687899671648911,True
3313,5,4,3,1,0.05389656575965206,1000.0538965657596,0.005389656575960089,44.31741711887811,0.00012441552984709803,False
3314,5,5,3,2,0.010097157566401591,1000.0100971575664,0.0010097157566406167,4.080775670248391,0.00018583661218744227,False
3315,5,3,0,3,-0.0025317809110297195,999.997468219089,-0.00025317809109992595,0.0,0.00025317809109992595,True
3316,5,5,3,2,0.0033158378180501488,1000.0033158378181,0.0003315837818149703,1.6711147106387745,0.00026325434270735136,False
3317,5,3,3,0,0.03320580115576012,1000.0332058011558,0.0033205801155759217,1000000000000.0,0.0,False
3318,5,5,4,1,0.03267514222712654,1000.0326751422272,0.0032675142227162725,27.430813842077793,0.00012362441389564212,False
3319,5,4,3,1,0.006536786397702832,1000.0065367863975,0.0006536786397532523,2.814073334719993,0.000360333840382582,False
3320,5,5,1,4,0.019281927633792897,1000.0192819276339,0.00192819276338696,3.954653877994195,0.00043008968981439466,False
3321,5,4,2,2,0.019439160713296856,1000.0194391607133,0.0019439160713318414,7.5107246944798876,0.00029856501083267524,False
3322,5,5,4,1,0.01608895112341925,1000.0160889511235,0.0016088951123492735,190.93481093374297,8.470698655737657e-06,False
3323,5,5,2,3,0.0031355812277432714,1000.0031355812276,0.00031355812276387954,1.541296755738295,0.00036575471315245526,False
3324,5,3,0,3,-0.0035326650652287876,999.9964673349348,-0.0003532665065222318,0.0,0.0003532665065222318,True
3325,5,4,3,1,0.02635447662762567,1000.0263544766276,0.0026354476627602707,24.622152687745206,0.00011156377071374277,False
3326,5,4,2,2,0.04438507751588093,1000.0443850775159,0.0044385077515926245,22.701655779568373,0.00019078515356154034,False
3327,5,4,1,3,0.0016208888190905931,1000.0016208888192,0.0001620888819161337,1.6175677760925598,0.00021006982555036303,False
3328,5,4,4,0,0.050454537925493176,1000.0504545379255,0.005045453792547505,1000000000000.0,0.0,False
3329,5,4,4,0,0.035776359596582874,1000.0357763595966,0.0035776359596638944,1000000000000.0,0.0,False
3330,5,5,2,3,0.017951824362890577,1000.017951824363,0.001795182436296727,4.285200845650183,0.0005464324664158458,False
3331,5,4,2,2,0.02202587277311238,1000.022025872773,0.0022025872773042466,8.63718091969239,0.00028840318182119515,False
3332,5,4,1,3,-0.0023122541985434583,999.9976877458014,-0.00023122541986140278,0.6594432009038902,0.0006789628645492485,True
3333,5,5,5,0,0.05993814158557919,1000.0599381415856,0.005993814158557598,1000000000000.0,0.0,False
3334,5,5,4,1,0.05648415873095153,1000.0564841587309,0.005648415873088197,48.02212640626384,0.00012011619569647567,False
3335,5,4,0,4,-0.009213295895881126,999.9907867041042,-0.0009213295895847295,0.0,0.0009213295895847295,True
3336,5,5,3,2,0.0032942514945185526,1000.0032942514945,0.00032942514944807045,2.0256481857603834,0.00032118518879106593,False
3337,5,5,4,1,0.04887240852084476,1000.0488724085209,0.004887240852087871,22.243596945843304,0.00023004535355068768,False
3338,5,5,4,1,0.025368148481342404,1000.0253681484813,0.0025368148481334173,10.361991253064236,0.0002709682506097453,False
3339,5,4,2,2,0.0048012941365080716,1000.0048012941364,0.00048012941364277144,5.010734789212209,0.00011971042403132223,False
3340,5,5,2,3,0.023264857435799015,1000.0232648574358,0.002326485743583362,6.480593854018179,0.00042449519258980217,False
3341,5,4,0,4,-0.0032257211801261154,999.99677427882,-0.00032257211800015286,0.0,0.00032257211800015286,True
3342,5,5,2,3,0.019954412692714158,1000.0199544126926,0.00199544126926412,5.6357830421572,0.00043044319614864434,False
3343,5,5,3,2,0.049826377910869996,1000.0498263779108,0.004982637791079015,17.377449163121387,0.00023023030859903638,False
3344,5,5,2,3,0.0004410701375858581,1000.0004410701376,4.410701376400539e-05,1.078477760807451,0.00037170862617585954,False
3345,5,4,2,2,0.04160873941691767,1000.0416087394169,0.0041608739416915345,9.932376478651525,0.0003762668948024218,False
3346,5,4,2,2,0.022876234341269154,1000.0228762343412,0.0022876234341197236,17.614174888525522,9.320509250089925e-05,False
3347,5,5,2,3,0.019328075764280507,1000.0193280757643,0.0019328075764292409,4.9653451237067205,0.00028192635423421233,False
3348,5,5,2,3,0.04083296090566932,1000.0408329609057,0.004083296090573185,7.891739853899699,0.0003650479849201,False
3349,5,4,0,4,-0.008423819186561569,999.9915761808135,-0.0008423819186532455,0.0,0.0008423819186532455,True
3350,5,5,3,2,0.027993605352250085,1000.0279936053521,0.0027993605352094166,7.6071283298708705,0.00021208704923759137,False
3351,5,4,2,2,0.024307754154483847,1000.0243077541545,0.0024307754154506258,18.837833448448762,9.306755877105388e-05,False
3352,5,5,5,0,0.09475079534047996,1000.0947507953406,0.00947507953405875,1000000000000.0,0.0,False
3353,5,5,2,3,0.02233543249465008,1000.0223354324947,0.0022335432494742236,8.348433691702036,0.00027233665174668665,False
3354,5,5,3,2,0.00466264247248293,1000.0046626424725,0.00046626424724536267,2.387826730520101,0.00023990051422108396,False
3355,5,4,2,2,0.025578293790030748,1000.0255782937901,0.0025578293790090357,13.699282495972138,0.00012232275167186243,False
3356,5,4,4,0,0.032265918017193015,1000.0322659180172,0.0032265918017174043,1000000000000.0,0.0,False
3357,5,5,2,3,0.01884711667231449,1000.0188471166723,0.0018847116672304762,5.001967596117936,0.0002927463951550635,False
3358,5,4,3,1,0.029793868364894317,1000.0297938683649,0.0029793868364890843,18.93846991602074,0.00016608490904294359,False
3359,5,5,1,4,0.017719993897141503,1000.0177199938972,0.001771999389723078,4.300293305341752,0.0005369093933796549,False
3360,5,4,2,2,0.02246816066159865,1000.0224681606614,0.0022468160661446744,20.01101550381987,0.00011818216285492513,False
3361,5,5,4,1,0.030937580901906084,1000.0309375809019,0.003093758090187748,18.987413524987147,0.00017199423287996945,False
3362,5,5,2,3,0.005303197414164004,1000.0053031974143,0.0005303197414264104,3.019310315095816,0.0001770472073516567,False
3363,5,5,3,2,0.029333729148285328,1000.0293337291483,0.0029333729148333988,13.417854568781172,0.00021942324672181713,False
3364,5,4,0,4,-0.007181258298958377,999.9928187417012,-0.0007181258298828651,0.0,0.0007181258298828651,True
3365,5,4,4,0,0.07242427134739672,1000.0724242713475,0.007242427134747232,1000000000000.0,0.0,False
3366,5,5,2,3,-0.0021521085181831056,999.9978478914818,-0.0002152108518203022,0.39992198629304104,0.00035863760749968427,True
3367,5,5,2,3,-0.001414937135596363,999.9985850628643,-0.00014149371356779737,0.462995935517276,0.0002634872302110125,True
3368,5,4,1,3,-0.0037256469844557084,999.9962743530156,-0.0003725646984435116,0.20785718465944136,0.0004703251626210658,True
3369,5,4,2,2,0.02578930198194802,1000.025789301982,0.0025789301981944844,12.585889118004454,0.00022259149821624762,False
3370,5,5,1,4,0.0011824699615142979,1000.0011824699616,0.00011824699615772261,1.2548369468499974,0.0003199548549105202,False
3371,5,4,2,2,0.021564530779334762,1000.0215645307793,0.0021564530779301094,4.555107528490951,0.0003170409404320633,False
3372,5,5,4,1,0.03218331122510394,1000.032183311225,0.0032183311225026045,57.36112365318148,5.7100603646781065e-05,False
3373,5,3,0,3,-0.00795001659455986,999.9920499834055,-0.0007950016594463705,0.0,0.0007950016594463705,True
3374,5,3,0,3,-0.006308342837168418,999.9936916571629,-0.0006308342837087366,0.0,0.0006308342837087366,True
3375,5,5,2,3,0.024665159606781572,1000.0246651596068,0.0024665159606797713,8.63863110988447,0.0001584516981552042,False
3376,5,5,0,5,-0.006739893267275889,999.9932601067327,-0.0006739893267308616,0.0,0.0006739893267308616,True
3377,5,5,1,4,-0.008019080567968278,999.9919809194321,-0.0008019080567919446,0.09975943052478164,0.0008019080567919446,True
3378,5,5,3,2,0.02632306632184844,1000.0263230663219,0.0026323066321879197,12.763651494929379,0.00022375976481113014,False
3379,5,5,0,5,-0.0068547041291013725,999.9931452958708,-0.000685470412918221,0.0,0.000685470412918221,True
3380,5,5,3,2,0.007303624719353828,1000.0073036247194,0.0007303624719384061,3.334604620979962,0.0002917615155183739,False
3381,5,4,3,1,0.0701566359087313,1000.0701566359087,0.007015663590868825,29.9606265656442,0.00024224833586004025,False
3382,5,5,5,0,0.05600428520225422,1000.0560042852023,0.0056004285202334355,1000000000000.0,0.0,False
3383,5,5,2,3,0.022377411981254574,1000.0223774119813,0.002237741198132426,9.961236749769018,0.00013666403119821333,False
3384,5,5,3,2,0.024101195566684237,1000.0241011955667,0.0024101195566686327,6.537061227588145,0.0004352599386850935,False
3385,5,5,1,4,0.015614966547266606,1000.0156149665472,0.00156149665472185,3.205169004343349,0.0007081074745997285,False
3386,5,4,2,2,-0.0010985376171627227,999.9989014623828,-0.00010985376171674943,0.2745582138727905,0.00013392422669250063,True
3387,5,5,4,1,0.027034939748075953,1000.0270349397481,0.002703493974809135,22.494962604805462,0.000125769815826551,False
3388,5,5,4,1,0.05045005321672508,1000.0504500532167,0.0050450053216650305,446.6562500513723,1.132009922021913e-05,False
3389,5,5,1,4,0.015485724364763242,1000.0154857243648,0.0015485724364793898,2.8645945646100994,0.0008305142929543762,False
3390,5,5,2,3,0.02247539980240144,1000.0224753998024,0.002247539980237434,7.982151467312716,0.0002457025190616234,False
3391,5,5,4,1,0.07097521138261048,1000.0709752113826,0.007097521138257434,37.28129060808644,0.00019561536499745105,False
3392,5,5,3,2,0.023402735187732004,1000.0234027351878,0.0023402735187801225,6.620598522322971,0.0004163629546073279,False
3393,5,5,2,3,0.0019749465220918667,1000.0019749465222,0.00019749465221821083,1.2870806356083038,0.00038732109234160814,False
3394,5,5,2,3,0.018518801467475088,1000.0185188014674,0.0018518801467394042,4.326935198539566,0.00044071411865177334,False
3395,5,5,3,2,0.04493667496509766,1000.044936674965,0.00449366749650153,16.60859270169855,0.0002878832656538905,False
3396,5,5,1,4,0.020018821067285246,1000.0200188210673,0.0020018821067310454,5.464866438712848,0.0002681558269387097,False
3397,5,5,3,2,0.029464395460997737,1000.0294643954611,0.002946439546110469,17.276727516186604,0.00016751081561899625,False
3398,5,5,1,4,-0.0014320577967251978,999.9985679422033,-0.00014320577967055214,0.7999150091162857,0.0005255628365148368,True
3399,5,4,2,2,0.024637460065876693,1000.0246374600658,0.0024637460065832784,5.855219202133502,0.0003056832391569724,False
3400,5,5,2,3,0.023585286242822336,1000.0235852862428,0.002358528624279188,8.223936564655133,0.0003264870715945152,False
3401,5,4,2,2,0.026672809278034736,1000.026672809278,0.0026672809278011304,13.530479738376899,0.0001490442538876402,False
3402,5,5,2,3,-0.005015640503518571,999.9949843594966,-0.0005015640503415852,0.11988263536481986,0.0005533799917205519,True
3403,5,5,1,4,0.016609238382996418,1000.016609238383,0.001660923838301187,3.504321937644353,0.0006632229719912174,False
3404,5,4,3,1,0.04691795264845814,1000.0469179526483,0.004691795264830034,20.7554897462246,0.00023748743371660585,False
3405,5,2,0,2,-0.003767215270193966,999.9962327847298,-0.00037672152701588856,0.0,0.00037672152701588856,True
3406,5,3,2,1,0.04605246654313977,1000.0460524665432,0.004605246654318762,1148.7190135557698,4.012422998466264e-06,False
3407,5,4,2,2,0.024315113763321922,1000.0243151137632,0.0024315113763236696,13.994631377755757,0.00015037786788525407,False
3408,5,5,3,2,0.06890476165406888,1000.068904761654,0.006890476165403925,26.081532149387424,0.0002747034129911687,False
3409,5,4,1,3,0.01829932676903751,1000.018299326769,0.0018299326769010806,4.100277676297624,0.0005902479932387905,False
3410,5,3,1,2,0.021982530383253006,1000.0219825303833,0.002198253038329767,11.294895567409142,0.0002135232949314377,False
3411,5,4,3,1,0.04935426226219934,1000.0493542622621,0.004935426226211348,60.09202609426573,8.352071674400162e-05,False
3412,5,4,3,1,0.050163634954703655,1000.0501636349546,0.005016363495462884,30.96967348701287,0.00016738050421851797,False
3413,5,4,2,2,0.005866684432319054,1000.0058666844322,0.0005866684432248803,2.3781107199388547,0.00025036021111236325,False
3414,5,4,2,2,0.04081212495361485,1000.0408121249535,0.004081212495350428,7.925674641515329,0.00034257822101724553,False
3415,5,5,2,3,0.04209409860594316,1000.0420940986058,0.004209409860584401,8.92094989817527,0.0005314274064062373,False
3416,5,3,2,1,0.045665255098821855,1000.0456652550987,0.004566525509869734,160.23183530855508,2.867847061907014e-05,False
3417,5,5,2,3,0.022149014060176324,1000.02214901406,0.0022149014060005357,5.672020377375698,0.0002386897022006451,False
3418,5,5,3,2,0.0674448602553268,1000.0674448602554,0.006744486025536389,25.50294929580974,0.0002752520092258237,False
3419,5,5,2,3,0.019675822666225064,1000.0196758226663,0.0019675822666272323,5.289095025214237,0.00034321012067266564,False
3420,5,3,2,1,0.04656175335323655,1000.0465617533532,0.004656175335321678,29.51466531424512,0.00016328666856321188,False
3421,5,5,2,3,0.023713446639697187,1000.0237134466397,0.002371344663970376,6.400665465040101,0.00028111225635232807,False
3422,5,4,0,4,-0.006062944950864967,999.9939370550492,-0.0006062944950826932,0.0,0.0006062944950826932,True
3423,5,4,2,2,0.021348164581002776,1000.021348164581,0.0021348164581013406,5.325827652841156,0.00027310189527870337,False
3424,5,5,5,0,0.04001212290138871,1000.0400121229014,0.00400121229014303,1000000000000.0,0.0,False
3425,5,5,3,2,0.07060768743718616,1000.0706076874372,0.007060768743724566,27.340600202670856,0.00019611936157939544,False
3426,5,4,0,4,-0.01179077198473612,999.9882092280153,-0.0011790771984692581,0.0,0.0011790771984692581,True
3427,5,5,2,3,0.02379252481474119,1000.0237925248147,0.002379252481466665,7.400411365677102,0.00033692670597163774,False
3428,5,5,3,2,0.02565094599931898,1000.0256509459994,0.0025650945999359464,9.674811526194139,0.00015070937015384273,False
3429,5,5,2,3,0.0038953663677349748,1000.0038953663677,0.0003895366367714814,1.767957707255548,0.00025963960275510384,False
3430,5,5,3,2,0.0475669851958325,1000.0475669851959,0.004756698519588554,18.87840200418502,0.00021191311853809532,False
3431,5,4,2,2,0.024310879379884437,1000.0243108793799,0.002431087937986831,8.057000808022211,0.00028111706708999296,False
3432,5,5,2,3,0.026105807282937946,1000.0261058072829,0.0026105807282874594,9.37155585996777,0.00028211822156947494,False
3433,5,4,0,4,-0.005806802424011538,999.994193197576,-0.0005806802423990121,0.0,0.0005806802423990121,True
3434,5,5,0,5,-0.007803206210441269,999.9921967937897,-0.0007803206210269309,0.0,0.0007803206210269309,True
3435,5,5,2,3,0.022891202650044924,1000.02289120265,0.002289120265004385,5.2471718585660865,0.00036378492256972095,False
3436,5,4,3,1,0.03294740678743059,1000.0329474067875,0.0032947406787457115,35.135877176167334,9.65180224608518e-05,False
3437,5,4,2,2,0.0027060461409999523,1000.0027060461409,0.0002706046140929175,1.8468606743971014,0.0003160820582109029,False
3438,5,5,1,4,0.018698766281080664,1000.0186987662811,0.0018698766281090684,3.8922688509728087,0.0003307562326767766,False
3439,5,4,1,3,0.018521547612297327,1000.0185215476124,0.0018521547612408537,4.494716461271044,0.0003700378412836625,False
3440,5,4,2,2,0.00547021604657091,1000.0054702160464,0.0005470216046433052,3.8256788155109454,0.00019358801517231167,False
3441,5,3,1,2,-0.0036286996237074303,999.9963713003764,-0.0003628699623618559,0.13587942076179021,0.0003628699623618559,True
3442,5,5,1,4,-0.004719348268410304,999.9952806517315,-0.0004719348268508838,0.4832750240109122,0.0007076242420907874,True
3443,5,5,3,2,0.02906682520131767,1000.0290668252013,0.0029066825201311984,14.968379706463608,0.00020808368954974252,False
3444,5,4,1,3,-0.0005986609172857196,999.9994013390826,-5.9866091737603705e-05,0.7969566174573592,0.0002769249047722251,True
3445,5,5,1,4,-0.003471352640310744,999.9965286473596,-0.00034713526404175357,0.5492944663147296,0.0005728993503634516,True
3446,5,5,2,3,0.01844052176261528,1000.0184405217626,0.001844052176261357,5.558976643667382,0.00040448811986103786,False
3447,5,5,0,5,-0.009587200561618828,999.9904127994384,-0.0009587200561554709,0.0,0.0009587200561554709,True
3448,5,5,3,2,0.029796156013452393,1000.0297961560135,0.0029796156013503607,13.1076026059485,0.00013533679402689218,False
3449,5,5,4,1,0.0932945435385316,1000.0932945435385,0.009329454353849088,110.57385401076336,8.514107581877912e-05,False
3450,5,5,4,1,0.09165866538712092,1000.0916586653871,0.009165866538705814,45.98296069099716,0.00020374398818402188,False
3451,5,5,4,1,0.0008295853796141109,1000.0008295853796,8.295853796198571e-05,1.5625077955512836,0.0001474798013759937,False
3452,5,5,3,2,0.03107491354030593,1000.0310749135401,0.003107491354012382,7.1164588586304935,0.000508035626033923,False
3453,5,5,4,1,0.05426277289371928,1000.0542627728937,0.005426277289370773,86.79998798068902,6.32398623439276e-05,False
3454,5,4,3,1,0.03349510313131708,1000.0334951031313,0.0033495103131258473,25.93378361890619,0.0001343362228681144,False
3455,5,5,3,2,0.01018109458374697,1000.0101810945837,0.0010181094583685988,4.355637536518645,0.00025978246519203774,False
3456,5,5,2,3,0.024191217691838768,1000.0241912176919,0.00241912176918504,14.384705977220635,0.00015087811861799326,False
3457,5,5,3,2,0.00679325036491936,1000.006793250365,0.000679325036503542,2.078302188354948,0.0006299922870188011,False
3458,5,5,3,2,0.02663215747705936,1000.026632157477,0.002663215747702452,9.680984794931792,0.00030677817267959107,False
3459,5,5,2,3,0.023792387440948803,1000.023792387441,0.0023792387440948913,8.188511577513372,0.00018918593155374517,False
3460,5,4,3,1,0.048706050990123165,1000.0487060509902,0.0048706050990176665,58.00977881675325,8.543455526250909e-05,False
3461,5,5,2,3,0.0012640226153750917,1000.0012640226156,0.00012640226156008792,1.3934961051267893,0.00023735666986587212,False
3462,5,4,1,3,0.02165117950828896,1000.0216511795084,0.002165117950835338,11.337473394653557,0.00020944362980799267,False
3463,5,4,2,2,0.021660531335173292,1000.0216605313352,0.0021660531335214728,10.689645941845484,0.0002235430630321389,False
3464,5,4,2,2,-0.0004750939791176745,999.9995249060207,-4.750939792756981e-05,0.6850193119551159,0.000126155938608008,True
3465,5,4,2,2,0.04584844482606925,1000.0458484448261,0.004584844482610606,32.76758747120659,0.0001034938989100987,False
3466,5,4,4,0,0.034476002090394905,1000.0344760020904,0.003447600209040047,1000000000000.0,0.0,False
3467,5,5,3,2,0.025175471029196598,1000.0251754710291,0.0025175471029115215,8.966439195323582,0.00031601911986172125,False
3468,5,5,1,4,0.01710010242071148,1000.0171001024208,0.0017100102420840814,3.5296024497157292,0.0005199276157441091,False
3469,5,5,1,4,0.015557704261923882,1000.0155577042619,0.0015557704261937033,2.893113552172971,0.0008218051286007722,False
3470,5,5,2,3,0.022250908951664723,1000.0222509089516,0.00222509089516052,4.709912259103371,0.00030322466609002184,False
3471,5,4,1,3,-0.00034758477139466316,999.9996524152286,-3.475847713616531e-05,0.9318492120780457,0.0005100231149071987,True
3472,5,5,2,3,0.007663171011818363,1000.0076631710118,0.0007663171011813574,2.938984992799561,0.00039521559168633754,False
3473,5,4,3,1,0.030614031512323656,1000.0306140315123,0.0030614031512300245,52.568285425393654,5.9366006178152025e-05,False
3474,5,5,2,3,0.02042312224892818,1000.0204231222489,0.002042312224887155,5.42680563102205,0.00030465382087641046,False
3475,5,5,4,1,0.03109673998195637,1000.0310967399819,0.0031096739981876457,14.237447686432578,0.00023491492256653146,False
3476,5,5,3,2,0.0256286469171583,1000.0256286469172,0.002562864691719824,16.394885106926466,0.00010003125443067845,False
3477,5,5,4,1,0.05199444958144243,1000.0519944495815,0.005199444958145704,32867.25406037919,1.581923193569972e-07,False
3478,5,5,3,2,0.051052985391510264,1000.0510529853915,0.005105298539149317,59.023702336365986,7.762783654776827e-05,False
3479,5,5,4,1,0.05385953523834003,1000.0538595352383,0.005385953523830267,60.24936143061477,9.090076942860139e-05,False
3480,5,5,3,2,0.030518765971946048,1000.0305187659718,0.003051876597180581,9.606564908881849,0.00035459868479392753,False
3481,5,2,1,1,0.0046079833682694075,1000.0046079833683,0.0004607983368259738,15.989970008267562,3.0740293119183636e-05,False
3482,5,5,2,3,0.004503540775401485,1000.0045035407754,0.0004503540775431248,2.352618158357977,0.00033294989776777584,False
3483,5,5,3,2,0.006604724840081126,1000.0066047248401,0.0006604724840144627,3.6152732683942115,0.00025254434860926266,False
3484,5,4,2,2,0.04455079327103079,1000.044550793271,0.00445507932710143,11.05565766964334,0.00032983353975406357,False
3485,5,4,1,3,0.015434004188831014,1000.0154340041888,0.001543400418881902,3.624713789264831,0.000588026178400014,False
3486,5,5,3,2,0.0457393212089888,1000.0457393212089,0.004573932120888457,17.130004176892594,0.00022744372241034473,False
3487,5,5,2,3,0.0009174602131471544,1000.0009174602131,9.174602131452047e-05,1.1807909954428526,0.00026650245956566976,False
3488,5,5,4,1,0.07345923946723398,1000.0734592394672,0.007345923946718358,112.8447021261032,6.56796773341739e-05,False
3489,5,5,1,4,0.022171855614557003,1000.0221718556146,0.0022171855614601553,13.653939606287198,0.00017521701781788578,False
3490,5,3,2,1,0.0007295162980988847,1000.0007295162981,7.295162980653913e-05,3.6947285248545017,2.7071950355138036e-05,False
3491,5,5,3,2,0.05080997826296399,1000.050809978263,0.005080997826303247,21.48316201988174,0.00019674272612085943,False
3492,5,5,0,5,-0.009828021124131782,999.9901719788759,-0.0009828021124121734,0.0,0.0009828021124121734,True
3493,5,5,1,4,-0.0016389056284113433,999.9983610943716,-0.00016389056283969695,0.7514746176364938,0.00040160056910281127,True
3494,5,5,3,2,0.048054384681526056,1000.0480543846816,0.0048054384681563535,10.879550310489853,0.0003172352557590044,False
3495,5,4,2,2,0.04372273449912486,1000.043722734499,0.004372273449905606,12.917928286217196,0.00019354771125141914,False
3496,5,4,2,2,0.0006497889419647784,1000.000649788942,6.497889420415958e-05,1.2045825799967396,0.0003176157367772026,False
3497,5,4,1,3,0.018021558622704176,1000.0180215586226,0.0018021558622649538,3.8762772544219537,0.0006265584652965118,False
3498,5,5,3,2,0.046162663531316636,1000.0461626635313,0.004616266353127685,10.681022182668384,0.0003481975583667918,False
3499,5,5,1,4,-0.004353485784769776,999.9956465142151,-0.0004353485784918121,0.1291625060198911,0.0004815939737418814,True
3500,5,5,1,4,-0.007467096897399397,999.9925329031025,-0.0007467096897471493,0.004446635487282181,0.0007467096897471493,True
3501,5,5,4,1,0.023361359601839094,1000.0233613596018,0.002336135960183583,5.8784493498332715,0.00047885774238044825,False
3502,5,4,2,2,0.0018997848771220962,1000.0018997848771,0.0001899784877082311,1.9274545681737802,0.0001982072627015441,False
3503,5,3,3,0,0.011625229778063174,1000.0116252297781,0.0011625229778132963,1000000000000.0,0.0,False
3504,5,4,3,1,0.05279288412039204,1000.0527928841204,0.00527928841204357,43.919086157380555,0.00012300187703947107,False
3505,5,5,3,2,0.03122340349170174,1000.0312234034917,0.0031223403491708267,18.75309045223197,0.00017587148610071886,False
3506,5,4,2,2,0.019869444947257862,1000.0198694449474,0.001986944494740328,6.426225142123623,0.0003661743555881003,False
3507,5,5,5,0,0.09867152062899204,1000.098671520629,0.009867152062895457,1000000000000.0,0.0,False
3508,5,5,2,3,0.044131384368732984,1000.0441313843686,0.004413138436859754,30.5434142666367,0.00010802931409260641,False
3509,5,5,2,3,0.04258631081299668,1000.0425863108129,0.004258631081290787,8.74335649488437,0.0005499457907327959,False
3510,5,4,0,4,-0.005569819313208374,999.9944301806869,-0.0005569819313109292,0.0,0.0005569819313109292,True
3511,5,4,2,2,0.021353753816636685,1000.0213537538167,0.0021353753816697463,6.362046503597956,0.00030532687798086046,False
3512,5,5,2,3,0.021919029681337146,1000.0219190296814,0.002191902968138493,8.336441692643849,0.00029876922081939483,False
3513,5,5,2,3,0.01775518137207716,1000.0177551813722,0.0017755181372194784,3.5354863514022763,0.0006605416649064417,False
3514,5,5,3,2,0.04847864559533663,1000.0484786455953,0.00484786455953099,10.01302171093871,0.00042060165322936876,False
3515,5,2,1,1,-0.0006160471583473485,999.9993839528416,-6.160471583598336e-05,0.04146455518673613,6.426962734167319e-05,True
3516,5,5,2,3,0.024426540144862813,1000.0244265401449,0.002442654014487289,9.394757911866957,0.00029097372910200645,False
3517,5,5,2,3,0.015455961300024674,1000.0154559613001,0.001545596130006288,3.1159508864818983,0.0007304499078259141,False
3518,5,4,3,1,0.02478602522388325,1000.024786025224,0.002478602522398887,12.229524121381953,0.00022072195540658867,False
3519,5,5,2,3,-0.003192126800620583,999.9968078731994,-0.0003192126800627193,0.6017900684219836,0.0007286624992161705,True
3520,5,5,1,4,-0.0003769620737534712,999.9996230379262,-3.7696207380122365e-05,0.9251729512219949,0.0005037778181986141,True
3521,5,4,3,1,0.030723934396938275,1000.030723934397,0.003072393439697407,27.058984264244284,0.00011789774280042124,False
3522,5,4,2,2,0.027641245065626915,1000.0276412450655,0.0027641245065524343,27.96342870231894,0.00010251141075234154,False
3523,5,4,3,1,0.03010072921051585,1000.0301007292105,0.0030100729210516875,15.879120829964677,0.00020229682036330659,False
3524,5,4,4,0,0.03163710376308792,1000.0316371037632,0.0031637103763159755,1000000000000.0,0.0,False
3525,5,5,0,5,-0.006600495635057607,999.993399504365,-0.0006600495634984327,0.0,0.0006600495634984327,True
3526,5,4,3,1,0.009426314410306082,1000.0094263144103,0.0009426314410347914,13.05814152670773,7.817385779844699e-05,False
3527,5,5,3,2,0.03190504892260905,1000.0319050489226,0.00319050489225674,15.658892773995412,0.00015222804872042585,False
3528,5,5,2,3,0.0037982304395980924,1000.0037982304397,0.0003798230439656436,2.2879612280402473,0.0002830889970596218,False
3529,5,4,1,3,-0.0011150052442921218,999.9988849947557,-0.00011150052442872038,0.7723723577004767,0.0004898355114428788,True
3530,5,4,0,4,-0.003815280422380233,999.9961847195777,-0.0003815280422259093,0.0,0.0003815280422259093,True
3531,5,5,3,2,0.026517443987975595,1000.026517443988,0.0026517443988041123,13.10718722321504,0.00020018661933818294,False
3532,5,5,1,4,-0.0067458686071339025,999.993254131393,-0.0006745868607026751,0.009428443277408985,0.0006745868607026751,True
3533,5,5,4,1,0.017291174091344955,1000.0172911740914,0.0017291174091383255,26.838768563614067,6.691866961652148e-05,False
3534,5,4,3,1,0.05083480251037222,1000.0508348025104,0.005083480251039419,45.91885968094814,0.00011317028720441157,False
3535,5,5,1,4,-0.006893986354104135,999.993106013646,-0.000689398635404359,0.05246131933982689,0.0007275675245146119,True
3536,5,4,1,3,-0.0016463405802147116,999.9983536594198,-0.0001646340580236938,0.7034401415140384,0.00029406606766539727,True
3537,5,5,3,2,0.021952581934079778,1000.0219525819341,0.0021952581934101545,5.835750239378633,0.00045395231949931625,False
3538,5,5,4,1,0.024956001470211944,1000.0249560014702,0.002495600147017285,146.52969761301532,1.7147968924564524e-05,False
3539,5,5,2,3,-0.004310351374653713,999.9956896486253,-0.0004310351374670063,0.1692257953809877,0.0004310351374670063,True
3540,5,5,3,2,0.00926339409066799,1000.0092633940907,0.0009263394090680776,3.7798071072464974,0.00023973618083083294,False
3541,5,4,2,2,0.04447740961632485,1000.0444774096163,0.004447740961632007,18.618057359812735,0.0002524535407474105,False
3542,5,5,1,4,-0.007799720889046352,999.992200279111,-0.0007799720889011042,0.01511285842120941,0.000791940574686123,True
3543,5,4,1,3,0.002354369215501396,1000.0023543692156,0.00023543692155953978,1.8270572812603114,0.00025973945353143787,False
3544,5,5,3,2,0.05071864392188866,1000.050718643922,0.005071864392198222,18.34296102815696,0.00029242943739641697,False
3545,5,3,3,0,0.032945047178465525,1000.0329450471785,0.0032945047178486674,1000000000000.0,0.0,False
3546,5,5,3,2,0.007397633630803615,1000.0073976336307,0.0007397633630716882,3.0632835683268826,0.0003459031744283092,False
3547,5,3,1,2,0.01890668932880267,1000.0189066893288,0.0018906689328787253,5.69517512197203,0.0004026741335677157,False
3548,5,5,5,0,0.07823714066982451,1000.0782371406699,0.00782371406698985,1000000000000.0,0.0,False
3549,5,5,2,3,0.022220075698203178,1000.0222200756982,0.002222007569821471,6.387941196184544,0.00033930950305872406,False
3550,5,5,2,3,0.0019680319453881344,1000.0019680319454,0.0001968031945352777,1.5154155431565761,0.0002018949117155174,False
3551,5,5,2,3,0.022480850679688125,1000.0224808506796,0.002248085067958527,5.329812311445818,0.00030127667883327595,False
3552,5,5,1,4,-0.0019672944944428613,999.9980327055055,-0.0001967294494534144,0.5715036492214491,0.0004591146059909083,True
3553,5,4,1,3,-0.002113686608703006,999.9978863133913,-0.0002113686608709031,0.6125155245271666,0.0003718177646217694,True
3554,5,4,1,3,-0.002950700610257046,999.9970492993897,-0.0002950700610313106,0.07016329476970516,0.0002950700610313106,True
3555,5,5,2,3,0.01940935699138304,1000.0194093569916,0.0019409356991559436,3.5656657412320945,0.0005336911416428007,False
3556,5,4,4,0,0.05577685616385672,1000.0557768561638,0.0055776856163788574,1000000000000.0,0.0,False
3557,5,3,2,1,0.04853447730092402,1000.0485344773009,0.004853447730090466,194.4797240335893,2.5085045751893628e-05,False
3558,5,5,3,2,0.04779348310982474,1000.0477934831097,0.004779348310967179,15.080866107574446,0.000339412104010298,False
3559,5,5,1,4,-0.006948790265790786,999.9930512097342,-0.0006948790265823845,0.07043132481712495,0.0006948790265823845,True
3560,5,4,1,3,0.0007572737553149227,1000.0007572737552,7.572737551981845e-05,1.155900863208763,0.0004857405788129654,False
3561,5,4,3,1,0.03413554461502839,1000.034135544615,0.003413554461496915,536.6815529820553,6.3722919556604e-06,False
3562,5,4,1,3,-0.005388475899272165,999.9946115241007,-0.000538847589928082,0.12995773548687756,0.0006193344601764101,True
3563,5,5,1,4,-0.0035361436719444526,999.9964638563281,-0.00035361436719085756,0.20877415169400917,0.0003541908564943056,True
3564,5,4,0,4,-0.004763772644577129,999.9952362273555,-0.0004763772644537312,0.0,0.0004763772644537312,True
3565,5,4,1,3,-0.0038923004591467983,999.9961076995407,-0.0003892300459256148,0.2062023750664981,0.0003892300459256148,True
3566,5,5,2,3,-0.0013229713755934307,999.9986770286243,-0.00013229713756572893,0.7027168094002801,0.00038709905112057854,True
3567,5,4,3,1,0.029284614756990398,1000.029284614757,0.002928461475698896,10.154834131482536,0.0003198722102513666,False
3568,5,4,2,2,0.024608502854773992,1000.0246085028547,0.0024608502854675863,6.237633103885072,0.00026680827934342236,False
3569,5,3,2,1,0.0027540342043085504,1000.0027540342043,0.00027540342042584596,2.386375246632313,0.00019864998390630716,False
3570,5,4,1,3,-0.001157873135117551,999.9988421268648,-0.00011578731351846727,0.8251811116693327,0.00034745965410820645,True
3571,5,5,2,3,-0.003721564741513417,999.9962784352584,-0.00037215647415678177,0.27429339336626085,0.0004332550187541528,True
3572,5,5,4,1,0.06906536494795423,1000.069065364948,0.0069065364947960015,36.41502194812879,0.00019500794291174228,False
3573,5,4,2,2,0.004498681154125541,1000.0044986811541,0.00044986811541321005,2.0291485716681783,0.00022903906582000895,False
3574,5,4,2,2,0.007009213060532933,1000.0070092130605,0.0007009213060541697,4.707581973929438,0.00012399223257881592,False
3575,5,5,2,3,-0.003012375514241631,999.9969876244858,-0.000301237551423128,0.1756256009430322,0.00036541328606177326,True
3576,5,5,1,4,-0.004860843314431217,999.9951391566856,-0.0004860843314418162,0.40396036821413234,0.0008155235080380409,True
3577,5,5,3,2,0.025823594237860292,1000.0258235942377,0.0025823594237749602,13.723824073890952,0.00020295466275683794,False
3578,5,5,4,1,0.07107892942948194,1000.0710789294294,0.007107892942940452,41.152555096134755,0.00017701786061360785,False
3579,5,5,3,2,0.048722017210850524,1000.0487220172108,0.004872201721082092,15.567063363541184,0.0002467500495358192,False
3580,5,5,1,4,0.015302893054780893,1000.0153028930548,0.001530289305480892,2.9773314895885,0.0006517125582147463,False
3581,5,5,2,3,0.02027970403342401,1000.0202797040336,0.002027970403355539,8.859254900124894,0.00018425654113097764,False
3582,5,5,5,0,0.06394806841604453,1000.063948068416,0.006394806841603895,1000000000000.0,0.0,False
3583,5,4,2,2,0.028312105482992966,1000.028312105483,0.002831210548299623,29.57726192175529,6.242942703238441e-05,False
3584,5,5,3,2,0.04641910697989781,1000.0464191069798,0.004641910697978346,9.017421637263439,0.0003200101263473698,False
3585,5,5,2,3,0.023186705287023886,1000.023186705287,0.002318670528700295,5.600768653335967,0.00029907322588537314,False
3586,5,4,3,1,0.03001269333728219,1000.0300126933373,0.003001269333731216,13.672827597851366,0.00023682507586234695,False
3587,5,5,3,2,0.026899273150678308,1000.0268992731507,0.002689927315066143,15.624928045498189,0.00013771563916739293,False
3588,5,4,2,2,0.04431114513637472,1000.0443111451365,0.004431114513647571,19.418604764176013,0.00024057246406100527,False
3589,5,4,2,2,0.026400317465941448,1000.026400317466,0.0026400317466027446,27.969523735569105,9.788717165756107e-05,False
3590,5,5,1,4,-0.0022054864692296213,999.9977945135307,-0.00022054864692790943,0.6221208738547206,0.000583646544241401,True
3591,5,3,2,1,0.02750661742409766,1000.027506617424,0.0027506617424023715,703.6221589782532,3.914851970421296e-06,False
3592,5,5,2,3,0.024265465858146384,1000.0242654658582,0.0024265465858206883,9.107696005775983,0.0002851533741570804,False
3593,5,4,0,4,-0.00462981193530752,999.9953701880648,-0.0004629811935160433,0.0,0.0004629811935160433,True
3594,5,5,2,3,0.020858657618142425,1000.0208586576181,0.0020858657618077815,5.783938069826693,0.000436003637222118,False
3595,5,4,2,2,0.005782047627302517,1000.0057820476272,0.0005782047627235443,3.0833994152005295,0.00027752710817674226,False
3596,5,4,3,1,0.049047910953965254,1000.0490479109541,0.00490479109540729,34.292866572470196,0.00014732258289313905,False
3597,5,4,2,2,0.04512504533014285,1000.0451250453301,0.004512504533010997,34.28833235819129,0.00013555506055872217,False
3598,5,4,3,1,0.03225475406075986,1000.0322547540608,0.0032254754060772935,17.09438920375499,0.00020040992952772286,False
3599,5,4,2,2,0.0262297293113469,1000.0262297293114,0.0026229729311353367,23.30521225833557,0.00011759139605151863,False
3600,5,5,1,4,-0.006880706511154648,999.9931192934889,-0.000688070651108319,0.028042489297898918,0.0007079225619804674,True
3601,5,5,3,2,0.030323576514831873,1000.0303235765149,0.0030323576514888376,22.848739828577372,0.0001387849871858704,False
3602,5,4,2,2,0.02424941240133823,1000.0242494124013,0.0024249412401331936,9.42660674607038,0.0002877719719435845,False
3603,5,5,1,4,-0.00518953083302006,999.9948104691669,-0.0005189530833149547,0.3929497374548758,0.0006622429280350574,True
3604,5,5,4,1,0.07281685550192712,1000.072816855502,0.007281685550196927,96.96672413740183,7.587160966507131e-05,False
3605,5,5,3,2,0.007629138360899524,1000.0076291383609,0.0007629138360925935,2.8763349622004193,0.00022125358511546018,False
3606,5,5,2,3,0.04410069507801191,1000.044100695078,0.004410069507798653,11.438404372558777,0.00019579087680293196,False
3607,5,5,2,3,0.00037165194325237266,1000.0003716519433,3.716519432828136e-05,1.0648951401697762,0.00042624093082954385,False
3608,5,4,2,2,0.0024515046979778216,1000.002451504698,0.00024515046980013724,2.2597203986888936,0.00013645343320831672,False
3609,5,4,2,2,0.005441121478488067,1000.0054411214785,0.0005441121478497735,2.4939056220433935,0.00029105987086627355,False
3610,5,4,0,4,-0.008293850643018795,999.9917061493569,-0.0008293850643099176,0.0,0.0008293850643099176,True
3611,5,5,3,2,0.05012566652623913,1000.0501256665262,0.005012566652624173,43.34964862717519,0.00011835539696664533,False
3612,5,3,1,2,-0.0037123309298336456,999.9962876690702,-0.00037123309298294773,0.006682638940181168,0.00037373059030843924,True
3613,5,5,1,4,0.019964600443146203,1000.0199646004431,0.001996460044313153,5.628359157623811,0.00043135374251050966,False
3614,5,5,3,2,0.011626144370403442,1000.0116261443704,0.001162614437043885,13.096608732117916,6.400288095415082e-05,False
3615,5,5,3,2,3.027657778367299e-05,1000.0000302765778,3.0276577831500613e-06,1.0063957662579512,0.0004634092319468798,False
3616,5,5,1,4,-0.0014625934418089326,999.9985374065582,-0.00014625934418290853,0.3095419058389493,0.00017693756006291418,True
3617,5,5,2,3,0.022373841960958284,1000.0223738419609,0.002237384196087078,6.739385975171899,0.0003056942975899493,False
3618,5,4,3,1,0.003927475471944206,1000.0039274754719,0.0003927475471869002,2.1699758488145564,0.0003356871260749452,False
3619,5,4,2,2,0.02790435884575477,1000.0279043588458,0.0027904358845830756,13.952715898986286,0.00013016039183742006,False
3620,5,5,1,4,0.016449726369762416,1000.0164497263697,0.0016449726369728523,3.4113626951781644,0.0006821596602664363,False
3621,5,5,1,4,0.017775355721197695,1000.0177753557213,0.0017775355721255436,3.755837291463206,0.00043596308714837043,False
3622,5,5,3,2,0.013983127565349618,1000.0139831275653,0.0013983127565325047,13.919505296517729,9.657150402655256e-05,False
3623,5,4,2,2,0.021822495170753922,1000.0218224951708,0.0021822495170795266,9.447508450245227,0.00024684170306272786,False
3624,5,5,2,3,0.0027093873951977545,1000.0027093873953,0.00027093873952708234,1.5356657051868887,0.000505798181393402,False
3625,5,5,1,4,-0.003639386999090427,999.9963606130009,-0.00036393869991115937,0.13824596028719144,0.00042232317243815485,True
3626,5,4,1,3,-0.003263063057417863,999.9967369369426,-0.0003263063057374893,0.11970078219981134,0.000370676418152156,True
3627,5,5,2,3,0.00021529071797291802,1000.0002152907178,2.152907178469832e-05,1.0604818582045576,0.00034052804580903364,False
3628,5,5,2,3,0.023456661611809888,1000.0234566616118,0.0023456661611817252,4.794959866808107,0.00033121574281138433,False
3629,5,4,3,1,0.050837311968768645,1000.0508373119687,0.0050837311968734865,147.56205190103358,3.468476960458386e-05,False
3630,5,5,3,2,0.005437387617142382,1000.0054373876171,0.0005437387617121202,7.015248722818292,9.039339631726762e-05,False
3631,5,5,3,2,0.006881506083833276,1000.0068815060838,0.0006881506083800559,4.790786507447936,0.0001516843214129095,False
3632,5,5,4,1,0.03199421558438328,1000.0319942155844,0.0031994215584404627,27.14887525950177,0.00012235407934895192,False
3633,5,5,4,1,0.07451277704388122,1000.0745127770439,0.0074512777043878485,152.28516065828376,4.925319623225733e-05,False
3634,5,4,1,3,0.02249127919212252,1000.0224912791922,0.002249127919219518,16.031683980768285,0.00011402267210769423,False
3635,5,5,3,2,0.008557590170053876,1000.00855759017,0.0008557590169971262,6.42507617059748,9.971267179731194e-05,False
3636,5,5,3,2,0.029945147564747088,1000.0299451475647,0.002994514756471745,9.25189907431658,0.00030540321601668933,False
3637,5,5,3,2,0.027498121286434276,1000.0274981212863,0.002749812128627127,14.448912777824379,0.0001733588633729571,False
3638,5,4,1,3,0.019888915400843622,1000.0198889154008,0.0019888915400770204,6.09086657715277,0.00022267076409434596,False
3639,5,4,3,1,0.010977887419803488,1000.0109778874197,0.001097788741969907,8.323247908826866,0.0001499046264257231,False
3640,5,5,3,2,0.006963164547715213,1000.0069631645478,0.0006963164547755695,4.13284247745819,0.000222261433062411,False
3641,5,5,3,2,0.023201571530947013,1000.023201571531,0.00232015715309899,18.283509507750722,0.00010407963899638233,False
3642,5,5,3,2,0.009385231501631583,1000.0093852315017,0.0009385231501710222,6.841370162689643,0.0001364903912750724,False
3643,5,5,3,2,0.009227484528157859,1000.0092274845281,0.0009227484528082641,6.114803707498143,0.0001500118180956633,False
3644,5,5,1,4,0.0008678076709792713,1000.000867807671,8.678076710566529e-05,1.3438341960775069,0.0002302247786701628,False
3645,5,5,1,4,0.0016557393902047381,1000.0016557393903,0.00016557393903440245,1.62967912493427,0.000262948576402139,False
3646,5,4,2,2,0.0241940032123479,1000.0241940032124,0.0024194003212414826,10.112126384895687,0.00026551318244682744,False
3647,5,4,1,3,0.019343116163334787,1000.0193431161632,0.0019343116163213381,5.650573634118288,0.00023931986933262725,False
3648,5,5,2,3,0.0007460151189670233,1000.000746015119,7.460151190343823e-05,1.1511095134705447,0.00032872354803688644,False
3649,5,4,1,3,0.018732768084209418,1000.0187327680843,0.0018732768084305461,5.229638634093302,0.00037031882253586447,False
3650,5,4,1,3,0.0007280525765031404,1000.0007280525764,7.280525763917468e-05,1.1469858613394932,0.0004953186882357675,False
3651,5,5,1,4,0.020657911332476353,1000.0206579113326,0.002065791133259154,6.378660239440737,0.000273592485507379,False
3652,5,3,0,3,-0.004388284421149663,999.9956117155788,-0.00043882844212248526,0.0,0.00043882844212248526,True
3653,5,5,2,3,0.02094949609349094,1000.0209494960935,0.0020949496093521703,7.527411021662636,0.0001905281011545412,False
3654,5,5,2,3,-0.0005733740927013828,999.9994266259074,-5.733740925961684e-05,0.8990300889555817,0.0005678633956777153,True
3655,5,3,1,2,0.0007643216573321068,1000.0007643216574,7.64321657356959e-05,1.2100048743853407,0.00035457240894152213,False
3656,5,5,1,4,0.016354535622239822,1000.0163545356223,0.0016354535622326693,3.6812782972957856,0.0006099529332118436,False
3657,5,2,1,1,-0.00016748264549279902,999.9998325173545,-1.674826454518552e-05,0.7572682324179,6.899906310309234e-05,True
3658,5,4,2,2,0.024853663583698574,1000.0248536635838,0.002485366358382635,11.486793891816886,0.00023699318638526002,False
3659,5,4,2,2,0.0014051367923488339,1000.0014051367923,0.00014051367923002546,1.4047004354654697,0.00034720255676937075,False
3660,5,4,3,1,0.03009421808504177,1000.0300942180851,0.00300942180850825,801.1539408746208,3.7609402160684573e-06,False
3661,5,5,4,1,0.05095552411181229,1000.0509555241117,0.005095552411171412,473.9084479569662,1.0774424066122262e-05,False
3662,5,5,3,2,0.05006336912112741,1000.0500633691212,0.005006336912117604,65.81785791018885,6.74689778625853e-05,False
3663,5,2,0,2,-0.0026558611555959188,999.9973441388444,-0.0002655861155631101,0.0,0.0002655861155631101,True
3664,5,5,2,3,0.019879857443098753,1000.0198798574431,0.0019879857443129366,8.087505297424032,0.00023376830764618715,False
3665,5,5,3,2,0.027892330929045816,1000.0278923309289,0.002789233092892118,12.245181381574607,0.00014228375993070587,False
3666,5,4,2,2,0.002660105800922582,1000.0026601058009,0.0002660105800941892,2.073489345045436,0.0002477986526262077,False
3667,5,5,4,1,0.0536781912593196,1000.0536781912592,0.005367819125922324,22.84455257347034,0.0002457158347596137,False
3668,5,5,3,2,0.04795429626774205,1000.0479542962677,0.0047954296267676,12.962128564179151,0.00040087332063067327,False
3669,5,4,4,0,0.051731469256655,1000.0517314692567,0.005173146925665151,1000000000000.0,0.0,False
3670,5,3,1,2,0.002396899026264021,1000.0023968990263,0.00023968990262801526,1.827463166365712,0.00028966836515564864,False
3671,5,4,3,1,0.006801338620428187,1000.0068013386204,0.0006801338620448405,3.18694008047477,0.00031099605184822343,False
3672,5,4,1,3,0.018661068401981628,1000.018661068402,0.0018661068402025193,4.17065986766207,0.00043527250281440806,False
3673,5,5,2,3,0.0003314291032161462,1000.0003314291033,3.314291033120753e-05,1.0583305277217188,0.00042834923339073855,False
3674,5,5,0,5,-0.005725797026167195,999.9942742029738,-0.0005725797026229885,0.0,0.0005725797026229885,True
3675,5,5,4,1,0.017390090309632306,1000.0173900903096,0.0017390090309618244,25.948064075803703,6.970390859057304e-05,False
3676,5,5,3,2,0.067985354469953,1000.0679853544699,0.006798535446989718,18.30790344203526,0.00039277123306643994,False
3677,5,5,3,2,0.02126460988721408,1000.0212646098871,0.0021264609887111873,8.606049538006793,0.0002795682326192478,False
3678,5,4,2,2,0.04558853293246707,1000.0455885329325,0.004558853293247012,17.34511347536812,0.0002788988136525383,False
3679,5,4,1,3,0.019567424959701617,1000.0195674249596,0.0019567424959632262,5.278480737257868,0.0002924497686493954,False
3680,5,5,3,2,0.02927553217317558,1000.0292755321733,0.0029275532173301142,14.390792530695421,0.0001922070232088184,False
3681,5,2,2,0,0.028579912378589378,1000.0285799123786,0.002857991237863189,1000000000000.0,0.0,False
3682,5,5,1,4,0.01675757059911771,1000.0167575705992,0.0016757570599224892,3.3223067371248707,0.0007215743124386543,False
3683,5,5,5,0,0.05894761715476049,1000.0589476171549,0.005894761715489949,1000000000000.0,0.0,False
3684,5,5,3,2,0.030820955771412986,1000.0308209557714,0.003082095577144628,14.760072262649464,0.00018594920062620446,False
3685,5,5,3,2,0.04934708467980353,1000.0493470846798,0.004934708467976634,24.859733092233817,0.00020681671431766298,False
3686,5,5,2,3,0.0022355434338647675,1000.0022355434338,0.00022355434338123815,1.5111916969893344,0.0004373170912194307,False
3687,5,5,1,4,-0.0001659912724869114,999.9998340087275,-1.6599127252447943e-05,0.9638939944838562,0.0004597311016687518,True
3688,5,5,1,4,-0.0033150401953035615,999.9966849598046,-0.00033150401953889745,0.17728054860977455,0.00033150401953889745,True
3689,5,4,3,1,0.028121978942761493,1000.0281219789427,0.0028121978942749594,37.03604229605609,7.803662328722033e-05,False
3690,5,3,1,2,-0.003007805764614595,999.9969921942354,-0.0003007805764582372,0.07566889770301366,0.0003254035006648337,True
3691,5,5,2,3,0.024129431702614987,1000.0241294317026,0.002412943170259041,7.168212676033045,0.00022700017599390775,False
3692,5,5,1,4,-0.0009926573555874034,999.9990073426443,-9.926573557095253e-05,0.8018317891614439,0.0003499914912408591,True
3693,5,5,3,2,0.05045906010967001,1000.0504590601097,0.005045906010968792,20.750841677921947,0.00019648687531343968,False
3694,5,5,3,2,0.03047664946475311,1000.0304766494646,0.003047664946461737,20.8868497824142,9.731027101313533e-05,False
3695,5,5,2,3,0.02459700977787287,1000.024597009778,0.0024597009777949097,6.3158982304444535,0.00030405455087247903,False
3696,5,5,3,2,0.051796404351519804,1000.0517964043514,0.005179640435142119,25.508135053505917,0.000124559385895492,False
3697,5,4,2,2,0.026009911400922174,1000.0260099114009,0.002600991140093356,9.653572390834576,0.00020398156778257125,False
3698,5,4,2,2,0.0256825401373832,1000.0256825401374,0.0025682540137381693,14.150591747031658,0.00019529498424760355,False
3699,5,5,2,3,0.008036998929374841,1000.0080369989295,0.0008036998929469518,8.354665170508952,9.259020718209034e-05,False
3700,5,3,2,1,-0.0003246150403424413,999.9996753849597,-3.2461504031289226e-05,0.7563334409160924,0.00013322100560344551,True
3701,5,4,3,1,0.05176769830753729,1000.0517676983077,0.005176769830768535,71.55678572694033,7.336640981785011e-05,False
3702,5,5,3,2,0.0049552831757015,1000.0049552831756,0.0004955283175604563,2.1730487365496183,0.00042242385456973567,False
3703,5,4,1,3,-0.0009691781080458381,999.9990308218919,-9.691781081073713e-05,0.8262044226973009,0.0005576540687002307,True
3704,5,5,0,5,-0.006195261723944058,999.993804738276,-0.0006195261723973999,0.0,0.0006195261723973999,True
3705,5,5,1,4,0.01773123855746464,1000.0177312385575,0.0017731238557530558,4.349467220620615,0.000529374894256307,False
3706,5,5,3,2,0.005122718097475604,1000.0051227180975,0.0005122718097481993,3.098285389972509,0.00024413644460934264,False
3707,5,4,2,2,0.04143003822168396,1000.0414300382216,0.004143003822161972,11.485900017978738,0.0003950938432477288,False
3708,5,5,3,2,0.030792356860078,1000.03079235686,0.0030792356860047223,16.26605780398445,0.00016689586309275918,False
3709,5,4,1,3,0.0011700724202201326,1000.0011700724203,0.00011700724203365099,1.2531355239083124,0.000462228937551114,False
3710,5,4,2,2,0.023929316645556982,1000.0239293166455,0.0023929316645535438,9.510826030701896,0.00028116200658949507,False
3711,5,3,0,3,-0.0034124240787687474,999.9965875759211,-0.000341242407887421,0.0,0.000341242407887421,True
3712,5,5,2,3,0.015497549289222435,1000.0154975492892,0.0015497549289193557,3.1406012149370843,0.000694466967831886,False
3713,5,5,4,1,0.004894594037703065,1000.0048945940378,0.0004894594037750721,4.364055189643957,0.00014549601428990656,False
3714,5,5,4,1,0.05563024784768055,1000.0556302478477,0.0055630247847716415,153.7518273791397,3.64166727097127e-05,False
3715,5,5,2,3,0.003208219692970658,1000.003208219693,0.0003208219692965031,1.7169883235588475,0.00044745565976051323,False
3716,5,3,1,2,0.023921267321220657,1000.0239212673212,0.002392126732115685,19.499590022189746,0.0001293070132533103,False
3717,5,5,3,2,0.011906090034464852,1000.0119060900346,0.001190609003458576,5.800125958657642,0.00013830737717626106,False
3718,5,4,2,2,0.026542253645565166,1000.0265422536455,0.002654225364551621,46.1120203864133,5.8785399233531326e-05,False
3719,5,4,1,3,-0.0008467560421444665,999.9991532439578,-8.467560421649978e-05,0.8208033255659325,0.00030930036336506,True
3720,5,5,3,2,0.046312316521332234,1000.0463123165214,0.004631231652138012,16.43696721025837,0.0003000091655962933,False
3721,5,5,5,0,0.08392891136623448,1000.0839289113663,0.008392891136634262,1000000000000.0,0.0,False
3722,5,5,2,3,-0.005420745791067429,999.9945792542089,-0.0005420745791070658,0.09260609734164124,0.0005841964934575117,True
3723,5,5,3,2,0.006380567973189515,1000.0063805679731,0.0006380567973110374,2.553309209285575,0.0002616948278159229,False
3724,5,4,1,3,0.021368319425538167,1000.0213683194255,0.0021368319425505433,15.810564992409763,0.00010174778861611207,False
3725,5,4,3,1,0.04980853686779301,1000.0498085368678,0.004980853686777209,70.47035897475729,7.169744528028445e-05,False
3726,5,3,2,1,0.02804850046196671,1000.028048500462,0.002804850046197771,93.81039940495081,3.0220433775850036e-05,False
3727,5,5,2,3,-0.0013967021632523549,999.9986032978368,-0.0001396702163219743,0.535322382801657,0.00015412169959745368,True
3728,5,4,2,2,0.002321358501536669,1000.0023213585015,0.00023213585014900676,2.400853439696029,0.0001059116938189394,False
3729,5,3,3,0,0.006446809829834816,1000.0064468098299,0.0006446809829867561,1000000000000.0,0.0,False
3730,5,5,4,1,0.07573120314082366,1000.0757312031407,0.007573120314066272,919.914200418735,8.241379134688032e-06,False
3731,5,5,4,1,0.02716814475714701,1000.0271681447572,0.0027168144757183654,17.814146657455247,0.00016157443685486833,False
3732,5,5,4,1,0.03335968953334597,1000.0333596895334,0.0033359689533426717,23.13457161577992,0.00015071305698484137,False
3733,5,2,1,1,0.00478215032822733,1000.0047821503283,0.0004782150328310309,12.599454095990229,4.122715989806124e-05,False
3734,5,4,4,0,0.01925507856943781,1000.0192550785695,0.0019255078569472063,1000000000000.0,0.0,False
3735,5,5,1,4,0.0008024587269345996,1000.000802458727,8.024587269801486e-05,1.1667178911508718,0.0003229961715987884,False
3736,5,4,1,3,-0.004599101849329467,999.9954008981506,-0.0004599101849407816,0.00040602541639775234,0.0004599101849407816,True
3737,5,5,2,3,0.02267815401540151,1000.0226781540152,0.002267815401523876,6.489113759836938,0.0004131478232807239,False
3738,5,5,3,2,0.021477834922683684,1000.0214778349226,0.0021477834922620787,7.400534050028598,0.00030403706733859423,False
3739,5,4,2,2,0.019492428989657532,1000.0194924289896,0.0019492428989565267,5.275143836251549,0.0002417258433761199,False
3740,5,4,2,2,0.04671658924245145,1000.0467165892426,0.004671658924257827,19.72484152683549,0.00024948990449047415,False
3741,5,5,3,2,0.0263663947712609,1000.0263663947712,0.002636639477123026,8.95915440176006,0.0002969337434890284,False
3742,5,5,2,3,0.002300483119718895,1000.0023004831197,0.00023004831197113163,1.632726978718158,0.0002692788690296766,False
3743,5,4,1,3,0.017701706495580408,1000.0177017064957,0.001770170649569991,4.1023623585841085,0.0002897754502555472,False
3744,5,5,3,2,0.027309389314093522,1000.027309389314,0.0027309389314041257,13.75783958798421,0.00011238787166962065,False
3745,5,5,2,3,0.02018592353239727,1000.0201859235324,0.002018592353238091,7.380122125549472,0.0001830923256041576,False
3746,5,4,2,2,0.04255090990663378,1000.0425509099066,0.004255090990659483,13.720529382163093,0.00022836721201769045,False
3747,5,5,1,4,-0.002244991562166975,999.9977550084378,-0.00022449915621791658,0.7046249102718498,0.0007600436249686828,True
3748,5,5,2,3,0.04469345231283728,1000.0446934523129,0.0044693452312913,19.77917701424372,0.00016430650107580435,False
3749,5,4,2,2,0.024038906286724504,1000.0240389062868,0.002403890628681893,7.1018321738982335,0.00039396210189579506,False
3750,5,4,1,3,0.01777188682806587,1000.017771886828,0.0017771886827972596,3.4967159968807375,0.0007117927917840842,False
3751,5,3,1,2,-0.001336884587821223,999.9986631154122,-0.0001336884587772147,0.6791211795160894,0.00029499497591142527,True
3752,5,4,2,2,0.028146205287226462,1000.0281462052873,0.0028146205287271184,16.70169355490608,0.00013880038502538585,False
3753,5,4,2,2,0.026323918051964774,1000.026323918052,0.002632391805195766,7.988840094024796,0.00037664513169623356,False
3754,5,3,2,1,0.004116065936821124,1000.0041160659368,0.000411606593684155,27.607501249867283,1.5469569643755676e-05,False
3755,5,5,3,2,0.04771563331856635,1000.0477156333186,0.004771563331860307,13.955016281815702,0.00020994950992244324,False
3756,5,3,1,2,0.02205384735834439,1000.0220538473583,0.0022053847358279198,19.631608633054018,0.00011836516818281148,False
3757,5,4,4,0,0.03906322087484097,1000.0390632208749,0.003906322087493664,1000000000000.0,0.0,False
3758,5,4,3,1,0.03286252154928868,1000.0328625215493,0.00328625215493048,14.72301951499085,0.00023946406177915752,False
3759,5,5,2,3,0.0007014182115244914,1000.0007014182115,7.014182115199219e-05,1.1686958839402477,0.00035920172496162195,False
3760,5,5,5,0,0.07586932642663513,1000.0758693264266,0.0075869326426641235,1000000000000.0,0.0,False
3761,5,5,1,4,0.013716738741631703,1000.0137167387416,0.0013716738741550215,2.502621394915326,0.0009128539489779542,False
3762,5,4,1,3,0.0007243801365195311,1000.0007243801366,7.243801366030311e-05,1.3197946596558985,0.00022651414419669889,False
3763,5,5,1,4,0.018021939866340285,1000.0180219398663,0.0018021939866343928,4.311187351882745,0.0004218403397089787,False
3764,5,5,3,2,0.046947894942435155,1000.0469478949424,0.004694789494237739,14.684701870869475,0.0002915297759137668,False
3765,5,4,1,3,-0.0016313860111714096,999.9983686139888,-0.00016313860112404655,0.7278144552712341,0.0005993654118583436,True
3766,5,4,4,0,0.03302102009196022,1000.0330210200921,0.0033021020092064645,1000000000000.0,0.0,False
3767,5,4,3,1,0.030193566467752387,1000.0301935664677,0.003019356646768756,17.45763794715145,0.00018345724536112255,False
3768,5,5,4,1,0.07648989369994845,1000.0764898937,0.0076489893699999804,63.61546752710516,0.00012215455796963365,False
3769,5,5,3,2,0.012895499420676906,1000.0128954994206,0.001289549942055146,5.637549829562384,0.00018434834598792804,False
3770,5,5,3,2,0.07077641912404058,1000.0707764191241,0.007077641912405853,26.878327208151607,0.0002734968862341702,False
3771,5,3,1,2,0.02292305297249523,1000.0229230529724,0.0022923052972373625,20.48070954474699,0.00011767052386630894,False
3772,5,4,3,1,0.051395685953258954,1000.0513956859533,0.005139568595325272,42.54625798341217,0.00012370713620839526,False
3773,5,4,3,1,0.031283414198645325,1000.0312834141986,0.003128341419858316,11.214362394015048,0.00030625836998513433,False
3774,5,5,3,2,0.06684465612997278,1000.0668446561299,0.006684465612988787,38.26088221458554,0.0001793963324530523,False
3775,5,4,4,0,0.0323770813440743,1000.032377081344,0.003237708134395234,1000000000000.0,0.0,False
3776,5,3,2,1,0.023177367706842453,1000.0231773677068,0.0023177367706807674,334.10834697881,6.957744865790485e-06,False
3777,5,5,1,4,-0.007565830849291185,999.9924341691508,-0.0007565830849216582,0.01231796241208239,0.0007565830849216582,True
3778,5,4,1,3,0.018285375812131213,1000.0182853758121,0.0018285375812070012,3.849387702686629,0.0006299834391711556,False
3779,5,5,2,3,0.0037348157457365192,1000.0037348157457,0.00037348157457017805,2.099542105436626,0.00033966767553258857,False
3780,5,5,1,4,-0.0016952701642453847,999.9983047298357,-0.00016952701643049294,0.7378107847441023,0.0003299210857107937,True
3781,5,5,1,4,0.016542306487032293,1000.016542306487,0.0016542306487053794,3.3140211296459867,0.0004456224794239461,False
3782,5,5,2,3,0.025354763380342198,1000.0253547633803,0.00253547633802782,7.120464754025686,0.0003308671510128574,False
3783,5,4,1,3,0.01787548780742553,1000.0178754878075,0.0017875487807486933,4.394136188477811,0.00034527388677885114,False
3784,5,3,2,1,0.008398300196025112,1000.0083983001961,0.0008398300196063247,6.640030640494056,0.00014890375062238218,False
3785,5,5,3,2,0.011264039679593451,1000.0112640396796,0.0011264039679645065,27.997899990430795,2.8812875110493183e-05,False
3786,5,5,0,5,-0.009123544571169474,999.9908764554289,-0.0009123544571139063,0.0,0.0009123544571139063,True
3787,5,4,1,3,-0.0047126626679704865,999.9952873373321,-0.0004712662667884615,0.0646572071277917,0.0005038432079153379,True
3788,5,5,1,4,-0.001943699473976781,999.998056300526,-0.00019436994740544835,0.6487736387188447,0.0005534036417202514,True
3789,5,5,3,2,0.05131097528370008,1000.0513109752837,0.005131097528374084,23.22199960241272,0.00014958000604110565,False
3790,5,5,2,3,0.021678256619461597,1000.0216782566195,0.0021678256619452442,9.105691874063115,0.00019972870466721245,False
3791,5,5,1,4,0.016731725964472588,1000.0167317259645,0.0016731725964518774,3.4400081686425805,0.0006857241782768143,False
3792,5,3,2,1,0.004788963436250189,1000.0047889634362,0.0004788963436226368,18.513097192939956,2.7344932003875776e-05,False
3793,5,4,0,4,-0.006074264026041812,999.993925735974,-0.0006074264025983211,0.0,0.0006074264025983211,True
3794,5,5,2,3,0.0006965977298229107,1000.0006965977299,6.965977298705184e-05,1.1752752880424784,0.0003339914315479047,False
3795,5,5,1,4,0.01871712722568312,1000.0187171272257,0.001871712722572738,4.32487430776672,0.00046094504040183887,False
3796,5,5,2,3,0.02816961672510466,1000.028169616725,0.002816961672499474,27.46675701913054,6.112138130824266e-05,False
3797,5,5,2,3,0.0010531814183620577,1000.0010531814183,0.00010531814183423194,1.2795441373003489,0.00023366710805703403,False
3798,5,5,3,2,0.04642947134139557,1000.0464294713414,0.004642947134141195,12.445213684001795,0.0002690323685624042,False
3799,5,4,3,1,0.026485658903137577,1000.0264856589031,0.0026485658903084184,28.713549245996823,9.556905214410894e-05,False
3800,5,5,1,4,-0.006012973056474092,999.9939870269435,-0.0006012973056499504,0.0023458605498143338,0.0006012973056499504,True
3801,5,5,1,4,-0.004447797815727378,999.9955522021843,-0.00044477978157146935,0.43082635882514275,0.0007814483127731364,True
3802,5,4,3,1,0.06919727099009051,1000.0691972709901,0.006919727099011652,34.36024662429771,0.0002074192890371968,False
3803,5,4,3,1,0.02547009758201179,1000.025470097582,0.002547009758200147,112.91298065106997,2.2758328435208386e-05,False
3804,5,5,3,2,0.005337393243698555,1000.0053373932437,0.0005337393243735278,4.25158006150449,0.00016414768028880645,False
3805,5,4,2,2,0.024193072271881846,1000.0241930722718,0.002419307227182799,7.012742524915752,0.00020510442179001216,False
3806,5,5,2,3,0.0034040312051091125,1000.0034040312052,0.0003404031205150204,1.6856796791725146,0.0002143299009184123,False
3807,5,4,3,1,0.02736817535500807,1000.0273681753549,0.002736817535492264,12.237289837486474,0.00024354664237660796,False
3808,5,5,0,5,-0.007911506837336862,999.9920884931628,-0.000791150683721753,0.0,0.000791150683721753,True
3809,5,5,2,3,0.00016867117784014063,1000.0001686711778,1.686711777892924e-05,1.0378986736884293,0.00033078762706963973,False
3810,5,5,2,3,0.02102299437085596,1000.0210229943708,0.002102299437081001,8.06594637078599,0.00026442605104648464,False
3811,5,4,4,0,0.034775600964638435,1000.0347756009646,0.0034775600964621844,1000000000000.0,0.0,False
3812,5,5,2,3,0.02186767084084359,1000.0218676708408,0.0021867670840833853,6.146115240696364,0.0002662458904637788,False
3813,5,5,3,2,0.02919231388765717,1000.0291923138877,0.002919231388773369,11.492644256398062,0.00027821694106933137,False
3814,5,5,2,3,0.017000275137796346,1000.0170002751378,0.0017000275137775132,3.5815523016164597,0.0006585136460564035,False
3815,5,4,2,2,0.0006078192253407486,1000.0006078192254,6.078192253653469e-05,1.1345619722954268,0.0002447779839371833,False
3816,5,4,1,3,0.0008863396537238787,1000.0008863396538,8.863396537890366e-05,1.2013377551942592,0.00023946451958338779,False
3817,5,5,3,2,0.04319011197185924,1000.0431901119719,0.004319011197185319,11.127422070922385,0.000261118043931674,False
3818,5,4,2,2,0.0008831902144667374,1000.0008831902144,8.83190214381102e-05,1.1900875618147835,0.0004646228327828794,False
3819,5,5,1,4,0.01678873485276725,1000.0167887348528,0.0016788734852752896,3.4438625902314217,0.0006869754019703578,False
3820,5,5,3,2,0.026496933738952524,1000.026496933739,0.002649693373905393,14.590606323765792,0.00015284006894944469,False
3821,5,5,3,2,0.025049673879659583,1000.0250496738797,0.0025049673879721014,7.783978276703697,0.0002724593298503106,False
3822,5,5,2,3,-0.0062328112341813475,999.9937671887658,-0.0006232811234212932,0.07626730032488582,0.0006747415165658803,True
3823,5,4,4,0,0.06932053282253556,1000.0693205328226,0.006932053282264406,1000000000000.0,0.0,False
3824,5,5,3,2,5.702920282791722e-05,1000.0000570292027,5.702920270778123e-06,1.0146847116355708,0.00022032751612641733,False
3825,5,4,1,3,-0.0011348480507404285,999.9988651519493,-0.00011348480506967462,0.7950943501222887,0.0005538368776440804,True
3826,5,5,2,3,0.017834156126867055,1000.0178341561269,0.0017834156126923515,3.876623419920936,0.0006199534979278847,False
3827,5,5,3,2,0.026692476064966563,1000.0266924760649,0.0026692476064908988,9.80105217152264,0.00017007110861868568,False
3828,5,4,0,4,-0.006364075864593083,999.9936359241354,-0.0006364075864553342,0.0,0.0006364075864553342,True
3829,5,4,1,3,-0.0022753437561800695,999.9977246562437,-0.00022753437563096667,0.2934770383883308,0.0003220477931166528,True
3830,5,5,3,2,0.02939429216202191,1000.029394292162,0.002939429216201006,10.60598426791017,0.00020924814060663266,False
3831,5,5,2,3,0.04132801971157409,1000.0413280197116,0.00413280197116137,7.2052256958843,0.0006212518174379511,False
3832,5,4,2,2,0.004415446367126867,1000.0044154463671,0.00044154463671475236,1.7686373340335875,0.0003243380792128513,False
3833,5,4,2,2,0.02402215424029025,1000.0240221542404,0.002402215424035603,13.957735621157076,0.00018538851958282976,False
3834,5,5,2,3,0.021276888883741785,1000.0212768888839,0.0021276888883903665,7.872940293508004,0.0002373930142766767,False
3835,5,5,3,2,0.03365385279234052,1000.0336538527923,0.003365385279232669,27.649951196446978,8.379310004329453e-05,False
3836,5,4,3,1,0.02742614230455446,1000.0274261423044,0.0027426142304420864,19.010968939544487,0.00015227466327587534,False
3837,5,5,2,3,0.021169556111876826,1000.0211695561118,0.002116955611177218,5.164644436272895,0.00039335995318197093,False
3838,5,5,3,2,0.024172153865397818,1000.0241721538654,0.0024172153865379188,8.009197088606351,0.00024122127775854095,False
3839,5,4,3,1,0.04797604597477711,1000.0479760459748,0.004797604597479221,16.42015510912043,0.00031111690888363633,False
3840,5,5,3,2,0.047596586974743484,1000.0475965869747,0.004759658697469149,13.527923519208121,0.00020868787187999037,False
3841,5,4,2,2,0.027256508017185377,1000.0272565080172,0.002725650801721713,15.758625286216889,0.00016816712443414874,False
3842,5,5,3,2,0.045815995328590195,1000.0458159953287,0.004581599532866676,24.547193741543015,0.000194566421926575,False
3843,5,4,1,3,0.014644012969398972,1000.0146440129695,0.001464401296948381,3.1364970981895874,0.0004734371173565946,False
3844,5,5,4,1,0.0565907955525286,1000.0565907955526,0.005659079555255175,35.52005508322113,0.0001639264488884412,False
3845,5,5,2,3,0.04060013890324707,1000.0406001389032,0.004060013890318715,7.3429730079793805,0.0004598845826990328,False
3846,5,4,1,3,0.01917977067847336,1000.0191797706785,0.0019179770678533713,6.554317817198856,0.0003453049901973734,False
3847,5,4,3,1,0.010517283140577262,1000.0105172831406,0.0010517283140643486,18.318968460755265,6.072628496839114e-05,False
3848,5,5,2,3,0.0013233664887147688,1000.0013233664887,0.00013233664886911357,1.308897403269397,0.00026009168276459605,False
3849,5,5,2,3,0.0032276502979533893,1000.003227650298,0.00032276502979584616,1.7978987328132707,0.000355557389134401,False
3850,5,5,2,3,0.043970089945637815,1000.0439700899456,0.004397008994556017,10.612929797020639,0.0004573835083278483,False
3851,5,5,1,4,0.01838309272311017,1000.0183830927231,0.0018383092723070148,4.045311875396896,0.000603637478793314,False
3852,5,3,2,1,0.025045825889885354,1000.02504582589,0.002504582588994708,19.737701348802517,0.0001336654129772796,False
3853,5,5,1,4,-0.009733893449122769,999.9902661065507,-0.0009733893449265451,0.03205754644425614,0.0010056272884298777,True
3854,5,5,3,2,0.008221348070098188,1000.0082213480699,0.0008221348069923807,3.068097313704656,0.0003975319737492101,False
3855,5,5,2,3,-0.0022007984128886177,999.9977992015871,-0.000220079841290044,0.12202502630090502,0.000220079841290044,True
3856,5,5,2,3,0.0028897975095713646,1000.0028897975096,0.0002889797509624259,2.617889156801904,0.00010678239378876242,False
3857,5,5,2,3,-0.004597283333543844,999.9954027166665,-0.000459728333350995,0.15616254316670566,0.0005448062757865247,True
3858,5,5,3,2,0.02609349133951748,1000.0260934913397,0.002609349133967953,6.402688371412097,0.0003336767634864024,False
3859,5,5,2,3,0.02182999069354825,1000.0218299906936,0.002182999069361813,7.20373365804002,0.0002533874123079491,False
3860,5,4,1,3,-0.004838405300658613,999.9951615946993,-0.00048384053006884643,0.0860985173505041,0.000529422830253258,True
3861,5,5,3,2,0.007068929018410192,1000.0070689290184,0.0007068929018373638,3.3799001205612567,0.00018436143320741394,False
3862,5,3,0,3,-0.005307991236145573,999.9946920087638,-0.0005307991236236376,0.0,0.0005307991236236376,True
3863,5,5,3,2,0.01351807060233051,1000.0135180706023,0.0013518070602344778,8.853747407728639,0.00017212255374943197,False
3864,5,5,3,2,0.048386207991288954,1000.0483862079914,0.004838620799137061,23.62344477342433,0.00015838659933468735,False
3865,5,5,4,1,0.07477242125363542,1000.0747724212537,0.007477242125366957,69.69166880169023,0.0001088522415557236,False
3866,5,4,2,2,0.044486397616356275,1000.0444863976163,0.004448639761631057,14.367224213178075,0.00017305543295764153,False
3867,5,5,2,3,0.04301510390248912,1000.0430151039026,0.00430151039025759,12.97995886174362,0.00035905886154523613,False
3868,5,5,3,2,0.027751467287598877,1000.0277514672877,0.002775146728765776,12.814008583248011,0.0002349030567529553,False
3869,5,4,2,2,0.024167125559629677,1000.0241671255596,0.0024167125559642955,7.525987773828105,0.00037031282205097387,False
3870,5,5,3,2,0.07056862366345878,1000.0705686236635,0.007056862366346194,76.42605498147624,9.35577198860332e-05,False
3871,5,5,3,2,0.026779360682852034,1000.0267793606828,0.002677936068278086,54.56114186421503,4.7378455505438496e-05,False
3872,5,4,1,3,-0.0034382611636717747,999.9965617388365,-0.0003438261163523748,0.13521872152409817,0.0003438261163523748,True
3873,5,4,0,4,-0.0054993897388505575,999.9945006102612,-0.0005499389738815807,0.0,0.0005499389738815807,True
3874,5,5,3,2,0.05151775337724918,1000.0515177533773,0.005151775337731123,78.97421768251283,6.607024079130497e-05,False
3875,5,3,1,2,-0.004684477832519523,999.9953155221675,-0.00046844778324839353,0.23769486613416668,0.0006145138976431249,True
3876,5,4,1,3,0.02071343317318514,1000.0207134331733,0.00207134331733414,7.411171973589245,0.0003230834121723092,False
3877,5,5,2,3,0.027298178342724185,1000.0272981783428,0.002729817834278947,11.612185577540982,0.0002572265887792506,False
3878,5,5,1,4,-0.0031473204886219557,999.9968526795113,-0.0003147320488665173,0.3770692929050211,0.0005052440749523157,True
3879,5,4,1,3,-0.003486367008298237,999.9965136329917,-0.0003486367008349589,0.2218347585461875,0.00044802399575019083,True
3880,5,5,2,3,0.042525859794791766,1000.0425258597949,0.004252585979486412,9.558484245237418,0.0003491702850951196,False
3881,5,4,2,2,0.021313602609493318,1000.0213136026094,0.0021313602609438933,7.613099755130864,0.00026964552467916296,False
3882,5,5,3,2,0.06749577867697941,1000.067495778677,0.006749577867697098,15.37258544319963,0.0002692675583844441,False
3883,5,4,2,2,0.005164742637632735,1000.0051647426376,0.0005164742637589371,2.247965478996451,0.00041384915496211073,False
3884,5,3,3,0,0.014313995024600148,1000.0143139950246,0.0014313995024622273,1000000000000.0,0.0,False
3885,5,3,2,1,0.027134152629777572,1000.0271341526297,0.0027134152629741948,20.902868500351893,0.00013632898894569485,False
3886,5,4,2,2,0.027450519011904984,1000.027450519012,0.0027450519011949833,19.54456866528555,0.00014802457532141488,False
3887,5,4,2,2,-0.0010101391929654836,999.998989860807,-0.00010101391929993043,0.817368084879968,0.0005530987887422955,True
3888,5,5,2,3,0.004673002822044983,1000.0046730028221,0.00046730028220736135,2.722755853157712,0.00020950747585183488,False
3889,5,4,3,1,0.0032875754667590516,1000.0032875754667,0.0003287575466742965,2.758882342371253,0.0001869127563281836,False
3890,5,5,2,3,0.02043330613773555,1000.0204333061379,0.002043330613787475,4.714755774416678,0.0005500578605506234,False
3891,5,5,1,4,-0.0008837839331601288,999.9991162160668,-8.837839332045405e-05,0.7886879751681132,0.0004182364604503164,True
3892,5,4,2,2,0.02095267092957364,1000.0209526709295,0.0020952670929546002,13.39817273890645,0.00013769346402341397,False
3893,5,4,1,3,0.02016769099265662,1000.0201676909926,0.0020167690992593636,6.758083389011478,0.00035024177783928495,False
3894,5,4,0,4,-0.007123365323133252,999.9928766346768,-0.0007123365323195685,0.0,0.0007123365323195685,True
3895,5,5,0,5,-0.007058867069996073,999.9929411329299,-0.000705886707009995,0.0,0.000705886707009995,True
3896,5,5,0,5,-0.006122303708096117,999.9938776962919,-0.0006122303708139043,0.0,0.0006122303708139043,True
3897,5,5,1,4,-0.0020513991812057485,999.997948600819,-0.00020513991810275912,0.7071029717550278,0.0007003823812965493,True
3898,5,5,3,2,0.06737014352406095,1000.067370143524,0.0067370143524044575,18.428697324049086,0.0003865472115990087,False
3899,5,5,2,3,0.023486619326877206,1000.023486619327,0.0023486619326945402,5.697086892453413,0.00037408461882359594,False
3900,5,5,3,2,0.05181094846876588,1000.0518109484688,0.005181094846875567,68.8486607282995,7.125839433281388e-05,False
3901,5,5,2,3,0.023523233669881193,1000.02352323367,0.002352323366994824,5.932435499857372,0.00039661518773241334,False
3902,5,4,1,3,-0.005988882041170336,999.9940111179588,-0.0005988882041151556,0.12991300051525037,0.0005988882041151556,True
3903,5,5,2,3,0.004502902562295491,1000.0045029025623,0.00045029025623080085,1.966788114804397,0.0004657547238018732,False
3904,5,5,1,4,-0.0032739738843003165,999.9967260261157,-0.000327397388434747,0.4784919711697995,0.0006277878514985285,True
3905,5,5,2,3,0.022366710651070154,1000.022366710651,0.0022366710650999263,4.299214500090213,0.0006779374883280686,False
3906,5,5,2,3,0.023114547247116465,1000.0231145472471,0.002311454724713258,8.76580671826724,0.0002976373868206498,False
3907,5,5,1,4,-0.00450698186444726,999.9954930181356,-0.0004506981864437876,0.1342591316806667,0.0004506981864437876,True
3908,5,5,4,1,0.09649309672492777,1000.096493096725,0.00964930967249984,337.1117723574192,2.870863345378893e-05,False
3909,5,5,3,2,0.024086612729763618,1000.0240866127297,0.0024086612729661283,10.97244716892483,0.00015193335653975736,False
3910,5,4,1,3,-0.0022196441541391786,999.9977803558459,-0.00022196441541382227,0.22944178409825475,0.0002880566462522438,True
3911,5,5,2,3,-0.0024865534234462527,999.9975134465766,-0.0002486553423409532,0.5920052033873094,0.000575924326872276,True
3912,5,5,1,4,-0.005751746056165035,999.9942482539439,-0.0005751746056148477,0.0341755447032623,0.0005955269463328098,True
3913,5,5,3,2,0.052329728003368964,1000.0523297280034,0.00523297280034285,26.334711690360255,0.00012172881847618555,False
3914,5,4,2,2,0.0014331526768986338,1000.001433152677,0.0001433152677009275,1.4495872800082261,0.00023231018692409171,False
3915,5,5,2,3,0.04322516461778018,1000.0432251646178,0.004322516461775195,11.040229320457216,0.00043051969470297996,False
3916,5,3,1,2,0.0013383895381935086,1000.0013383895383,0.0001338389538318552,1.361666596852423,0.0003700598301551608,False
3917,5,5,2,3,0.003568146998212006,1000.0035681469982,0.0003568146998190968,1.8112521788163445,0.0004398300397515735,False
3918,5,4,2,2,-0.00328001794329061,999.9967199820568,-0.0003280017943211533,0.11857162428532926,0.00037212513080120516,True
3919,5,4,0,4,-0.004130775827991751,999.995869224172,-0.0004130775828002697,0.0,0.0004130775828002697,True
3920,5,5,2,3,0.00029804867285878516,1000.0002980486729,2.9804867290295077e-05,1.0722266418903612,0.00035314412623392854,False
3921,5,4,1,3,0.0021532565000448207,1000.0021532565,0.000215325650003706,1.6536244751927904,0.0003294332727364235,False
3922,5,4,1,3,0.00029534621781703756,1000.0002953462177,2.953462177401889e-05,1.096047390592978,0.00020249178119053997,False
3923,5,3,2,1,0.007236196474818797,1000.0072361964748,0.0007236196474764256,5.961662604876262,0.00014584162033421058,False
3924,5,5,4,1,0.02761343386822732,1000.0276134338682,0.0027613433868168614,55.16017407199491,5.098332622605728e-05,False
3925,5,5,1,4,-0.0011684473355682147,999.9988315526643,-0.00011684473356581293,0.7842057868475346,0.0005414614030180315,True
3926,5,5,4,1,0.030438702788009406,1000.030438702788,0.0030438702788046614,9.640182267429592,0.0003522819897104151,False
3927,5,5,3,2,0.02328287538632046,1000.0232828753864,0.0023282875386371415,5.590225273779969,0.0005072272927236554,False
3928,5,5,1,4,-0.0024946377929767117,999.9975053622071,-0.0002494637792892718,0.6677767624867679,0.0006046630304695099,True
3929,5,4,3,1,0.004019776693337453,1000.0040197766934,0.00040197766934397806,2.309178189598873,0.00030704381751366707,False
3930,5,4,2,2,0.0007961975195854309,1000.0007961975195,7.961975195485138e-05,1.1781058106453364,0.000447036074205028,False
3931,5,5,3,2,0.008077978695290661,1000.0080779786954,0.0008077978695382625,6.0418528587284195,9.643689646777116e-05,False
3932,5,4,2,2,0.04365355150815936,1000.0436535515082,0.004365355150821415,11.256738992560535,0.000425588095922457,False
3933,5,5,2,3,0.022533306123033222,1000.022533306123,0.002253330612302307,5.133719180059164,0.0002737928864602969,False
3934,5,5,2,3,0.02851213345244369,1000.0285121334524,0.002851213345240922,13.767011700730372,0.00014354496311853532,False
3935,5,2,2,0,0.02171286020109765,1000.0217128602011,0.0021712860201091645,1000000000000.0,0.0,False
3936,5,5,4,1,0.056506295594122624,1000.0565062955942,0.005650629559420395,199.7304044611096,2.843281098783281e-05,False
3937,5,5,3,2,0.04602238765816068,1000.0460223876581,0.004602238765812672,10.394940049340814,0.0002728080036019304,False
3938,5,5,4,1,0.0280479483290683,1000.028047948329,0.00280479483290037,36.77417040390967,7.840053132663759e-05,False
3939,5,5,4,1,0.05578713375618192,1000.0557871337561,0.0055787133756098235,63.39502218731564,8.940698280993689e-05,False
3940,5,5,3,2,0.0501978848966943,1000.0501978848966,0.005019788489664734,128.79091101431356,3.647000631872288e-05,False
3941,5,5,5,0,0.0627040277695113,1000.0627040277695,0.006270402776954143,1000000000000.0,0.0,False
3942,5,4,1,3,0.01934393240764372,1000.0193439324077,0.0019343932407650754,5.5835235874721585,0.00032110905727904536,False
3943,5,4,2,2,0.04480983358888637,1000.0448098335888,0.004480983358882895,30.69044000557201,0.00015091645029644297,False
3944,5,5,2,3,0.022021485383650927,1000.0220214853838,0.0022021485383788785,12.684945377789639,0.00017285138674954416,False
3945,5,3,0,3,-0.0066967547844369426,999.9933032452155,-0.0006696754784456971,0.0,0.0006696754784456971,True
3946,5,4,0,4,-0.008056951052458673,999.9919430489476,-0.0008056951052367367,0.0,0.0008056951052367367,True
3947,5,5,3,2,0.026563609380130738,1000.0265636093801,0.0026563609380104935,5.641576118435545,0.0005722787062458323,False
3948,5,5,1,4,-0.0014617278968007174,999.998538272103,-0.00014617278969808467,0.7561336796100782,0.0004846378761158121,True
3949,5,3,3,0,0.012976514437148357,1000.0129765144371,0.001297651443712766,1000000000000.0,0.0,False
3950,5,5,0,5,-0.005720508882857703,999.9942794911171,-0.0005720508882859576,0.0,0.0005720508882859576,True
3951,5,4,1,3,-0.002099114035107657,999.9979008859649,-0.00020991140351043217,0.26835845478066217,0.00028690470747960717,True
3952,5,5,2,3,0.0033515558554918713,1000.0033515558554,0.0003351555855374499,1.715110449331996,0.00042973501366464607,False
3953,5,5,4,1,0.031738965240973215,1000.031738965241,0.003173896524094744,21.00155110577053,0.00015867723148763069,False
3954,5,4,2,2,0.039735157674064034,1000.039735157674,0.003973515767404479,9.3348603023671,0.0002719623132406923,False
3955,5,5,2,3,0.024287581811839876,1000.0242875818118,0.0024287581811790913,8.679975653130292,0.0003124471449041266,False
3956,5,5,1,4,0.00026668289704957077,1000.0002666828972,2.666828971769064e-05,1.0605019269151656,0.0004407841380270838,False
3957,5,5,2,3,0.02348420334924424,1000.0234842033492,0.002348420334919865,5.516768802253874,0.000519933704322284,False
3958,5,5,1,4,0.019093618949428185,1000.0190936189493,0.0019093618949341364,6.371043774263335,0.0003279428692394504,False
3959,5,4,0,4,-0.00784715451044704,999.9921528454896,-0.0007847154510386646,0.0,0.0007847154510386646,True
3960,5,5,2,3,0.02463153230972754,1000.0246315323099,0.0024631532309854266,6.644360781568832,0.000288816977779459,False
3961,5,5,1,4,0.019641002689271606,1000.0196410026892,0.001964100268924085,5.514863739470346,0.0004350193631681608,False
3962,5,4,1,3,0.000200119459882291,1000.0002001194598,2.0011945980513702e-05,1.0464543367667403,0.0004307855233350392,False
3963,5,4,2,2,0.008072111208619169,1000.0080721112087,0.0008072111208662137,4.919985441688575,0.00019369214751761843,False
3964,5,4,4,0,0.05428416367174427,1000.0542841636717,0.005428416367169574,1000000000000.0,0.0,False
3965,5,5,4,1,0.034493320546426384,1000.0344933205465,0.003449332054651677,331.864673059823,1.0425152170444022e-05,False
3966,5,5,2,3,0.023876079325706803,1000.0238760793256,0.002387607932564606,5.361410924568512,0.0005474393433360092,False
3967,5,4,4,0,0.028893089359013233,1000.0288930893589,0.002889308935891677,1000000000000.0,0.0,False
3968,5,5,2,3,0.02200345809282035,1000.0220034580929,0.002200345809285409,3.970098627314459,0.000438273803104039,False
3969,5,3,2,1,0.026411435174832316,1000.0264114351749,0.002641143517485034,16.59280557672345,0.00016937742707487475,False
3970,5,4,4,0,0.047005708454157955,1000.0470057084541,0.0047005708454094025,1000000000000.0,0.0,False
3971,5,5,4,1,0.018678201213457632,1000.0186782012134,0.001867820121344721,61.85025667607695,3.069535320037176e-05,False
3972,5,5,3,2,0.0203445710114629,1000.0203445710114,0.002034457101137832,7.093380839840052,0.00032167422831188934,False
3973,5,5,3,2,0.026410846676564022,1000.0264108466765,0.002641084667652649,10.26275631557629,0.00024596631979733507,False
3974,5,5,3,2,0.02177313932280356,1000.0217731393229,0.0021773139322931456,9.282312963744591,0.00016645645588369006,False
3975,5,4,1,3,0.0010880524162151873,1000.0010880524162,0.00010880524162075745,1.4367490645244616,0.0001727291613545762,False
3976,5,3,1,2,0.021792258744903446,1000.0217922587449,0.0021792258744881107,8.942290105216832,0.0002743758257734384,False
3977,5,5,0,5,-0.004215529279450834,999.9957844707205,-0.0004215529279463226,0.0,0.0004215529279463226,True
3978,5,5,3,2,0.02681306018742706,1000.0268130601875,0.002681306018746454,10.468341731424486,0.00020231421949574722,False
3979,5,3,2,1,0.02786590146605519,1000.0278659014659,0.002786590146592971,14.622357847826217,0.00020455494338730406,False
3980,5,5,2,3,0.02670423630931051,1000.0267042363093,0.002670423630934238,11.437881453334638,0.00025583324337427176,False
3981,5,3,2,1,0.026246685066269267,1000.0262466850663,0.002624668506632588,15.03997269220765,0.0001869373089760087,False
3982,5,5,1,4,-0.0005038010792679161,999.9994961989206,-5.038010793896319e-05,0.8702410101919681,0.0002102512043961724,True
3983,5,5,3,2,0.01259290749605541,1000.012592907496,0.001259290749601405,7.5510390414780755,0.0001922257341564298,False
3984,5,5,2,3,0.024446162088841795,1000.0244461620889,0.002444616208890693,7.481002164384903,0.00037718660884842237,False
3985,5,5,2,3,0.018853600828976795,1000.018853600829,0.0018853600828947492,5.992406447108609,0.0003776370049260883,False
3986,5,4,2,2,0.026935851158580878,1000.0269358511586,0.0026935851158555123,22.459473395079318,0.00011298117684768586,False
3987,5,5,4,1,0.05365510279787364,1000.0536551027978,0.005365510279784757,35.868205588022626,0.00015387619241536264,False
3988,5,4,3,1,0.005221999683243429,1000.0052219996833,0.0005221999683271861,16.155726199442924,3.445562168735705e-05,False
3989,5,5,2,3,0.0005863274022255791,1000.0005863274023,5.86327402288589e-05,1.1291416466959614,0.0004093226014447282,False
3990,5,5,3,2,0.0499558017978956,1000.0499558017979,0.004995580179786429,22.34936609550821,0.00023397973146578474,False
3991,5,5,4,1,0.09502784173270273,1000.0950278417328,0.009502784173275812,99.33008820637266,9.66347872876656e-05,False
3992,5,4,2,2,0.005657149607586312,1000.0056571496077,0.0005657149607714018,23.06262196952004,1.3759700523185338e-05,False
3993,5,5,2,3,0.02072304410884328,1000.020723044109,0.0020723044108990505,4.942176651583952,0.0002703221227681387,False
3994,5,4,1,3,0.02045091846073834,1000.0204509184607,0.0020450918460710454,7.583501917177278,0.00031063159031231304,False
3995,5,4,1,3,0.01815116685294667,1000.0181511668529,0.0018151166852931055,4.755284333314833,0.000483338891357358,False
3996,5,5,4,1,0.03509626807958733,1000.0350962680797,0.00350962680796556,26.532258596996318,0.00013745841870499006,False
3997,5,5,4,1,0.04491553041274895,1000.0449155304128,0.004491553041282259,22.728347703851387,0.0002067042947546924,False
3998,5,5,2,3,0.019360333526549527,1000.0193603335265,0.0019360333526492466,4.687518053116359,0.0002964752985431977,False
3999,5,4,1,3,0.017143556123230277,1000.0171435561231,0.001714355612307372,3.8110627956688155,0.0006098603044392803,False
4000,5,5,3,2,0.04883203182781351,1000.0488320318278,0.004883203182782836,14.165558445798233,0.000201250136230917,False
4001,5,5,1,4,0.01374511682242538,1000.0137451168225,0.0013745116822519777,2.6404758990057933,0.0006878269391725183,False
4002,5,5,2,3,0.039762359468106655,1000.0397623594681,0.003976235946811357,7.589110368979496,0.00042412442315557705,False
4003,5,5,3,2,0.06782278912276403,1000.0678227891227,0.006782278912271522,26.665208920989002,0.0002642534823330667,False
4004,5,5,2,3,0.022194299908926553,1000.0221942999087,0.002219429990873323,4.4000520272972485,0.0006527447899684998,False
4005,5,5,3,2,0.02467625786033389,1000.0246762578603,0.0024676257860278385,6.534994616984445,0.0003737393165579306,False
4006,5,4,2,2,0.046904641976616354,1000.0469046419767,0.004690464197665278,24.035461212803703,0.00012766190631510136,False
4007,5,4,1,3,-0.003137603144820532,999.9968623968552,-0.00031376031447507554,0.5563946399058382,0.00038235233662358965,True
4008,5,4,2,2,0.04051458080665952,1000.0405145808066,0.004051458080664361,6.841484242153902,0.0006935501043512515,False
4009,5,5,5,0,0.03792788991146417,1000.0379278899114,0.0037927889911429703,1000000000000.0,0.0,False
4010,5,5,1,4,0.019050068435918423,1000.019050068436,0.001905006843594492,5.6023239459315475,0.0002530661695232084,False
4011,5,5,1,4,0.0161925437350538,1000.016192543735,0.0016192543734973696,3.2104417013462747,0.0005696405892422262,False
4012,5,5,3,2,0.04861961583527091,1000.0486196158353,0.004861961583526408,17.54093739952863,0.00029393357017605163,False
4013,5,5,2,3,0.04129541518268973,1000.0412954151827,0.0041295415182730725,8.263876243383153,0.0002725536636286421,False
4014,5,4,2,2,0.023871665540627342,1000.0238716655407,0.002387166554069609,5.815639841176372,0.00029902934880965404,False
4015,5,5,1,4,0.01407380785747822,1000.0140738078574,0.0014073807857357679,2.591364798387996,0.0006131271343747357,False
4016,5,4,3,1,0.023815687821336674,1000.0238156878213,0.0023815687821297613,52.896129908883935,4.589105040881484e-05,False
4017,5,5,1,4,-0.004955349667505141,999.9950446503325,-0.0004955349667511655,0.05027131576459179,0.0004955349667511655,True
4018,5,4,2,2,0.0016843148844141002,1000.0016843148843,0.0001684314884300875,1.349698057345961,0.0003302236263380109,False
4019,5,5,2,3,0.042649966389111206,1000.042649966389,0.0042649966389035395,13.073171707555568,0.0003532460055070178,False
4020,5,5,4,1,0.0074950121748811405,1000.0074950121749,0.0007495012174899785,6.5756417758765,0.00013442301759472095,False
4021,5,5,3,2,0.024124944189518327,1000.0241249441896,0.0024124944189566123,17.466362814245926,0.00013904451503152308,False
4022,5,5,5,0,0.03362841095967666,1000.0336284109597,0.0033628410959749997,1000000000000.0,0.0,False
4023,5,5,3,2,0.029713472911694315,1000.0297134729116,0.0029713472911566895,8.014308899561453,0.0002587465586890382,False
4024,5,5,1,4,0.018839176709578145,1000.0188391767095,0.0018839176709548155,4.872872654099719,0.0004864278236571154,False
4025,5,5,5,0,0.06071396306904651,1000.0607139630691,0.006071396306913357,1000000000000.0,0.0,False
4026,5,4,0,4,-0.004950601718024177,999.9950493982819,-0.0004950601718064718,0.0,0.0004950601718064718,True
4027,5,5,4,1,0.01093427597056484,1000.0109342759705,0.0010934275970498676,5.837976631774423,0.00022600927625262556,False
4028,5,5,1,4,0.0002485800449807012,1000.000248580045,2.4858004496763898e-05,1.0473261504246278,0.0005252488164614989,False
4029,5,5,4,1,0.05028396837821352,1000.0502839683782,0.005028396837815308,25.75907260181784,0.00020308731638113856,False
4030,5,4,2,2,0.02520949270954635,1000.0252094927097,0.002520949270967776,16.67881608578082,0.00016078328871249405,False
4031,5,5,3,2,0.031025138453633527,1000.0310251384537,0.0031025138453742327,12.397248750278496,0.00017497012529247948,False
4032,5,5,0,5,-0.003623447623087626,999.9963765523769,-0.00036234476231129516,0.0,0.00036234476231129516,True
4033,5,4,2,2,0.02758588712146895,1000.0275858871215,0.002758588712151777,20.617155091010893,8.264666218095348e-05,False
4034,5,4,2,2,0.02005015524407737,1000.020050155244,0.002005015524400733,6.039350909035007,0.000271461832624676,False
4035,5,4,0,4,-0.004372313298005796,999.995627686702,-0.00043723132979494033,0.0,0.00043723132979494033,True
4036,5,4,4,0,0.0329638614467237,1000.0329638614468,0.003296386144677399,1000000000000.0,0.0,False
4037,5,5,1,4,-0.0013472065999283486,999.9986527934001,-0.00013472065999167173,0.7756878977847612,0.0006005947011431089,True
4038,5,5,3,2,0.04480962906561166,1000.0448096290658,0.004480962906575314,11.715246029919602,0.00041817480902236207,False
4039,5,5,4,1,0.03736050699387746,1000.0373605069939,0.0037360506993877607,22.639854170037992,0.00017264675954038468,False
4040,5,5,4,1,0.017030402034656854,1000.0170304020346,0.0017030402034606596,30.885121969268,5.6985933781458295e-05,False
4041,5,4,2,2,0.007971152175438125,1000.0079711521754,0.0007971152175400675,17.30258076369249,4.8894796478566785e-05,False
4042,5,5,2,3,0.025953054281429435,1000.0259530542816,0.002595305428155825,7.75270073525537,0.0003397460314545242,False
4043,5,5,2,3,0.04482238264592515,1000.0448223826461,0.004482238264608895,14.010074708078776,0.00022807333175121344,False
4044,5,5,4,1,0.0472647987953233,1000.0472647987954,0.004726479879536782,55.30782352159307,8.703116066356068e-05,False
4045,5,5,1,4,0.0177242512434536,1000.0177242512435,0.0017724251243521395,5.043050836712528,0.0003245372172238996,False
4046,5,4,2,2,0.0012101737672449374,1000.0012101737672,0.00012101737671628142,1.2943421850536414,0.0004041687409085171,False
4047,5,4,2,2,0.0036150028058027648,1000.0036150028059,0.0003615002805872791,1.8925252177873702,0.00025222081136462294,False
4048,5,5,0,5,-0.0034554469339089433,999.9965445530661,-0.00034554469339127537,0.0,0.00034554469339127537,True
4049,5,3,1,2,0.0004122137388674371,1000.0004122137389,4.122137388549163e-05,1.107429361699617,0.00038370677470993546,False
4050,5,5,4,1,0.04957604721056613,1000.0495760472106,0.004957604721062126,23.468680266377064,0.000220639027398547,False
4051,5,5,2,3,0.04300414387791898,1000.043004143878,0.004300414387796536,16.468994948814906,0.0001970973703781107,False
4052,5,5,4,1,0.03100056028373948,1000.0310005602838,0.003100056028381459,31.28664883355774,0.0001023566825614852,False
4053,5,5,1,4,0.01559619937418141,1000.0155961993742,0.001559619937415846,3.1669978699880508,0.0004255000611919968,False
4054,5,5,4,1,0.056538437107069975,1000.0565384371072,0.005653843710717865,62.53201439319213,9.188194628313486e-05,False
4055,5,5,3,2,0.010740082732303346,1000.0107400827324,0.0010740082732354495,3.8725463628436536,0.0002167717439367882,False
4056,5,5,3,2,0.02787511696498121,1000.0278751169651,0.0027875116965105917,13.054212280128896,0.0001447478396553023,False
4057,5,5,3,2,0.04436325412995525,1000.04436325413,0.0044363254129962115,13.815367652050183,0.0003461636536125382,False
4058,5,5,1,4,0.022200117326835075,1000.0222001173267,0.0022200117326747204,14.379089998496454,0.00016592748581102047,False
4059,5,5,0,5,-0.007525509757358845,999.9924744902426,-0.0007525509757442705,0.0,0.0007525509757442705,True
4060,5,5,2,3,0.00600148053611009,1000.006001480536,0.0006001480536042437,3.6535729704410307,0.0002198019055072109,False
4061,5,5,2,3,-0.00032258622017577424,999.9996774137796,-3.225862203635188e-05,0.9444667896410814,0.0003710849320441412,True
4062,5,4,2,2,0.007759116239202527,1000.0077591162392,0.0007759116239185458,3.4191231296333453,0.00032073733885354914,False
4063,5,5,2,3,0.00023572623816006926,1000.0002357262382,2.3572623820200534e-05,1.0356949176719905,0.00033780726039367437,False
4064,5,5,1,4,0.0149515816861292,1000.0149515816861,0.001495158168609123,2.6156150636445803,0.0009254196815460445,False
4065,5,5,3,2,0.028409757791746964,1000.0284097577918,0.002840975779179189,10.184090270261045,0.00019323035366831975,False
4066,5,5,1,4,-0.005437196637320267,999.9945628033627,-0.0005437196637330999,0.02101643604389954,0.0005437196637330999,True
4067,5,4,1,3,0.00232715034229168,1000.0023271503421,0.00023271503421256056,2.1738290683136436,0.0001982529147767309,False
4068,5,5,0,5,-0.0075705510370400065,999.992429448963,-0.0007570551037019869,0.0,0.0007570551037019869,True
4069,5,4,3,1,0.0510013401813972,1000.0510013401814,0.005100134018141488,17.160617825405257,0.00031557319645328857,False
4070,5,3,0,3,-0.005991221420482381,999.9940087785795,-0.0005991221420458715,0.0,0.0005991221420458715,True
4071,5,5,3,2,0.04405104473585967,1000.0440510447359,0.004405104473585197,11.845405239391802,0.000377245531935023,False
4072,5,4,1,3,-0.004770038199027617,999.9952299618011,-0.00047700381988988736,0.10267460707905775,0.00047700381988988736,True
4073,5,4,3,1,0.022674791800168383,1000.0226747918002,0.0022674791800227465,10.767345635778865,0.00023214316226720478,False
4074,5,3,1,2,0.0032462229415858848,1000.0032462229416,0.0003246222941584165,4.505941339021973,9.259204954332746e-05,False
4075,5,5,2,3,0.023580033385393624,1000.0235800333855,0.0023580033385542263,5.310037491585091,0.0005470822934427731,False
4076,5,4,1,3,0.022370756995715068,1000.0223707569958,0.0022370756995769626,8.427257530832987,0.00017596036141185323,False
4077,5,5,4,1,0.011239950348129312,1000.0112399503481,0.0011239950348112871,8.605297972373183,0.00014778978009582448,False
4078,5,4,3,1,0.048685737890073987,1000.0486857378902,0.004868573789019593,17.003997499761827,0.00030420873663807366,False
4079,5,5,0,5,-0.005882018809670033,999.9941179811904,-0.0005882018809643341,0.0,0.0005882018809643341,True
4080,5,5,1,4,-0.0023796522610903537,999.9976203477389,-0.00023796522610837202,0.6100502103588783,0.0006102435404131401,True
4081,5,3,1,2,-0.0031805011193513466,999.9968194988807,-0.0003180501119345536,0.00485659204208551,0.0003180501119345536,True
4082,5,5,4,1,0.0313058632868084,1000.0313058632867,0.0031305863286661406,115.03564168734688,2.74526827456701e-05,False
4083,5,5,3,2,0.04267251184447989,1000.0426725118444,0.004267251184444376,12.344752506749682,0.00020904824454792586,False
4084,5,4,2,2,0.0024554536259067308,1000.0024554536259,0.0002455453625884729,1.6646908742660076,0.0002573550773149691,False
4085,5,5,3,2,0.05092831118215428,1000.0509283111822,0.005092831118224695,105.44579656347479,4.87594077821724e-05,False
4086,5,5,1,4,-0.006668771736436438,999.9933312282635,-0.0006668771736485724,0.09551584479205036,0.0006668771736485724,True
4087,5,5,3,2,0.023816571138795616,1000.0238165711387,0.0023816571138695506,8.359441691865811,0.0002548483529538498,False
4088,5,5,0,5,-0.0117667592501363,999.9882332407499,-0.001176675925012205,0.0,0.001176675925012205,True
4089,5,5,2,3,0.018840426107052565,1000.018840426107,0.0018840426106976338,4.783375238519255,0.0004979674682652785,False
4090,5,4,2,2,0.022264929660017075,1000.0222649296601,0.002226492966008209,5.287238265456672,0.00031122708748425077,False
4091,5,5,2,3,0.02514608908784466,1000.0251460890879,0.0025146089087911606,8.271467834547945,0.0003458087197029478,False
4092,5,5,5,0,0.026922835801316415,1000.0269228358011,0.0026922835801087785,1000000000000.0,0.0,False
4093,5,4,1,3,-0.004258435531183946,999.9957415644687,-0.00042584355312555997,0.03844693180430403,0.00042584355312555997,True
4094,5,5,0,5,-0.005746607334526279,999.9942533926654,-0.0005746607334572218,0.0,0.0005746607334572218,True
4095,5,5,1,4,-0.005306942320209133,999.9946930576798,-0.0005306942320203234,0.09073724997973699,0.0005836533301362579,True
4096,5,5,3,2,0.050333166733660825,1000.0503331667336,0.005033316673359422,54.43968798360184,9.418686491926564e-05,False
4097,5,5,2,3,6.072387244529867e-05,1000.0000607238726,6.07238725933712e-06,1.013265684380539,0.00023915889042267863,False
4098,5,5,2,3,0.01921508304539579,1000.0192150830454,0.0019215083045423854,5.589034308356608,0.0002924984313381174,False
4099,5,5,2,3,0.002185247802969117,1000.002185247803,0.00021852478030268686,1.9429183629312035,0.0001942411719928526,False
4100,5,5,3,2,0.006394249776754992,1000.0063942497767,0.0006394249776690231,2.4620677462648977,0.0004373400462851449,False
4101,5,5,2,3,0.02330008252212717,1000.023300082522,0.0023300082522041523,5.397125628038705,0.000358139716183814,False
4102,5,4,2,2,0.023248063420076123,1000.0232480634202,0.0023248063420169274,6.2907765106685485,0.00043939525255640784,False
4103,5,4,3,1,0.04894390344177405,1000.0489439034417,0.004894390344168186,52.479735190092,9.506937311128023e-05,False
4104,5,5,2,3,0.0006215929837981929,1000.0006215929837,6.215929837480872e-05,1.0684395247647682,0.0009082335119178069,False
4105,5,5,1,4,-0.0032947157872611115,999.9967052842128,-0.00032947157872058596,0.515345238969732,0.0005380281107039221,True
4106,5,4,4,0,0.056000728817100436,1000.056000728817,0.0056000728817025445,1000000000000.0,0.0,False
4107,5,5,0,5,-0.010062522804971469,999.989937477195,-0.0010062522805014851,0.0,0.0010062522805014851,True
4108,5,5,4,1,0.011622365693828674,1000.0116223656938,0.0011622365693824577,8.252608783131427,0.00016025082892383581,False
4109,5,3,1,2,0.022024942949378793,1000.0220249429493,0.0022024942949315117,13.049155075809123,0.00018279242661947137,False
4110,5,5,3,2,0.011108322418855223,1000.0111083224189,0.0011108322418863282,7.085188482192182,0.00018254607141329947,False
4111,5,3,0,3,-0.0037519050771251316,999.9962480949229,-0.0003751905077137962,0.0,0.0003751905077137962,True
4112,5,5,1,4,0.0005651437084043014,1000.0005651437084,5.6514370839977346e-05,1.1571676521820715,0.0003595801684127764,False
4113,5,5,2,3,0.02374256657455445,1000.0237425665747,0.0023742566574696863,7.973793731413832,0.0002655052358370564,False
4114,5,4,3,1,0.028218376764128927,1000.0282183767641,0.002821837676412997,99.13092637796466,2.8755836710277345e-05,False
4115,5,4,1,3,0.020905016336873347,1000.0209050163369,0.002090501633688291,7.9347267017450065,0.0003014540765093443,False
4116,5,4,2,2,0.021353646199983933,1000.0213536461999,0.0021353646199941067,9.01662545386366,0.0002319509092847215,False
4117,5,5,2,3,0.021325560230610423,1000.0213255602306,0.002132556023059351,7.276361521155369,0.0002888529267124795,False
4118,5,5,1,4,0.0015531289498985064,1000.0015531289499,0.00015531289499222113,1.366813573698163,0.0004234109807384812,False
4119,5,4,2,2,0.003274099080563888,1000.0032740990806,0.00032740990806132684,1.9624386922183144,0.00021781943468125503,False
4120,5,5,1,4,0.021323119805074748,1000.0213231198051,0.0021323119805060744,9.537132113827822,0.00024976317104181007,False
4121,5,5,2,3,0.005829398326212473,1000.0058293983262,0.000582939832622742,2.7964941854342014,0.0003220777845372,False
4122,5,5,3,2,0.07138809443380853,1000.0713880944338,0.0071388094433814326,60.58883935723336,0.00011979536660145468,False
4123,5,5,2,3,0.006155417734700968,1000.0061554177346,0.0006155417734589718,2.648026230990793,0.00019583959339645153,False
4124,5,2,1,1,0.004228697537603503,1000.0042286975375,0.00042286975375418475,802.4332251304882,5.276396733980896e-07,False
4125,5,3,2,1,0.004050331041361733,1000.0040503310414,0.0004050331041412392,3.2546820494787583,0.00017964067902705145,False
4126,5,5,2,3,0.043614013952944876,1000.0436140139528,0.004361401395283337,10.619328418336405,0.0002905174253976241,False
4127,5,5,3,2,0.049750876650054524,1000.0497508766501,0.004975087665013689,18.417295273624024,0.00016627739778598476,False
4128,5,5,2,3,0.018611922332038146,1000.0186119223321,0.0018611922332070208,5.593554760596841,0.0003122857278380115,False
4129,5,3,0,3,-0.002918244716658106,999.9970817552834,-0.00029182447166249404,0.0,0.00029182447166249404,True
4130,5,5,2,3,0.006277645264880649,1000.0062776452648,0.0006277645264844978,2.79365659497861,0.00034998805808894546,False
4131,5,3,2,1,0.007035154585655165,1000.0070351545857,0.000703515458565107,4.811189025369788,0.00018459150965376305,False
4132,5,3,2,1,0.027824089022853864,1000.0278240890228,0.0027824089022828956,24.35729125227849,0.00011912378332681328,False
4133,5,5,3,2,0.050229817290857744,1000.0502298172909,0.005022981729086951,27.642652446555715,0.00018852640202708716,False
4134,5,5,2,3,0.024459158548268103,1000.0244591585482,0.0024459158548211235,6.31881591287039,0.00030621507397705916,False
4135,5,4,2,2,0.041326247782355816,1000.0413262477823,0.00413262477823082,8.918399555004333,0.0002833111509175978,False
4136,5,3,0,3,-0.005946466496960945,999.9940535335031,-0.0005946466496880021,0.0,0.0005946466496880021,True
4137,5,4,1,3,0.01911763124675862,1000.0191176312468,0.0019117631246786003,4.218824448498871,0.000320974650230845,False
4138,5,4,1,3,0.01814195073662096,1000.0181419507365,0.0018141950736549005,4.666219136462333,0.0003284001171323325,False
4139,5,4,2,2,0.02599996401594474,1000.0259999640159,0.0025999964015909426,15.37376567309895,0.00018087981674019983,False
4140,5,5,3,2,-0.0014543825958416778,999.9985456174041,-0.00014543825958526213,0.48730481992532493,0.00023341189565826426,True
4141,5,5,3,2,0.03028888282083997,1000.0302888828207,0.003028888282074149,12.77326565658977,0.0002572661613025927,False
4142,5,5,4,1,0.05545634948397296,1000.055456349484,0.005545634948396127,30.769702870488025,0.00018628023302975027,False
4143,5,5,1,4,0.013793099996982482,1000.013793099997,0.0013793099996973978,2.434543485865079,0.0007282303511366783,False
4144,5,5,3,2,0.02810502643768295,1000.0281050264376,0.0028105026437629022,11.986779273408889,0.00018806446598022632,False
4145,5,5,3,2,0.031406355304041886,1000.0314063553041,0.0031406355304056882,27.15878252006872,6.019602929719184e-05,False
4146,5,5,3,2,0.025318023673622094,1000.0253180236737,0.002531802367366254,10.512360937578055,0.000258603076053987,False
4147,5,4,0,4,-0.005894820931943323,999.9941051790681,-0.0005894820931871437,0.0,0.0005894820931871437,True
4148,5,5,4,1,0.03532423435403484,1000.0353242343541,0.0035324234354106917,28.141048158492236,0.00013014653109859307,False
4149,5,5,2,3,0.0010201518485842918,1000.0010201518487,0.00010201518487065187,1.217562717452836,0.00037537803688110217,False
4150,5,4,2,2,0.02430205588893585,1000.024302055889,0.00243020558890521,7.531248615906172,0.00037208792094631346,False
4151,5,5,3,2,0.02702124390761777,1000.0270212439076,0.0027021243907597633,8.166432359003064,0.00037705155208136835,False
4152,5,5,2,3,0.02239594769259784,1000.0223959476925,0.0022395947692530173,5.8525547417557515,0.0003324078754043458,False
4153,5,5,3,2,0.048494823339679326,1000.0484948233398,0.004849482333975174,17.803092306289198,0.00017829953794361205,False
4154,5,5,2,3,0.020513282833244887,1000.0205132828331,0.002051328283312159,8.632171350658533,0.00025245203515851246,False
4155,5,4,2,2,0.028678262277397892,1000.0286782622774,0.0028678262277367136,27.815200133156974,8.704486758522357e-05,False
4156,5,5,3,2,0.05175304076377224,1000.0517530407639,0.0051753040763856005,17.92068052099505,0.00021662061683552178,False
4157,5,5,2,3,-0.001186000025769645,999.9988139999743,-0.00011860000256547211,0.8044604880908047,0.0006065245703005023,True
4158,5,5,3,2,0.005893375994784048,1000.0058933759946,0.0005893375994560302,3.3531852729301694,0.0002488723712608483,False
4159,5,5,3,2,0.06499247759122694,1000.0649924775912,0.0064992477591204086,15.069071301552283,0.0004619423846002402,False
4160,5,5,4,1,0.0709468428809398,1000.070946842881,0.007094684288097142,21.387853293250203,0.0003479599441545498,False
4161,5,5,3,2,0.04290082222719126,1000.0429008222272,0.004290082222723868,15.806714108682831,0.00022330636498963942,False
4162,5,4,3,1,0.05110047901273772,1000.0511004790127,0.005110047901268899,30.938312452972465,0.0001706811762473571,False
4163,5,5,3,2,0.023669840224932966,1000.023669840225,0.0023669840225011285,5.329460918129997,0.00028364820447869467,False
4164,5,5,0,5,-0.008423244518020087,999.991576755482,-0.000842324451798504,0.0,0.000842324451798504,True
4165,5,4,3,1,0.04765451805233446,1000.0476545180522,0.0047654518052240745,27.932549870387973,0.000176940238793577,False
4166,5,5,3,2,0.0698731818855581,1000.0698731818856,0.006987318188555492,21.73371638013955,0.0002735069283403391,False
4167,5,5,3,2,0.004564536657210023,1000.0045645366572,0.00045645366571989143,3.967983997112769,0.00010628324983327234,False
4168,5,3,2,1,0.02852420101584238,1000.0285242010158,0.0028524201015784454,44.184897054674494,6.6051334988515e-05,False
4169,5,3,3,0,0.02768529948491329,1000.027685299485,0.0027685299485028735,1000000000000.0,0.0,False
4170,5,5,4,1,0.03072435270664072,1000.0307243527067,0.003072435270667029,20.359655855358717,0.00015869861450142013,False
4171,5,5,2,3,0.020828600804866083,1000.0208286008047,0.0020828600804748023,5.668028277041124,0.00022187396419313794,False
4172,5,4,3,1,0.006979401751441501,1000.0069794017516,0.000697940175155054,12.311557396026972,6.170126466095386e-05,False
4173,5,5,4,1,0.054989750224505037,1000.0549897502245,0.005498975022453578,36.66620735338008,0.0001541735799053994,False
4174,5,4,3,1,0.029105393369597835,1000.0291053933696,0.0029105393369604827,11.634483907190754,0.0002736801039960917,False
4175,5,5,1,4,-0.005512297227706096,999.9944877027722,-0.0005512297227824092,0.4318524248626088,0.0009702187200866914,True
4176,5,5,4,1,0.034070381545770155,1000.0340703815458,0.0034070381545802777,14.101960127940512,0.0002600403391056716,False
4177,5,4,2,2,0.043081054278980305,1000.043081054279,0.00430810542790141,9.384987124768816,0.0002637374911159895,False
4178,5,5,2,3,0.04074438236279224,1000.0407443823627,0.004074438236273181,7.243423959029622,0.00033186221119861165,False
4179,5,4,4,0,0.014758513961392085,1000.0147585139614,0.0014758513961396602,1000000000000.0,0.0,False
4180,5,5,1,4,-0.002056392473599386,999.9979436075265,-0.00020563924734915418,0.6701583934683456,0.0006234458725328109,True
4181,5,4,2,2,0.02546853118264371,1000.0254685311826,0.002546853118258241,13.193174326411038,0.0002088705199116292,False
4182,5,5,2,3,-0.0013831908548054925,999.9986168091451,-0.00013831908548809222,0.7433558264852271,0.00041480508025563257,True
4183,5,4,2,2,0.0453241435082975,1000.0453241435083,0.004532414350831004,12.431589348465806,0.00020258383659557309,False
4184,5,4,1,3,0.02149927548966081,1000.0214992754898,0.0021499275489759383,7.359887131001402,0.0003380449219662296,False
4185,5,5,4,1,0.05152225939079189,1000.0515222593907,0.005152225939070831,35.984389860511286,0.00014726810932013347,False
4186,5,3,1,2,-0.001305706988379003,999.9986942930117,-0.0001305706988318889,0.7842491341814191,0.0006051920039453762,True
4187,5,5,2,3,0.00338794080941361,1000.0033879408093,0.00033879408092616357,1.6350362594983023,0.0005106076580977192,False
4188,5,4,2,2,0.020798610253246533,1000.0207986102533,0.0020798610253336845,8.551373636582618,0.00027542814981866386,False
4189,5,5,0,5,-0.006616334684962779,999.9933836653149,-0.0006616334685077163,0.0,0.0006616334685077163,True
4190,5,4,3,1,0.07172019702704405,1000.071720197027,0.007172019702704802,105.25656676197919,6.878703807710504e-05,False
4191,5,5,2,3,0.0208798861757199,1000.0208798861756,0.0020879886175634967,4.8118104322573245,0.00048520446824795727,False
4192,5,4,0,4,-0.006097287367457451,999.9939027126326,-0.0006097287367424542,0.0,0.0006097287367424542,True
4193,5,5,2,3,0.02380314091623651,1000.0238031409162,0.0023803140916243137,4.865972618432471,0.00028287902808870057,False
4194,5,5,2,3,0.0008831162080711438,1000.000883116208,8.83116208001411e-05,1.1215426048963943,0.00048106636598959084,False
4195,5,5,3,2,0.02509690808979327,1000.0250969080898,0.002509690808983578,12.46453027069118,0.00018197204623220385,False
4196,5,5,2,3,0.02394040309684617,1000.0239404030968,0.002394040309684442,9.154793690100016,0.0001640885444770232,False
4197,5,5,1,4,0.01716880844027002,1000.0171688084401,0.0017168808440146677,3.820715129327957,0.00034675678655275987,False
4198,5,5,2,3,0.025957970077718905,1000.0259579700777,0.0025957970077683966,11.089566133863515,0.0002535215042826167,False
4199,5,4,2,2,0.0036751641613908723,1000.0036751641613,0.0003675164161336397,2.5461792528099862,0.00023769184022291755,False
4200,5,5,2,3,-3.406860349590467e-06,999.9999965931396,-3.4068604009007687e-07,0.9992923108669827,0.0004809118140936379,True
4201,5,4,2,2,0.0038472086986107708,1000.0038472086985,0.00038472086985166245,2.9504390000273446,0.00019037306913105567,False
4202,5,5,2,3,-0.0003409509635657617,999.9996590490365,-3.4095096350483796e-05,0.9334450465567217,0.00030547443333893534,True
4203,5,4,2,2,0.021368918611299696,1000.0213689186114,0.002136891861141521,10.412042704385732,0.0002270326872467825,False
4204,5,5,2,3,0.04275604195705636,1000.0427560419571,0.004275604195709093,11.366345187675675,0.00041243115920864876,False
4205,5,5,1,4,-0.0004915747165296588,999.9995084252835,-4.9157471653416e-05,0.867398823846659,0.0002247995722086671,True
4206,5,4,3,1,0.053172534436762856,1000.0531725344368,0.005317253443683967,565.9049831657536,9.412149625573955e-06,False
4207,5,5,4,1,0.0020567091021689524,1000.0020567091022,0.00020567091022485328,1.8497317947753535,0.00024204122981703305,False
4208,5,5,1,4,0.014702782164327164,1000.0147027821642,0.0014702782164249585,3.07894936179798,0.0007072217551126414,False
4209,5,3,2,1,0.0011845951253364338,1000.0011845951254,0.00011845951254372266,2.2247393375105027,9.672201585837623e-05,False
4210,5,4,2,2,0.026754875651983184,1000.026754875652,0.0026754875652045484,13.796032878239533,0.0002090872687290357,False
4211,5,3,1,2,0.018753264136106947,1000.0187532641361,0.001875326413608036,5.671599198100153,0.000401422219338836,False
4212,5,5,1,4,0.017467351014257327,1000.0174673510141,0.0017467351014147426,3.5757362158660526,0.00048369651407435084,False
4213,5,5,2,3,0.00015458912902927653,1000.000154589129,1.545891290106738e-05,1.032303477346473,0.0002687423465090433,False
4214,5,5,3,2,0.053718510445853844,1000.0537185104457,0.00537185104457194,38.13758583988245,0.0001446400828340261,False
4215,5,5,4,1,0.0723915287034104,1000.0723915287035,0.007239152870351973,26.844135619685424,0.0002800870838505575,False
4216,5,4,2,2,0.025386850928886227,1000.0253868509288,0.002538685092883952,7.145083712529398,0.0003503710619305204,False
4217,5,5,1,4,-0.0015840867535740007,999.9984159132465,-0.00015840867534961943,0.7347239160477551,0.00039316368857953424,True
4218,5,5,4,1,0.05116156766923863,1000.0511615676694,0.00511615676693964,168.57052426751017,3.053136456401262e-05,False
4219,5,4,1,3,0.02264047623370836,1000.0226404762337,0.002264047623373244,9.602923985234739,0.00021260636792703736,False
4220,5,5,4,1,0.009329751343881573,1000.009329751344,0.0009329751344012038,6.827440946227987,0.00016009857811352137,False
4221,5,4,2,2,0.0060354391574014175,1000.0060354391575,0.0006035439157471956,3.248537929667924,0.000268414809242633,False
4222,5,4,2,2,-0.0028915704766702254,999.9971084295235,-0.00028915704765495324,0.10772947403450366,0.00032406878425245725,True
4223,5,4,3,1,0.01972314817757868,1000.0197231481775,0.0019723148177490657,6.582906708994563,0.00035326919356864437,False
4224,5,5,5,0,0.07957599387011581,1000.0795759938701,0.007957599387009396,1000000000000.0,0.0,False
4225,5,4,3,1,0.031185688448598786,1000.0311856884487,0.0031185688448658764,35.44447006639164,9.053646639963825e-05,False
4226,5,4,1,3,0.020049470873932464,1000.0200494708739,0.0020049470873914287,7.289005756250353,0.0003188019164099387,False
4227,5,5,2,3,0.023638242259833027,1000.0236382422598,0.002363824225983535,5.382949547309063,0.00033948922896938805,False
4228,5,4,3,1,0.05136496176648163,1000.0513649617665,0.005136496176646688,71.42297603742693,7.293427136220043e-05,False
4229,5,4,2,2,0.0060408926064355285,1000.0060408926065,0.0006040892606506531,3.1374739090009007,0.00023795337851879595,False
4230,5,5,3,2,0.06880099805683829,1000.0688009980569,0.006880099805687223,62.90117025344787,0.00011114142980621477,False
4231,5,5,3,2,0.005386986652537788,1000.0053869866525,0.0005386986652524683,2.4111016141614856,0.00030408052358734473,False
4232,5,5,1,4,-0.005198480160084945,999.9948015198399,-0.0005198480160061081,0.006216291874354121,0.0005198480160061081,True
4233,5,4,2,2,0.04385385747189862,1000.0438538574718,0.0043853857471845,14.738676795307168,0.0001618058569721061,False
4234,5,5,2,3,0.02362487067033958,1000.0236248706705,0.002362487067046004,5.263966071411767,0.00043302322225109176,False
4235,5,4,3,1,0.03152679525240016,1000.0315267952525,0.0031526795252489136,25.66184030022826,0.0001278321514529107,False
4236,5,5,1,4,0.01761816139099398,1000.017618161391,0.0017618161391055765,3.9168298161332045,0.0006040031710747236,False
4237,5,5,2,3,-0.003217836224612595,999.9967821637755,-0.0003217836224507664,0.1690879199745808,0.0003217836224507664,True
4238,5,5,3,2,0.06718506272144503,1000.0671850627214,0.0067185062721364375,33.57900451491471,0.00016833462962792919,False
4239,5,4,2,2,0.019583560817762295,1000.0195835608179,0.0019583560817864054,6.833431029322545,0.00030499135385317144,False
4240,5,4,2,2,0.025184759673076984,1000.025184759673,0.0025184759673038573,8.487750641664356,0.00021303939111021463,False
4241,5,5,2,3,0.00023149955465777763,1000.0002314995548,2.314995548431398e-05,1.030443184745136,0.0007604255028484378,False
4242,5,3,2,1,0.028643592552073154,1000.0286435925522,0.0028643592552157317,86.25539070032765,3.3596423945437785e-05,False
4243,5,5,4,1,0.03145598671139968,1000.0314559867114,0.0031455986711421244,6187.186497550448,5.08485804716327e-07,False
4244,5,5,3,2,0.04826485838752265,1000.0482648583875,0.00482648583874834,24.83030891290705,0.00020006099531957899,False
4245,5,5,3,2,0.031362379537943456,1000.031362379538,0.003136237953799537,12.38311232602051,0.00023482115951936893,False
4246,5,5,3,2,0.06578374558846438,1000.0657837455884,0.006578374558841914,15.274629017386205,0.00024776211033668006,False
4247,5,5,3,2,0.0322319615632357,1000.0322319615631,0.0032231961563070404,34.09479550500062,6.622372437672571e-05,False
4248,5,5,1,4,-0.003402430128285463,999.9965975698717,-0.00034024301282897795,0.10237181394494568,0.00034024301282897795,True
4249,5,5,1,4,-0.0035547052446115975,999.9964452947554,-0.0003554705244596335,0.263650242684526,0.0003554705244596335,True
4250,5,4,2,2,0.007844838565119526,1000.0078448385652,0.0007844838565233658,4.304665750622114,0.0002083136888893685,False
4251,5,5,3,2,0.046263231821489705,1000.0462632318214,0.004626323182139913,53.255473785433196,4.858594361394353e-05,False
4252,5,5,3,2,0.0265846955434177,1000.0265846955435,0.0026584695543533598,6.547851105268423,0.00041857597335604623,False
4253,5,4,1,3,0.02094689220333964,1000.0209468922034,0.0020946892203369317,8.140179334479535,0.0002933664719307672,False
4254,5,4,1,3,0.020732370132988124,1000.020732370133,0.002073237013303242,6.690584051040024,0.00024005438264111944,False
4255,5,5,2,3,0.04208992912096127,1000.0420899291208,0.004208992912083431,8.728585165423565,0.0002998503239600332,False
4256,5,4,3,1,0.006789682325633713,1000.0067896823257,0.0006789682325688773,4.960446922363891,0.00017143598807762455,False
4257,5,5,1,4,0.014438200835967883,1000.014438200836,0.0014438200836025318,2.9907229214312645,0.00039594691592134993,False
4258,5,5,1,4,0.019518317700861196,1000.0195183177009,0.0019518317700885745,5.955955796160173,0.0003303260887584391,False
4259,5,5,3,2,0.03304009980707312,1000.0330400998071,0.0033040099807067234,18.69721331832645,0.00018669010719198352,False
4260,5,5,3,2,0.03284044650614752,1000.0328404465062,0.0032840446506156697,18.972446342749482,9.396429891803313e-05,False
4261,5,5,3,2,0.06585930178253156,1000.0658593017826,0.006585930178255239,14.970159346724001,0.00047142842216771894,False
4262,5,5,3,2,0.047009174389353994,1000.0470091743894,0.004700917438935903,11.597493179354128,0.0004435753251399238,False
4263,5,5,2,3,0.024550236005716455,1000.0245502360058,0.002455023600577988,7.593096571181578,0.00037236275459235914,False
4264,5,5,5,0,0.10064977382237056,1000.1006497738224,0.010064977382239703,1000000000000.0,0.0,False
4265,5,5,3,2,0.04491274082004021,1000.0449127408201,0.004491274082010932,12.044503853941938,0.00040665240751422974,False
4266,5,5,3,2,0.031829974539317615,1000.0318299745394,0.003182997453939152,9.77340187351904,0.00018547981264999266,False
4267,5,5,4,1,0.0255039219773045,1000.0255039219775,0.002550392197747442,8.118084364358348,0.0003582975513040765,False
4268,5,4,2,2,0.04436722155081213,1000.0443672215507,0.0044367221550714936,12.296235174581126,0.00034379283130392684,False
4269,5,4,3,1,0.07071685606095815,1000.0707168560609,0.007071685606092615,83.28410366379653,8.594024661346039e-05,False
4270,5,5,2,3,0.0034169910421513617,1000.0034169910422,0.0003416991042172413,1.5479717278565506,0.00033176356128024055,False
4271,5,4,2,2,0.02436016580966119,1000.0243601658096,0.002436016580963951,8.935151724915416,0.00024507021215640633,False
4272,5,5,3,2,0.02687188769927984,1000.0268718876994,0.0026871887699371657,8.768835194247345,0.0003458931734950089,False
4273,5,5,2,3,0.0257163907569286,1000.0257163907569,0.0025716390756883815,9.255668005689794,0.00023972279082045133,False
4274,5,4,1,3,-0.0010266072059725993,999.998973392794,-0.0001026607205972141,0.8292511982281127,0.000601238307569929,True
4275,5,3,2,1,0.02770642958568484,1000.0277064295857,0.0027706429585691696,28.877906475358653,9.938256478833594e-05,False
4276,5,4,1,3,-0.00284329019419195,999.9971567098057,-0.00028432901942778696,0.07328625575011877,0.00028432901942778696,True
4277,5,5,3,2,0.05160926557038741,1000.0516092655703,0.005160926557027779,45.874690430009395,0.00011144068980965597,False
4278,5,4,1,3,0.0008776690346881195,1000.0008776690347,8.77669034707651e-05,1.3623060657209596,0.00024224519480640084,False
4279,5,5,3,2,0.0500565299654301,1000.0500565299654,0.005005652996544541,10.980129952916938,0.0002913305765841275,False
4280,5,5,3,2,0.023634118024952973,1000.0236341180249,0.002363411802491555,7.310089457621365,0.0003745346418573824,False
4281,5,5,3,2,0.028623739835980475,1000.0286237398359,0.0028623739835893502,14.171012994821327,0.00016425217953610626,False
4282,5,5,3,2,0.048853412031327634,1000.0488534120312,0.004885341203123517,27.597751168900786,0.00010775503324526632,False
4283,5,4,0,4,-0.003000788287300129,999.9969992117128,-0.0003000788287181422,0.0,0.0003000788287181422,True
4284,5,4,2,2,0.026695566607877266,1000.0266955666079,0.0026695566607941148,12.111465085190495,0.00021738069937745418,False
4285,5,3,2,1,0.0012642831263401796,1000.0012642831264,0.0001264283126374721,1.3534812432005732,0.0003576662176929956,False
4286,5,3,1,2,0.020517787684090353,1000.0205177876842,0.002051778768418444,10.655133417778488,0.00014023764401703502,False
4287,5,5,4,1,0.06954811429900983,1000.069548114299,0.0069548114298982,35.11279082644161,0.0002038769406226493,False
4288,5,5,1,4,0.019282126945404855,1000.0192821269453,0.0019282126945313395,4.116544517243978,0.0006187021182881836,False
4289,5,4,1,3,0.01706304088645819,1000.0170630408865,0.0017063040886455385,3.735257927381038,0.00034913785496534403,False
4290,5,5,3,2,0.030838414843404983,1000.0308384148434,0.003083841484340155,10.529415571192622,0.00032361175211772483,False
4291,5,5,2,3,0.02023937234468957,1000.0202393723447,0.002023937234469031,3.789564715078143,0.0007255216015799627,False
4292,5,5,0,5,-0.0040060078222864965,999.9959939921778,-0.000400600782222682,0.0,0.000400600782222682,True
4293,5,4,1,3,0.021113958030972282,1000.021113958031,0.0021113958031037327,6.688998936567056,0.00037112740076801086,False
4294,5,5,1,4,0.019447788684162477,1000.0194477886841,0.0019447788684146873,6.227681156868055,0.0003720155858900398,False
4295,5,5,3,2,0.027956764009331236,1000.0279567640094,0.002795676400944558,13.065785987955586,0.00022344833217949114,False
4296,5,4,0,4,-0.004608499970152229,999.9953915000299,-0.00046084999701179186,0.0,0.00046084999701179186,True
4297,5,5,1,4,0.018661372517297072,1000.0186613725173,0.0018661372517271956,5.4968268112283445,0.0002579570451075597,False
4298,5,5,3,2,0.02468679940211228,1000.0246867994022,0.002468679940216134,11.449114563771609,0.00017159683806085014,False
4299,5,5,4,1,0.05432997401470236,1000.0543299740148,0.005432997401476314,19.72344029036354,0.0002901613111872441,False
4300,5,5,1,4,0.0003342607846142582,1000.0003342607846,3.342607845979728e-05,1.0844267106840613,0.0003959182845164832,False
4301,5,5,2,3,0.006034130270352838,1000.0060341302703,0.0006034130270336391,2.3959305725915003,0.0002906653293094325,False
4302,5,5,4,1,0.07140824835645568,1000.0714082483565,0.007140824835653347,131.49075411058135,5.472029524020618e-05,False
4303,5,5,4,1,0.011766583123088323,1000.0117665831231,0.0011766583123062446,15.51201620703613,8.108130921843842e-05,False
4304,5,5,1,4,0.020227935479804168,1000.0202279354799,0.002022793547985202,5.532499134334409,0.0004462755634016838,False
4305,5,5,3,2,0.027166518057014578,1000.0271665180571,0.0027166518057128997,13.716766269662624,0.0002136272416376315,False
4306,5,4,2,2,0.022781393135522462,1000.0227813931355,0.002278139313546035,25.19096721382054,9.417090479712548e-05,False
4307,5,5,4,1,0.054701542417321565,1000.0547015424173,0.005470154241731961,32.41891775862213,0.0001741028937269784,False
4308,5,3,1,2,-0.0015887248278949623,999.9984112751721,-0.00015887248279113919,0.049418847175314765,0.0001671319511387992,True
4309,5,4,1,3,0.015660207118520585,1000.0156602071185,0.0015660207118457945,3.086777436043087,0.0005160203996328573,False
4310,5,3,1,2,0.020322426819168498,1000.0203224268191,0.0020322426819120664,8.280997665247751,0.00027910951274094073,False
4311,5,5,4,1,0.010198785219161479,1000.0101987852191,0.0010198785219131424,7.1017821266383105,0.0001671437683603239,False
4312,5,2,0,2,-0.002652863453581846,999.9973471365464,-0.0002652863453590726,0.0,0.0002652863453590726,True
4313,5,5,2,3,6.956105591592987e-05,1000.0000695610559,6.956105585231854e-06,1.0145917896279484,0.00024068175863476427,False
4314,5,4,0,4,-0.00670880174252582,999.9932911982575,-0.0006708801742547621,0.0,0.0006708801742547621,True
4315,5,4,1,3,-0.0035350734285595348,999.9964649265715,-0.0003535073428452051,0.1393767064392742,0.0003535073428452051,True
4316,5,4,1,3,0.0006818609389378514,1000.0006818609389,6.818609389256381e-05,1.2037231145362959,0.00033469849181309397,False
4317,5,5,2,3,0.017971570167917967,1000.0179715701679,0.0017971570167901517,3.9054367105799734,0.0006185347618273764,False
4318,5,4,3,1,0.05190168459397107,1000.051901684594,0.005190168459398592,64.05331609193009,8.23096253228294e-05,False
4319,5,5,2,3,0.02252157015484666,1000.0225215701548,0.0022521570154822256,6.064164364208837,0.0004447227969473786,False
4320,5,5,3,2,0.0435784430016035,1000.0435784430016,0.004357844300159286,18.78939164487167,0.000209206575701852,False
4321,5,5,2,3,-0.003744475864215321,999.9962555241358,-0.00037444758642095626,0.08919383171413457,0.0004111165817057024,True
4322,5,5,2,3,-0.00423821402384629,999.9957617859761,-0.00042382140238714786,0.23480324931588262,0.0005310728311276978,True
4323,5,5,4,1,0.054798238068135344,1000.0547982380682,0.00547982380682015,56.18047884682617,9.93072898495484e-05,False
4324,5,5,5,0,0.03513783926766673,1000.0351378392677,0.003513783926769065,1000000000000.0,0.0,False
4325,5,4,1,3,-0.0046064784967840815,999.9953935215033,-0.0004606478496725686,0.02201466117556758,0.0004606478496725686,True
4326,5,3,1,2,0.0005906036805200174,1000.0005906036805,5.9060368050722895e-05,1.1831436152155352,0.00032248117403241847,False
4327,5,5,2,3,0.0027300719624991096,1000.0027300719624,0.00027300719624463455,1.43345908872328,0.00046188136051341646,False
4328,5,5,4,1,0.013663199362324123,1000.0136631993624,0.0013663199362440536,8.82046941543837,0.0001747087169418148,False
4329,5,5,3,2,0.06321553655618896,1000.0632155365563,0.0063215536556299416,13.603389698161688,0.00035013115746096446,False
4330,5,4,2,2,0.000584307033144814,1000.0005843070331,5.843070331366107e-05,1.1649038748404945,0.00031487390524471525,False
4331,5,5,5,0,0.059478928101092426,1000.0594789281012,0.005947892810115718,1000000000000.0,0.0,False
4332,5,3,1,2,0.02069081960729805,1000.0206908196072,0.002069081960723906,7.473137618790708,0.00021710174779204325,False
4333,5,4,2,2,0.020224595753208265,1000.0202245957531,0.002022459575312041,8.243241939592993,0.0002792137889018604,False
4334,5,5,4,1,0.05073149250972671,1000.0507314925098,0.005073149250983989,30.56238773382061,0.0001716069962998435,False
4335,5,5,2,3,0.01811972779399502,1000.018119727794,0.0018119727793987294,3.466204854973684,0.0006978315092450496,False
4336,5,4,1,3,0.0024364007158385807,1000.0024364007159,0.00024364007158510502,1.9500053273775682,0.0001851248277814377,False
4337,5,5,2,3,0.0033386066595367933,1000.0033386066596,0.00033386066595539885,1.63913012029514,0.0004216834659119144,False
4338,5,5,3,2,0.028269312504310955,1000.0282693125043,0.0028269312504335176,74.04620556041885,3.86994809864365e-05,False
4339,5,4,4,0,0.058027944222102924,1000.0580279442221,0.00580279442220899,1000000000000.0,0.0,False
4340,5,4,1,3,-0.0036653256545789463,999.9963346743455,-0.000366532565453781,0.14838912560572512,0.00041915595980999813,True
4341,5,5,4,1,0.054452202931184926,1000.0544522029311,0.005445220293108832,27.612461381922,0.000204602154097609,False
4342,5,4,1,3,0.00021128346977432625,1000.0002112834698,2.1128346975274326e-05,1.0438215078954358,0.00048214559452617326,False
4343,5,4,1,3,-0.0007897429410689762,999.999210257059,-7.897429410377299e-05,0.8697598044755329,0.0006063741979801307,True
4344,5,5,4,1,0.0497881834381141,1000.0497881834381,0.0049788183438067785,40.148210057225356,0.0001271753695888425,False
4345,5,4,2,2,0.026122465129235346,1000.0261224651293,0.002612246512933325,12.891544640574107,0.00021967259862094578,False
4346,5,4,3,1,0.005593430557669554,1000.0055934305577,0.0005593430557723877,3.3952010769098497,0.00023352655489361496,False
4347,5,5,3,2,0.0691689652639196,1000.0691689652638,0.006916896526377059,31.55053100363914,0.00012531226348073688,False
4348,5,5,0,5,-0.008285870567063494,999.9917141294329,-0.0008285870567078745,0.0,0.0008285870567078745,True
4349,5,5,2,3,0.03959257604885501,1000.0395925760488,0.0039592576048789845,6.645166652336351,0.0005750766187247791,False
4350,5,5,0,5,-0.005517668206027471,999.994482331794,-0.0005517668206039162,0.0,0.0005517668206039162,True
4351,5,4,3,1,0.049531506922228845,1000.0495315069221,0.004953150692210783,31.258944612218638,0.0001636876925669095,False
4352,5,5,4,1,0.05154623191079228,1000.0515462319107,0.005154623191072005,30.14160006006716,0.00017687252505155053,False
4353,5,4,4,0,0.030644996349216358,1000.0306449963491,0.003064499634911044,1000000000000.0,0.0,False
4354,5,4,3,1,0.03118305414181825,1000.0311830541417,0.003118305414170664,13.292255514130252,0.0002536804909937018,False
4355,5,4,3,1,0.03160175992116836,1000.0316017599213,0.003160175992127279,21.18914932309603,0.00015652785386245736,False
4356,5,5,2,3,0.0022610394336728683,1000.0022610394337,0.00022610394337334584,1.3907688433509084,0.0005607385884559335,False
4357,5,5,3,2,0.029667366848684658,1000.0296673668487,0.002966736684868465,8.934867884448419,0.00037388448485079385,False
4358,5,5,2,3,0.0014732573348948351,1000.001473257335,0.0001473257334964728,1.4796711988622955,0.00016843626712817225,False
4359,5,5,3,2,0.04783210997153819,1000.0478321099714,0.004783210997140941,12.245396574472776,0.00022700723635571163,False
4360,5,4,3,1,0.0285891984099396,1000.0285891984098,0.002858919840980434,12.70171619073497,0.0002443087046494834,False
4361,5,5,4,1,0.028450599806746014,1000.0284505998068,0.0028450599806774334,30.25042913879789,9.726557373254236e-05,False
4362,5,5,1,4,-0.002805386605092753,999.9971946133949,-0.0002805386605132298,0.22008189882436296,0.0002805386605132298,True
4363,5,5,3,2,0.018114035499043387,1000.0181140354991,0.001811403549913848,4.856197959309335,0.0003193888624966455,False
4364,5,4,2,2,0.0028192276560869587,1000.0028192276561,0.0002819227656118528,2.0248980325761976,0.00027507376727265267,False
4365,5,4,3,1,0.0035045220355197524,1000.0035045220355,0.0003504522035541413,3.3221848936558414,0.00015091415094734787,False
4366,5,4,3,1,0.030227443747082503,1000.0302274437471,0.0030227443747094184,41.34061390034362,7.493054969245349e-05,False
4367,5,4,2,2,0.02600938659927474,1000.0260093865993,0.002600938659929852,10.4708175753988,0.00024255567202544626,False
4368,5,5,3,2,0.04639357453399161,1000.0463935745338,0.004639357453379489,11.3717410360578,0.0002732757817414822,False
4369,5,3,1,2,0.01920717042134074,1000.0192071704214,0.0019207170421395858,4.960474291343414,0.0004849714707916064,False
4370,5,4,3,1,0.047965908822221306,1000.0479659088222,0.004796590882222063,109.44077844601397,4.423131269533201e-05,False
4371,5,5,0,5,-0.008998186807755429,999.9910018131923,-0.0008998186807730235,0.0,0.0008998186807730235,True
4372,5,5,1,4,-0.005448766666304855,999.9945512333336,-0.0005448766666404482,0.049682474890139466,0.0005733625835827176,True
4373,5,4,2,2,0.04442466029065128,1000.0444246602908,0.004442466029081516,13.56228453667471,0.0003098167505982019,False
4374,5,4,1,3,-0.001255553788131115,999.9987444462118,-0.0001255553788155339,0.7536211965085248,0.00038944520624681903,True
4375,5,5,2,3,0.004255879076440705,1000.0042558790765,0.0004255879076481506,1.9692384226927753,0.0003287258480125259,False
4376,5,5,2,3,0.0009837116157015622,1000.0009837116156,9.837116156177218e-05,1.259889291909765,0.00018622767949478077,False
4377,5,5,2,3,0.0031203974362765223,1000.0031203974363,0.0003120397436305211,1.5853519838225232,0.0003448805838371763,False
4378,5,5,3,2,0.04567280830199326,1000.0456728083021,0.004567280830212894,52.52620892732808,8.86399155187485e-05,False
4379,5,5,2,3,0.026430556427305164,1000.0264305564273,0.0026430556427271767,10.022730519442968,0.00029292609915667153,False
4380,5,5,3,2,0.01844906035587952,1000.0184490603559,0.0018449060355919754,4.927729740770381,0.00046971308041747755,False
4381,5,4,2,2,0.004809697595056431,1000.004809697595,0.00048096975949647465,1.8631621541448111,0.0003060256202502387,False
4382,5,5,1,4,-0.004039141844656275,999.9959608581553,-0.0004039141844714322,0.2228017103107632,0.0005197054468908391,True
4383,5,5,4,1,0.030536632021016634,1000.030536632021,0.0030536632021039623,47.02771636279964,6.634193855486541e-05,False
4384,5,5,2,3,-0.0028063221511192508,999.9971936778488,-0.00028063221511729356,0.330077904773281,0.0004060831521428554,True
4385,5,4,2,2,-0.003430618246396048,999.9965693817536,-0.00034306182463978986,0.23288149733337724,0.00037017899595639394,True
4386,5,5,3,2,0.023721273596036836,1000.023721273596,0.002372127359603837,22.964983250680802,0.0001079958647210333,False
4387,5,5,3,2,0.021861315213393424,1000.0218613152134,0.0021861315213413945,9.154215383226784,0.00020995935929843672,False
4388,5,4,2,2,0.028213480274684097,1000.0282134802746,0.00282134802746441,21.060009350774155,0.00014064123364227967,False
4389,5,5,1,4,-0.002815460486448656,999.9971845395136,-0.00028154604864312206,0.628874398879417,0.0007586237774964895,True
4390,5,5,4,1,0.007970816482697096,1000.0079708164826,0.0007970816482611554,7.237621605636607,0.00012778614969874977,False
4391,5,5,0,5,-0.00641203516664433,999.9935879648333,-0.00064120351667043,0.0,0.00064120351667043,True
4392,5,5,3,2,0.028951612453820403,1000.0289516124539,0.002895161245385225,31.573270139140046,5.923455843783482e-05,False
4393,5,5,2,3,0.018802534155459526,1000.0188025341555,0.0018802534155497599,5.914714579704102,0.0003825763195436593,False
4394,5,4,1,3,-0.003343403275751038,999.9966565967242,-0.0003343403275835044,0.5911108893768301,0.0004467027742407481,True
4395,5,5,4,1,0.03441202007864115,1000.0344120200785,0.003441202007854827,22.66280135401982,0.0001588522094468113,False
4396,5,3,1,2,-0.00045482003427694986,999.9995451799657,-4.548200342924247e-05,0.9010598358207178,0.0003003794866799581,True
4397,5,5,3,2,0.05071977396847571,1000.0507197739685,0.005071977396846706,75.535048871877,4.777145193033896e-05,False
4398,5,5,3,2,0.02712907973499218,1000.0271290797351,0.0027129079735118463,12.240741373410762,0.00024133887076684888,False
4399,5,5,2,3,0.025921619562248255,1000.0259216195623,0.002592161956226846,14.15688796147491,0.00013333499590335998,False
4400,5,4,4,0,0.052038696495989585,1000.052038696496,0.005203869649596982,1000000000000.0,0.0,False
4401,5,4,4,0,0.02791598527185719,1000.0279159852719,0.0027915985271874887,1000000000000.0,0.0,False
4402,5,5,3,2,0.04651340639201468,1000.046513406392,0.004651340639202317,14.321309344284137,0.0003491557960354077,False
4403,5,5,4,1,0.03035773586935718,1000.0303577358694,0.003035773586941559,15.870095881301468,0.00020415292618736205,False
4404,5,5,4,1,0.005627389504252402,1000.0056273895042,0.0005627389504184066,4.587124913577228,0.00015687743359649176,False
4405,5,4,3,1,0.03407345843933008,1000.0340734584394,0.0034073458439365825,38.97252864404854,8.972973609984772e-05,False
4406,5,5,3,2,0.06791823206824808,1000.0679182320682,0.0067918232068223,29.194984445584346,0.00013275232778369174,False
4407,5,4,1,3,0.022505363173161007,1000.0225053631732,0.002250536317319529,14.163411759221571,0.00011591783892700692,False
4408,5,4,1,3,0.018043809769140332,1000.0180438097691,0.0018043809769096697,4.675446707338042,0.00032944488317485803,False
4409,5,4,1,3,-0.004176716232450864,999.9958232837675,-0.0004176716232450417,0.1243951208795815,0.00047700924607170243,True
4410,5,5,2,3,0.022218773193700657,1000.0222187731937,0.0022218773193685595,5.038941332971635,0.00031910913158557803,False
4411,5,4,2,2,0.026577418732653516,1000.0265774187327,0.0026577418732699697,11.93967249654458,0.00020189562048985346,False
4412,5,4,1,3,0.02129286963207825,1000.0212928696321,0.0021292869632134168,7.266636276024007,0.0002786832979356248,False
4413,5,5,5,0,0.05534606235188607,1000.055346062352,0.00553460623519868,1000000000000.0,0.0,False
4414,5,5,2,3,0.005094882873151266,1000.0050948828731,0.0005094882873095231,2.1457029257428775,0.0002956136006808605,False
4415,5,4,2,2,0.0011965391570920977,1000.0011965391571,0.00011965391571493456,1.2998214982020633,0.0003990838429785981,False
4416,5,5,3,2,0.020009670780677946,1000.0200096707806,0.0020009670780609667,7.251186375407181,0.0003200939722319163,False
4417,5,4,3,1,0.024157175924485404,1000.0241571759244,0.002415717592441524,25.354762981869413,9.91863369110505e-05,False
4418,5,5,3,2,0.049880640558470926,1000.0498806405584,0.004988064055839914,16.36945944569948,0.00032454388350515727,False
4419,5,5,2,3,0.017664745271132577,1000.0176647452711,0.0017664745271076753,3.5870865999797745,0.0006828045598240351,False
4420,5,4,3,1,0.03197880883466074,1000.0319788088347,0.003197880883465132,91.93422163531,3.516615059392964e-05,False
4421,5,5,1,4,-0.0036524399798361163,999.9963475600202,-0.0003652439979759947,0.16019419515027408,0.0003652439979759947,True
4422,5,5,2,3,0.002205173249359298,1000.0022051732494,0.00022051732494219323,1.78921660941934,0.00027941153356420375,False
4423,5,5,2,3,0.024686317359577454,1000.0246863173596,0.0024686317359623898,7.474988197808137,0.0002741308792398815,False
4424,5,4,1,3,0.01884679278464876,1000.0188467927848,0.0018846792784756872,5.995734738205061,0.0003772576762344215,False
4425,5,5,1,4,-0.0031521080238555346,999.9968478919762,-0.00031521080237553175,0.5837234729498271,0.0005076920257465645,True
4426,5,4,1,3,0.02072664799874271,1000.0207266479987,0.002072664799868562,6.8915636623333905,0.0002892891083547511,False
4427,5,5,3,2,0.003772011341853556,1000.0037720113418,0.0003772011341766301,5.053337779140175,8.04518399182333e-05,False
4428,5,5,4,1,0.050861529095731564,1000.0508615290956,0.005086152909564134,19.582272653860574,0.00027369657514228403,False
4429,5,4,3,1,0.04882876377347764,1000.0488287637734,0.0048828763773371975,20.58257746199476,0.0002493468896251331,False
4430,5,5,1,4,-0.003063134889412984,999.9969368651105,-0.00030631348895440166,0.6175159864916622,0.0006054690063592716,True
4431,5,5,4,1,0.09308561237015109,1000.0930856123701,0.0093085612370146,72.23526567653711,0.00013067041378761078,False
4432,5,4,2,2,0.025675357192169082,1000.0256753571922,0.0025675357192199042,8.663683125387022,0.00033501661734108753,False
4433,5,4,0,4,-0.008811323368038155,999.9911886766321,-0.0008811323367922341,0.0,0.0008811323367922341,True
4434,5,4,3,1,0.02668450846977094,1000.0266845084698,0.0026684508469770663,25.977707404820602,0.00010683329753646831,False
4435,5,5,2,3,0.0024635113513364103,1000.0024635113514,0.0002463511351379566,1.4298762259257094,0.0005730725652863291,False
4436,5,5,3,2,0.022847000009404057,1000.0228470000094,0.0022847000009392103,4.598591635091071,0.00036899598234398296,False
4437,5,5,2,3,0.022016303416228747,1000.0220163034161,0.0022016303416080517,8.385712854983122,0.00029808575815458964,False
4438,5,5,2,3,-0.0023909075468654096,999.997609092453,-0.00023909075470101014,0.6070456369953622,0.00038702004433938293,True
4439,5,5,1,4,0.001975090964724335,1000.0019750909647,0.00019750909647200387,1.6186051968116146,0.00027095111985317997,False
4440,5,4,2,2,0.00828587529262958,1000.0082858752927,0.0008285875292699529,5.092383407285029,0.00018893047650591946,False
4441,5,4,2,2,0.022926183231516777,1000.0229261832314,0.0022926183231447793,6.100082858755207,0.00044951337488124586,False
4442,5,4,1,3,0.0009978151763112525,1000.0009978151763,9.978151763334608e-05,1.3037125393562072,0.00032853793412285465,False
4443,5,5,1,4,-0.0057506756246788185,999.9942493243752,-0.000575067562476761,0.07758146577837426,0.000623434526892197,True
4444,5,3,2,1,0.027268239174953274,1000.0272682391749,0.0027268239174873085,15.349705202750172,0.00019002093380811203,False
4445,5,4,1,3,-0.003115538807355848,999.9968844611927,-0.00031155388072647835,0.03445416535170409,0.00031155388072647835,True
4446,5,3,2,1,0.026862527612436744,1000.0268625276125,0.002686252761247943,26.101153339833655,0.0001070166582723683,False
4447,5,4,2,2,0.04695299514893475,1000.0469529951489,0.004695299514889939,23.800450833888036,0.00020593011730625222,False
4448,5,3,3,0,0.05320000471304992,1000.053200004713,0.005320000471294861,1000000000000.0,0.0,False
4449,5,5,2,3,0.007218336039180711,1000.0072183360392,0.0007218336039159113,2.968026107453232,0.00014102426088035845,False
4450,5,5,3,2,0.0323132613346976,1000.0323132613347,0.003231326133470702,11.931427554460624,0.00029559964766576744,False
4451,5,3,1,2,0.0013134304789988625,1000.0013134304791,0.00013134304790582974,1.4097156239147381,0.0003205697968944142,False
4452,5,2,1,1,0.02282234458011721,1000.0228223445802,0.002282234458016319,17.488503616667348,0.0001384103292516487,False
4453,5,4,2,2,0.046618741956917176,1000.0466187419569,0.004661874195687687,41.52105714355661,0.0001150426923879549,False
4454,5,4,2,2,0.02513828131082777,1000.0251382813109,0.002513828131088758,9.046784278752208,0.00022301288269629868,False
4455,5,5,3,2,0.02442988455329599,1000.0244298845532,0.0024429884553228472,6.415011599544067,0.00030796552774745576,False
4456,5,5,3,2,0.04826072425747309,1000.0482607242576,0.004826072425760231,33.90188655394255,0.00014668072050199043,False
4457,5,3,2,1,0.02670612998476846,1000.0267061299847,0.002670612998474553,14.396396830920454,0.0001993530821891909,False
4458,5,5,4,1,0.034307438952312086,1000.0343074389523,0.0034307438952282613,16.426944564291176,0.00022238539203047803,False
4459,5,5,1,4,-0.0019595094326611976,999.9980404905674,-0.00019595094325950413,0.6920165639421774,0.0006362385775446455,True
4460,5,5,2,3,0.017430794715296374,1000.0174307947152,0.001743079471521014,3.921244600668638,0.0005029710888117771,False
4461,5,4,1,3,0.018410324739776635,1000.0184103247398,0.001841032473976156,3.930994414313632,0.0005481035633648012,False
4462,5,5,4,1,0.05209054033228643,1000.0520905403323,0.005209054033230132,31.646165395160168,0.00016996494617291998,False
4463,5,5,5,0,0.02118957114948052,1000.0211895711495,0.002118957114953446,1000000000000.0,0.0,False
4464,5,3,0,3,-0.0007327093372336848,999.9992672906628,-7.327093371713999e-05,0.0,7.327093371713999e-05,True
4465,5,4,3,1,0.005531893384323283,1000.0055318933843,0.0005531893384272734,2.5718364703909,0.00035193504021301884,False
4466,5,5,3,2,0.008027960362847385,1000.0080279603627,0.0008027960362710473,2.304908795369828,0.0006152036491648299,False
4467,5,4,3,1,0.05002171352277035,1000.0500217135228,0.0050021713522824035,236.8588541536047,2.1208251633599717e-05,False
4468,5,5,2,3,0.003341422464652805,1000.0033414224646,0.0003341422464586685,1.7916341866581045,0.0002763890178548261,False
4469,5,4,3,1,0.008279873614224397,1000.0082798736142,0.0008279873614242206,3.474597557574526,0.00033459086426256625,False
4470,5,5,5,0,0.09608106301604967,1000.096081063016,0.009608106301595852,1000000000000.0,0.0,False
4471,5,5,3,2,0.0017454718225355253,1000.0017454718227,0.000174547182268725,1.3958264097113022,0.0004409688008801948,False
4472,5,5,2,3,0.02653758546511674,1000.026537585465,0.0026537585465007396,8.439410477352363,0.0003567162417880354,False
4473,5,5,3,2,0.02552136766004792,1000.02552136766,0.0025521367659962378,7.832004485785222,0.0003735560729410281,False
4474,5,3,1,2,0.002436545935454797,1000.0024365459354,0.00024365459354385168,8.34586964094824,3.316892423299578e-05,False
4475,5,5,4,1,0.09729501014983756,1000.0972950101498,0.009729501014976449,389.8806395176275,2.5016807349187493e-05,False
4476,5,4,1,3,-0.001468631545735281,999.9985313684542,-0.00014686315457765887,0.6657550365003485,0.00043938650092749756,True
4477,5,4,0,4,-0.009156010008106041,999.9908439899918,-0.0009156010008155136,0.0,0.0009156010008155136,True
4478,5,4,2,2,0.0034000639198089964,1000.0034000639198,0.0003400063919798413,1.9216327473586599,0.00036891743804972065,False
4479,5,5,2,3,0.02477456421580517,1000.0247745642158,0.0024774564215817915,7.02104758836643,0.000411454122473152,False
4480,5,5,3,2,0.009527262230666632,1000.0095272622307,0.0009527262230676569,6.644725236606037,0.00016702825412935127,False
4481,5,5,3,2,0.046546191023854,1000.0465461910239,0.004654619102393553,12.077667413398865,0.00021119201777537456,False
4482,5,4,1,3,-0.00468791098844791,999.9953120890116,-0.0004687910988423028,0.25463313157039813,0.0006289400813216161,True
4483,5,5,0,5,-0.0033754736441444374,999.9966245263558,-0.0003375473644155136,0.0,0.0003375473644155136,True
4484,5,5,2,3,0.019984038138458306,1000.0199840381384,0.001998403813843197,5.0295571680413484,0.0003499406287703937,False
4485,5,5,1,4,-0.001668731061207273,999.9983312689388,-0.00016687310611587236,0.7226573826861431,0.0006016831533212809,True
4486,5,4,3,1,0.04556940573187177,1000.045569405732,0.004556940573195334,26.06082176237513,0.0001818308710256611,False
4487,5,4,2,2,0.019142978442199098,1000.0191429784422,0.001914297844223256,6.137751611760185,0.0003725944710595286,False
4488,5,5,2,3,0.0005306941019159279,1000.0005306941019,5.3069410193984366e-05,1.0679168922798339,0.0007813809727218662,False
4489,5,5,2,3,0.022890265360586387,1000.0228902653605,0.0022890265360501873,5.426553545558054,0.0004857639561578253,False
4490,5,5,0,5,-0.005683775297279294,999.9943162247027,-0.0005683775297256943,0.0,0.0005683775297256943,True
4491,5,5,3,2,0.04731062531888289,1000.0473106253188,0.00473106253188007,14.913366140692634,0.00029716681169156766,False
4492,5,4,0,4,-0.005817230745892008,999.994182769254,-0.00058172307459472,0.0,0.00058172307459472,True
4493,5,4,1,3,0.0008078232474201614,1000.0008078232474,8.078232474417746e-05,1.2086433361337467,0.00038717903115639276,False
4494,5,5,2,3,0.005168559832828152,1000.0051685598328,0.0005168559832782194,2.770061705244311,0.00027659287172809854,False
4495,5,5,1,4,0.014618868525012034,1000.0146188685251,0.0014618868525076323,2.939681967820503,0.0005767421110228032,False
4496,5,4,0,4,-0.004770604094761636,999.9952293959052,-0.0004770604094801456,0.0,0.0004770604094801456,True
4497,5,5,3,2,0.0026478991205381216,1000.0026478991205,0.00026478991204612615,2.7949501244743082,0.0001475187620509499,False
4498,5,5,1,4,0.015453449025783394,1000.0154534490258,0.0015453449025812918,2.672452301465259,0.0009239765715745258,False
4499,5,5,1,4,0.01640789683284327,1000.0164078968328,0.0016407896832788538,3.355069074566754,0.0006967055450786575,False
4500,5,5,2,3,0.04315278343180324,1000.0431527834319,0.004315278343187856,13.941126855807738,0.00033344646130557685,False
4501,5,5,3,2,0.049304513610226544,1000.0493045136103,0.0049304513610309185,16.234869423677164,0.00021129977751570552,False
4502,5,5,3,2,0.028858063742374433,1000.0288580637423,0.002885806374229105,9.586672746033807,0.0001787678345067434,False
4503,5,4,2,2,0.017606172978677975,1000.0176061729788,0.001760617297884437,3.94216295299998,0.0005688647893977054,False
4504,5,5,3,2,0.0319080691653769,1000.0319080691653,0.0031908069165297094,30.7275972105326,9.575323171674577e-05,False
4505,5,5,2,3,0.001363959366863466,1000.0013639593668,0.00013639593668131057,1.2204441760681484,0.0006187276487146139,False
4506,5,5,4,1,0.04873716296817236,1000.0487371629682,0.004873716296822294,26.649545192148736,0.00019001176785383688,False
4507,5,5,4,1,0.007236922596181069,1000.0072369225963,0.0007236922596348449,8.72315972795705,9.370385898141393e-05,False
4508,5,5,0,5,-0.0060026082813262015,999.9939973917186,-0.0006002608281391985,0.0,0.0006002608281391985,True
4509,5,5,2,3,0.0239535627609964,1000.023953562761,0.002395356276099392,12.44237877368866,0.00014483163373597564,False
4510,5,4,0,4,-0.007958500347630739,999.9920414996524,-0.0007958500347626796,0.0,0.0007958500347626796,True
4511,5,4,0,4,-0.004939019733815574,999.9950609802662,-0.0004939019733797067,0.0,0.0004939019733797067,True
4512,5,4,0,4,-0.005589396233669664,999.9944106037664,-0.0005589396233631305,0.0,0.0005589396233631305,True
4513,5,5,4,1,0.01706983184854487,1000.0170698318486,0.0017069831848630203,11.07588485982274,0.00016941185898750253,False
4514,5,4,2,2,0.0009674550125035909,1000.0009674550125,9.674550125282622e-05,1.2550076049499983,0.00029471277687207473,False
4515,5,5,2,3,-0.0008223907089508369,999.9991776092911,-8.223907088904525e-05,0.8069563687011733,0.0004004424381264471,True
4516,5,5,2,3,-0.00405687727266895,999.9959431227273,-0.00040568772726601304,0.14616854104064297,0.000418462712264045,True
4517,5,5,3,2,0.0064159442967481675,1000.0064159442967,0.0006415944296691122,4.186876381160967,0.00020132301596374166,False
4518,5,5,2,3,0.022532094024794513,1000.0225320940248,0.0022532094024768413,4.605474703227943,0.00046349302277710175,False
4519,5,5,1,4,-0.006792418601014512,999.993207581399,-0.0006792418600980454,0.05145015653647158,0.0006792418600980454,True
4520,5,4,1,3,0.0014575111863233477,1000.0014575111863,0.00014575111863450728,1.4218829120551815,0.0003454759567091734,False
4521,5,4,2,2,0.0035015292216983547,1000.0035015292217,0.0003501529221694,1.5564875980567565,0.0006292134705686928,False
4522,5,3,1,2,-0.0005239699643938551,999.9994760300356,-5.239699644334906e-05,0.7279307225194986,0.00019258696507904458,True
4523,5,3,2,1,0.024376458237762653,1000.0243764582378,0.002437645823783896,39.71121844512879,6.296843568902624e-05,False
4524,5,4,0,4,-0.003963011053631329,999.9960369889465,-0.00039630110535426866,0.0,0.00039630110535426866,True
4525,5,5,2,3,0.024549732357640495,1000.0245497323576,0.002454973235762736,6.152728012181982,0.00047644145586218657,False
4526,5,2,1,1,-0.00045738087457965703,999.9995426191255,-4.573808745362839e-05,0.49303066445818583,9.021864686928894e-05,True
4527,5,4,1,3,0.000871239655082794,1000.0008712396551,8.712396551118218e-05,1.228831650832516,0.0003746485570445657,False
4528,5,5,5,0,0.030207964285320306,1000.0302079642852,0.003020796428518224,1000000000000.0,0.0,False
4529,5,5,3,2,0.00734980605710505,1000.0073498060572,0.0007349806057163732,9.179612230097893,8.985518934423453e-05,False
4530,5,4,1,3,0.01903661385109661,1000.019036613851,0.0019036613850971662,5.789225832908633,0.00023261292155893898,False
4531,5,3,3,0,0.048092841932345705,1000.0480928419323,0.004809284193231633,1000000000000.0,0.0,False
4532,5,5,3,2,0.024266711645231885,1000.0242667116453,0.0024266711645282157,7.367891795836545,0.0002322282973068468,False
4533,5,5,0,5,-0.006779733751704343,999.9932202662483,-0.000677973375172769,0.0,0.000677973375172769,True
4534,5,4,2,2,0.002160529762183857,1000.0021605297621,0.00021605297621363206,1.7473479990605922,0.0002890928677061311,False
4535,5,3,2,1,0.00819103585576745,1000.0081910358557,0.0008191035855702465,674.64030079347,1.215936140397389e-06,False
4536,5,5,3,2,0.06701584717607185,1000.0670158471761,0.0067015847176094216,17.43784564030859,0.00022411855966311125,False
4537,5,4,3,1,0.049562886369305566,1000.0495628863692,0.0049562886369244556,24.03306418048361,0.00021517034374923046,False
4538,5,4,3,1,0.012338134259729577,1000.0123381342597,0.00123381342597213,18.558866123112512,7.026726084404799e-05,False
4539,5,5,1,4,-0.0017734529376275863,999.9982265470624,-0.00017734529376411956,0.7121400488980609,0.0006160791558809919,True
4540,5,5,1,4,-0.007756769903886801,999.9922432300962,-0.0007756769903835448,0.03821015470874305,0.0007756769903835448,True
4541,5,4,1,3,0.01730698705557745,1000.0173069870556,0.0017306987055576426,3.731097533879252,0.0006337008049285942,False
4542,5,5,3,2,0.00874588137557698,1000.0087458813757,0.0008745881375716636,15.661854003037128,5.20422145655175e-05,False
4543,5,4,4,0,0.07439289483679772,1000.0743928948367,0.007439289483670563,1000000000000.0,0.0,False
4544,5,5,2,3,0.04378781263454032,1000.0437878126345,0.004378781263449127,11.042482593146989,0.0002305759883824976,False
4545,5,4,1,3,0.019261740928498052,1000.0192617409285,0.0019261740928527616,5.074340436468697,0.00024576434377650004,False
4546,5,4,1,3,0.01764393013587113,1000.0176439301358,0.0017643930135818665,4.7261510937011195,0.00047351622873748056,False
4547,5,4,2,2,0.026667605903271576,1000.0266676059033,0.0026667605903298863,8.286533973978766,0.00022235700029114014,False
4548,5,4,1,3,0.018772670141210732,1000.0187726701412,0.0018772670141174786,4.2299525165100045,0.0005811914737369066,False
4549,5,5,2,3,-0.0007623653414464565,999.9992376346585,-7.62365341529403e-05,0.8463687362239366,0.00044990198665573194,True
4550,5,4,3,1,0.01327901012719933,1000.0132790101272,0.0013279010127234868,22.182968808770536,6.268663382607068e-05,False
4551,5,4,3,1,0.008911696219259562,1000.0089116962192,0.0008911696219229271,6.263939574613769,0.00016929528898080405,False
4552,5,4,3,1,0.003944646128167295,1000.003944646128,0.00039446461280476795,3.2000884082438876,0.0001792948916659043,False
4553,5,5,1,4,0.0020149324595950843,1000.0020149324597,0.00020149324597014127,1.4902528974286617,0.00023876064413322476,False
4554,5,3,1,2,0.019612290639793063,1000.0196122906398,0.0019612290639770434,5.601557700883216,0.0004262098166464057,False
4555,5,4,3,1,0.029885906143273886,1000.0298859061432,0.0029885906143249483,32.632074975486965,9.447725931236921e-05,False
4556,5,5,3,2,0.02768933544789257,1000.0276893354479,0.0027689335447917077,10.07766010337582,0.00030501974214319625,False
4557,5,4,3,1,0.05228103219642201,1000.0522810321964,0.005228103219644708,333.6982480685319,1.571342533746563e-05,False
4558,5,5,3,2,0.04623528948123811,1000.0462352894813,0.0046235289481273865,28.75155991242085,0.00013686806617141772,False
4559,5,5,3,2,0.02790543530115896,1000.0279054353011,0.0027905435301136096,8.894074028540368,0.00021268827530814392,False
4560,5,5,1,4,-0.001473871079368126,999.9985261289206,-0.00014738710793835708,0.743855613021974,0.0005754063545055033,True
4561,5,5,2,3,0.04494698358257426,1000.0449469835825,0.0044946983582462964,13.604146596399946,0.00035658743597412015,False
4562,5,5,4,1,0.013197093312279709,1000.0131970933122,0.0013197093312214748,8.23761695479338,0.00018234031166457497,False
4563,5,5,3,2,0.04876373416988026,1000.0487637341698,0.00487637341698246,20.339615181752457,0.0002366687740349132,False
4564,5,4,2,2,0.0017992642585030957,1000.0017992642586,0.00017992642585795693,1.7271797466856529,0.0001501862442634802,False
4565,5,5,4,1,0.014131181542151316,1000.0141311815421,0.0014131181542097692,156.45619318705005,9.09009336159438e-06,False
4566,5,5,3,2,0.06858397768097775,1000.0685839776809,0.006858397768087344,20.32056002714723,0.00023262087154207896,False
4567,5,5,2,3,0.00495566831598149,1000.004955668316,0.0004955668316029005,2.325802169313744,0.0002463637402797758,False
4568,5,4,2,2,0.04759044251044555,1000.0475904425106,0.004759044251056821,28.36749631902283,0.00014575642764687625,False
4569,5,4,3,1,0.0268684921521989,1000.0268684921522,0.002686849215217535,13.427179411860516,0.00021620748572104279,False
4570,5,5,3,2,0.021606244069015883,1000.021606244069,0.00216062440689484,6.034100373109248,0.00042919772089362597,False
4571,5,5,2,3,0.02375768927346971,1000.0237576892735,0.0023757689273452343,8.362063399919245,0.00029096952831988597,False
4572,5,4,2,2,0.006744888983173525,1000.0067448889831,0.00067448889831212,4.1840746503611195,0.00021183012156399716,False
4573,5,5,1,4,-0.0035521565590562903,999.996447843441,-0.00035521565589533564,0.09142528403939292,0.00035521565589533564,True
4574,5,4,3,1,0.03323316399372978,1000.0332331639937,0.003323316399371379,91.24417428561141,3.682568199943105e-05,False
4575,5,4,0,4,-0.006781543776746513,999.9932184562232,-0.0006781543776810395,0.0,0.0006781543776810395,True
4576,5,5,4,1,0.030205219395831397,1000.0302052193958,0.003020521939583887,30.654720966470393,0.00010185545273954835,False
4577,5,4,3,1,0.02403534129008001,1000.0240353412901,0.002403534129007312,17.618477877422425,0.00014463015675012623,False
4578,5,5,2,3,0.04337153612451559,1000.0433715361244,0.00433715361243685,8.28053999837674,0.0003127031866029029,False
4579,5,3,2,1,0.004238671968620773,1000.0042386719686,0.00042386719685509887,2.9461857845708237,0.00021779379966346823,False
4580,5,3,1,2,0.0009890179926413268,1000.0009890179927,9.890179926514976e-05,1.4439776629512602,0.00020695408959754135,False
4581,5,5,1,4,-0.0015623550835839883,999.9984376449163,-0.00015623550837062794,0.7339360317846414,0.00035074274520638935,True
4582,5,4,2,2,0.002524491258695455,1000.0025244912587,0.0002524491258668604,2.35688879744942,0.0001860491584622209,False
4583,5,5,4,1,0.0557773593372788,1000.0557773593372,0.0055777359337184865,68.78219507935731,8.228879253468699e-05,False
4584,5,4,1,3,0.0014987311277670607,1000.0014987311278,0.0001498731127753672,1.3910807950926922,0.00022506532463921757,False
4585,5,3,1,2,0.0026627342829822075,1000.0026627342829,0.00026627342829215194,2.6114599362844952,0.00016523667347445432,False
4586,5,5,3,2,0.024358878935093232,1000.0243588789351,0.00243588789351179,6.6219719741802265,0.0004103049266820448,False
4587,5,4,1,3,0.019261589668132705,1000.0192615896681,0.001926158966807634,7.049034607379731,0.00023144964028098738,False
4588,5,5,4,1,0.011454331883499952,1000.0114543318834,0.0011454331883442137,4.839925915220955,0.0002982956477922016,False
4589,5,5,1,4,0.018491448473950806,1000.0184914484739,0.001849144847392381,5.856737482714661,0.00038072957848042833,False
4590,5,5,1,4,-0.0032756917663814833,999.9967243082336,-0.0003275691766361888,0.10629731961121631,0.0003275691766361888,True
4591,5,5,2,3,0.023075977602802895,1000.0230759776027,0.0023075977602729837,6.92390736135397,0.0003895293059376992,False
4592,5,4,4,0,0.05239952730036856,1000.0523995273002,0.00523995273001674,1000000000000.0,0.0,False
4593,5,5,3,2,0.03011190873050241,1000.0301119087305,0.0030111908730532377,11.925086403554538,0.00021018904175207356,False
4594,5,4,2,2,0.020960549764435822,1000.0209605497644,0.0020960549764367895,5.38481740613144,0.00047801343234817577,False
4595,5,4,3,1,0.048280614673507916,1000.0482806146734,0.004828061467344469,21.162049862452065,0.0002394573046250193,False
4596,5,4,2,2,0.006240220333883944,1000.0062402203338,0.0006240220333779689,3.238144951673801,0.0002788121622529616,False
4597,5,4,2,2,0.00111042157827499,1000.0011104215782,0.00011104215782324899,1.2511347622096227,0.0003398443700689313,False
4598,5,5,3,2,0.03129963963407152,1000.0312996396341,0.0031299639634084996,8.937374545090764,0.00019838430584751145,False
4599,5,4,4,0,0.050181718372979425,1000.0501817183729,0.0050181718372869005,1000000000000.0,0.0,False
4600,5,4,1,3,0.0023018645962018802,1000.0023018645962,0.0002301864596233827,1.9966500685095079,0.00023095909527144458,False
4601,5,5,4,1,0.07323643887410244,1000.073236438874,0.0073236438874005215,22.29891371349714,0.00034384255848159405,False
4602,5,5,3,2,0.0018075559814684117,1000.0018075559815,0.00018075559814860752,1.426394548762095,0.00023711237930268013,False
4603,5,3,1,2,0.0213421074504823,1000.0213421074504,0.002134210745043674,9.486725729442753,0.000189324887321618,False
4604,5,5,5,0,0.07965661332581976,1000.0796566133258,0.007965661332582386,1000000000000.0,0.0,False
4605,5,5,1,4,0.01923504173148763,1000.0192350417315,0.0019235041731462843,4.745295282327217,0.0005135662616436095,False
4606,5,5,1,4,-0.004756360742789617,999.9952436392573,-0.00047563607427036914,0.5342601484403678,0.0010212483915211124,True
4607,5,5,2,3,0.02091696787818716,1000.0209169678783,0.002091696787829278,7.960310147583492,0.0003005105673128956,False
4608,5,5,1,4,0.01663894129296738,1000.016638941293,0.0016638941292967504,3.572694816396945,0.0006467365164716813,False
4609,5,4,2,2,0.005163066527323123,1000.0051630665274,0.0005163066527416049,2.068095780809644,0.0002537369920670537,False
4610,5,4,3,1,0.03330078094875975,1000.0333007809487,0.003330078094870714,20.83589281697541,0.0001678806690191588,False
4611,5,5,1,4,0.01894687867723551,1000.0189468786773,0.0018946878677297719,4.365461301461358,0.0004477544704855063,False
4612,5,4,3,1,0.027218956333303075,1000.0272189563334,0.0027218956333399545,140.82579991297203,1.946579972789171e-05,False
4613,5,5,3,2,0.02940573787329464,1000.0294057378733,0.002940573787327594,14.448481479539515,0.00021865361256233508,False
4614,5,5,3,2,0.03338566026785212,1000.0333856602678,0.003338566026775425,34.212022626377404,0.00010051997354202295,False
4615,5,3,2,1,0.026620848139437644,1000.0266208481395,0.0026620848139486952,44.68276653902164,6.094130534393116e-05,False
4616,5,5,2,3,0.04079219371067917,1000.0407921937106,0.0040792193710558425,6.711161025295441,0.00037774684289196037,False
4617,5,5,3,2,0.02663775265359427,1000.0266377526536,0.0026637752653641653,41.88573529281065,6.51517025744397e-05,False
4618,5,5,2,3,0.020483537784463473,1000.0204835377845,0.0020483537784457438,5.174618229257954,0.00027387932203423845,False
4619,5,5,1,4,0.015892902916507544,1000.0158929029166,0.0015892902916561978,2.773991344324277,0.0008958839042406908,False
4620,5,4,1,3,-5.1541451036581564e-05,999.9999484585489,-5.154145105734642e-06,0.9890589280495405,0.0003167378065313642,True
4621,5,5,3,2,0.031025593232098986,1000.0310255932321,0.0031025593232129724,7.714721887784254,0.00025635339574178333,False
4622,5,4,3,1,-0.0005216219699382923,999.9994783780301,-5.216219699377689e-05,0.6408165516690766,0.00014522438336834033,True
4623,5,5,2,3,0.02175271450805105,1000.0217527145081,0.002175271450812488,10.91357202826826,0.00013205202592821136,False
4624,5,5,3,2,0.028069295449033024,1000.028069295449,0.00280692954489723,6.820768693021431,0.0002459443867905975,False
4625,5,5,3,2,0.0339546090379949,1000.033954609038,0.00339546090380054,60.518884859394475,5.70464935188111e-05,False
4626,5,5,2,3,0.02629740843780808,1000.0262974084379,0.0026297408437926605,7.6774408243729875,0.00028023745469313077,False
4627,5,5,4,1,0.057808677930356114,1000.0578086779304,0.005780867793043853,2322.0411135242093,2.490613513496359e-06,False
4628,5,5,3,2,0.05016954427473126,1000.0501695442748,0.005016954427480869,31.615857387043267,0.00012096151519808756,False
4629,5,4,1,3,0.020459989287665743,1000.0204599892877,0.002045998928770132,6.609331189391353,0.00023578331585713782,False
4630,5,5,2,3,0.00027858066561390737,1000.0002785806655,2.7858066550834335e-05,1.194304906619475,5.092931781392397e-05,False
4631,5,5,2,3,0.0038095747670865623,1000.003809574767,0.0003809574767046797,1.768377265717394,0.00038942182962916814,False
4632,5,3,2,1,0.02527918907325304,1000.0252791890732,0.002527918907321691,12.006633477537772,0.0002296723073868634,False
4633,5,5,4,1,0.032139378609782956,1000.0321393786097,0.0032139378609713273,18.413071190919663,0.0001845651193694391,False
4634,5,5,2,3,0.00538963740624804,1000.0053896374063,0.0005389637406324254,2.5885613437377266,0.00024559622077162223,False
4635,5,5,3,2,0.027518921694008838,1000.0275189216942,0.002751892169419534,36.53859224645483,6.42240719230358e-05,False
4636,5,4,3,1,0.02395884896492812,1000.0239588489649,0.0023958848964866775,9.442513138461702,0.0002837881158370692,False
4637,5,4,2,2,2.7261978346000454e-05,1000.0000272619783,2.7261978289061516e-06,1.0069095258418477,0.0002617443826832488,False
4638,5,5,5,0,0.05627465583405765,1000.056274655834,0.005627465583404501,1000000000000.0,0.0,False
4639,5,4,3,1,0.049782703974716486,1000.0497827039748,0.004978270397475626,43.303323426988236,0.0001176803615976496,False
4640,5,5,2,3,0.04086226260626304,1000.0408622626064,0.004086226260642434,6.619689678804374,0.0007235004100266451,False
4641,5,3,0,3,-0.003934052844181795,999.9960659471558,-0.000393405284421533,0.0,0.000393405284421533,True
4642,5,5,4,1,0.03323725322138471,1000.0332372532214,0.0033237253221386712,12.98573359158119,0.00027730416897556393,False
4643,5,4,3,1,0.048005000312216564,1000.0480050003122,0.004800500031217326,26.983830357774142,0.00018474500162096757,False
4644,5,5,3,2,0.04914189173540296,1000.0491418917354,0.004914189173541672,23.417994345967898,0.00021920735181311102,False
4645,5,4,3,1,0.04973872383118666,1000.0497387238312,0.004973872383118305,21.426452534895134,0.00024349459569180746,False
4646,5,4,3,1,0.007790869479180071,1000.0077908694793,0.0007790869479322283,12.730433821166956,6.64158561725332e-05,False
4647,5,5,2,3,0.04189571500286656,1000.041895715003,0.004189571500296552,12.010266570726357,0.00026021438031029464,False
4648,5,4,2,2,0.005111055915382188,1000.0051110559154,0.0005111055915449469,2.340469092505148,0.00027821586494383157,False
4649,5,3,3,0,0.0064664741798961724,1000.0064664741799,0.0006466474179887882,1000000000000.0,0.0,False
4650,5,5,3,2,0.029830325242914214,1000.029830325243,0.0029830325242983236,8.30396528669575,0.0004084085333833303,False
4651,5,5,3,2,0.029414886572865406,1000.0294148865728,0.0029414886572794786,7.828074252013921,0.0004307933025870625,False
4652,5,4,2,2,0.02494939196210994,1000.0249493919621,0.002494939196208179,14.703665579845724,0.00018206307798967762,False
4653,5,4,0,4,-0.0059678327189135825,999.994032167281,-0.0005967832718965838,0.0,0.0005967832718965838,True
4654,5,5,2,3,0.004317788870784289,1000.0043177888708,0.0004317788870821459,2.026373038159763,0.00026574270350553623,False
4655,5,5,1,4,-0.0016761605720535748,999.9983238394279,-0.00016761605720603257,0.6648669766701871,0.0004168161131360648,True
4656,5,4,3,1,0.029703636611396397,1000.0297036366114,0.002970363661142983,174.94583967862204,1.7076276305674735e-05,False
4657,5,5,2,3,0.04575684914235723,1000.0457568491423,0.00457568491423217,35.44160533328827,8.231401850480325e-05,False
4658,5,5,2,3,0.01959892005296409,1000.0195989200529,0.001959892005288566,4.724548850262806,0.0003484604827182507,False
4659,5,5,2,3,0.02445601668609155,1000.0244560166861,0.0024456016686144723,4.849360810653001,0.0006353230030667643,False
4660,5,5,4,1,0.04845857078699004,1000.048458570787,0.004845857078703375,35.455063385652075,0.00014063583147646633,False
4661,5,3,1,2,-0.0028786628524140705,999.9971213371475,-0.0002878662852481284,0.2837546605949415,0.0003175711443873297,True
4662,5,4,2,2,0.043265610726143766,1000.043265610726,0.004326561072605273,16.379555661071066,0.0002813189904827595,False
4663,5,5,4,1,0.028841432705124754,1000.0288414327051,0.0028841432705121405,21.282291717089638,0.00014219932860664818,False
4664,5,4,2,2,0.04712461604838894,1000.0471246160483,0.004712461604833607,31.731595697396603,8.238189752234187e-05,False
4665,5,5,3,2,0.025492555303508607,1000.0254925553036,0.0025492555303571864,4.213984596934712,0.00043741308538204496,False
4666,5,5,2,3,0.005395160608630123,1000.0053951606087,0.0005395160608713922,2.333330474810813,0.0004046362828351779,False
4667,5,5,3,2,0.04707209023989766,1000.0470720902399,0.004707209023990799,16.52638661528166,0.0002373261463503695,False
4668,5,5,3,2,0.03098651335994129,1000.03098651336,0.0030986513359948734,14.292847960620236,0.00016140232685544557,False
4669,5,5,1,4,-0.007259836110817226,999.992740163889,-0.000725983611096126,0.0716338790407249,0.000725983611096126,True
4670,5,4,2,2,0.021479841328677318,1000.0214798413288,0.0021479841328755356,5.184908696000133,0.0005132672919470771,False
4671,5,5,2,3,0.02231774567172625,1000.0223177456716,0.002231774567155753,4.334971564849265,0.0006692001580533048,False
4672,5,4,1,3,0.01976443015347699,1000.0197644301535,0.0019764430153486503,4.676353118944434,0.00047708161131035403,False
4673,5,3,1,2,-0.0028145249778895954,999.997185475022,-0.0002814524978020927,0.05136694254509266,0.0002966926943827275,True
4674,5,5,2,3,0.04745971714036877,1000.0474597171403,0.004745971714032749,21.737510018817417,0.00022885353517467508,False
4675,5,5,2,3,0.01805736987839394,1000.0180573698784,0.0018057369878420105,4.712778273132037,0.00048634619865116005,False
4676,5,3,2,1,0.0254028877101492,1000.0254028877101,0.0025402887710129106,10.545756938935176,0.00026611705989125766,False
4677,5,5,2,3,0.021082657857569638,1000.0210826578575,0.0021082657857505183,4.65031894641256,0.0003254621474184205,False
4678,5,4,2,2,0.0024494701289250265,1000.002449470129,0.0002449470129022302,2.457252218613523,0.0001680881517908062,False
4679,5,4,3,1,0.04657068407492483,1000.0465706840749,0.004657068407493625,56.68633426150756,8.36263995896588e-05,False
4680,5,4,1,3,0.02250206983405522,1000.022502069834,0.002250206983399039,8.538784701127717,0.0002210760418949883,False
4681,5,3,2,1,0.04532882063508224,1000.045328820635,0.004532882063494981,30.71682810961628,0.00015253586442440792,False
4682,5,5,3,2,0.030300151983503044,1000.0303001519835,0.0030300151983510657,29.518767866697928,8.526538999103354e-05,False
4683,5,5,2,3,0.024816789812156615,1000.0248167898122,0.0024816789812234677,5.126298820129984,0.000363777809604926,False
4684,5,4,1,3,0.005611383086686154,1000.0056113830866,0.0005611383086602473,7.544163516079035,8.574582182212922e-05,False
4685,5,4,2,2,0.0072179684176212015,1000.0072179684176,0.000721796841764899,3.216584090259757,0.00021745525642066776,False
4686,5,5,3,2,0.04233219056534375,1000.0423321905654,0.004233219056538928,11.277500537144013,0.0004066487205898425,False
4687,5,5,2,3,0.02166068624514681,1000.021660686245,0.0021660686245013497,9.466589811802075,0.00014348313250392439,False
4688,5,5,3,2,0.029952047816257023,1000.0299520478162,0.0029952047816209416,10.264371042565802,0.0002120967702689572,False
4689,5,5,4,1,0.0499082819834742,1000.0499082819834,0.004990828198344843,96.91981827435991,5.20312516073318e-05,False
4690,5,4,3,1,0.027030381145065233,1000.0270303811451,0.0027030381145095816,17.06776207648841,0.0001682273907045566,False
4691,5,5,2,3,0.02407656378738408,1000.0240765637874,0.0024076563787389206,5.46423936371768,0.00041829053376589334,False
4692,5,5,4,1,0.0736270446947359,1000.0736270446948,0.0073627044694831055,110.27269153404609,6.737918107546648e-05,False
4693,5,5,4,1,0.037176386841250485,1000.0371763868412,0.0037176386841224485,26.27269874505746,0.00014709675340268035,False
4694,5,5,1,4,0.01767713124669407,1000.0176771312466,0.0017677131246614406,4.1056643471673695,0.0004738476942065972,False
4695,5,5,1,4,0.0002878814023165846,1000.0002878814023,2.878814023006271e-05,1.0557211717898551,0.0005166435357900345,False
4696,5,5,1,4,-0.0019306024540993445,999.998069397546,-0.00019306024539673673,0.6715241331266698,0.0005877432800935657,True
4697,5,3,1,2,0.02279706008831429,1000.0227970600884,0.0022797060088350918,22.3955360960889,0.00010654800142416041,False
4698,5,5,3,2,0.0244167224622641,1000.0244167224622,0.0024416722462206053,7.1252508088772135,0.0003986240437143351,False
4699,5,5,2,3,0.02568181796506125,1000.025681817965,0.002568181796505087,6.258665214498258,0.00024564163473347433,False
4700,5,5,3,2,0.06654336012499978,1000.0665433601248,0.006654336012479689,21.364504911528556,0.0003267614921924178,False
4701,5,5,1,4,0.019309924299643667,1000.0193099242997,0.0019309924299705016,4.414216096236498,0.0005655741685700377,False
4702,5,4,4,0,0.012551371387543643,1000.0125513713875,0.0012551371387530708,1000000000000.0,0.0,False
4703,5,4,1,3,-0.0005252785317504775,999.9994747214682,-5.2527853176798084e-05,0.88740630005381,0.00046652568661329494,True
4704,5,4,2,2,0.026271478313961334,1000.026271478314,0.0026271478314015438,12.102381371010024,0.00015821889807295542,False
4705,5,4,3,1,0.028180212127855337,1000.0281802121278,0.002818021212783606,18.759040092850206,0.0001586762187857596,False
4706,5,4,3,1,0.028300921855095335,1000.028300921855,0.002830092185502053,92.79700433161884,3.082917595863254e-05,False
4707,5,4,1,3,-0.0019842555930392448,999.998015744407,-0.0001984255593015405,0.6525658063287226,0.0005711148280912149,True
4708,5,4,2,2,0.02619465167681739,1000.0261946516769,0.00261946516768603,7.89419880902995,0.00032568364817519576,False
4709,5,5,4,1,0.0477407590262409,1000.0477407590262,0.004774075902616914,52.05200632554673,9.350942293607404e-05,False
4710,5,5,3,2,0.03010634664381778,1000.030106346644,0.003010634664394729,22.575746499581143,0.00013953351867290197,False
4711,5,5,3,2,0.0012781223398018872,1000.0012781223397,0.0001278122339726906,1.3494129056430575,0.00023112855803533069,False
4712,5,5,4,1,0.04936860263623553,1000.0493686026362,0.0049368602636150165,21.759040176634123,0.00023780621814506545,False
4713,5,4,1,3,0.0031497033433647076,1000.0031497033434,0.00031497033434106924,4.005643878154249,0.00010479296520315982,False
4714,5,5,2,3,0.022588814869810386,1000.0225888148699,0.0022588814869891395,4.148842713269609,0.0007173474399029059,False
4715,5,5,5,0,0.0215624355236273,1000.0215624355237,0.0021562435523719615,1000000000000.0,0.0,False
4716,5,5,3,2,0.06805620931875267,1000.0680562093187,0.006805620931868361,20.514038070575964,0.0003487387024779993,False
4717,5,3,2,1,0.021446700822967214,1000.0214467008229,0.002144670082293487,8.384460640108287,0.00029042308750711244,False
4718,5,4,3,1,0.05112137522850734,1000.0511213752285,0.0051121375228490255,151.47968830937455,3.397227612822462e-05,False
4719,5,5,3,2,0.048903531526236395,1000.0489035315262,0.004890353152620719,30.081156057348867,9.31970826628737e-05,False
4720,5,5,1,4,0.01921314775928554,1000.0192131477593,0.0019213147759273852,5.243371751710144,0.00045278021543708745,False
4721,5,4,2,2,0.005063632749641514,1000.0050636327496,0.0005063632749624958,2.794132003144373,0.000282233009659194,False
4722,5,5,1,4,-0.003538415983433502,999.9964615840166,-0.00035384159833711236,0.10674338624966562,0.0003961253607258186,True
4723,5,5,3,2,0.026259923671292394,1000.0262599236713,0.002625992367131857,5.128477328600049,0.0003440163887102982,False
4724,5,5,1,4,-0.0033128694043051844,999.9966871305958,-0.00033128694042261486,0.6111662548492223,0.0008519970797545943,True
4725,5,4,2,2,0.023851440121713127,1000.0238514401217,0.0023851440121688936,5.985447748258617,0.000262386927749958,False
4726,5,5,4,1,0.07380164209825812,1000.0738016420983,0.007380164209826035,463.4597830481391,1.595731926607427e-05,False
4727,5,5,4,1,0.04852786936709248,1000.0485278693671,0.004852786936714893,39.301588008040476,0.0001266993564079302,False
4728,5,5,2,3,0.02306124041885978,1000.0230612404188,0.0023061240418769556,7.249224582113012,0.00036902563056173676,False
4729,5,4,2,2,0.005783690442283135,1000.0057836904423,0.000578369044228566,3.1436182342937555,0.00023559833338699447,False
4730,5,3,1,2,-0.0009717678376955502,999.9990282321623,-9.717678376546246e-05,0.7636974430501395,0.00041123881612747937,True
4731,5,5,5,0,0.03172738595129084,1000.0317273859513,0.0031727385951285216,1000000000000.0,0.0,False
4732,5,4,1,3,-0.001966859270768723,999.9980331407291,-0.00019668592708512733,0.4361823347460286,0.00034884669140637924,True
4733,5,4,2,2,0.002444735367657512,1000.0024447353676,0.00024447353675896013,2.111846949089705,0.00015329661074474645,False
4734,5,4,3,1,0.009033401248148887,1000.0090334012482,0.0009033401248188966,5.302788497590888,0.0002099429533473085,False
4735,5,4,1,3,0.01986921888983817,1000.0198692188898,0.001986921888976667,6.611098088090113,0.0003540974234539204,False
4736,5,4,2,2,0.044499976256969435,1000.0444999762569,0.004449997625692959,13.57612041812614,0.00018848861391822176,False
4737,5,5,5,0,0.07694727905380286,1000.0769472790539,0.007694727905391118,1000000000000.0,0.0,False
4738,5,5,1,4,0.014852307067526875,1000.0148523070675,0.0014852307067485526,2.493728263225773,0.0009942865227361467,False
4739,5,5,0,5,-0.0057982007898474625,999.99420179921,-0.0005798200789968178,0.0,0.0005798200789968178,True
4740,5,5,3,2,0.025048138992834274,1000.0250481389928,0.0025048138992815436,18.544770742413967,0.00013950905685078396,False
4741,5,5,2,3,0.02140883459291607,1000.0214088345928,0.0021408834592762105,5.576303762200746,0.00046780743333191537,False
4742,5,4,3,1,0.04513599645548269,1000.0451359964554,0.004513599645542854,18.145830412882297,0.0002632350804509223,False
4743,5,5,1,4,-0.004263757486735463,999.9957362425132,-0.0004263757486796749,0.2915840239342249,0.0004667160194358306,True
4744,5,5,2,3,0.000592171314671177,1000.0005921713147,5.9217131467903525e-05,1.2019302991471683,0.00025658454437945777,False
4745,5,4,4,0,0.04012503443820346,1000.0401250344382,0.004012503443823335,1000000000000.0,0.0,False
4746,5,5,1,4,-0.0064824731086687215,999.9935175268913,-0.0006482473108690101,0.015510099724159718,0.0006584600925634731,True
4747,5,5,1,4,0.018874979854735855,1000.0188749798547,0.0018874979854672349,4.945215801459282,0.0003352832926566407,False
4748,5,5,2,3,0.04345966378789311,1000.0434596637879,0.0043459663787871255,14.082023989961012,0.00020642236876658104,False
4749,5,5,3,2,0.06636447835399485,1000.066364478354,0.0066364478353989394,20.58425691981542,0.00024188905736235118,False
4750,5,5,4,1,0.048559337087962166,1000.0485593370878,0.004855933708779503,24.57810472321558,0.00020594055275331894,False
4751,5,5,3,2,0.046552497648435616,1000.0465524976483,0.004655249764834934,16.71825749229192,0.00016550150994977227,False
4752,5,4,0,4,-0.006689968032211491,999.9933100319678,-0.000668996803221944,0.0,0.000668996803221944,True
4753,5,5,1,4,0.01653436287798031,1000.0165343628779,0.0016534362877905552,3.6597620495949004,0.000621634056266817,False
4754,5,4,1,3,0.017029619068358107,1000.0170296190684,0.0017029619068352987,3.4825403240054946,0.000506116791302702,False
4755,5,5,2,3,0.042185787942256726,1000.0421857879423,0.0042185787942344176,11.400094052720716,0.00022543760896738863,False
4756,5,5,3,2,0.0242311179533446,1000.0242311179534,0.002423111795337718,10.950711643529443,0.00016441362659136064,False
4757,5,5,2,3,0.04599104698517281,1000.0459910469851,0.004599104698513656,18.400596615300227,0.0002472199593057667,False
4758,5,4,3,1,0.02777160633989677,1000.0277716063399,0.002777160633991116,41.664125802971974,6.82951023577516e-05,False
4759,5,2,1,1,0.021280161960663836,1000.0212801619606,0.0021280161960589793,14.86386432115575,0.00015349022444393763,False
4760,5,5,3,2,0.04944473024315086,1000.0494447302431,0.004944473024306717,17.40794235885177,0.00017143849428153892,False
4761,5,4,0,4,-0.007846053483325965,999.9921539465166,-0.0007846053483376637,0.0,0.0007846053483376637,True
4762,5,5,4,1,0.04992735721872317,1000.0499273572187,0.004992735721873487,18.499131042340807,0.00028529830345202747,False
4763,5,5,2,3,0.01840410726141565,1000.0184041072614,0.0018404107261403625,5.1056203098476844,0.0002437892199395719,False
4764,5,5,2,3,0.04539303294241947,1000.0453930329423,0.004539303294234287,20.349638348088998,0.00023458250337340047,False
4765,5,5,2,3,0.005625456926954354,1000.005625456927,0.0005625456926964034,4.868022524059396,0.00013254241903268846,False
4766,5,5,4,1,0.07052490382320062,1000.0705249038233,0.007052490382329779,136.56956062055292,5.2017498177724984e-05,False
4767,5,5,2,3,0.008460963802443723,1000.0084609638025,0.0008460963802463085,9.437045929802965,9.59847863061762e-05,False
4768,5,5,0,5,-0.006470956377274594,999.9935290436227,-0.0006470956377256699,0.0,0.0006470956377256699,True
4769,5,5,4,1,0.07378722570334753,1000.0737872257033,0.007378722570331319,77.48555160778643,9.646489935557339e-05,False
4770,5,4,0,4,-0.007193653426883113,999.992806346573,-0.0007193653426952551,0.0,0.0007193653426952551,True
4771,5,5,3,2,0.03031624146448714,1000.0303162414644,0.0030316241464447558,7.734256598556955,0.0004501664257921528,False
4772,5,5,4,1,0.02864517071910307,1000.028645170719,0.0028645170718959887,17.622456201853147,0.00017232745483752063,False
4773,5,5,1,4,-0.0009506734200013608,999.9990493265799,-9.506734201067957e-05,0.7810016640828045,0.00043410075060137384,True
4774,5,5,2,3,0.026168054404228987,1000.0261680544043,0.002616805440425196,10.476976222530299,0.00022971174741996949,False
4775,5,5,3,2,0.03145756313741385,1000.0314575631373,0.0031457563137337274,11.77828068397884,0.00029185333813019275,False
4776,5,5,4,1,0.03574976726744012,1000.0357497672676,0.003574976726758905,49.691167325500714,7.342146271867022e-05,False
4777,5,4,4,0,0.05343237108352287,1000.0534323710834,0.005343237108343147,1000000000000.0,0.0,False
4778,5,5,1,4,-0.0018389682265735328,999.9981610317734,-0.00018389682265933515,0.7182749797479981,0.00037074454097592026,True
4779,5,5,5,0,0.1164353692652485,1000.1164353692653,0.011643536926533216,1000000000000.0,0.0,False
4780,5,4,3,1,0.035436520357733425,1000.0354365203577,0.003543652035773448,101.85696006553569,3.513542380915169e-05,False
4781,5,4,2,2,0.023037712665359148,1000.0230377126653,0.0023037712665313847,10.505974457033707,0.000242343656783917,False
4782,5,5,4,1,0.039491218055842006,1000.0394912180559,0.003949121805590039,23.94299983427748,0.0001721266963459197,False
4783,5,5,3,2,0.00191354363343271,1000.0019135436335,0.00019135436334636325,1.9135807420691997,0.0002094552788689811,False
4784,5,4,3,1,0.06882500568049692,1000.0688250056804,0.00688250056804236,45.93916023525708,0.00015314427087703128,False
4785,5,5,2,3,0.043070472671112144,1000.043070472671,0.0043070472671047355,13.912603753578821,0.00018348052551691988,False
4786,5,4,4,0,0.05521421249949532,1000.0552142124995,0.005521421249954983,1000000000000.0,0.0,False
4787,5,5,3,2,0.050302654292445174,1000.0503026542923,0.00503026542922953,24.10006525587615,0.00011697642506760531,False
4788,5,4,3,1,0.01510632176107375,1000.0151063217611,0.0015106321761095387,41.515626238729354,3.728459691604941e-05,False
4789,5,5,4,1,0.03220659708293163,1000.0322065970829,0.003220659708290441,15.902738511178978,0.00021611193848229958,False
4790,5,5,3,2,0.026844066898078788,1000.026844066898,0.002684406689797925,6.398359543409085,0.0002761139965492037,False
4791,5,5,1,4,-0.010191422719853772,999.9898085772802,-0.0010191422719799449,0.0350500127246216,0.0010191422719799449,True
4792,5,3,2,1,0.006281066701872529,1000.006281066702,0.0006281066701944837,2.6791559420039595,0.0003740609519809368,False
4793,5,5,2,3,-0.0033325234109986865,999.996667476589,-0.00033325234110179733,0.24113082477125314,0.0004391433358705399,True
4794,5,4,3,1,0.030644861209676685,1000.0306448612097,0.003064486120968013,243.5674722725856,1.2633450716400079e-05,False
4795,5,5,0,5,-0.008493784636465355,999.9915062153635,-0.0008493784636470991,0.0,0.0008493784636470991,True
4796,5,5,1,4,0.02049287027341669,1000.0204928702734,0.0020492870273415066,5.888264566139065,0.00024214447403234288,False
4797,5,5,3,2,0.029652527401598135,1000.0296525274016,0.002965252740159485,13.644616543638348,0.00023450713035799706,False
4798,5,4,4,0,0.030201411263976928,1000.0302014112639,0.0030201411263874435,1000000000000.0,0.0,False
4799,5,4,2,2,0.001798179652857979,1000.001798179653,0.00017981796529511484,1.7178842772772998,0.00020784085052758097,False
4800,5,4,1,3,0.001452068557175667,1000.0014520685572,0.00014520685572279036,1.4468859765654065,0.00032493043713657246,False
4801,5,5,4,1,0.026129351869339918,1000.0261293518693,0.0026129351869258245,11.682168823867716,0.00024460614299993207,False
4802,5,5,3,2,0.008896467509080384,1000.008896467509,0.0008896467508975547,3.976554703693529,0.00015157724254428792,False
4803,5,4,1,3,0.014057143081971162,1000.014057143082,0.0014057143082027324,2.7487330504562237,0.00047046171231386326,False
4804,5,5,1,4,0.0036956796595566423,1000.0036956796596,0.00036956796595859486,3.7148967855326314,0.00011949262729253458,False
4805,5,5,3,2,0.009223485312733303,1000.0092234853126,0.0009223485312645607,3.119649772422831,0.0002529376461211541,False
4806,5,5,2,3,0.003008493859203359,1000.0030084938593,0.00030084938592835894,2.248325669963951,0.0002030763385414419,False
4807,5,5,2,3,0.025431985882296768,1000.0254319858823,0.002543198588227824,5.132159155459263,0.0006154648193728463,False
4808,5,4,3,1,0.02424453778865002,1000.0242445377887,0.0024244537788717935,60.70180767325103,4.0609386439882654e-05,False
4809,5,5,3,2,0.051992908417662215,1000.0519929084176,0.00519929084175601,38.16812210831922,0.00011585557238446977,False
4810,5,5,1,4,0.01241178349386936,1000.0124117834939,0.0012411783493917028,2.3371661271077158,0.0008102743969629955,False
4811,5,4,3,1,0.046419882693255754,1000.0464198826932,0.004641988269315789,26.74786058119995,0.00018028225382522894,False
4812,5,5,3,2,0.012564060632559522,1000.0125640606326,0.001256406063259874,7.511447226145345,0.00010945980318284187,False
4813,5,5,3,2,0.02613411594101616,1000.0261341159409,0.002613411594086301,8.02377950155407,0.00035910949721974577,False
4814,5,4,3,1,0.05129803359626735,1000.0512980335961,0.005129803359614015,127.32168177778453,4.0607913481857484e-05,False
4815,5,5,2,3,-0.0012281792637246314,999.9987718207362,-0.00012281792637622855,0.5356077911641198,0.00022667330350552815,True
4816,5,4,1,3,0.020233793648126122,1000.020233793648,0.0020233793648003484,6.572993399325587,0.00021752679011797227,False
4817,5,4,2,2,0.02565579412479369,1000.0256557941248,0.002565579412475927,20.342010447286896,0.0001256284231317295,False
4818,5,4,3,1,0.02966551978362293,1000.0296655197836,0.002966551978363441,9.961133054566137,0.0003310452917589579,False
4819,5,3,2,1,0.025984714757264465,1000.0259847147572,0.0025984714757214533,19.258809613793964,0.00014230940100424527,False
4820,5,4,0,4,-0.0044925838821211605,999.995507416118,-0.0004492583881983592,0.0,0.0004492583881983592,True
4821,5,3,2,1,0.028718777721235503,1000.0287187777212,0.0028718777721223887,29.579130396286722,0.00010048863391602936,False
4822,5,5,0,5,-0.007795796439591083,999.9922042035605,-0.0007795796439495462,0.0,0.0007795796439495462,True
4823,5,5,3,2,0.026796221479107107,1000.026796221479,0.002679622147900318,31.749397506951674,6.960213707108764e-05,False
4824,5,4,0,4,-0.005067022611091978,999.9949329773889,-0.0005067022611115135,0.0,0.0005067022611115135,True
4825,5,4,2,2,0.024188423510561847,1000.0241884235106,0.002418842351062267,21.051015597863117,0.00010270965364043149,False
4826,5,4,1,3,0.01924075770119363,1000.0192407577013,0.001924075770125455,5.693880056651633,0.00026525589648120236,False
4827,5,4,1,3,0.018992194001388803,1000.0189921940014,0.0018992194001384633,4.050645207797047,0.00031519779693098824,False
4828,5,5,3,2,0.04756566401552748,1000.0475656640156,0.004756566401556484,20.16101526842991,0.00024366617399209647,False
4829,5,4,2,2,0.020931198046112705,1000.020931198046,0.002093119804601429,5.067653312209857,0.00036305449418526223,False
4830,5,5,3,2,0.051331361213297046,1000.0513313612132,0.0051331361213215135,38.722786677536426,8.584467144162698e-05,False
4831,5,3,3,0,0.031287911686888895,1000.031287911687,0.0031287911686945337,1000000000000.0,0.0,False
4832,5,5,2,3,0.004180771605238801,1000.0041807716052,0.00041807716052062456,1.6184751153711734,0.0004335284583817156,False
4833,5,3,1,2,-0.00035936655236631053,999.9996406334477,-3.5936655228852034e-05,0.9239798316962125,0.00047272321374025746,True
4834,5,5,2,3,0.024702214719384073,1000.0247022147192,0.0024702214719241056,7.026780741008665,0.0003354870759949336,False
4835,5,4,2,2,0.02692384268851062,1000.0269238426886,0.002692384268857495,12.802994261130618,0.00013500688852458167,False
4836,5,5,2,3,0.021908225478954726,1000.021908225479,0.0021908225479023713,4.709066475570082,0.0005906534950545205,False
4837,5,3,2,1,0.00625009238429457,1000.0062500923842,0.0006250092384220807,3.0274697992324815,0.0003082690609108616,False
4838,5,5,3,2,0.031140592993805886,1000.0311405929938,0.0031140592993779137,14.797337271737101,0.00022569330463248076,False
4839,5,5,2,3,0.04031889408685653,1000.0403188940869,0.004031889408690858,7.69219667199416,0.00048025420753261506,False
4840,5,3,1,2,0.0025808759133164657,1000.0025808759133,0.0002580875913281488,2.0964557493464757,0.00023538349951195416,False
4841,5,5,3,2,0.025160555449978264,1000.0251605554499,0.0025160555449929233,6.552658966331627,0.0002455419203784004,False
4842,5,5,3,2,0.0320727065592232,1000.0320727065591,0.0032072706559119974,9.265796300369274,0.000273988671153802,False
4843,5,5,1,4,3.471575918896283e-05,1000.0000347157592,3.471575917046721e-06,1.0082451447585141,0.0003545156495988522,False
4844,5,5,1,4,-0.00045493313910354794,999.999545066861,-4.5493313905353716e-05,0.9295352965869652,0.00043876118354546634,True
4845,5,4,3,1,0.050687827060914,1000.050687827061,0.005068782706098318,28.110754365441604,0.00018696122335089133,False
4846,5,5,1,4,0.002237243450981268,1000.002237243451,0.00022372434509634334,1.5664620760014336,0.00027268708185348154,False
4847,5,5,4,1,0.04540060427164371,1000.0454006042715,0.004540060427154912,15.198690218130238,0.00031974391920439407,False
4848,5,3,1,2,-0.0025053968228067815,999.9974946031772,-0.00025053968228121447,0.04689548496204617,0.0002628669232386244,True
4849,5,5,4,1,0.07720973533750061,1000.0772097353375,0.007720973533753294,257.31965062896745,3.0120838922933942e-05,False
4850,5,5,1,4,-0.005766613217734898,999.9942333867823,-0.0005766613217701887,0.054527259580797495,0.0006099185064954327,True
4851,5,5,1,4,0.01482995253020238,1000.0148299525304,0.001482995253036279,2.4383432967173517,0.0007366054987128483,False
4852,5,5,4,1,0.047277705453757264,1000.0472777054538,0.004727770545378007,18.97686528161663,0.00026297880810694993,False
4853,5,3,1,2,-0.003945664948233592,999.9960543350517,-0.00039456649483327055,0.1310642703069318,0.00039456649483327055,True
4854,5,4,2,2,0.02668705066595406,1000.0266870506659,0.002668705066594157,12.56999457187381,0.00023065072994098469,False
4855,5,5,2,3,0.02563222542111413,1000.0256322254212,0.0025632225421190922,9.587931580398484,0.00021706917019191117,False
4856,5,5,2,3,0.03971767957751473,1000.0397176795776,0.00397176795776204,6.24403307728761,0.0007573880445079339,False
4857,5,5,1,4,0.018602562488770236,1000.0186025624888,0.001860256248880887,5.036589294378855,0.0003198073172598015,False
4858,5,5,3,2,0.0277599310371042,1000.027759931037,0.002775993103705332,13.440827727099734,0.00017212461510274606,False
4859,5,4,4,0,0.05529641672614978,1000.0552964167262,0.005529641672615071,1000000000000.0,0.0,False
4860,5,5,4,1,0.028633883409530533,1000.0286338834095,0.0028633883409497685,38.43220673973635,7.649306339588446e-05,False
4861,5,5,2,3,0.04539354541289835,1000.0453935454128,0.004539354541282137,15.370286709273065,0.0003158694219126517,False
4862,5,5,2,3,0.020603079951782614,1000.0206030799518,0.0020603079951797554,5.015962510476618,0.0005130296883521624,False
4863,5,5,3,2,0.030157160399680392,1000.0301571603997,0.003015716039965355,10.364791319542144,0.00023430150528777944,False
4864,5,3,1,2,0.0023132328442501734,1000.0023132328442,0.00023132328442443395,1.8883903922849434,0.00026038472099116917,False
4865,5,4,1,3,0.0038637374344253606,1000.0038637374345,0.00038637374344716594,4.704170095260198,6.234596522745051e-05,False
4866,5,5,2,3,0.0027689280556227915,1000.0027689280556,0.0002768928055616016,1.452199859134358,0.0003269120759137543,False
4867,5,4,3,1,0.009593013400575612,1000.0095930134006,0.0009593013400603922,9.483034089811117,0.00011308348435395484,False
4868,5,5,3,2,0.019722113107348796,1000.0197221131074,0.001972211310737748,5.403932215435802,0.0004478188618234098,False
4869,5,5,2,3,0.025520132072092465,1000.0255201320722,0.002552013207218806,13.526576337409614,0.00012337880885550032,False
4870,5,5,3,2,0.009038346754930326,1000.0090383467548,0.0009038346754778104,5.426369320036748,0.00015003550586243364,False
4871,5,4,1,3,-0.0015260076303300577,999.9984739923697,-0.00015260076303320603,0.22925806871272505,0.00019799203447519174,True
4872,5,5,4,1,0.033186060548631366,1000.0331860605487,0.0033186060548700876,15.119610928610703,0.00023503523373165082,False
4873,5,5,3,2,0.026038733568910212,1000.026038733569,0.002603873356895292,16.690980643370334,0.00016050919757158537,False
4874,5,4,1,3,-0.005182478319571266,999.9948175216804,-0.0005182478319625261,0.03711023160181604,0.0005382213509506073,True
4875,5,5,3,2,0.04697715267909608,1000.046977152679,0.004697715267900549,12.47169981187784,0.00021426086352978788,False
4876,5,3,1,2,0.0007768787616432111,1000.0007768787617,7.768787617123962e-05,1.1812241207968754,0.0002152243029139497,False
4877,5,5,1,4,-0.001904537149909521,999.9980954628501,-0.0001904537149926,0.7487496697098175,0.0007580237397974088,True
4878,5,4,0,4,-0.008683250075526288,999.9913167499245,-0.00086832500754781,0.0,0.00086832500754781,True
4879,5,5,2,3,0.04375202723748298,1000.0437520272375,0.0043752027237474065,11.367261787684361,0.00028877571157112555,False
4880,5,5,3,2,0.048474356008652054,1000.0484743560087,0.004847435600868266,21.086257336919548,0.00024133095178058286,False
4881,5,4,2,2,0.045406469894634774,1000.0454064698947,0.0045406469894714975,28.801076440131883,0.00016332630137867455,False
4882,5,3,2,1,0.026572226044383022,1000.0265722260443,0.0026572226044322632,17.076163376339167,0.0001652895994084247,False
4883,5,5,3,2,0.02721911078535139,1000.0272191107852,0.0027219110785154047,20.61245695401048,0.0001250140108769102,False
4884,5,4,2,2,0.0030191002000346063,1000.0030191002,0.0003019100200049252,1.814620416090814,0.0003706143549038643,False
4885,5,5,1,4,-0.0004298256436746043,999.9995701743563,-4.298256436641168e-05,0.9313413778294088,0.00037671006555228814,True
4886,5,5,2,3,-4.546521722515579e-05,999.9999545347829,-4.546521711290552e-06,0.990020110419714,0.000389711186170524,True
4887,5,4,4,0,0.07568495062697261,1000.075684950627,0.007568495062696456,1000000000000.0,0.0,False
4888,5,5,4,1,0.010473696610549688,1000.0104736966106,0.0010473696610574733,4.359185439105579,0.0003117913786324974,False
4889,5,4,2,2,0.0019920935722974615,1000.0019920935722,0.00019920935721984279,1.6566746189432109,0.00030335930509118025,False
4890,5,5,3,2,0.0695651990467347,1000.0695651990468,0.006956519904679226,24.030698730343783,0.00024287565864328686,False
4891,5,4,3,1,0.048431185393368416,1000.0484311853934,0.004843118539338321,141.26930466574584,3.452728699357976e-05,False
4892,5,5,3,2,0.05043117118924385,1000.0504311711892,0.005043117118918872,12.813402850377415,0.00023210588370631643,False
4893,5,5,2,3,0.02239131433822755,1000.0223913143382,0.00223913143381651,6.305837645156587,0.0003208066340221194,False
4894,5,5,3,2,0.001558704627902881,1000.0015587046279,0.00015587046278824347,1.4325835304393717,0.00036032268274666,False
4895,5,5,2,3,0.026030840339484686,1000.0260308403393,0.002603084033933101,9.718713198977888,0.00028925897830618766,False
4896,5,2,1,1,0.022645345835513534,1000.0226453458356,0.0022645345835599073,28.057568726621426,8.369320268002412e-05,False
4897,5,3,1,2,0.01971837632623084,1000.0197183763262,0.0019718376326181898,9.247443465953703,0.00018754786358385637,False
4898,5,4,2,2,0.02459087899498887,1000.024590878995,0.0024590878995013558,10.12260763020047,0.00017114317198285955,False
4899,5,5,3,2,0.04387032461904823,1000.043870324619,0.004387032461897889,12.316407377936772,0.0003876515626957358,False
4900,5,4,1,3,-0.003936191659310969,999.9960638083408,-0.00039361916592497434,0.003919427133712852,0.00039516799810144224,True
4901,5,5,1,4,-0.004916004783784379,999.9950839952163,-0.0004916004783694916,0.09852203428457995,0.0004916004783694916,True
4902,5,4,3,1,0.010451945970301182,1000.0104519459702,0.001045194597020327,51.7551200014926,2.0592681345498727e-05,False
4903,5,5,1,4,0.015493997650059928,1000.01549399765,0.001549399764996906,3.0642804097349425,0.0006192171030310904,False
4904,5,4,3,1,0.05196723893001519,1000.0519672389302,0.005196723893016042,70.33505863073937,7.494693240928769e-05,False
4905,5,4,2,2,0.04476504659915641,1000.0447650465992,0.004476504659919556,12.27892596530338,0.00022158114563158133,False
4906,5,5,3,2,0.028082580665973283,1000.028082580666,0.0028082580666023206,27.67145812212283,8.940395438230552e-05,False
4907,5,5,1,4,-0.005048529429222338,999.9949514705708,-0.0005048529429245718,0.028061205275724355,0.0005194287394033381,True
4908,5,5,1,4,-0.00041420360750498396,999.9995857963925,-4.142036075336364e-05,0.9291913486415231,0.00040356363972477994,True
4909,5,4,3,1,0.06840621690963222,1000.0684062169097,0.0068406216909693285,102.2904962483793,6.753468434226305e-05,False
4910,5,5,1,4,0.0016149993139349833,1000.001614999314,0.00016149993140288644,1.518987559832551,0.00021485371275957734,False
4911,5,5,3,2,0.05059569751500249,1000.050595697515,0.005059569751495019,21.818409239724545,0.0001392246195109692,False
4912,5,5,3,2,0.03032736404426116,1000.0303273640443,0.00303273640442967,16.805272935267908,0.00019188130548855042,False
4913,5,5,3,2,0.004267916257646862,1000.0042679162577,0.0004267916257731485,2.620802457926311,0.0002126743206833024,False
4914,5,4,3,1,0.02215957041239102,1000.0221595704122,0.0022159570412213724,12.774762763188326,0.0001881954724581192,False
4915,5,2,1,1,0.004988459326061004,1000.0049884593261,0.0004988459326114025,90.44022927306315,5.577394203276392e-06,False
4916,5,5,3,2,0.04612457216394967,1000.046124572164,0.00461245721639898,10.019499693099936,0.00036901371692981474,False
4917,5,5,2,3,0.002166527369795741,1000.0021665273698,0.0002166527369809046,1.7693968250283088,0.00024416930619227485,False
4918,5,5,2,3,0.0040820980048480735,1000.0040820980049,0.00040820980049147696,2.336803248620757,0.00016644722480805286,False
4919,5,5,3,2,0.025588803307173023,1000.0255888033071,0.0025588803307073247,24.051564996984755,0.0001110063566527425,False
4920,5,5,3,2,0.04545988758331123,1000.0454598875833,0.004545988758331987,16.138257699882303,0.0003002902189918762,False
4921,5,4,3,1,0.0030954948387116217,1000.0030954948387,0.00030954948387034164,2.5910692517213985,0.0001945542819470626,False
4922,5,5,1,4,-0.002657676180648724,999.9973423238195,-0.0002657676180547242,0.5624244466078205,0.0006073639534974972,True
4923,5,5,3,2,0.025282828029786385,1000.0252828280298,0.0025282828029844495,12.385123013554937,0.0002220638179158133,False
4924,5,5,2,3,0.04256720259567645,1000.0425672025956,0.004256720259559188,8.871436806586862,0.000540754649730277,False
4925,5,4,2,2,0.023871642504338868,1000.0238716425043,0.0023871642504332156,6.141061275393194,0.0003322418007887251,False
4926,5,5,3,2,0.02703011001075436,1000.0270301100106,0.0027030110010628047,8.282386792689469,0.0002254807143740406,False
4927,5,4,2,2,0.0042305692824702,1000.0042305692825,0.0004230569282526631,7.36290924574208,4.679374873648642e-05,False
4928,5,5,4,1,0.05481866924768257,1000.0548186692477,0.0054818669247651995,132.96930503965388,4.153765732026643e-05,False
4929,5,5,2,3,-0.00216324465159077,999.9978367553484,-0.00021632446515695844,0.19355518967318588,0.00023050405254744277,True
4930,5,5,2,3,-0.00023217312778716997,999.9997678268722,-2.321731277561412e-05,0.9178055413910671,0.00028246747825741295,True
4931,5,5,1,4,-0.0008454196042551578,999.9991545803956,-8.454196043885531e-05,0.8385507481997792,0.0003188713133113197,True
4932,5,5,3,2,0.0249254474005942,1000.0249254474006,0.0024925447400619303,6.246667287457412,0.000475072003519017,False
4933,5,5,3,2,0.044809225471730434,1000.0448092254717,0.00448092254716812,7.66767457580491,0.000383061187653766,False
4934,5,3,2,1,0.0070000512949532166,1000.007000051295,0.0007000051294994592,5.026479711122244,0.0001738488860587541,False
4935,5,4,2,2,0.02698564779836226,1000.0269856477985,0.0026985647798483114,10.7402297780554,0.0002770452591659939,False
4936,5,5,1,4,0.018567764946043196,1000.018567764946,0.0018567764946055831,4.482312674783048,0.0005332021182539393,False
4937,5,5,2,3,-0.0037856210557779004,999.9962143789442,-0.0003785621055840238,0.5283821847912681,0.0008026849024767482,True
4938,5,4,2,2,0.02634783756603361,1000.026347837566,0.0026347837566049748,16.48812890667073,0.0001253070093587632,False
4939,5,5,2,3,-0.0007279759434177619,999.9992720240566,-7.279759433913569e-05,0.8907803756569019,0.0004361013932961619,True
4940,5,4,2,2,0.0014975596432387228,1000.0014975596433,0.0001497559643325985,1.4482342570791884,0.00033410046104578146,False
4941,5,5,4,1,0.051225835933489325,1000.0512258359335,0.005122583593345098,30.53106592889543,0.00017345933974905042,False
4942,5,4,1,3,-7.809675918917045e-05,999.9999219032408,-7.8096759239088e-06,0.9841228662651468,0.00039024024714535695,True
4943,5,5,2,3,0.019125630952255408,1000.0191256309522,0.0019125630952203207,4.571869455661936,0.0004376765158667695,False
4944,5,5,2,3,0.005862156497237262,1000.0058621564972,0.0005862156497187243,2.020004265445586,0.0004691201910140357,False
4945,5,5,4,1,0.024708650969897186,1000.0247086509698,0.0024708650969841985,11.46289018275742,0.0002361550103581306,False
4946,5,5,4,1,0.05013613968728023,1000.0501361396872,0.0050136139687197104,23.37388923752187,0.00022408325685319141,False
4947,5,5,2,3,0.022647764293812874,1000.0226477642938,0.002264776429376525,6.608062322004351,0.0003609286420294503,False
4948,5,4,3,1,0.03026518723075735,1000.0302651872308,0.003026518723083882,15.68931140706135,0.00020603543890729267,False
4949,5,5,2,3,0.004567533157718233,1000.0045675331577,0.0004567533157683101,1.9387810214854952,0.0002317884801222464,False
4950,5,3,1,2,-0.0004929124730320411,999.999507087527,-4.929124729642353e-05,0.6275182601121205,0.00013233198308171268,True
4951,5,4,3,1,0.033702660726734085,1000.0337026607267,0.003370266072670347,114.1739788649611,2.9779377262043373e-05,False
4952,5,5,3,2,0.018761391538945637,1000.018761391539,0.0018761391538987483,4.534728738584958,0.0005307611239642075,False
4953,5,5,5,0,0.05735452627422248,1000.0573545262743,0.005735452627425274,1000000000000.0,0.0,False
4954,5,5,2,3,0.022548687913660836,1000.0225486879136,0.0022548687913626964,3.922608364824559,0.0004639979963030783,False
4955,5,5,4,1,0.06813614853815589,1000.0681361485382,0.0068136148538201265,41.16937004870826,0.0001696103042635897,False
4956,5,4,1,3,-0.003349576257441893,999.9966504237425,-0.00033495762575057596,0.5763132381800686,0.000554869239533673,True
4957,5,4,1,3,0.020228945680878883,1000.020228945681,0.002022894568096945,4.637757691655893,0.0005560684825333713,False
4958,5,4,3,1,0.04910614047971849,1000.0491061404798,0.004910614047980743,27.058256827576372,0.0001884424464520415,False
4959,5,4,2,2,0.022349106997833396,1000.0223491069979,0.002234910699792181,5.377401028437532,0.00026243417876835296,False
4960,5,5,2,3,0.004162111933325345,1000.0041621119333,0.00041621119332830854,1.8592839709699192,0.0002700973801465917,False
4961,5,5,4,1,0.09246556379597012,1000.092465563796,0.009246556379605409,223.29681171688475,4.159367057316209e-05,False
4962,5,4,2,2,-0.0006425101909025054,999.9993574898092,-6.425101908007491e-05,0.7780849525493194,0.00019538524156675492,True
4963,5,3,2,1,0.008922837996594754,1000.0089228379965,0.0008922837996465206,16.247006367193684,5.8521344742559414e-05,False
4964,5,5,3,2,0.00036843412857642615,1000.0003684341286,3.684341286316339e-05,1.069381991068181,0.0005172481460730797,False
4965,5,4,2,2,0.02522016086451311,1000.0252201608646,0.002522016086459189,17.53573227839121,0.00010442378491739859,False
4966,5,4,3,1,0.07102199807896989,1000.0710219980789,0.007102199807889065,38.90222078087416,0.00018738215496796328,False
4967,5,5,2,3,0.02384248965606144,1000.0238424896561,0.0023842489656090036,6.240390475850027,0.00025066835892175734,False
4968,5,5,0,5,-0.007300658053147019,999.9926993419468,-0.0007300658053168263,0.0,0.0007300658053168263,True
4969,5,3,2,1,0.024317834653234893,1000.0243178346532,0.002431783465317494,9.496775656103917,0.000286194054338688,False
4970,5,4,0,4,-0.007111465778242327,999.9928885342218,-0.0007111465778166349,0.0,0.0007111465778166349,True
4971,5,4,4,0,0.06928407946863215,1000.0692840794686,0.006928407946861626,1000000000000.0,0.0,False
4972,5,4,2,2,0.027868590399186627,1000.0278685903991,0.0027868590399066306,23.715470006255195,0.00012080793463762856,False
4973,5,5,3,2,0.045458508691295786,1000.0454585086912,0.004545850869124023,10.316557360859886,0.000292122926021821,False
4974,5,5,2,3,0.024662613671179324,1000.024662613671,0.0024662613671011966,7.507133563607407,0.00023779928784538969,False
4975,5,5,1,4,-0.0006994852671645892,999.9993005147328,-6.99485267205091e-05,0.8550119397831255,0.0004824413684756114,True
4976,5,4,2,2,0.026484880737818815,1000.0264848807377,0.0026484880737712045,9.578815949298697,0.000308722233568943,False
4977,5,4,3,1,0.025586343951831233,1000.0255863439518,0.0025586343951772505,11.224192960470086,0.00025024591554429713,False
4978,5,4,2,2,0.04345680399753906,1000.0434568039975,0.004345680399751473,11.099002357002272,0.00043028733996699163,False
4979,5,5,2,3,0.018108224598864537,1000.0181082245989,0.0018108224598904598,4.025464419282373,0.000567138579344828,False
4980,5,4,2,2,0.047398084019048256,1000.047398084019,0.0047398084019050655,98.69884926538921,2.5808408126990883e-05,False
4981,5,5,3,2,0.028810669018536992,1000.0288106690184,0.0028810669018412226,13.133364655643454,0.00023744419235371234,False
4982,5,5,3,2,0.024228555032430696,1000.0242285550323,0.002422855503232313,13.094919416806016,0.00011525587209034603,False
4983,5,5,4,1,0.036796236947802,1000.0367962369479,0.0036796236947907344,32.49909230190111,0.00011681393143791912,False
4984,5,4,1,3,-0.001471594465975409,999.998528405534,-0.00014715944660110834,0.25603785864799694,0.00014715944660110834,True
4985,5,5,2,3,0.028192567874776652,1000.0281925678748,0.002819256787483937,11.755660860854526,0.0002586225375160013,False
4986,5,4,3,1,0.028531609018870488,1000.0285316090188,0.0028531609018841663,31.387119804124012,9.389324105499305e-05,False
4987,5,5,5,0,0.03272905124853767,1000.0327290512486,0.0032729051248566064,1000000000000.0,0.0,False
4988,5,4,0,4,-0.006817665594217926,999.9931823344058,-0.0006817665594212486,0.0,0.0006817665594212486,True
4989,5,4,2,2,0.022235128031571974,1000.0222351280315,0.0022235128031525163,5.17356421016069,0.00032312392665971855,False
4990,5,4,3,1,0.02988216675752641,1000.0298821667575,0.002988216675748845,59.29144144357566,5.1262061172366046e-05,False
4991,5,5,1,4,-0.0037088730162664193,999.9962911269837,-0.00037088730163077345,0.5419850148437766,0.00080977110716276,True
4992,5,4,1,3,-0.001111797238140862,999.9988882027618,-0.00011117972381953223,0.7985938127835611,0.00037200448269913977,True
4993,5,5,3,2,0.04416656875175628,1000.0441665687516,0.004416656875162062,10.011222256762029,0.00027292236998164297,False
4994,5,4,1,3,-0.00016548408693064847,999.999834515913,-1.65484087006007e-05,0.9584812728285705,0.00039857697528304924,True
4995,5,5,3,2,0.0058958511344847225,1000.0058958511345,0.0005895851134482654,2.4092402925836014,0.0003024670165086072,False
4996,5,3,2,1,0.04435227484621508,1000.0443522748462,0.004435227484623283,26.46379230323224,0.00017417780634332303,False
4997,5,4,2,2,0.01922988831772183,1000.0192298883177,0.0019229888317681798,5.167462663500881,0.00046142916854705616,False
4998,5,5,4,1,0.0196061955306205,1000.0196061955306,0.0019606195530627703,71.77544524519625,2.7701974124738628e-05,False
4999,5,4,2,2,0.02453885688985051,1000.0245388568899,0.002453885688987611,7.111579627861414,0.000248024406141667,False
5000,5,5,4,1,0.0295827584733367,1000.0295827584733,0.00295827584733388,10.617119588127046,0.0003075981776458527,False
