run_id,attempt_id,trade_index,attempt_number,event_id,cycle_id,cycle_number,timestamp,token,asset_key,source_type,validation_status,rule,quoted_net_profit_usd,starting_amount_usd,source_quote_latency_ms,quote_to_build_latency_ms,transaction_build_latency_ms,rpc_submission_latency_ms,confirmation_latency_ms,total_quote_age_ms,maximum_quote_age_ms,quote_stale,base_network_fee_usd,priority_fee_usd,total_network_fee_usd,additional_slippage_bps,adverse_price_move_bps,execution_penalty_usd,confirmation_probability,missed,simulation_failed,rpc_failed,blockhash_expired,confirmed,status,failure_reason,realized_net_profit_usd,profit_degradation_usd,created_at,base_fee_component_usd,priority_fee_component_usd,slippage_component_usd,adverse_move_component_usd,execution_penalty_component_usd,fee_share_of_quoted_edge,execution_penalty_share_of_quoted_edge,total_degradation_share_of_quoted_edge,edge_survived
e1bcfb7b-6cf2-4a73-8aae-6a4786a94534,e1bcfb7b-6cf2-4a73-8aae-6a4786a94534:1:1,1,1,HISTORICAL:CYCLE-000006-20260730T214218000000:00000501,CYCLE-000006-20260730T214218000000,6,2026-07-30T21:42:18.000+00:00,BOLT,SYMBOL:BOLT,HISTORICAL,HISTORICAL_UNVALIDATED,BASE_FILTER_ONLY,0.025919000000000025,0.9999999999999999,0.0,20.797196126910592,100.96920337433862,65.27541905256726,1189.714060829378,187.04181855381648,1500.0,False,0.0005,0.0008725981284662494,0.0013725981284662494,3.830158537799809,1.4762217182567516,0.000530638025605656,0.985,False,False,False,False,True,CONFIRMED,,0.024015763845928118,0.0019032361540719071,2026-08-01T04:49:50.194+00:00,0.0005,0.0008725981284662494,0.00038301585377998085,0.00014762217182567514,0.000530638025605656,0.052957217811885025,0.020472935900522994,0.07343015371240809,True
e1bcfb7b-6cf2-4a73-8aae-6a4786a94534,e1bcfb7b-6cf2-4a73-8aae-6a4786a94534:1:2,1,2,HISTORICAL:CYCLE-000006-20260730T214218000000:00000501,CYCLE-000006-20260730T214218000000,6,2026-07-30T21:42:18.000+00:00,BOLT,SYMBOL:BOLT,HISTORICAL,HISTORICAL_UNVALIDATED,BASE_FILTER_ONLY,0.025919000000000025,0.9999999999999999,0.0,77.16751316092254,81.4290926868508,170.86434592553502,1993.4243165569337,329.46095177330835,1500.0,False,0.0005,0.002532644141027236,0.003032644141027236,11.793560442065058,4.080292086168335,0.001587385252823339,0.985,False,False,False,False,True,CONFIRMED,,0.02129897060614945,0.004620029393850575,2026-08-01T04:49:50.194+00:00,0.0005,0.002532644141027236,0.0011793560442065055,0.0004080292086168334,0.001587385252823339,0.11700467383105957,0.061244077812544366,0.17824875164360393,True
e1bcfb7b-6cf2-4a73-8aae-6a4786a94534,e1bcfb7b-6cf2-4a73-8aae-6a4786a94534:1:3,1,3,HISTORICAL:CYCLE-000006-20260730T214218000000:00000501,CYCLE-000006-20260730T214218000000,6,2026-07-30T21:42:18.000+00:00,BOLT,SYMBOL:BOLT,HISTORICAL,HISTORICAL_UNVALIDATED,BASE_FILTER_ONLY,0.025919000000000025,0.9999999999999999,0.0,57.13291034705159,46.847514886967076,162.27218820857007,2417.445979510976,266.25261344258877,1500.0,False,0.0005,0.002226224990275198,0.002726224990275198,8.569169951608737,2.0080389494108286,0.0010577208901019564,0.985,False,False,False,False,True,CONFIRMED,,0.022135054119622872,0.0037839458803771535,2026-08-01T04:49:50.194+00:00,0.0005,0.002226224990275198,0.0008569169951608735,0.00020080389494108282,0.0010577208901019564,0.10518249123327271,0.0408087075157975,0.14599119874907018,True
e1bcfb7b-6cf2-4a73-8aae-6a4786a94534,e1bcfb7b-6cf2-4a73-8aae-6a4786a94534:1:4,1,4,HISTORICAL:CYCLE-000006-20260730T214218000000:00000501,CYCLE-000006-20260730T214218000000,6,2026-07-30T21:42:18.000+00:00,BOLT,SYMBOL:BOLT,HISTORICAL,HISTORICAL_UNVALIDATED,BASE_FILTER_ONLY,0.025919000000000025,0.9999999999999999,0.0,54.17563330653305,89.24028143000811,41.0495002984532,1775.309864719867,184.46541503499435,1500.0,False,0.0005,0.00043608669863101163,0.0009360866986310116,11.766512977173054,9.978899345763612,0.0021745412322936664,0.985,False,False,False,False,True,CONFIRMED,,0.02280837206907535,0.0031106279309246754,2026-08-01T04:49:50.194+00:00,0.0005,0.00043608669863101163,0.0011766512977173051,0.000997889934576361,0.0021745412322936664,0.03611584932408699,0.08389757445478854,0.12001342377887543,True
e1bcfb7b-6cf2-4a73-8aae-6a4786a94534,e1bcfb7b-6cf2-4a73-8aae-6a4786a94534:1:5,1,5,HISTORICAL:CYCLE-000006-20260730T214218000000:00000501,CYCLE-000006-20260730T214218000000,6,2026-07-30T21:42:18.000+00:00,BOLT,SYMBOL:BOLT,HISTORICAL,HISTORICAL_UNVALIDATED,BASE_FILTER_ONLY,0.025919000000000025,0.9999999999999999,0.0,31.917522330204292,87.16368250997388,169.9963396929133,2021.421432740815,289.07754453309144,1500.0,False,0.0005,0.0027268020659409645,0.0032268020659409645,1.8531157487036127,0.13958876987137936,0.00019927045185749918,0.985,False,False,False,False,True,CONFIRMED,,0.02249292748220156,0.003426072517798466,2026-08-01T04:49:50.194+00:00,0.0005,0.0027268020659409645,0.00018531157487036126,1.3958876987137933e-05,0.00019927045185749918,0.12449562351714809,0.007688199847891469,0.13218382336503964,True
e1bcfb7b-6cf2-4a73-8aae-6a4786a94534,e1bcfb7b-6cf2-4a73-8aae-6a4786a94534:1:6,1,6,HISTORICAL:CYCLE-000006-20260730T214218000000:00000501,CYCLE-000006-20260730T214218000000,6,2026-07-30T21:42:18.000+00:00,BOLT,SYMBOL:BOLT,HISTORICAL,HISTORICAL_UNVALIDATED,BASE_FILTER_ONLY,0.025919000000000025,0.9999999999999999,0.0,80.61624239540467,69.02513018629585,205.80949104940262,451.3489552587009,355.4508636311032,1500.0,False,0.0005,0.002459719740866469,0.002959719740866469,2.0894854331395587,7.372470093964964,0.000946195552710452,0.985,False,False,False,False,True,CONFIRMED,,0.022013084706423106,0.003905915293576919,2026-08-01T04:49:50.194+00:00,0.0005,0.002459719740866469,0.00020894854331395582,0.0007372470093964963,0.000946195552710452,0.11419112391938215,0.03650586645744246,0.15069699037682455,True
e1bcfb7b-6cf2-4a73-8aae-6a4786a94534,e1bcfb7b-6cf2-4a73-8aae-6a4786a94534:1:7,1,7,HISTORICAL:CYCLE-000006-20260730T214218000000:00000501,CYCLE-000006-20260730T214218000000,6,2026-07-30T21:42:18.000+00:00,BOLT,SYMBOL:BOLT,HISTORICAL,HISTORICAL_UNVALIDATED,BASE_FILTER_ONLY,0.025919000000000025,0.9999999999999999,0.0,138.16187266286556,65.8308394447999,200.9836788984454,1444.1283829837425,404.9763910061108,1500.0,False,0.0005,0.001686584128593485,0.002186584128593485,6.2586409037661666,1.5004836954804979,0.0007759124599246664,0.985,False,False,False,False,True,CONFIRMED,,0.022956503411481873,0.002962496588518153,2026-08-01T04:49:50.195+00:00,0.0005,0.001686584128593485,0.0006258640903766165,0.00015004836954804978,0.0007759124599246664,0.08436221029335556,0.029936049227387847,0.11429825952074346,True
e1bcfb7b-6cf2-4a73-8aae-6a4786a94534,e1bcfb7b-6cf2-4a73-8aae-6a4786a94534:1:8,1,8,HISTORICAL:CYCLE-000006-20260730T214218000000:00000501,CYCLE-000006-20260730T214218000000,6,2026-07-30T21:42:18.000+00:00,BOLT,SYMBOL:BOLT,HISTORICAL,HISTORICAL_UNVALIDATED,BASE_FILTER_ONLY,0.025919000000000025,0.9999999999999999,0.0,89.8584779688387,106.28588158667466,85.60276575759454,2423.189436471179,281.74712531310786,1500.0,False,0.0005,0.004069993413595966,0.004569993413595966,10.289799941402661,2.8226855976094023,0.001311248553901206,0.985,False,False,False,False,True,CONFIRMED,,0.02003775803250285,0.005881241967497175,2026-08-01T04:49:50.195+00:00,0.0005,0.004069993413595966,0.001028979994140266,0.0002822685597609402,0.001311248553901206,0.17631827669261785,0.05059024475871773,0.22690852145133567,True
e1bcfb7b-6cf2-4a73-8aae-6a4786a94534,e1bcfb7b-6cf2-4a73-8aae-6a4786a94534:1:9,1,9,HISTORICAL:CYCLE-000006-20260730T214218000000:00000501,CYCLE-000006-20260730T214218000000,6,2026-07-30T21:42:18.000+00:00,BOLT,SYMBOL:BOLT,HISTORICAL,HISTORICAL_UNVALIDATED,BASE_FILTER_ONLY,0.025919000000000025,0.9999999999999999,0.0,133.58353640567813,101.69829485206293,56.379601623699784,1019.8880350984548,291.6614328814409,1500.0,False,0.0005,0.0018097039283040761,0.002309703928304076,4.858739606099669,2.352567109652024,0.0007211306715751692,0.985,False,False,False,False,True,CONFIRMED,,0.02288816540012078,0.0030308345998792466,2026-08-01T04:49:50.195+00:00,0.0005,0.0018097039283040761,0.0004858739606099668,0.00023525671096520236,0.0007211306715751692,0.08911238582908576,0.027822472764194934,0.11693485859328075,True
e1bcfb7b-6cf2-4a73-8aae-6a4786a94534,e1bcfb7b-6cf2-4a73-8aae-6a4786a94534:1:10,1,10,HISTORICAL:CYCLE-000006-20260730T214218000000:00000501,CYCLE-000006-20260730T214218000000,6,2026-07-30T21:42:18.000+00:00,BOLT,SYMBOL:BOLT,HISTORICAL,HISTORICAL_UNVALIDATED,BASE_FILTER_ONLY,0.025919000000000025,0.9999999999999999,0.0,141.83644362041076,90.21706190947499,229.9029065491783,859.8403217041157,461.9564120790641,1500.0,False,0.0005,0.0012899420064074623,0.0017899420064074623,2.1784624086008098,4.086692537015848,0.0006265154945616657,0.985,False,False,False,False,True,CONFIRMED,,0.023502542499030894,0.002416457500969131,2026-08-01T04:49:50.195+00:00,0.0005,0.0012899420064074623,0.00021784624086008093,0.0004086692537015847,0.0006265154945616657,0.06905906888411824,0.024172055039224705,0.09323112392334305,True
e1bcfb7b-6cf2-4a73-8aae-6a4786a94534,e1bcfb7b-6cf2-4a73-8aae-6a4786a94534:1:11,1,11,HISTORICAL:CYCLE-000006-20260730T214218000000:00000501,CYCLE-000006-20260730T214218000000,6,2026-07-30T21:42:18.000+00:00,BOLT,SYMBOL:BOLT,HISTORICAL,HISTORICAL_UNVALIDATED,BASE_FILTER_ONLY,0.025919000000000025,0.9999999999999999,0.0,147.75254494696202,76.27245922322105,139.15861307224304,1245.1571774508507,363.1836172424261,1500.0,False,0.0005,0.002972050810897944,0.003472050810897944,5.333367731426901,4.613640444907343,0.0009947008176334241,0.985,False,False,False,False,True,CONFIRMED,,0.021452248371468658,0.004466751628531367,2026-08-01T04:49:50.195+00:00,0.0005,0.002972050810897944,0.00053333677314269,0.0004613640444907342,0.0009947008176334241,0.1339577457038443,0.03837728375452074,0.172335029458365,True
e1bcfb7b-6cf2-4a73-8aae-6a4786a94534,e1bcfb7b-6cf2-4a73-8aae-6a4786a94534:1:12,1,12,HISTORICAL:CYCLE-000006-20260730T214218000000:00000501,CYCLE-000006-20260730T214218000000,6,2026-07-30T21:42:18.000+00:00,BOLT,SYMBOL:BOLT,HISTORICAL,HISTORICAL_UNVALIDATED,BASE_FILTER_ONLY,0.025919000000000025,0.9999999999999999,0.0,124.2325655610607,53.035563337054086,171.92559576193042,1034.8498992621085,349.1937246600452,1500.0,False,0.0005,0.0016700153159715297,0.0021700153159715297,10.498856943128661,2.6023264788748666,0.0013101183422003526,0.985,False,False,False,False,True,CONFIRMED,,0.02243886634182814,0.003480133658171885,2026-08-01T04:49:50.195+00:00,0.0005,0.0016700153159715297,0.001049885694312866,0.0002602326478874866,0.0013101183422003526,0.0837229567487761,0.05054663922992211,0.1342695959786983,True
e1bcfb7b-6cf2-4a73-8aae-6a4786a94534,e1bcfb7b-6cf2-4a73-8aae-6a4786a94534:1:13,1,13,HISTORICAL:CYCLE-000006-20260730T214218000000:00000501,CYCLE-000006-20260730T214218000000,6,2026-07-30T21:42:18.000+00:00,BOLT,SYMBOL:BOLT,HISTORICAL,HISTORICAL_UNVALIDATED,BASE_FILTER_ONLY,0.025919000000000025,0.9999999999999999,0.0,143.98148467676572,81.0393469209366,38.48460358147583,907.174929968232,263.50543517917816,1500.0,False,0.0005,0.003724749562395449,0.0042247495623954495,14.543137147107432,1.2839795268729226,0.0015827116673980352,0.985,False,False,False,False,True,CONFIRMED,,0.02011153877020654,0.005807461229793486,2026-08-01T04:49:50.195+00:00,0.0005,0.003724749562395449,0.001454313714710743,0.00012839795268729224,0.0015827116673980352,0.16299816977489276,0.061063762776265816,0.22406193255115864,True
e1bcfb7b-6cf2-4a73-8aae-6a4786a94534,e1bcfb7b-6cf2-4a73-8aae-6a4786a94534:1:14,1,14,HISTORICAL:CYCLE-000006-20260730T214218000000:00000501,CYCLE-000006-20260730T214218000000,6,2026-07-30T21:42:18.000+00:00,BOLT,SYMBOL:BOLT,HISTORICAL,HISTORICAL_UNVALIDATED,BASE_FILTER_ONLY,0.025919000000000025,0.9999999999999999,0.0,146.61932712659507,117.31705494330396,147.76750887090938,2218.106290123315,411.7038909408084,1500.0,False,0.0005,0.002561355214642702,0.003061355214642702,5.100800529276224,8.665810369664628,0.001376661089894085,0.985,False,False,False,False,True,CONFIRMED,,0.021480983695463238,0.004438016304536788,2026-08-01T04:49:50.195+00:00,0.0005,0.002561355214642702,0.0005100800529276223,0.0008665810369664626,0.001376661089894085,0.11811239687652683,0.053113973914660426,0.1712263707911873,True
e1bcfb7b-6cf2-4a73-8aae-6a4786a94534,e1bcfb7b-6cf2-4a73-8aae-6a4786a94534:1:15,1,15,HISTORICAL:CYCLE-000006-20260730T214218000000:00000501,CYCLE-000006-20260730T214218000000,6,2026-07-30T21:42:18.000+00:00,BOLT,SYMBOL:BOLT,HISTORICAL,HISTORICAL_UNVALIDATED,BASE_FILTER_ONLY,0.025919000000000025,0.9999999999999999,0.0,79.96002218323684,66.15168223283388,159.01888685243992,884.9930819202771,305.13059126851067,1500.0,False,0.0005,0.0011506330242330423,0.0016506330242330423,11.608121597215321,4.434421183278201,0.001604254278049352,0.985,False,False,False,False,True,CONFIRMED,,0.02266411269771763,0.003254887302282395,2026-08-01T04:49:50.197+00:00,0.0005,0.0011506330242330423,0.001160812159721532,0.00044344211832782004,0.001604254278049352,0.06368428659412172,0.061894914080379275,0.125579200674501,True
e1bcfb7b-6cf2-4a73-8aae-6a4786a94534,e1bcfb7b-6cf2-4a73-8aae-6a4786a94534:1:16,1,16,HISTORICAL:CYCLE-000006-20260730T214218000000:00000501,CYCLE-000006-20260730T214218000000,6,2026-07-30T21:42:18.000+00:00,BOLT,SYMBOL:BOLT,HISTORICAL,HISTORICAL_UNVALIDATED,BASE_FILTER_ONLY,0.025919000000000025,0.9999999999999999,0.0,90.70948904702216,108.34572579826585,171.69891274574337,753.9300299439483,370.75412759103136,1500.0,False,0.0005,0.0008540122895054388,0.0013540122895054389,4.831715459024811,7.361934541212881,0.001219365000023769,0.985,False,False,False,False,True,CONFIRMED,,0.023345622710470817,0.002573377289529208,2026-08-01T04:49:50.197+00:00,0.0005,0.0008540122895054388,0.000483171545902481,0.000736193454121288,0.001219365000023769,0.052240143890791985,0.047045217794813375,0.09928536168560537,True
e1bcfb7b-6cf2-4a73-8aae-6a4786a94534,e1bcfb7b-6cf2-4a73-8aae-6a4786a94534:1:17,1,17,HISTORICAL:CYCLE-000006-20260730T214218000000:00000501,CYCLE-000006-20260730T214218000000,6,2026-07-30T21:42:18.000+00:00,BOLT,SYMBOL:BOLT,HISTORICAL,HISTORICAL_UNVALIDATED,BASE_FILTER_ONLY,0.025919000000000025,0.9999999999999999,0.0,58.419252976701266,87.47523921804397,71.76304921268991,1058.8732862983795,217.65754140743513,1500.0,False,0.0005,0.0032428619505479954,0.0037428619505479955,1.9754497946427692,7.402386856307539,0.0009377836650950306,0.985,False,False,False,False,True,CONFIRMED,,0.021238354384357,0.004680645615643027,2026-08-01T04:49:50.197+00:00,0.0005,0.0032428619505479954,0.0001975449794642769,0.0007402386856307537,0.0009377836650950306,0.14440610943894408,0.0361813212351954,0.18058743067413952,True
e1bcfb7b-6cf2-4a73-8aae-6a4786a94534,e1bcfb7b-6cf2-4a73-8aae-6a4786a94534:1:18,1,18,HISTORICAL:CYCLE-000006-20260730T214218000000:00000501,CYCLE-000006-20260730T214218000000,6,2026-07-30T21:42:18.000+00:00,BOLT,SYMBOL:BOLT,HISTORICAL,HISTORICAL_UNVALIDATED,BASE_FILTER_ONLY,0.025919000000000025,0.9999999999999999,0.0,110.40127298807977,115.55595694420192,91.55509014310168,1610.0251917159003,317.51232007538334,1500.0,False,0.0005,0.004483341730168246,0.004983341730168246,7.367990349918779,6.999663985188864,0.0014367654335107642,0.985,False,False,False,False,True,CONFIRMED,,0.019498892836321016,0.006420107163679009,2026-08-01T04:49:50.197+00:00,0.0005,0.004483341730168246,0.0007367990349918778,0.0006999663985188863,0.0014367654335107642,0.19226597207331458,0.05543290379685801,0.24769887587017256,True
e1bcfb7b-6cf2-4a73-8aae-6a4786a94534,e1bcfb7b-6cf2-4a73-8aae-6a4786a94534:1:19,1,19,HISTORICAL:CYCLE-000006-20260730T214218000000:00000501,CYCLE-000006-20260730T214218000000,6,2026-07-30T21:42:18.000+00:00,BOLT,SYMBOL:BOLT,HISTORICAL,HISTORICAL_UNVALIDATED,BASE_FILTER_ONLY,0.025919000000000025,0.9999999999999999,0.0,140.02466854319056,99.4316688512666,230.7149564621219,1256.1988086685024,470.17129385657904,1500.0,False,0.0005,0.0002915906893190027,0.0007915906893190027,12.56520675827518,6.047047415029898,0.0018612254173305072,0.985,True,False,False,False,False,MISSED,OPPORTUNITY_MISSED,0.0,0.025919000000000025,2026-08-01T04:49:50.197+00:00,0.0005,0.0002915906893190027,0.0012565206758275178,0.0006047047415029897,0.0018612254173305072,0.03054094252552189,0.071809306583221,1.0,False
e1bcfb7b-6cf2-4a73-8aae-6a4786a94534,e1bcfb7b-6cf2-4a73-8aae-6a4786a94534:1:20,1,20,HISTORICAL:CYCLE-000006-20260730T214218000000:00000501,CYCLE-000006-20260730T214218000000,6,2026-07-30T21:42:18.000+00:00,BOLT,SYMBOL:BOLT,HISTORICAL,HISTORICAL_UNVALIDATED,BASE_FILTER_ONLY,0.025919000000000025,0.9999999999999999,0.0,27.05476409121192,117.96225177625382,55.48244315977872,790.8871570953906,200.49945902724446,1500.0,False,0.0005,0.00409902909228104,0.00459902909228104,8.968920389519477,5.43016356386809,0.0014399083953387565,0.985,False,False,False,False,True,CONFIRMED,,0.019880062512380232,0.006038937487619793,2026-08-01T04:49:50.197+00:00,0.0005,0.00409902909228104,0.0008968920389519475,0.000543016356386809,0.0014399083953387565,0.1774385235649923,0.05555416471849821,0.23299268828349037,True
e1bcfb7b-6cf2-4a73-8aae-6a4786a94534,e1bcfb7b-6cf2-4a73-8aae-6a4786a94534:1:21,1,21,HISTORICAL:CYCLE-000006-20260730T214218000000:00000501,CYCLE-000006-20260730T214218000000,6,2026-07-30T21:42:18.000+00:00,BOLT,SYMBOL:BOLT,HISTORICAL,HISTORICAL_UNVALIDATED,BASE_FILTER_ONLY,0.025919000000000025,0.9999999999999999,0.0,77.68208843712634,32.50675205655022,235.9167789743005,1194.5586926837582,346.1056194679771,1500.0,False,0.0005,0.004467183050238658,0.004967183050238659,14.472050650118463,7.226501926767115,0.0021698552576885576,0.985,False,False,False,False,True,CONFIRMED,,0.01878196169207281,0.007137038307927217,2026-08-01T04:49:50.197+00:00,0.0005,0.004467183050238658,0.0014472050650118462,0.0007226501926767114,0.0021698552576885576,0.19164254215975363,0.08371678142245285,0.2753593235822065,True
e1bcfb7b-6cf2-4a73-8aae-6a4786a94534,e1bcfb7b-6cf2-4a73-8aae-6a4786a94534:1:22,1,22,HISTORICAL:CYCLE-000006-20260730T214218000000:00000501,CYCLE-000006-20260730T214218000000,6,2026-07-30T21:42:18.000+00:00,BOLT,SYMBOL:BOLT,HISTORICAL,HISTORICAL_UNVALIDATED,BASE_FILTER_ONLY,0.025919000000000025,0.9999999999999999,0.0,33.422667532955195,108.96437879127498,238.32378633775747,1400.5931602401993,380.71083266198764,1500.0,False,0.0005,0.0036767784546235475,0.004176778454623548,9.276203843237935,7.359915161835247,0.001663611900507318,0.985,False,False,False,False,True,CONFIRMED,,0.020078609644869162,0.005840390355130863,2026-08-01T04:49:50.197+00:00,0.0005,0.0036767784546235475,0.0009276203843237934,0.0007359915161835246,0.001663611900507318,0.16114736118768255,0.06418503416440897,0.2253323953520914,True
e1bcfb7b-6cf2-4a73-8aae-6a4786a94534,e1bcfb7b-6cf2-4a73-8aae-6a4786a94534:1:23,1,23,HISTORICAL:CYCLE-000006-20260730T214218000000:00000501,CYCLE-000006-20260730T214218000000,6,2026-07-30T21:42:18.000+00:00,BOLT,SYMBOL:BOLT,HISTORICAL,HISTORICAL_UNVALIDATED,BASE_FILTER_ONLY,0.025919000000000025,0.9999999999999999,0.0,69.82735670729205,71.69014702810644,229.48434195751094,1552.2492563717706,371.00184569290946,1500.0,False,0.0005,0.0014860911985415445,0.0019860911985415445,2.9852285451829745,8.498094572983524,0.0011483323118166497,0.985,False,False,False,False,True,CONFIRMED,,0.02278457648964183,0.003134423510358194,2026-08-01T04:49:50.197+00:00,0.0005,0.0014860911985415445,0.0002985228545182974,0.0008498094572983522,0.0011483323118166497,0.076626845115226,0.04430465341319683,0.12093149852842282,True
e1bcfb7b-6cf2-4a73-8aae-6a4786a94534,e1bcfb7b-6cf2-4a73-8aae-6a4786a94534:1:24,1,24,HISTORICAL:CYCLE-000006-20260730T214218000000:00000501,CYCLE-000006-20260730T214218000000,6,2026-07-30T21:42:18.000+00:00,BOLT,SYMBOL:BOLT,HISTORICAL,HISTORICAL_UNVALIDATED,BASE_FILTER_ONLY,0.025919000000000025,0.9999999999999999,0.0,68.30666983973876,29.39618897696223,242.6281636029179,286.34151150528993,340.3310224196189,1500.0,False,0.0005,0.0018378711642682887,0.0023378711642682887,10.57455449166102,2.172161408035329,0.0012746715899696348,0.985,False,False,False,False,True,CONFIRMED,,0.022306457245762103,0.003612542754237922,2026-08-01T04:49:50.197+00:00,0.0005,0.0018378711642682887,0.0010574554491661018,0.00021721614080353287,0.0012746715899696348,0.09019912667418829,0.049179042014338266,0.1393781686885265,True
e1bcfb7b-6cf2-4a73-8aae-6a4786a94534,e1bcfb7b-6cf2-4a73-8aae-6a4786a94534:1:25,1,25,HISTORICAL:CYCLE-000006-20260730T214218000000:00000501,CYCLE-000006-20260730T214218000000,6,2026-07-30T21:42:18.000+00:00,BOLT,SYMBOL:BOLT,HISTORICAL,HISTORICAL_UNVALIDATED,BASE_FILTER_ONLY,0.025919000000000025,0.9999999999999999,0.0,25.28163718540103,91.5389772950352,231.96816311502218,1384.098855503998,348.78877759545844,1500.0,False,0.0005,0.0021708590906045523,0.0026708590906045523,14.494671560305072,1.8819903133218086,0.0016376661873626875,0.985,False,False,False,False,True,CONFIRMED,,0.021610474722032785,0.00430852527796724,2026-08-01T04:49:50.197+00:00,0.0005,0.0021708590906045523,0.001449467156030507,0.00018819903133218083,0.0016376661873626875,0.10304637874163933,0.06318400352493098,0.1662303822665703,True
e1bcfb7b-6cf2-4a73-8aae-6a4786a94534,e1bcfb7b-6cf2-4a73-8aae-6a4786a94534:1:26,1,26,HISTORICAL:CYCLE-000006-20260730T214218000000:00000501,CYCLE-000006-20260730T214218000000,6,2026-07-30T21:42:18.000+00:00,BOLT,SYMBOL:BOLT,HISTORICAL,HISTORICAL_UNVALIDATED,BASE_FILTER_ONLY,0.025919000000000025,0.9999999999999999,0.0,23.853163986312083,49.09471944999159,240.14872412391927,1336.817163679005,313.09660756022294,1500.0,False,0.0005,0.0019086095930814992,0.002408609593081499,7.366179640116998,9.633405986231004,0.0016999585626347998,0.985,False,False,False,False,True,CONFIRMED,,0.021810431844283724,0.004108568155716301,2026-08-01T04:49:50.197+00:00,0.0005,0.0019086095930814992,0.0007366179640116997,0.0009633405986231002,0.0016999585626347998,0.09292833801772818,0.06558735146551943,0.15851568948324768,True
e1bcfb7b-6cf2-4a73-8aae-6a4786a94534,e1bcfb7b-6cf2-4a73-8aae-6a4786a94534:1:27,1,27,HISTORICAL:CYCLE-000006-20260730T214218000000:00000501,CYCLE-000006-20260730T214218000000,6,2026-07-30T21:42:18.000+00:00,BOLT,SYMBOL:BOLT,HISTORICAL,HISTORICAL_UNVALIDATED,BASE_FILTER_ONLY,0.025919000000000025,0.9999999999999999,0.0,121.73582009314056,30.027514947050676,233.08009122683077,458.3677173483507,384.843426267022,1500.0,False,0.0005,0.0005846812507510431,0.001084681250751043,5.337935463686855,6.812624593506583,0.0012150560057193436,0.985,False,False,False,False,True,CONFIRMED,,0.02361926274352964,0.002299737256470386,2026-08-01T04:49:50.197+00:00,0.0005,0.0005846812507510431,0.0005337935463686854,0.0006812624593506582,0.0012150560057193436,0.04184888501682326,0.046878969316692096,0.08872785433351534,True
e1bcfb7b-6cf2-4a73-8aae-6a4786a94534,e1bcfb7b-6cf2-4a73-8aae-6a4786a94534:1:28,1,28,HISTORICAL:CYCLE-000006-20260730T214218000000:00000501,CYCLE-000006-20260730T214218000000,6,2026-07-30T21:42:18.000+00:00,BOLT,SYMBOL:BOLT,HISTORICAL,HISTORICAL_UNVALIDATED,BASE_FILTER_ONLY,0.025919000000000025,0.9999999999999999,0.0,72.45879972048562,104.22042461526217,199.49903709014018,1932.7339666718942,376.17826142588797,1500.0,False,0.0005,0.004754064342832485,0.005254064342832486,1.8907151797595505,2.672750041829357,0.0004563465221588907,0.985,False,False,False,False,True,CONFIRMED,,0.02020858913500865,0.005710410864991376,2026-08-01T04:49:50.198+00:00,0.0005,0.004754064342832485,0.00018907151797595504,0.00026727500418293566,0.0004563465221588907,0.20271092028367146,0.017606640771591894,0.22031756105526334,True
e1bcfb7b-6cf2-4a73-8aae-6a4786a94534,e1bcfb7b-6cf2-4a73-8aae-6a4786a94534:1:29,1,29,HISTORICAL:CYCLE-000006-20260730T214218000000:00000501,CYCLE-000006-20260730T214218000000,6,2026-07-30T21:42:18.000+00:00,BOLT,SYMBOL:BOLT,HISTORICAL,HISTORICAL_UNVALIDATED,BASE_FILTER_ONLY,0.025919000000000025,0.9999999999999999,0.0,147.26787073054646,115.83034362276217,150.44987439965533,603.160199957548,413.54808875296396,1500.0,False,0.0005,0.004935285620724964,0.005435285620724964,0.6219729450583328,5.3220223007537335,0.0005943995245812065,0.985,False,False,False,False,True,CONFIRMED,,0.019889314854693856,0.00602968514530617,2026-08-01T04:49:50.198+00:00,0.0005,0.004935285620724964,6.219729450583327e-05,0.0005322022300753733,0.0005943995245812065,0.20970275167733937,0.02293296518311686,0.2326357168604562,True
e1bcfb7b-6cf2-4a73-8aae-6a4786a94534,e1bcfb7b-6cf2-4a73-8aae-6a4786a94534:1:30,1,30,HISTORICAL:CYCLE-000006-20260730T214218000000:00000501,CYCLE-000006-20260730T214218000000,6,2026-07-30T21:42:18.000+00:00,BOLT,SYMBOL:BOLT,HISTORICAL,HISTORICAL_UNVALIDATED,BASE_FILTER_ONLY,0.025919000000000025,0.9999999999999999,0.0,138.29903264418874,38.58445451073101,58.142633164325545,1140.3282202134055,235.0261203192453,1500.0,False,0.0005,0.0028659753689161196,0.0033659753689161197,7.322663937753544,0.6306929511135329,0.0007953356888867075,0.985,False,False,False,False,True,CONFIRMED,,0.0217576889421972,0.004161311057802826,2026-08-01T04:49:50.198+00:00,0.0005,0.0028659753689161196,0.0007322663937753543,6.306929511135327e-05,0.0007953356888867075,0.1298651710681784,0.03068543110794038,0.16055060217611875,True
e1bcfb7b-6cf2-4a73-8aae-6a4786a94534,e1bcfb7b-6cf2-4a73-8aae-6a4786a94534:1:31,1,31,HISTORICAL:CYCLE-000006-20260730T214218000000:00000501,CYCLE-000006-20260730T214218000000,6,2026-07-30T21:42:18.000+00:00,BOLT,SYMBOL:BOLT,HISTORICAL,HISTORICAL_UNVALIDATED,BASE_FILTER_ONLY,0.025919000000000025,0.9999999999999999,0.0,119.97877129404603,89.67110645469462,119.3535738444551,1747.0806237643399,329.0034515931958,1500.0,False,0.0005,0.0027821958916943532,0.0032821958916943532,5.206333357788828,5.58082194762508,0.0010787155305413906,0.985,False,False,False,False,True,CONFIRMED,,0.021558088577764284,0.0043609114222357415,2026-08-01T04:49:50.198+00:00,0.0005,0.0027821958916943532,0.0005206333357788827,0.0005580821947625079,0.0010787155305413906,0.1266328134455168,0.04161871717818549,0.16825153062370218,True
e1bcfb7b-6cf2-4a73-8aae-6a4786a94534,e1bcfb7b-6cf2-4a73-8aae-6a4786a94534:1:32,1,32,HISTORICAL:CYCLE-000006-20260730T214218000000:00000501,CYCLE-000006-20260730T214218000000,6,2026-07-30T21:42:18.000+00:00,BOLT,SYMBOL:BOLT,HISTORICAL,HISTORICAL_UNVALIDATED,BASE_FILTER_ONLY,0.025919000000000025,0.9999999999999999,0.0,30.772009415564792,83.35252485345895,156.90534238037617,2272.3882029920005,271.0298766493999,1500.0,False,0.0005,0.004797399277336947,0.005297399277336946,12.748780129463947,0.6798726196637317,0.0013428652749127676,0.985,False,False,False,False,True,CONFIRMED,,0.01927873544775031,0.006640264552249715,2026-08-01T04:49:50.198+00:00,0.0005,0.004797399277336947,0.0012748780129463945,6.798726196637315e-05,0.0013428652749127676,0.20438285726057878,0.05181007272320561,0.2561929299837844,True
e1bcfb7b-6cf2-4a73-8aae-6a4786a94534,e1bcfb7b-6cf2-4a73-8aae-6a4786a94534:1:33,1,33,HISTORICAL:CYCLE-000006-20260730T214218000000:00000501,CYCLE-000006-20260730T214218000000,6,2026-07-30T21:42:18.000+00:00,BOLT,SYMBOL:BOLT,HISTORICAL,HISTORICAL_UNVALIDATED,BASE_FILTER_ONLY,0.025919000000000025,0.9999999999999999,0.0,100.20638847445845,78.21537963688367,26.474913657762578,2365.5620390862564,204.8966817691047,1500.0,False,0.0005,0.0020166747069896517,0.0025166747069896517,0.04020135775694711,3.6952422845494937,0.00037354436423064403,0.985,False,False,False,False,True,CONFIRMED,,0.02302878092877973,0.0028902190712202964,2026-08-01T04:49:50.198+00:00,0.0005,0.0020166747069896517,4.02013577569471e-06,0.00036952422845494933,0.00037354436423064403,0.09709767764920132,0.014411989823320485,0.11150966747252185,True
e1bcfb7b-6cf2-4a73-8aae-6a4786a94534,e1bcfb7b-6cf2-4a73-8aae-6a4786a94534:1:34,1,34,HISTORICAL:CYCLE-000006-20260730T214218000000:00000501,CYCLE-000006-20260730T214218000000,6,2026-07-30T21:42:18.000+00:00,BOLT,SYMBOL:BOLT,HISTORICAL,HISTORICAL_UNVALIDATED,BASE_FILTER_ONLY,0.025919000000000025,0.9999999999999999,0.0,39.17466828913028,116.60387645514918,241.68231062133145,1674.9286911987965,397.4608553656109,1500.0,False,0.0005,0.0006621919226638012,0.0011621919226638012,7.405637565480298,4.669288095880535,0.0012074925661360832,0.985,False,False,False,False,True,CONFIRMED,,0.02354931551120014,0.0023696844887998864,2026-08-01T04:49:50.198+00:00,0.0005,0.0006621919226638012,0.0007405637565480297,0.00046692880958805347,0.0012074925661360832,0.04483938125173811,0.04658715869192801,0.09142653994366619,True
e1bcfb7b-6cf2-4a73-8aae-6a4786a94534,e1bcfb7b-6cf2-4a73-8aae-6a4786a94534:1:35,1,35,HISTORICAL:CYCLE-000006-20260730T214218000000:00000501,CYCLE-000006-20260730T214218000000,6,2026-07-30T21:42:18.000+00:00,BOLT,SYMBOL:BOLT,HISTORICAL,HISTORICAL_UNVALIDATED,BASE_FILTER_ONLY,0.025919000000000025,0.9999999999999999,0.0,31.914908028629096,23.11295556349751,148.0658523909633,371.9098259202969,203.0937159830899,1500.0,False,0.0005,0.002305196018368644,0.002805196018368644,8.7949200514091,4.574479974163096,0.0013369400025572196,0.985,False,False,False,False,True,CONFIRMED,,0.021776863979074162,0.004142136020925863,2026-08-01T04:49:50.198+00:00,0.0005,0.002305196018368644,0.0008794920051409099,0.0004574479974163095,0.0013369400025572196,0.10822933054395005,0.05158146543297266,0.1598107959769227,True
e1bcfb7b-6cf2-4a73-8aae-6a4786a94534,e1bcfb7b-6cf2-4a73-8aae-6a4786a94534:1:36,1,36,HISTORICAL:CYCLE-000006-20260730T214218000000:00000501,CYCLE-000006-20260730T214218000000,6,2026-07-30T21:42:18.000+00:00,BOLT,SYMBOL:BOLT,HISTORICAL,HISTORICAL_UNVALIDATED,BASE_FILTER_ONLY,0.025919000000000025,0.9999999999999999,0.0,124.26557769683507,40.02860427779058,192.32921146967897,556.4187208286172,356.6233934443046,1500.0,False,0.0005,0.004211242402046991,0.00471124240204699,2.5047540066335654,8.929403748212447,0.001143415775484601,0.985,False,False,False,False,True,CONFIRMED,,0.020064341822468433,0.005854658177531592,2026-08-01T04:49:50.198+00:00,0.0005,0.004211242402046991,0.0002504754006633565,0.0008929403748212445,0.001143415775484601,0.18176790779146518,0.04411496490931749,0.2258828727007827,True
e1bcfb7b-6cf2-4a73-8aae-6a4786a94534,e1bcfb7b-6cf2-4a73-8aae-6a4786a94534:1:37,1,37,HISTORICAL:CYCLE-000006-20260730T214218000000:00000501,CYCLE-000006-20260730T214218000000,6,2026-07-30T21:42:18.000+00:00,BOLT,SYMBOL:BOLT,HISTORICAL,HISTORICAL_UNVALIDATED,BASE_FILTER_ONLY,0.025919000000000025,0.9999999999999999,0.0,44.648104079662986,52.51204397998374,175.9149180840934,651.9687463028561,273.0750661437401,1500.0,False,0.0005,0.0034107173834045297,0.00391071738340453,11.88769539412413,3.078207674915261,0.0014965903069039388,0.985,False,False,False,False,True,CONFIRMED,,0.020511692309691555,0.00540730769030847,2026-08-01T04:49:50.198+00:00,0.0005,0.0034107173834045297,0.0011887695394124129,0.00030782076749152605,0.0014965903069039388,0.15088226333595145,0.057741051232838354,0.20862331456878988,True
e1bcfb7b-6cf2-4a73-8aae-6a4786a94534,e1bcfb7b-6cf2-4a73-8aae-6a4786a94534:1:38,1,38,HISTORICAL:CYCLE-000006-20260730T214218000000:00000501,CYCLE-000006-20260730T214218000000,6,2026-07-30T21:42:18.000+00:00,BOLT,SYMBOL:BOLT,HISTORICAL,HISTORICAL_UNVALIDATED,BASE_FILTER_ONLY,0.025919000000000025,0.9999999999999999,0.0,121.88931874215103,108.63972229065195,136.72880377208196,2434.7070393757754,367.25784480488494,1500.0,False,0.0005,0.004378211161317187,0.004878211161317187,3.9924396622405594,1.9405743351799476,0.0005933013997420506,0.985,False,False,False,False,True,CONFIRMED,,0.020447487438940787,0.0054715125610592386,2026-08-01T04:49:50.198+00:00,0.0005,0.004378211161317187,0.00039924396622405587,0.00019405743351799473,0.0005933013997420506,0.1882098522827726,0.02289059762112929,0.2111004499039019,True
e1bcfb7b-6cf2-4a73-8aae-6a4786a94534,e1bcfb7b-6cf2-4a73-8aae-6a4786a94534:1:39,1,39,HISTORICAL:CYCLE-000006-20260730T214218000000:00000501,CYCLE-000006-20260730T214218000000,6,2026-07-30T21:42:18.000+00:00,BOLT,SYMBOL:BOLT,HISTORICAL,HISTORICAL_UNVALIDATED,BASE_FILTER_ONLY,0.025919000000000025,0.9999999999999999,0.0,38.35070973718511,94.92512269691622,63.598880807550955,879.508251867927,196.8747132416523,1500.0,False,0.0005,0.004731140541744736,0.005231140541744736,9.267240761213985,8.508307330667527,0.0017775548091881507,0.985,False,False,False,False,True,CONFIRMED,,0.018910304649067136,0.007008695350932889,2026-08-01T04:49:50.198+00:00,0.0005,0.004731140541744736,0.0009267240761213983,0.0008508307330667526,0.0017775548091881507,0.20182648025559363,0.06858114931857513,0.27040762957416886,True
e1bcfb7b-6cf2-4a73-8aae-6a4786a94534,e1bcfb7b-6cf2-4a73-8aae-6a4786a94534:1:40,1,40,HISTORICAL:CYCLE-000006-20260730T214218000000:00000501,CYCLE-000006-20260730T214218000000,6,2026-07-30T21:42:18.000+00:00,BOLT,SYMBOL:BOLT,HISTORICAL,HISTORICAL_UNVALIDATED,BASE_FILTER_ONLY,0.025919000000000025,0.9999999999999999,0.0,23.23871026169982,82.85484556757831,88.10034008622846,2135.861990226205,194.19389591550657,1500.0,False,0.0005,0.004985404181256882,0.005485404181256882,3.081566590020648,4.763495211641273,0.000784506180166192,0.985,False,False,False,False,True,CONFIRMED,,0.01964908963857695,0.0062699103614230756,2026-08-01T04:49:50.198+00:00,0.0005,0.004985404181256882,0.00030815665900206475,0.00047634952116412725,0.000784506180166192,0.2116364127187344,0.030267609867903517,0.24190402258663796,True
e1bcfb7b-6cf2-4a73-8aae-6a4786a94534,e1bcfb7b-6cf2-4a73-8aae-6a4786a94534:1:41,1,41,HISTORICAL:CYCLE-000006-20260730T214218000000:00000501,CYCLE-000006-20260730T214218000000,6,2026-07-30T21:42:18.000+00:00,BOLT,SYMBOL:BOLT,HISTORICAL,HISTORICAL_UNVALIDATED,BASE_FILTER_ONLY,0.025919000000000025,0.9999999999999999,0.0,22.15761542110159,54.36753456295493,87.56934746472119,1250.6264074900578,164.0944974487777,1500.0,False,0.0005,0.0002109070817340701,0.0007109070817340701,2.043570410970249,3.653828264940863,0.000569739867591111,0.985,False,False,False,False,True,CONFIRMED,,0.024638353050674845,0.0012806469493251808,2026-08-01T04:49:50.198+00:00,0.0005,0.0002109070817340701,0.00020435704109702483,0.00036538282649408626,0.000569739867591111,0.027428028926041494,0.02198155282191097,0.04940958174795245,True
e1bcfb7b-6cf2-4a73-8aae-6a4786a94534,e1bcfb7b-6cf2-4a73-8aae-6a4786a94534:1:42,1,42,HISTORICAL:CYCLE-000006-20260730T214218000000:00000501,CYCLE-000006-20260730T214218000000,6,2026-07-30T21:42:18.000+00:00,BOLT,SYMBOL:BOLT,HISTORICAL,HISTORICAL_UNVALIDATED,BASE_FILTER_ONLY,0.025919000000000025,0.9999999999999999,0.0,87.56189005370672,97.43766324971085,80.30223162067425,934.9104056900379,265.3017849240918,1500.0,False,0.0005,0.004561952916034542,0.005061952916034541,6.614992800821929,3.57258080720381,0.0010187573608025737,0.985,False,False,False,False,True,CONFIRMED,,0.01983828972316291,0.006080710276837115,2026-08-01T04:49:50.198+00:00,0.0005,0.004561952916034542,0.0006614992800821928,0.00035725808072038095,0.0010187573608025737,0.19529892804639595,0.03930542693786692,0.23460435498426288,True
e1bcfb7b-6cf2-4a73-8aae-6a4786a94534,e1bcfb7b-6cf2-4a73-8aae-6a4786a94534:1:43,1,43,HISTORICAL:CYCLE-000006-20260730T214218000000:00000501,CYCLE-000006-20260730T214218000000,6,2026-07-30T21:42:18.000+00:00,BOLT,SYMBOL:BOLT,HISTORICAL,HISTORICAL_UNVALIDATED,BASE_FILTER_ONLY,0.025919000000000025,0.9999999999999999,0.0,27.07008760959984,64.9061099362302,62.80433034889139,374.0395218449797,154.78052789472142,1500.0,False,0.0005,0.0017844886709640524,0.0022844886709640524,10.263209100631888,9.778153758223606,0.002004136285885549,0.985,False,False,False,False,True,CONFIRMED,,0.021630375043150425,0.004288624956849601,2026-08-01T04:49:50.198+00:00,0.0005,0.0017844886709640524,0.0010263209100631887,0.0009778153758223604,0.002004136285885549,0.08813953744218721,0.0773230559005188,0.165462593342706,True
e1bcfb7b-6cf2-4a73-8aae-6a4786a94534,e1bcfb7b-6cf2-4a73-8aae-6a4786a94534:1:44,1,44,HISTORICAL:CYCLE-000006-20260730T214218000000:00000501,CYCLE-000006-20260730T214218000000,6,2026-07-30T21:42:18.000+00:00,BOLT,SYMBOL:BOLT,HISTORICAL,HISTORICAL_UNVALIDATED,BASE_FILTER_ONLY,0.025919000000000025,0.9999999999999999,0.0,22.584370042440437,59.22302406654873,178.90947205135788,2412.2824946289143,260.7168661603471,1500.0,False,0.0005,0.0007924466598135924,0.0012924466598135923,4.524178831377198,0.07654609643572008,0.00046007249278129175,0.985,False,False,False,False,True,CONFIRMED,,0.024166480847405143,0.0017525191525948822,2026-08-01T04:49:50.198+00:00,0.0005,0.0007924466598135924,0.00045241788313771973,7.654609643572007e-06,0.00046007249278129175,0.04986483505588916,0.017750395184277606,0.06761523024016669,True
e1bcfb7b-6cf2-4a73-8aae-6a4786a94534,e1bcfb7b-6cf2-4a73-8aae-6a4786a94534:1:45,1,45,HISTORICAL:CYCLE-000006-20260730T214218000000:00000501,CYCLE-000006-20260730T214218000000,6,2026-07-30T21:42:18.000+00:00,BOLT,SYMBOL:BOLT,HISTORICAL,HISTORICAL_UNVALIDATED,BASE_FILTER_ONLY,0.025919000000000025,0.9999999999999999,0.0,143.08546770093432,113.70094244985307,95.34868647735351,1474.0890333312725,352.1350966281409,1500.0,False,0.0005,0.00437926294433599,0.00487926294433599,2.600046993180169,5.861153345112528,0.0008461200338292695,0.985,False,False,False,False,True,CONFIRMED,,0.020193617021834767,0.005725382978165258,2026-08-01T04:49:50.198+00:00,0.0005,0.00437926294433599,0.00026000469931801684,0.0005861153345112527,0.0008461200338292695,0.18825043189690904,0.03264477926730463,0.22089521116421362,True
e1bcfb7b-6cf2-4a73-8aae-6a4786a94534,e1bcfb7b-6cf2-4a73-8aae-6a4786a94534:1:46,1,46,HISTORICAL:CYCLE-000006-20260730T214218000000:00000501,CYCLE-000006-20260730T214218000000,6,2026-07-30T21:42:18.000+00:00,BOLT,SYMBOL:BOLT,HISTORICAL,HISTORICAL_UNVALIDATED,BASE_FILTER_ONLY,0.025919000000000025,0.9999999999999999,0.0,118.54346450943493,80.70185568441534,204.43985329356062,2407.25684612588,403.6851734874109,1500.0,False,0.0005,0.0008226315851972896,0.0013226315851972896,11.26994952080715,9.853489655589785,0.002112343917639693,0.985,False,False,False,False,True,CONFIRMED,,0.02248402449716304,0.0034349755028369837,2026-08-01T04:49:50.198+00:00,0.0005,0.0008226315851972896,0.001126994952080715,0.0009853489655589783,0.002112343917639693,0.05102942186030666,0.0814978941178167,0.1325273159781234,True
e1bcfb7b-6cf2-4a73-8aae-6a4786a94534,e1bcfb7b-6cf2-4a73-8aae-6a4786a94534:1:47,1,47,HISTORICAL:CYCLE-000006-20260730T214218000000:00000501,CYCLE-000006-20260730T214218000000,6,2026-07-30T21:42:18.000+00:00,BOLT,SYMBOL:BOLT,HISTORICAL,HISTORICAL_UNVALIDATED,BASE_FILTER_ONLY,0.025919000000000025,0.9999999999999999,0.0,83.67933289570175,89.01340283704018,210.66646958689327,401.23802674067167,383.3592053196352,1500.0,False,0.0005,0.0010116075670717289,0.0015116075670717289,7.460053913823077,1.1136520664464078,0.0008573705980269484,0.985,False,False,False,False,True,CONFIRMED,,0.02355002183490135,0.002368978165098675,2026-08-01T04:49:50.198+00:00,0.0005,0.0010116075670717289,0.0007460053913823076,0.00011136520664464076,0.0008573705980269484,0.05832044319116198,0.03307884555835285,0.09139928874951475,True
e1bcfb7b-6cf2-4a73-8aae-6a4786a94534,e1bcfb7b-6cf2-4a73-8aae-6a4786a94534:1:48,1,48,HISTORICAL:CYCLE-000006-20260730T214218000000:00000501,CYCLE-000006-20260730T214218000000,6,2026-07-30T21:42:18.000+00:00,BOLT,SYMBOL:BOLT,HISTORICAL,HISTORICAL_UNVALIDATED,BASE_FILTER_ONLY,0.025919000000000025,0.9999999999999999,0.0,75.98438240488969,106.12103805549532,200.51927706408554,260.4633848974577,382.62469752447055,1500.0,False,0.0005,0.0040197417460602625,0.004519741746060263,1.5724553126541196,8.360336099791308,0.0009932791412445424,0.985,False,False,False,False,True,CONFIRMED,,0.02040597911269522,0.0055130208873048064,2026-08-01T04:49:50.198+00:00,0.0005,0.0040197417460602625,0.00015724553126541196,0.0008360336099791306,0.0009932791412445424,0.174379480152022,0.0383224330122513,0.21270191316427337,True
e1bcfb7b-6cf2-4a73-8aae-6a4786a94534,e1bcfb7b-6cf2-4a73-8aae-6a4786a94534:1:49,1,49,HISTORICAL:CYCLE-000006-20260730T214218000000:00000501,CYCLE-000006-20260730T214218000000,6,2026-07-30T21:42:18.000+00:00,BOLT,SYMBOL:BOLT,HISTORICAL,HISTORICAL_UNVALIDATED,BASE_FILTER_ONLY,0.025919000000000025,0.9999999999999999,0.0,132.1443242344359,74.25866482924654,185.22836604103927,480.55066031547165,391.6313551047217,1500.0,False,0.0005,0.002339722898439758,0.002839722898439758,7.23493402551377,1.5450350849062622,0.000877996911042003,0.985,False,False,False,False,True,CONFIRMED,,0.02220128019051826,0.003717719809481764,2026-08-01T04:49:50.198+00:00,0.0005,0.002339722898439758,0.0007234934025513769,0.0001545035084906262,0.000877996911042003,0.1095614374952643,0.033874644509510485,0.1434360820047749,True
e1bcfb7b-6cf2-4a73-8aae-6a4786a94534,e1bcfb7b-6cf2-4a73-8aae-6a4786a94534:1:50,1,50,HISTORICAL:CYCLE-000006-20260730T214218000000:00000501,CYCLE-000006-20260730T214218000000,6,2026-07-30T21:42:18.000+00:00,BOLT,SYMBOL:BOLT,HISTORICAL,HISTORICAL_UNVALIDATED,BASE_FILTER_ONLY,0.025919000000000025,0.9999999999999999,0.0,92.39255439722996,41.88185172322142,244.51795375882088,482.25823266335874,378.7923598792722,1500.0,False,0.0005,0.0016876696512593153,0.0021876696512593153,14.3147072478707,6.930191915584338,0.0021244899163455036,0.985,False,False,False,False,True,CONFIRMED,,0.021606840432395205,0.00431215956760482,2026-08-01T04:49:50.198+00:00,0.0005,0.0016876696512593153,0.0014314707247870698,0.0006930191915584337,0.0021244899163455036,0.08440409164162634,0.08196650782613146,0.16637059946775787,True
e1bcfb7b-6cf2-4a73-8aae-6a4786a94534,e1bcfb7b-6cf2-4a73-8aae-6a4786a94534:1:51,1,51,HISTORICAL:CYCLE-000006-20260730T214218000000:00000501,CYCLE-000006-20260730T214218000000,6,2026-07-30T21:42:18.000+00:00,BOLT,SYMBOL:BOLT,HISTORICAL,HISTORICAL_UNVALIDATED,BASE_FILTER_ONLY,0.025919000000000025,0.9999999999999999,0.0,51.02110177580443,81.96374407502836,84.59687477334936,1571.5506034248049,217.58172062418214,1500.0,False,0.0005,0.0042549824777393525,0.004754982477739353,13.170150988712695,5.208724108471595,0.0018378875097184288,0.985,False,False,False,False,True,CONFIRMED,,0.019326130012542242,0.006592869987457783,2026-08-01T04:49:50.198+00:00,0.0005,0.0042549824777393525,0.0013170150988712694,0.0005208724108471595,0.0018378875097184288,0.18345547581848637,0.07090888960679143,0.25436436542527785,True
e1bcfb7b-6cf2-4a73-8aae-6a4786a94534,e1bcfb7b-6cf2-4a73-8aae-6a4786a94534:1:52,1,52,HISTORICAL:CYCLE-000006-20260730T214218000000:00000501,CYCLE-000006-20260730T214218000000,6,2026-07-30T21:42:18.000+00:00,BOLT,SYMBOL:BOLT,HISTORICAL,HISTORICAL_UNVALIDATED,BASE_FILTER_ONLY,0.025919000000000025,0.9999999999999999,0.0,73.19311174838643,60.21968320500305,153.4944695631532,1399.8281221829131,286.9072645165427,1500.0,False,0.0005,0.00086130148418055,0.00136130148418055,11.53265392467182,8.832072776907312,0.0020364726701579128,0.985,False,False,False,False,True,CONFIRMED,,0.022521225845661564,0.0033977741543384614,2026-08-01T04:49:50.198+00:00,0.0005,0.00086130148418055,0.001153265392467182,0.000883207277690731,0.0020364726701579128,0.05252137367107329,0.07857064972251672,0.13109202339358997,True
e1bcfb7b-6cf2-4a73-8aae-6a4786a94534,e1bcfb7b-6cf2-4a73-8aae-6a4786a94534:1:53,1,53,HISTORICAL:CYCLE-000006-20260730T214218000000:00000501,CYCLE-000006-20260730T214218000000,6,2026-07-30T21:42:18.000+00:00,BOLT,SYMBOL:BOLT,HISTORICAL,HISTORICAL_UNVALIDATED,BASE_FILTER_ONLY,0.025919000000000025,0.9999999999999999,0.0,135.87100454575463,117.84279095615864,212.26396754628723,1801.5136570575814,465.9777630482005,1500.0,False,0.0005,0.0037374400133226827,0.004237440013322683,11.720724206811955,0.3813905660296102,0.0012102114772841563,0.985,False,False,False,False,True,CONFIRMED,,0.020471348509393188,0.005447651490606838,2026-08-01T04:49:50.198+00:00,0.0005,0.0037374400133226827,0.0011720724206811953,3.8139056602961015e-05,0.0012102114772841563,0.16348778939475592,0.046692059002436635,0.2101798483971925,True
e1bcfb7b-6cf2-4a73-8aae-6a4786a94534,e1bcfb7b-6cf2-4a73-8aae-6a4786a94534:1:54,1,54,HISTORICAL:CYCLE-000006-20260730T214218000000:00000501,CYCLE-000006-20260730T214218000000,6,2026-07-30T21:42:18.000+00:00,BOLT,SYMBOL:BOLT,HISTORICAL,HISTORICAL_UNVALIDATED,BASE_FILTER_ONLY,0.025919000000000025,0.9999999999999999,0.0,36.29768007157671,68.19263240530515,215.27050093674174,1304.5461445441517,319.7608134136236,1500.0,False,0.0005,0.0032555485235692453,0.0037555485235692453,0.8414621497331415,9.665104757312555,0.0010506566907045696,0.985,False,False,False,False,True,CONFIRMED,,0.02111279478572621,0.004806205214273815,2026-08-01T04:49:50.198+00:00,0.0005,0.0032555485235692453,8.414621497331414e-05,0.0009665104757312553,0.0010506566907045696,0.14489557944246467,0.04053615844378906,0.18543173788625372,True
e1bcfb7b-6cf2-4a73-8aae-6a4786a94534,e1bcfb7b-6cf2-4a73-8aae-6a4786a94534:1:55,1,55,HISTORICAL:CYCLE-000006-20260730T214218000000:00000501,CYCLE-000006-20260730T214218000000,6,2026-07-30T21:42:18.000+00:00,BOLT,SYMBOL:BOLT,HISTORICAL,HISTORICAL_UNVALIDATED,BASE_FILTER_ONLY,0.025919000000000025,0.9999999999999999,0.0,106.2526884650396,29.47358519597966,108.88131464115715,1271.3623287004439,244.6075883021764,1500.0,False,0.0005,0.004506594402362672,0.005006594402362672,5.744399548486962,1.8340098860739174,0.0007578409434560879,0.985,False,False,False,False,True,CONFIRMED,,0.020154564654181265,0.005764435345818761,2026-08-01T04:49:50.198+00:00,0.0005,0.004506594402362672,0.0005744399548486961,0.0001834009886073917,0.0007578409434560879,0.19316310051941307,0.029238818760603694,0.2224019192800168,True
e1bcfb7b-6cf2-4a73-8aae-6a4786a94534,e1bcfb7b-6cf2-4a73-8aae-6a4786a94534:1:56,1,56,HISTORICAL:CYCLE-000006-20260730T214218000000:00000501,CYCLE-000006-20260730T214218000000,6,2026-07-30T21:42:18.000+00:00,BOLT,SYMBOL:BOLT,HISTORICAL,HISTORICAL_UNVALIDATED,BASE_FILTER_ONLY,0.025919000000000025,0.9999999999999999,0.0,144.68465979201494,38.21939329551692,159.9672141926581,1431.18414292366,342.87126728018995,1500.0,False,0.0005,0.001785780319106335,0.002285780319106335,13.134972368732319,0.11789641380598459,0.0013252868782538303,0.985,False,False,False,False,True,CONFIRMED,,0.02230793280263986,0.0036110671973601655,2026-08-01T04:49:50.198+00:00,0.0005,0.001785780319106335,0.0013134972368732316,1.1789641380598458e-05,0.0013252868782538303,0.088189371469051,0.051131867674440716,0.13932123914349173,True
e1bcfb7b-6cf2-4a73-8aae-6a4786a94534,e1bcfb7b-6cf2-4a73-8aae-6a4786a94534:1:57,1,57,HISTORICAL:CYCLE-000006-20260730T214218000000:00000501,CYCLE-000006-20260730T214218000000,6,2026-07-30T21:42:18.000+00:00,BOLT,SYMBOL:BOLT,HISTORICAL,HISTORICAL_UNVALIDATED,BASE_FILTER_ONLY,0.025919000000000025,0.9999999999999999,0.0,133.13990694942757,31.100907224422016,198.4862348285717,1754.581927724342,362.72704900242127,1500.0,False,0.0005,0.0008425097064510842,0.0013425097064510842,0.6948519870494274,9.12736740210441,0.0009822219389153835,0.985,False,False,False,False,True,CONFIRMED,,0.023594268354633557,0.0023247316453664686,2026-08-01T04:49:50.199+00:00,0.0005,0.0008425097064510842,6.948519870494273e-05,0.0009127367402104408,0.0009822219389153835,0.051796354274898065,0.037895826957652014,0.08969218123255011,True
e1bcfb7b-6cf2-4a73-8aae-6a4786a94534,e1bcfb7b-6cf2-4a73-8aae-6a4786a94534:1:58,1,58,HISTORICAL:CYCLE-000006-20260730T214218000000:00000501,CYCLE-000006-20260730T214218000000,6,2026-07-30T21:42:18.000+00:00,BOLT,SYMBOL:BOLT,HISTORICAL,HISTORICAL_UNVALIDATED,BASE_FILTER_ONLY,0.025919000000000025,0.9999999999999999,0.0,88.20103770654568,65.91385643316609,24.467415881422866,2157.3158586885293,178.58231002113462,1500.0,False,0.0005,0.004584112161930846,0.0050841121619308455,5.031150105170585,1.6223127977625762,0.000665346290293316,0.985,False,False,False,False,True,CONFIRMED,,0.020169541547775865,0.00574945845222416,2026-08-01T04:49:50.199+00:00,0.0005,0.004584112161930846,0.0005031150105170584,0.0001622312797762576,0.000665346290293316,0.1961538702083738,0.025670214525765477,0.2218240847341392,True
e1bcfb7b-6cf2-4a73-8aae-6a4786a94534,e1bcfb7b-6cf2-4a73-8aae-6a4786a94534:1:59,1,59,HISTORICAL:CYCLE-000006-20260730T214218000000:00000501,CYCLE-000006-20260730T214218000000,6,2026-07-30T21:42:18.000+00:00,BOLT,SYMBOL:BOLT,HISTORICAL,HISTORICAL_UNVALIDATED,BASE_FILTER_ONLY,0.025919000000000025,0.9999999999999999,0.0,38.972635422935895,69.08892107621872,203.33043376107472,1265.444020625424,311.39199026022936,1500.0,False,0.0005,0.0004319773801934341,0.0009319773801934341,4.301887013190489,5.546938454988535,0.0009848825468179022,0.985,False,False,False,False,True,CONFIRMED,,0.02400214007298869,0.0019168599270113357,2026-08-01T04:49:50.199+00:00,0.0005,0.0004319773801934341,0.00043018870131904886,0.0005546938454988534,0.0009848825468179022,0.03595730468742749,0.03799847782776732,0.07395578251519479,True
e1bcfb7b-6cf2-4a73-8aae-6a4786a94534,e1bcfb7b-6cf2-4a73-8aae-6a4786a94534:1:60,1,60,HISTORICAL:CYCLE-000006-20260730T214218000000:00000501,CYCLE-000006-20260730T214218000000,6,2026-07-30T21:42:18.000+00:00,BOLT,SYMBOL:BOLT,HISTORICAL,HISTORICAL_UNVALIDATED,BASE_FILTER_ONLY,0.025919000000000025,0.9999999999999999,0.0,130.76948629576268,111.79490888594776,140.32225346635857,2294.864723470016,382.886648648069,1500.0,False,0.0005,0.00044716465844907684,0.0009471646584490769,9.054048585714552,8.692076062573529,0.0017746124648288077,0.985,False,False,False,False,True,CONFIRMED,,0.02319722287672214,0.002721777123277886,2026-08-01T04:49:50.199+00:00,0.0005,0.00044716465844907684,0.0009054048585714551,0.0008692076062573527,0.0017746124648288077,0.036543256238630965,0.06846762856702827,0.1050108848056593,True
e1bcfb7b-6cf2-4a73-8aae-6a4786a94534,e1bcfb7b-6cf2-4a73-8aae-6a4786a94534:1:61,1,61,HISTORICAL:CYCLE-000006-20260730T214218000000:00000501,CYCLE-000006-20260730T214218000000,6,2026-07-30T21:42:18.000+00:00,BOLT,SYMBOL:BOLT,HISTORICAL,HISTORICAL_UNVALIDATED,BASE_FILTER_ONLY,0.025919000000000025,0.9999999999999999,0.0,127.01447811507718,56.94471243025907,114.91790907125647,458.32771160511606,298.8770996165927,1500.0,False,0.0005,0.004605443529455633,0.005105443529455633,14.7151781717646,4.608829763061175,0.0019324007934825773,0.985,False,False,False,False,True,CONFIRMED,,0.018881155677061813,0.007037844322938212,2026-08-01T04:49:50.199+00:00,0.0005,0.004605443529455633,0.0014715178171764598,0.0004608829763061174,0.0019324007934825773,0.1969768713860731,0.07455537611337534,0.2715322474994485,True
e1bcfb7b-6cf2-4a73-8aae-6a4786a94534,e1bcfb7b-6cf2-4a73-8aae-6a4786a94534:1:62,1,62,HISTORICAL:CYCLE-000006-20260730T214218000000:00000501,CYCLE-000006-20260730T214218000000,6,2026-07-30T21:42:18.000+00:00,BOLT,SYMBOL:BOLT,HISTORICAL,HISTORICAL_UNVALIDATED,BASE_FILTER_ONLY,0.025919000000000025,0.9999999999999999,0.0,25.954649912954793,34.11297962305659,102.94435780600512,1635.8362367272887,163.01198734201648,1500.0,False,0.0005,0.0022825301667800365,0.0027825301667800365,5.798057413776822,4.8260953060753895,0.001062415271985221,0.985,False,False,False,False,True,CONFIRMED,,0.02207405456123477,0.0038449454387652557,2026-08-01T04:49:50.199+00:00,0.0005,0.0022825301667800365,0.0005798057413776821,0.00048260953060753886,0.001062415271985221,0.10735484265519633,0.040989824915514485,0.14834466757071074,True
e1bcfb7b-6cf2-4a73-8aae-6a4786a94534,e1bcfb7b-6cf2-4a73-8aae-6a4786a94534:1:63,1,63,HISTORICAL:CYCLE-000006-20260730T214218000000:00000501,CYCLE-000006-20260730T214218000000,6,2026-07-30T21:42:18.000+00:00,BOLT,SYMBOL:BOLT,HISTORICAL,HISTORICAL_UNVALIDATED,BASE_FILTER_ONLY,0.025919000000000025,0.9999999999999999,0.0,74.81301088684253,67.47215410234168,207.64051349549436,579.630436542164,349.92567848467854,1500.0,False,0.0005,0.002377801670165747,0.002877801670165747,10.44454363841461,9.19145525260221,0.0019635998891016815,0.985,False,False,False,False,True,CONFIRMED,,0.0210775984407326,0.004841401559267426,2026-08-01T04:49:50.199+00:00,0.0005,0.002377801670165747,0.0010444543638414609,0.0009191455252602209,0.0019635998891016815,0.11103058259059934,0.07575909136547242,0.18678967395607166,True
e1bcfb7b-6cf2-4a73-8aae-6a4786a94534,e1bcfb7b-6cf2-4a73-8aae-6a4786a94534:1:64,1,64,HISTORICAL:CYCLE-000006-20260730T214218000000:00000501,CYCLE-000006-20260730T214218000000,6,2026-07-30T21:42:18.000+00:00,BOLT,SYMBOL:BOLT,HISTORICAL,HISTORICAL_UNVALIDATED,BASE_FILTER_ONLY,0.025919000000000025,0.9999999999999999,0.0,149.15372744754103,61.92269685617964,246.2136925295604,2030.3332845680955,457.2901168332811,1500.0,False,0.0005,0.004914231746750111,0.005414231746750112,5.832694492936788,4.670351401321945,0.001050304589425873,0.985,True,False,False,False,False,MISSED,OPPORTUNITY_MISSED,0.0,0.025919000000000025,2026-08-01T04:49:50.199+00:00,0.0005,0.004914231746750111,0.0005832694492936787,0.0004670351401321944,0.001050304589425873,0.20889045668236067,0.04052257376541811,1.0,False
e1bcfb7b-6cf2-4a73-8aae-6a4786a94534,e1bcfb7b-6cf2-4a73-8aae-6a4786a94534:1:65,1,65,HISTORICAL:CYCLE-000006-20260730T214218000000:00000501,CYCLE-000006-20260730T214218000000,6,2026-07-30T21:42:18.000+00:00,BOLT,SYMBOL:BOLT,HISTORICAL,HISTORICAL_UNVALIDATED,BASE_FILTER_ONLY,0.025919000000000025,0.9999999999999999,0.0,85.0603184934202,62.53384602927728,229.45352245761524,2499.9371979841603,377.04768698031273,1500.0,False,0.0005,0.001589490039008417,0.002089490039008417,11.220854746441502,2.1374234462899624,0.0013358278192731462,0.985,False,False,False,False,True,CONFIRMED,,0.02249368214171846,0.0034253178582815645,2026-08-01T04:49:50.199+00:00,0.0005,0.001589490039008417,0.00112208547464415,0.00021374234462899619,0.0013358278192731462,0.08061615181945349,0.05153855547178305,0.1321547072912366,True
e1bcfb7b-6cf2-4a73-8aae-6a4786a94534,e1bcfb7b-6cf2-4a73-8aae-6a4786a94534:1:66,1,66,HISTORICAL:CYCLE-000006-20260730T214218000000:00000501,CYCLE-000006-20260730T214218000000,6,2026-07-30T21:42:18.000+00:00,BOLT,SYMBOL:BOLT,HISTORICAL,HISTORICAL_UNVALIDATED,BASE_FILTER_ONLY,0.025919000000000025,0.9999999999999999,0.0,29.251813331524364,41.939252516025846,84.5266409964379,2046.2340702908205,155.7177068439881,1500.0,False,0.0005,0.0022150793252682785,0.0027150793252682785,12.29606957979586,3.239629979820502,0.001553569955961636,0.985,False,False,False,False,True,CONFIRMED,,0.021650350718770108,0.004268649281229917,2026-08-01T04:49:50.199+00:00,0.0005,0.0022150793252682785,0.001229606957979586,0.00032396299798205015,0.001553569955961636,0.10475247213504671,0.05993942497633529,0.1646918971113821,True
e1bcfb7b-6cf2-4a73-8aae-6a4786a94534,e1bcfb7b-6cf2-4a73-8aae-6a4786a94534:1:67,1,67,HISTORICAL:CYCLE-000006-20260730T214218000000:00000501,CYCLE-000006-20260730T214218000000,6,2026-07-30T21:42:18.000+00:00,BOLT,SYMBOL:BOLT,HISTORICAL,HISTORICAL_UNVALIDATED,BASE_FILTER_ONLY,0.025919000000000025,0.9999999999999999,0.0,88.16423647497177,97.6762292231321,169.5823787056308,1580.2521204467344,355.42284440373464,1500.0,False,0.0005,0.004402852931794535,0.004902852931794535,11.199547606012352,0.5785090477805865,0.0011778056653792938,0.985,False,False,False,False,True,CONFIRMED,,0.0198383414028262,0.006080658597173827,2026-08-01T04:49:50.199+00:00,0.0005,0.004402852931794535,0.001119954760601235,5.7850904778058644e-05,0.0011778056653792938,0.18916057455127627,0.045441786541891765,0.23460236109316798,True
e1bcfb7b-6cf2-4a73-8aae-6a4786a94534,e1bcfb7b-6cf2-4a73-8aae-6a4786a94534:1:68,1,68,HISTORICAL:CYCLE-000006-20260730T214218000000:00000501,CYCLE-000006-20260730T214218000000,6,2026-07-30T21:42:18.000+00:00,BOLT,SYMBOL:BOLT,HISTORICAL,HISTORICAL_UNVALIDATED,BASE_FILTER_ONLY,0.025919000000000025,0.9999999999999999,0.0,30.297778151574434,55.49967934920263,127.02467758637518,1637.4845493505602,212.82213508715222,1500.0,False,0.0005,0.004248688334306616,0.004748688334306616,0.09431854825728003,9.034225066136191,0.000912854361439347,0.985,False,False,False,False,True,CONFIRMED,,0.02025745730425406,0.005661542695745966,2026-08-01T04:49:50.199+00:00,0.0005,0.004248688334306616,9.431854825728001e-06,0.0009034225066136189,0.000912854361439347,0.18321263684195424,0.03521950543768456,0.21843214227963892,True
e1bcfb7b-6cf2-4a73-8aae-6a4786a94534,e1bcfb7b-6cf2-4a73-8aae-6a4786a94534:1:69,1,69,HISTORICAL:CYCLE-000006-20260730T214218000000:00000501,CYCLE-000006-20260730T214218000000,6,2026-07-30T21:42:18.000+00:00,BOLT,SYMBOL:BOLT,HISTORICAL,HISTORICAL_UNVALIDATED,BASE_FILTER_ONLY,0.025919000000000025,0.9999999999999999,0.0,26.216776203702562,65.90725681104743,72.0395966092125,1261.6068074339726,164.1636296239625,1500.0,False,0.0005,0.0006124754428398526,0.0011124754428398526,1.8613493906698109,2.314899421726487,0.00041762488123962973,0.985,False,False,False,False,True,CONFIRMED,,0.024388899675920544,0.0015301003240794815,2026-08-01T04:49:50.199+00:00,0.0005,0.0006124754428398526,0.00018613493906698107,0.00023148994217264866,0.00041762488123962973,0.04292123318182999,0.016112692667141066,0.059033925848971026,True
e1bcfb7b-6cf2-4a73-8aae-6a4786a94534,e1bcfb7b-6cf2-4a73-8aae-6a4786a94534:1:70,1,70,HISTORICAL:CYCLE-000006-20260730T214218000000:00000501,CYCLE-000006-20260730T214218000000,6,2026-07-30T21:42:18.000+00:00,BOLT,SYMBOL:BOLT,HISTORICAL,HISTORICAL_UNVALIDATED,BASE_FILTER_ONLY,0.025919000000000025,0.9999999999999999,0.0,134.34259581996312,74.87774238647472,89.23492399447645,903.5265052591121,298.45526220091426,1500.0,False,0.0005,0.0038230977962858646,0.004323097796285865,0.1864678275020737,8.924605717463294,0.0009111073544965366,0.985,False,False,False,False,True,CONFIRMED,,0.020684794849217623,0.005234205150782403,2026-08-01T04:49:50.199+00:00,0.0005,0.0038230977962858646,1.8646782750207367e-05,0.0008924605717463292,0.0009111073544965366,0.16679261531254527,0.0351521028780638,0.2019447181906091,True
e1bcfb7b-6cf2-4a73-8aae-6a4786a94534,e1bcfb7b-6cf2-4a73-8aae-6a4786a94534:1:71,1,71,HISTORICAL:CYCLE-000006-20260730T214218000000:00000501,CYCLE-000006-20260730T214218000000,6,2026-07-30T21:42:18.000+00:00,BOLT,SYMBOL:BOLT,HISTORICAL,HISTORICAL_UNVALIDATED,BASE_FILTER_ONLY,0.025919000000000025,0.9999999999999999,0.0,38.826453352200055,107.51096949614127,118.66020774921088,2414.329713427387,264.9976305975522,1500.0,False,0.0005,0.0018955430416761198,0.00239554304167612,5.328325276254318,7.0391679061113575,0.0012367493182365672,0.985,False,False,False,False,True,CONFIRMED,,0.022286707640087337,0.0036322923599126887,2026-08-01T04:49:50.199+00:00,0.0005,0.0018955430416761198,0.0005328325276254316,0.0007039167906111357,0.0012367493182365672,0.09242420778873095,0.047715934960321234,0.14014014274905223,True
e1bcfb7b-6cf2-4a73-8aae-6a4786a94534,e1bcfb7b-6cf2-4a73-8aae-6a4786a94534:1:72,1,72,HISTORICAL:CYCLE-000006-20260730T214218000000:00000501,CYCLE-000006-20260730T214218000000,6,2026-07-30T21:42:18.000+00:00,BOLT,SYMBOL:BOLT,HISTORICAL,HISTORICAL_UNVALIDATED,BASE_FILTER_ONLY,0.025919000000000025,0.9999999999999999,0.0,96.41780644634429,24.00084841721022,65.65672974744751,1397.7272493539228,186.07538461100202,1500.0,False,0.0005,0.0039045973118449744,0.004404597311844975,11.868236756911015,9.707709190641353,0.0021575945947552365,0.985,False,False,False,False,True,CONFIRMED,,0.019356808093399812,0.0065621919066002135,2026-08-01T04:49:50.199+00:00,0.0005,0.0039045973118449744,0.0011868236756911014,0.0009707709190641352,0.0021575945947552365,0.1699370080576014,0.08324374376925169,0.2531807518268532,True
e1bcfb7b-6cf2-4a73-8aae-6a4786a94534,e1bcfb7b-6cf2-4a73-8aae-6a4786a94534:1:73,1,73,HISTORICAL:CYCLE-000006-20260730T214218000000:00000501,CYCLE-000006-20260730T214218000000,6,2026-07-30T21:42:18.000+00:00,BOLT,SYMBOL:BOLT,HISTORICAL,HISTORICAL_UNVALIDATED,BASE_FILTER_ONLY,0.025919000000000025,0.9999999999999999,0.0,100.32213271249165,111.03915332334537,208.46771137024143,877.8093304000992,419.82899740607843,1500.0,False,0.0005,0.0007296968919904888,0.0012296968919904888,2.3885387503980304,3.157421773674356,0.0005545960524072386,0.985,False,False,False,False,True,CONFIRMED,,0.0241347070556023,0.0017842929443977265,2026-08-01T04:49:50.199+00:00,0.0005,0.0007296968919904888,0.000238853875039803,0.00031574217736743556,0.0005545960524072386,0.047443840116921474,0.021397278151442496,0.06884111826836393,True
e1bcfb7b-6cf2-4a73-8aae-6a4786a94534,e1bcfb7b-6cf2-4a73-8aae-6a4786a94534:1:74,1,74,HISTORICAL:CYCLE-000006-20260730T214218000000:00000501,CYCLE-000006-20260730T214218000000,6,2026-07-30T21:42:18.000+00:00,BOLT,SYMBOL:BOLT,HISTORICAL,HISTORICAL_UNVALIDATED,BASE_FILTER_ONLY,0.025919000000000025,0.9999999999999999,0.0,110.92578730548622,110.78615216094967,50.276968262917904,876.8047536669106,271.9889077293538,1500.0,False,0.0005,0.0027747384784519145,0.0032747384784519145,1.9249405006019793,2.296263030580402,0.000422120353118238,0.985,False,False,False,False,True,CONFIRMED,,0.022222141168429875,0.0036968588315701503,2026-08-01T04:49:50.199+00:00,0.0005,0.0027747384784519145,0.0001924940500601979,0.00022962630305804014,0.000422120353118238,0.12634509350098042,0.016286135773688707,0.14263122927466904,True
e1bcfb7b-6cf2-4a73-8aae-6a4786a94534,e1bcfb7b-6cf2-4a73-8aae-6a4786a94534:1:75,1,75,HISTORICAL:CYCLE-000006-20260730T214218000000:00000501,CYCLE-000006-20260730T214218000000,6,2026-07-30T21:42:18.000+00:00,BOLT,SYMBOL:BOLT,HISTORICAL,HISTORICAL_UNVALIDATED,BASE_FILTER_ONLY,0.025919000000000025,0.9999999999999999,0.0,48.65120771056525,113.74422707239694,166.00849555382692,1551.426951250695,328.40393033678913,1500.0,False,0.0005,0.004032536756094066,0.004532536756094066,4.903556676228266,0.8635418151559238,0.0005767098491384189,0.985,False,False,False,False,True,CONFIRMED,,0.020809753394767542,0.0051092466052324835,2026-08-01T04:49:50.199+00:00,0.0005,0.004032536756094066,0.0004903556676228265,8.635418151559236e-05,0.0005767098491384189,0.17487313384366918,0.0222504668057571,0.19712360064942624,True
e1bcfb7b-6cf2-4a73-8aae-6a4786a94534,e1bcfb7b-6cf2-4a73-8aae-6a4786a94534:1:76,1,76,HISTORICAL:CYCLE-000006-20260730T214218000000:00000501,CYCLE-000006-20260730T214218000000,6,2026-07-30T21:42:18.000+00:00,BOLT,SYMBOL:BOLT,HISTORICAL,HISTORICAL_UNVALIDATED,BASE_FILTER_ONLY,0.025919000000000025,0.9999999999999999,0.0,118.67897827773534,31.639577424720628,204.28816593721274,2412.2383011242678,354.6067216396687,1500.0,False,0.0005,0.004991492667908985,0.005491492667908986,6.614894623645812,9.059778675501974,0.0015674673299147783,0.985,False,False,False,False,True,CONFIRMED,,0.01886004000217626,0.007058959997823765,2026-08-01T04:49:50.199+00:00,0.0005,0.004991492667908985,0.0006614894623645811,0.0009059778675501972,0.0015674673299147783,0.2118713170997716,0.06047560978104004,0.2723469268808117,True
e1bcfb7b-6cf2-4a73-8aae-6a4786a94534,e1bcfb7b-6cf2-4a73-8aae-6a4786a94534:1:77,1,77,HISTORICAL:CYCLE-000006-20260730T214218000000:00000501,CYCLE-000006-20260730T214218000000,6,2026-07-30T21:42:18.000+00:00,BOLT,SYMBOL:BOLT,HISTORICAL,HISTORICAL_UNVALIDATED,BASE_FILTER_ONLY,0.025919000000000025,0.9999999999999999,0.0,67.42184653469033,64.06694332588222,164.98116371500177,1597.097375943437,296.4699535755743,1500.0,False,0.0005,0.002520069761749526,0.003020069761749526,9.863704363779714,1.7457442890592478,0.001160944865283896,0.985,False,False,False,False,True,CONFIRMED,,0.021737985372966603,0.004181014627033422,2026-08-01T04:49:50.199+00:00,0.0005,0.002520069761749526,0.0009863704363779712,0.00017457442890592476,0.001160944865283896,0.11651953245686651,0.04479126761386994,0.16131080007073645,True
e1bcfb7b-6cf2-4a73-8aae-6a4786a94534,e1bcfb7b-6cf2-4a73-8aae-6a4786a94534:1:78,1,78,HISTORICAL:CYCLE-000006-20260730T214218000000:00000501,CYCLE-000006-20260730T214218000000,6,2026-07-30T21:42:18.000+00:00,BOLT,SYMBOL:BOLT,HISTORICAL,HISTORICAL_UNVALIDATED,BASE_FILTER_ONLY,0.025919000000000025,0.9999999999999999,0.0,55.39166395515842,36.488815431556134,101.32482375235315,498.1057677299673,193.20530313906772,1500.0,False,0.0005,0.0022856398825761752,0.0027856398825761752,4.467387409354284,8.000907883381675,0.0012468295292735957,0.985,False,False,False,False,True,CONFIRMED,,0.021886530588150255,0.00403246941184977,2026-08-01T04:49:50.199+00:00,0.0005,0.0022856398825761752,0.0004467387409354283,0.0008000907883381674,0.0012468295292735957,0.10747482088723224,0.04810484699539313,0.15557966788262534,True
e1bcfb7b-6cf2-4a73-8aae-6a4786a94534,e1bcfb7b-6cf2-4a73-8aae-6a4786a94534:1:79,1,79,HISTORICAL:CYCLE-000006-20260730T214218000000:00000501,CYCLE-000006-20260730T214218000000,6,2026-07-30T21:42:18.000+00:00,BOLT,SYMBOL:BOLT,HISTORICAL,HISTORICAL_UNVALIDATED,BASE_FILTER_ONLY,0.025919000000000025,0.9999999999999999,0.0,57.627983593397104,115.97505858524578,45.51678444109527,701.489522848044,219.11982661973815,1500.0,False,0.0005,0.0004958929575607143,0.0009958929575607143,14.136878466062376,3.4505139251801076,0.0017587392391242478,0.985,False,False,False,False,True,CONFIRMED,,0.023164367803315065,0.00275463219668496,2026-08-01T04:49:50.199+00:00,0.0005,0.0004958929575607143,0.0014136878466062374,0.0003450513925180107,0.0017587392391242478,0.03842327858176293,0.06785521197284795,0.10627849055461079,True
e1bcfb7b-6cf2-4a73-8aae-6a4786a94534,e1bcfb7b-6cf2-4a73-8aae-6a4786a94534:1:80,1,80,HISTORICAL:CYCLE-000006-20260730T214218000000:00000501,CYCLE-000006-20260730T214218000000,6,2026-07-30T21:42:18.000+00:00,BOLT,SYMBOL:BOLT,HISTORICAL,HISTORICAL_UNVALIDATED,BASE_FILTER_ONLY,0.025919000000000025,0.9999999999999999,0.0,23.43162939017591,39.53064070352809,28.933344908836876,1499.565134596295,91.89561500254088,1500.0,False,0.0005,0.0030897459132136237,0.0035897459132136237,12.766414601990041,6.925511857311546,0.0019691926459301586,0.985,False,False,False,False,True,CONFIRMED,,0.020360061440856243,0.005558938559143783,2026-08-01T04:49:50.199+00:00,0.0005,0.0030897459132136237,0.001276641460199004,0.0006925511857311545,0.0019691926459301586,0.13849862700002394,0.07597486962962138,0.21447349662964532,True
e1bcfb7b-6cf2-4a73-8aae-6a4786a94534,e1bcfb7b-6cf2-4a73-8aae-6a4786a94534:1:81,1,81,HISTORICAL:CYCLE-000006-20260730T214218000000:00000501,CYCLE-000006-20260730T214218000000,6,2026-07-30T21:42:18.000+00:00,BOLT,SYMBOL:BOLT,HISTORICAL,HISTORICAL_UNVALIDATED,BASE_FILTER_ONLY,0.025919000000000025,0.9999999999999999,0.0,52.737752278106896,21.666337563872776,232.9229555736732,2157.3726424688375,307.32704541565283,1500.0,False,0.0005,0.004649438174497807,0.005149438174497808,13.245936998872265,2.2702072320064746,0.001551614423087874,0.985,False,False,False,False,True,CONFIRMED,,0.019217947402414344,0.006701052597585681,2026-08-01T04:49:50.199+00:00,0.0005,0.004649438174497807,0.0013245936998872263,0.0002270207232006474,0.001551614423087874,0.19867426114039133,0.059863977124421174,0.2585382382648125,True
e1bcfb7b-6cf2-4a73-8aae-6a4786a94534,e1bcfb7b-6cf2-4a73-8aae-6a4786a94534:1:82,1,82,HISTORICAL:CYCLE-000006-20260730T214218000000:00000501,CYCLE-000006-20260730T214218000000,6,2026-07-30T21:42:18.000+00:00,BOLT,SYMBOL:BOLT,HISTORICAL,HISTORICAL_UNVALIDATED,BASE_FILTER_ONLY,0.025919000000000025,0.9999999999999999,0.0,48.12952643909638,45.892213080249014,90.76450579642788,1049.3161180606644,184.78624531577327,1500.0,False,0.0005,0.004609414535753329,0.0051094145357533285,10.981579038911281,7.141381524967468,0.0018122960563878745,0.985,False,False,False,False,True,CONFIRMED,,0.018997289407858824,0.006921710592141202,2026-08-01T04:49:50.199+00:00,0.0005,0.004609414535753329,0.001098157903891128,0.0007141381524967467,0.0018122960563878745,0.19713007970034815,0.06992152692572524,0.26705160662607336,True
e1bcfb7b-6cf2-4a73-8aae-6a4786a94534,e1bcfb7b-6cf2-4a73-8aae-6a4786a94534:1:83,1,83,HISTORICAL:CYCLE-000006-20260730T214218000000:00000501,CYCLE-000006-20260730T214218000000,6,2026-07-30T21:42:18.000+00:00,BOLT,SYMBOL:BOLT,HISTORICAL,HISTORICAL_UNVALIDATED,BASE_FILTER_ONLY,0.025919000000000025,0.9999999999999999,0.0,90.5239054646429,90.22286709639293,66.54395515966306,1488.4549038684625,247.29072772069887,1500.0,False,0.0005,0.004596062213081116,0.005096062213081115,4.442623471482055,0.8800843308487338,0.0005322707802330788,0.985,False,False,False,False,True,CONFIRMED,,0.02029066700668583,0.0056283329933141946,2026-08-01T04:49:50.199+00:00,0.0005,0.004596062213081116,0.00044426234714820543,8.800843308487337e-05,0.0005322707802330788,0.19661492391994717,0.020535930407541893,0.21715085432748907,True
e1bcfb7b-6cf2-4a73-8aae-6a4786a94534,e1bcfb7b-6cf2-4a73-8aae-6a4786a94534:1:84,1,84,HISTORICAL:CYCLE-000006-20260730T214218000000:00000501,CYCLE-000006-20260730T214218000000,6,2026-07-30T21:42:18.000+00:00,BOLT,SYMBOL:BOLT,HISTORICAL,HISTORICAL_UNVALIDATED,BASE_FILTER_ONLY,0.025919000000000025,0.9999999999999999,0.0,118.33150090067747,27.697694981464274,180.54030633074618,1129.8160990244223,326.5695022128879,1500.0,False,0.0005,0.0004072826677301356,0.0009072826677301356,11.461723058316435,4.505502973218692,0.0015967226031535125,0.985,False,False,False,False,True,CONFIRMED,,0.02341499472911638,0.0025040052708836455,2026-08-01T04:49:50.199+00:00,0.0005,0.0004072826677301356,0.0011461723058316434,0.00045055029732186914,0.0015967226031535125,0.03500453982522994,0.061604328992380525,0.09660886881761037,True
e1bcfb7b-6cf2-4a73-8aae-6a4786a94534,e1bcfb7b-6cf2-4a73-8aae-6a4786a94534:1:85,1,85,HISTORICAL:CYCLE-000006-20260730T214218000000:00000501,CYCLE-000006-20260730T214218000000,6,2026-07-30T21:42:18.000+00:00,BOLT,SYMBOL:BOLT,HISTORICAL,HISTORICAL_UNVALIDATED,BASE_FILTER_ONLY,0.025919000000000025,0.9999999999999999,0.0,45.38132846184506,31.936269203920634,245.2905129982544,1651.8991816335881,322.6081106640201,1500.0,False,0.0005,0.004211413059604348,0.004711413059604349,2.415041867484365,3.802605584947404,0.0006217647452431768,0.985,True,False,False,False,False,MISSED,OPPORTUNITY_MISSED,0.0,0.025919000000000025,2026-08-01T04:49:50.199+00:00,0.0005,0.004211413059604348,0.00024150418674843643,0.00038026055849474036,0.0006217647452431768,0.18177449205618829,0.02398876288603635,1.0,False
e1bcfb7b-6cf2-4a73-8aae-6a4786a94534,e1bcfb7b-6cf2-4a73-8aae-6a4786a94534:1:86,1,86,HISTORICAL:CYCLE-000006-20260730T214218000000:00000501,CYCLE-000006-20260730T214218000000,6,2026-07-30T21:42:18.000+00:00,BOLT,SYMBOL:BOLT,HISTORICAL,HISTORICAL_UNVALIDATED,BASE_FILTER_ONLY,0.025919000000000025,0.9999999999999999,0.0,52.18114285563634,65.13824377625187,27.962645934074217,1471.6181041572445,145.28203256596242,1500.0,False,0.0005,0.0028732758753806683,0.0033732758753806684,9.109177394886128,2.8877337689841944,0.001199691116387032,0.985,False,False,False,False,True,CONFIRMED,,0.021346033008232325,0.0045729669917677004,2026-08-01T04:49:50.199+00:00,0.0005,0.0028732758753806683,0.0009109177394886126,0.0002887733768984194,0.001199691116387032,0.13014683727692677,0.04628616522192334,0.1764330024988501,True
e1bcfb7b-6cf2-4a73-8aae-6a4786a94534,e1bcfb7b-6cf2-4a73-8aae-6a4786a94534:1:87,1,87,HISTORICAL:CYCLE-000006-20260730T214218000000:00000501,CYCLE-000006-20260730T214218000000,6,2026-07-30T21:42:18.000+00:00,BOLT,SYMBOL:BOLT,HISTORICAL,HISTORICAL_UNVALIDATED,BASE_FILTER_ONLY,0.025919000000000025,0.9999999999999999,0.0,40.96818326223024,30.564413096546623,137.25607887098158,561.6353770781502,208.78867522975844,1500.0,False,0.0005,0.004744282957388733,0.005244282957388734,14.15444738200195,8.864638011963539,0.0023019085393965488,0.985,False,False,False,False,True,CONFIRMED,,0.01837280850321474,0.007546191496785284,2026-08-01T04:49:50.199+00:00,0.0005,0.004744282957388733,0.0014154447382001948,0.0008864638011963537,0.0023019085393965488,0.20233353745857202,0.0888116261968651,0.2911451636554372,True
e1bcfb7b-6cf2-4a73-8aae-6a4786a94534,e1bcfb7b-6cf2-4a73-8aae-6a4786a94534:1:88,1,88,HISTORICAL:CYCLE-000006-20260730T214218000000:00000501,CYCLE-000006-20260730T214218000000,6,2026-07-30T21:42:18.000+00:00,BOLT,SYMBOL:BOLT,HISTORICAL,HISTORICAL_UNVALIDATED,BASE_FILTER_ONLY,0.025919000000000025,0.9999999999999999,0.0,43.16931073934826,50.8868818454159,61.987612879940464,2472.5395560585052,156.04380546470463,1500.0,False,0.0005,0.0021702942151960464,0.0026702942151960465,10.723107387881132,6.362367322982756,0.0017085474710863884,0.985,False,False,False,False,True,CONFIRMED,,0.02154015831371759,0.004378841686282435,2026-08-01T04:49:50.200+00:00,0.0005,0.0021702942151960464,0.001072310738788113,0.0006362367322982755,0.0017085474710863884,0.10302458486809074,0.06591872645882892,0.16894331132691967,True
e1bcfb7b-6cf2-4a73-8aae-6a4786a94534,e1bcfb7b-6cf2-4a73-8aae-6a4786a94534:1:89,1,89,HISTORICAL:CYCLE-000006-20260730T214218000000:00000501,CYCLE-000006-20260730T214218000000,6,2026-07-30T21:42:18.000+00:00,BOLT,SYMBOL:BOLT,HISTORICAL,HISTORICAL_UNVALIDATED,BASE_FILTER_ONLY,0.025919000000000025,0.9999999999999999,0.0,27.60538690877396,38.95435731571374,157.03622721648873,1911.0798087401747,223.59597144097643,1500.0,False,0.0005,0.001370828254405988,0.001870828254405988,2.833701446218702,3.332045948119562,0.0006165747394338263,0.985,False,False,False,False,True,CONFIRMED,,0.023431597006160213,0.002487402993839812,2026-08-01T04:49:50.200+00:00,0.0005,0.001370828254405988,0.00028337014462187016,0.0003332045948119561,0.0006165747394338263,0.07217980070241854,0.023788523455142006,0.09596832415756047,True
e1bcfb7b-6cf2-4a73-8aae-6a4786a94534,e1bcfb7b-6cf2-4a73-8aae-6a4786a94534:1:90,1,90,HISTORICAL:CYCLE-000006-20260730T214218000000:00000501,CYCLE-000006-20260730T214218000000,6,2026-07-30T21:42:18.000+00:00,BOLT,SYMBOL:BOLT,HISTORICAL,HISTORICAL_UNVALIDATED,BASE_FILTER_ONLY,0.025919000000000025,0.9999999999999999,0.0,147.21812634889588,29.247607203686403,72.57270501624319,1324.8040414946158,249.03843856882548,1500.0,False,0.0005,0.0049072356723160486,0.005407235672316048,1.3046730489073615,4.9995319628508454,0.0006304205011758206,0.985,False,False,False,False,True,CONFIRMED,,0.019881343826508156,0.006037656173491869,2026-08-01T04:49:50.200+00:00,0.0005,0.0049072356723160486,0.00013046730489073614,0.0004999531962850845,0.0006304205011758206,0.20862053598966174,0.024322716971172498,0.23294325296083426,True
e1bcfb7b-6cf2-4a73-8aae-6a4786a94534,e1bcfb7b-6cf2-4a73-8aae-6a4786a94534:1:91,1,91,HISTORICAL:CYCLE-000006-20260730T214218000000:00000501,CYCLE-000006-20260730T214218000000,6,2026-07-30T21:42:18.000+00:00,BOLT,SYMBOL:BOLT,HISTORICAL,HISTORICAL_UNVALIDATED,BASE_FILTER_ONLY,0.025919000000000025,0.9999999999999999,0.0,124.3757986974249,35.34142052734203,90.86934645419561,2106.742961157145,250.58656567896253,1500.0,False,0.0005,0.004374862435846219,0.004874862435846219,7.298532699130539,5.309588879019172,0.0012608121578149708,0.985,True,False,False,False,False,MISSED,OPPORTUNITY_MISSED,0.0,0.025919000000000025,2026-08-01T04:49:50.200+00:00,0.0005,0.004374862435846219,0.0007298532699130539,0.0005309588879019171,0.0012608121578149708,0.18808065264270282,0.04864432107006326,1.0,False
e1bcfb7b-6cf2-4a73-8aae-6a4786a94534,e1bcfb7b-6cf2-4a73-8aae-6a4786a94534:1:92,1,92,HISTORICAL:CYCLE-000006-20260730T214218000000:00000501,CYCLE-000006-20260730T214218000000,6,2026-07-30T21:42:18.000+00:00,BOLT,SYMBOL:BOLT,HISTORICAL,HISTORICAL_UNVALIDATED,BASE_FILTER_ONLY,0.025919000000000025,0.9999999999999999,0.0,37.852760452892426,49.24374850512156,229.31519932526072,710.5527532051897,316.4117082832747,1500.0,False,0.0005,0.0012015146792263129,0.0017015146792263129,12.904613386628263,7.044585339890869,0.001994919872651913,0.985,False,False,False,False,True,CONFIRMED,,0.0222225654481218,0.0036964345518782256,2026-08-01T04:49:50.200+00:00,0.0005,0.0012015146792263129,0.0012904613386628262,0.0007044585339890868,0.001994919872651913,0.06564738914411479,0.07696747068374207,0.14261485982785685,True
e1bcfb7b-6cf2-4a73-8aae-6a4786a94534,e1bcfb7b-6cf2-4a73-8aae-6a4786a94534:1:93,1,93,HISTORICAL:CYCLE-000006-20260730T214218000000:00000501,CYCLE-000006-20260730T214218000000,6,2026-07-30T21:42:18.000+00:00,BOLT,SYMBOL:BOLT,HISTORICAL,HISTORICAL_UNVALIDATED,BASE_FILTER_ONLY,0.025919000000000025,0.9999999999999999,0.0,129.82559410239924,63.60507612003796,90.48883598158918,1886.7288397113232,283.91950620402633,1500.0,False,0.0005,0.0005220190882056516,0.0010220190882056516,4.715531635939632,8.243380956520575,0.0012958912592460205,0.985,False,False,False,False,True,CONFIRMED,,0.023601089652548354,0.002317910347451671,2026-08-01T04:49:50.200+00:00,0.0005,0.0005220190882056516,0.0004715531635939631,0.0008243380956520573,0.0012958912592460205,0.03943127004150047,0.04999773367977234,0.08942900372127276,True
e1bcfb7b-6cf2-4a73-8aae-6a4786a94534,e1bcfb7b-6cf2-4a73-8aae-6a4786a94534:1:94,1,94,HISTORICAL:CYCLE-000006-20260730T214218000000:00000501,CYCLE-000006-20260730T214218000000,6,2026-07-30T21:42:18.000+00:00,BOLT,SYMBOL:BOLT,HISTORICAL,HISTORICAL_UNVALIDATED,BASE_FILTER_ONLY,0.025919000000000025,0.9999999999999999,0.0,77.25814600997984,24.813975447617636,124.65910597146333,283.1153402893678,226.73122742906082,1500.0,False,0.0005,0.0015738713366198352,0.002073871336619835,5.533291225245088,9.381039368471322,0.001491433059371641,0.985,False,False,False,False,True,CONFIRMED,,0.02235369560400855,0.003565304395991474,2026-08-01T04:49:50.200+00:00,0.0005,0.0015738713366198352,0.0005533291225245086,0.000938103936847132,0.001491433059371641,0.08001355517650499,0.05754207567312163,0.13755563084962655,True
e1bcfb7b-6cf2-4a73-8aae-6a4786a94534,e1bcfb7b-6cf2-4a73-8aae-6a4786a94534:1:95,1,95,HISTORICAL:CYCLE-000006-20260730T214218000000:00000501,CYCLE-000006-20260730T214218000000,6,2026-07-30T21:42:18.000+00:00,BOLT,SYMBOL:BOLT,HISTORICAL,HISTORICAL_UNVALIDATED,BASE_FILTER_ONLY,0.025919000000000025,0.9999999999999999,0.0,78.30013865397652,41.233736268554914,51.69207228868859,1789.388479617729,171.22594721122002,1500.0,False,0.0005,0.0018525879830136247,0.0023525879830136247,1.7360840292698425,1.6673606051236434,0.0003403444634393485,0.985,False,False,False,False,True,CONFIRMED,,0.02322606755354705,0.002692932446452974,2026-08-01T04:49:50.200+00:00,0.0005,0.0018525879830136247,0.00017360840292698424,0.0001667360605123643,0.0003403444634393485,0.09076692708104565,0.013131080035470047,0.10389800711651573,True
e1bcfb7b-6cf2-4a73-8aae-6a4786a94534,e1bcfb7b-6cf2-4a73-8aae-6a4786a94534:1:96,1,96,HISTORICAL:CYCLE-000006-20260730T214218000000:00000501,CYCLE-000006-20260730T214218000000,6,2026-07-30T21:42:18.000+00:00,BOLT,SYMBOL:BOLT,HISTORICAL,HISTORICAL_UNVALIDATED,BASE_FILTER_ONLY,0.025919000000000025,0.9999999999999999,0.0,115.34975948719676,39.23878385122665,181.8716379493598,328.8968969879762,336.46018128778326,1500.0,False,0.0005,0.0035641707021868804,0.0040641707021868805,0.7392572841179823,7.743099755785191,0.0008482357039903171,0.985,False,False,False,False,True,CONFIRMED,,0.021006593593822828,0.004912406406177197,2026-08-01T04:49:50.200+00:00,0.0005,0.0035641707021868804,7.392572841179823e-05,0.0007743099755785189,0.0008482357039903171,0.15680275867845506,0.03272640549366551,0.18952916417212054,True
e1bcfb7b-6cf2-4a73-8aae-6a4786a94534,e1bcfb7b-6cf2-4a73-8aae-6a4786a94534:1:97,1,97,HISTORICAL:CYCLE-000006-20260730T214218000000:00000501,CYCLE-000006-20260730T214218000000,6,2026-07-30T21:42:18.000+00:00,BOLT,SYMBOL:BOLT,HISTORICAL,HISTORICAL_UNVALIDATED,BASE_FILTER_ONLY,0.025919000000000025,0.9999999999999999,0.0,71.60095118157217,115.20233091003048,201.8842989233515,1605.3091620603307,388.68758101495416,1500.0,False,0.0005,0.0037328200025842796,0.00423282000258428,9.226866177268821,6.997362555112323,0.0016224228732381139,0.985,False,False,False,False,True,CONFIRMED,,0.020063757124177635,0.00585524287582239,2026-08-01T04:49:50.200+00:00,0.0005,0.0037328200025842796,0.0009226866177268819,0.0006997362555112322,0.0016224228732381139,0.16330954136287187,0.06259589001265914,0.22590543137553087,True
e1bcfb7b-6cf2-4a73-8aae-6a4786a94534,e1bcfb7b-6cf2-4a73-8aae-6a4786a94534:1:98,1,98,HISTORICAL:CYCLE-000006-20260730T214218000000:00000501,CYCLE-000006-20260730T214218000000,6,2026-07-30T21:42:18.000+00:00,BOLT,SYMBOL:BOLT,HISTORICAL,HISTORICAL_UNVALIDATED,BASE_FILTER_ONLY,0.025919000000000025,0.9999999999999999,0.0,80.67413845998273,28.298351296008597,123.78157045255162,544.8717666904455,232.75406020854294,1500.0,False,0.0005,0.0026124243689520836,0.0031124243689520836,5.517308659091714,3.8511925941899436,0.0009368501253281655,0.985,False,False,False,False,True,CONFIRMED,,0.021869725505719778,0.004049274494280247,2026-08-01T04:49:50.200+00:00,0.0005,0.0026124243689520836,0.0005517308659091714,0.0003851192594189943,0.0009368501253281655,0.12008273347552299,0.03614530365091881,0.15622803712644173,True
e1bcfb7b-6cf2-4a73-8aae-6a4786a94534,e1bcfb7b-6cf2-4a73-8aae-6a4786a94534:1:99,1,99,HISTORICAL:CYCLE-000006-20260730T214218000000:00000501,CYCLE-000006-20260730T214218000000,6,2026-07-30T21:42:18.000+00:00,BOLT,SYMBOL:BOLT,HISTORICAL,HISTORICAL_UNVALIDATED,BASE_FILTER_ONLY,0.025919000000000025,0.9999999999999999,0.0,82.01593060289481,116.89943978367327,180.99997322773254,2342.995466521259,379.91534361430064,1500.0,False,0.0005,0.0008260688561552254,0.0013260688561552254,5.062453733156737,8.613946347338489,0.0013676400080495225,0.985,False,False,False,False,True,CONFIRMED,,0.023225291135795276,0.002693708864204749,2026-08-01T04:49:50.200+00:00,0.0005,0.0008260688561552254,0.0005062453733156736,0.0008613946347338487,0.0013676400080495225,0.051162037738926046,0.05276592492185351,0.1039279626607796,True
e1bcfb7b-6cf2-4a73-8aae-6a4786a94534,e1bcfb7b-6cf2-4a73-8aae-6a4786a94534:1:100,1,100,HISTORICAL:CYCLE-000006-20260730T214218000000:00000501,CYCLE-000006-20260730T214218000000,6,2026-07-30T21:42:18.000+00:00,BOLT,SYMBOL:BOLT,HISTORICAL,HISTORICAL_UNVALIDATED,BASE_FILTER_ONLY,0.025919000000000025,0.9999999999999999,0.0,84.27797693908748,74.85923694023333,166.21352490044276,429.7054321591052,325.35073877976356,1500.0,False,0.0005,0.004521725004649161,0.005021725004649161,8.564172490399658,8.51881876234642,0.0017082991252746072,0.985,False,False,False,False,True,CONFIRMED,,0.019188975870076258,0.006730024129923767,2026-08-01T04:49:50.200+00:00,0.0005,0.004521725004649161,0.0008564172490399656,0.0008518818762346419,0.0017082991252746072,0.19374686541337072,0.06590914484642947,0.2596560102598002,True
e1bcfb7b-6cf2-4a73-8aae-6a4786a94534,e1bcfb7b-6cf2-4a73-8aae-6a4786a94534:2:1,2,1,HISTORICAL:CYCLE-000010-20260731T035444000000:00000901,CYCLE-000010-20260731T035444000000,10,2026-07-31T03:54:44.000+00:00,MET,METvsvVRapdj9cFLzq4Tr43xK4tAjQfwX76z3n6mWQL,HISTORICAL,HISTORICAL_UNVALIDATED,BASE_FILTER_ONLY,0.00012600000000007223,1.0,0.0,109.95456064066782,65.75554170409515,238.45155303394904,2235.2636793422157,414.161655378712,1500.0,False,0.0005,0.002573875120181099,0.003073875120181099,8.142970967416687,0.2745925554762252,0.0008417563522892912,0.985,True,False,False,False,False,MISSED,OPPORTUNITY_MISSED,0.0,0.00012600000000007223,2026-08-01T04:49:50.200+00:00,0.0005,0.002573875120181099,0.0008142970967416687,2.7459255547622518e-05,0.0008417563522892912,24.395834287137593,6.6806059705461,1.0,False
e1bcfb7b-6cf2-4a73-8aae-6a4786a94534,e1bcfb7b-6cf2-4a73-8aae-6a4786a94534:2:2,2,2,HISTORICAL:CYCLE-000010-20260731T035444000000:00000901,CYCLE-000010-20260731T035444000000,10,2026-07-31T03:54:44.000+00:00,MET,METvsvVRapdj9cFLzq4Tr43xK4tAjQfwX76z3n6mWQL,HISTORICAL,HISTORICAL_UNVALIDATED,BASE_FILTER_ONLY,0.00012600000000007223,1.0,0.0,55.22846716683557,100.6357073065125,109.01251122647888,1330.9576263802246,264.87668569982696,1500.0,False,0.0005,0.0010023803515683773,0.0015023803515683773,4.691966179145944,0.28313497448582026,0.0004975101153631764,0.985,False,False,False,False,True,CONFIRMED,,-0.0018738904669314813,0.0019998904669315536,2026-08-01T04:49:50.200+00:00,0.0005,0.0010023803515683773,0.0004691966179145944,2.8313497448582026e-05,0.0004975101153631764,11.923653583869175,3.948492979070565,15.872146562939738,False
e1bcfb7b-6cf2-4a73-8aae-6a4786a94534,e1bcfb7b-6cf2-4a73-8aae-6a4786a94534:2:3,2,3,HISTORICAL:CYCLE-000010-20260731T035444000000:00000901,CYCLE-000010-20260731T035444000000,10,2026-07-31T03:54:44.000+00:00,MET,METvsvVRapdj9cFLzq4Tr43xK4tAjQfwX76z3n6mWQL,HISTORICAL,HISTORICAL_UNVALIDATED,BASE_FILTER_ONLY,0.00012600000000007223,1.0,0.0,72.10260981252137,85.84383145799096,48.44010351533723,2181.61718255329,206.38654478584954,1500.0,False,0.0005,0.0017359797120764366,0.002235979712076437,10.261411319347433,7.2363364113467155,0.0017497747730694146,0.985,False,False,False,False,True,CONFIRMED,,-0.0038597544851457794,0.003985754485145852,2026-08-01T04:49:50.200+00:00,0.0005,0.0017359797120764366,0.0010261411319347432,0.0007236336411346715,0.0017497747730694146,17.745870730755197,13.88710137355882,31.63297210431402,False
e1bcfb7b-6cf2-4a73-8aae-6a4786a94534,e1bcfb7b-6cf2-4a73-8aae-6a4786a94534:2:4,2,4,HISTORICAL:CYCLE-000010-20260731T035444000000:00000901,CYCLE-000010-20260731T035444000000,10,2026-07-31T03:54:44.000+00:00,MET,METvsvVRapdj9cFLzq4Tr43xK4tAjQfwX76z3n6mWQL,HISTORICAL,HISTORICAL_UNVALIDATED,BASE_FILTER_ONLY,0.00012600000000007223,1.0,0.0,92.48712982482934,39.81245947865232,210.88583157247967,1298.1796340352525,343.1854208759613,1500.0,False,0.0005,0.0035589005273988375,0.004058900527398837,6.10833094720628,3.344712384879931,0.0009453043332086211,0.985,False,False,False,False,True,CONFIRMED,,-0.004878204860607386,0.0050042048606074585,2026-08-01T04:49:50.200+00:00,0.0005,0.0035589005273988375,0.000610833094720628,0.0003344712384879931,0.0009453043332086211,32.213496249178654,7.502415342921263,39.71591159209992,False
e1bcfb7b-6cf2-4a73-8aae-6a4786a94534,e1bcfb7b-6cf2-4a73-8aae-6a4786a94534:2:5,2,5,HISTORICAL:CYCLE-000010-20260731T035444000000:00000901,CYCLE-000010-20260731T035444000000,10,2026-07-31T03:54:44.000+00:00,MET,METvsvVRapdj9cFLzq4Tr43xK4tAjQfwX76z3n6mWQL,HISTORICAL,HISTORICAL_UNVALIDATED,BASE_FILTER_ONLY,0.00012600000000007223,1.0,0.0,74.59743893425832,60.81251940991875,172.07017996689723,782.1989489718925,307.4801383110743,1500.0,False,0.0005,0.0031291190542570638,0.0036291190542570638,5.238958330165412,8.253231185509252,0.0013492189515674664,0.985,False,False,False,False,True,CONFIRMED,,-0.004852338005824458,0.004978338005824531,2026-08-01T04:49:50.200+00:00,0.0005,0.0031291190542570638,0.0005238958330165412,0.0008253231185509252,0.0013492189515674664,28.80253217662685,10.708086917195976,39.51061909382283,False
e1bcfb7b-6cf2-4a73-8aae-6a4786a94534,e1bcfb7b-6cf2-4a73-8aae-6a4786a94534:2:6,2,6,HISTORICAL:CYCLE-000010-20260731T035444000000:00000901,CYCLE-000010-20260731T035444000000,10,2026-07-31T03:54:44.000+00:00,MET,METvsvVRapdj9cFLzq4Tr43xK4tAjQfwX76z3n6mWQL,HISTORICAL,HISTORICAL_UNVALIDATED,BASE_FILTER_ONLY,0.00012600000000007223,1.0,0.0,129.46522760568706,116.2986345755419,118.93923733308144,326.5335717779469,364.7030995143104,1500.0,False,0.0005,0.002980894039289579,0.003480894039289579,9.475671682633353,9.058024697318917,0.0018533696379952269,0.985,False,False,False,False,True,CONFIRMED,,-0.005208263677284734,0.005334263677284806,2026-08-01T04:49:50.200+00:00,0.0005,0.002980894039289579,0.0009475671682633353,0.0009058024697318917,0.0018533696379952269,27.626143168949074,14.709282841223526,42.335426010172604,False
e1bcfb7b-6cf2-4a73-8aae-6a4786a94534,e1bcfb7b-6cf2-4a73-8aae-6a4786a94534:2:7,2,7,HISTORICAL:CYCLE-000010-20260731T035444000000:00000901,CYCLE-000010-20260731T035444000000,10,2026-07-31T03:54:44.000+00:00,MET,METvsvVRapdj9cFLzq4Tr43xK4tAjQfwX76z3n6mWQL,HISTORICAL,HISTORICAL_UNVALIDATED,BASE_FILTER_ONLY,0.00012600000000007223,1.0,0.0,42.72109416353923,24.60828216831416,237.2206975000544,1474.2540341140627,304.55007383190775,1500.0,False,0.0005,0.004027791652125958,0.004527791652125957,10.00842819412485,9.384197519624783,0.0019392625713749632,0.985,False,False,False,False,True,CONFIRMED,,-0.0063410542235008485,0.006467054223500921,2026-08-01T04:49:50.200+00:00,0.0005,0.004027791652125958,0.001000842819412485,0.0009384197519624783,0.0019392625713749632,35.93485438193144,15.39097278868136,51.325827170612804,False
e1bcfb7b-6cf2-4a73-8aae-6a4786a94534,e1bcfb7b-6cf2-4a73-8aae-6a4786a94534:2:8,2,8,HISTORICAL:CYCLE-000010-20260731T035444000000:00000901,CYCLE-000010-20260731T035444000000,10,2026-07-31T03:54:44.000+00:00,MET,METvsvVRapdj9cFLzq4Tr43xK4tAjQfwX76z3n6mWQL,HISTORICAL,HISTORICAL_UNVALIDATED,BASE_FILTER_ONLY,0.00012600000000007223,1.0,0.0,118.4889686308837,97.95901282244871,190.6509628515536,956.7259213777556,407.098944304886,1500.0,False,0.0005,0.0032102854223353947,0.0037102854223353948,7.89120073221528,4.76417214627817,0.001265537287849345,0.985,False,False,False,False,True,CONFIRMED,,-0.004849822710184667,0.0049758227101847395,2026-08-01T04:49:50.201+00:00,0.0005,0.0032102854223353947,0.0007891200732215279,0.000476417214627817,0.001265537287849345,29.44670970105768,10.043946728957298,39.49065643001497,False
e1bcfb7b-6cf2-4a73-8aae-6a4786a94534,e1bcfb7b-6cf2-4a73-8aae-6a4786a94534:2:9,2,9,HISTORICAL:CYCLE-000010-20260731T035444000000:00000901,CYCLE-000010-20260731T035444000000,10,2026-07-31T03:54:44.000+00:00,MET,METvsvVRapdj9cFLzq4Tr43xK4tAjQfwX76z3n6mWQL,HISTORICAL,HISTORICAL_UNVALIDATED,BASE_FILTER_ONLY,0.00012600000000007223,1.0,0.0,53.92132748201229,66.1188107467954,198.91122192502021,1819.0277398737583,318.9513601538279,1500.0,False,0.0005,0.0008235909985580233,0.0013235909985580233,7.6075963690244,9.597696568777614,0.0017205292937802015,0.985,False,False,False,False,True,CONFIRMED,,-0.0029181202923381526,0.003044120292338225,2026-08-01T04:49:50.201+00:00,0.0005,0.0008235909985580233,0.00076075963690244,0.0009597696568777615,0.0017205292937802015,10.504690464740195,13.654994395073135,24.159684859813332,False
e1bcfb7b-6cf2-4a73-8aae-6a4786a94534,e1bcfb7b-6cf2-4a73-8aae-6a4786a94534:2:10,2,10,HISTORICAL:CYCLE-000010-20260731T035444000000:00000901,CYCLE-000010-20260731T035444000000,10,2026-07-31T03:54:44.000+00:00,MET,METvsvVRapdj9cFLzq4Tr43xK4tAjQfwX76z3n6mWQL,HISTORICAL,HISTORICAL_UNVALIDATED,BASE_FILTER_ONLY,0.00012600000000007223,1.0,0.0,110.9301877976802,30.411200116347285,146.76714217471334,840.2164068669449,288.10853008874085,1500.0,False,0.0005,0.0003452411882452854,0.0008452411882452854,10.872711216582662,6.151638016843969,0.001702434923342663,0.985,False,False,False,False,True,CONFIRMED,,-0.0024216761115878763,0.0025476761115879485,2026-08-01T04:49:50.201+00:00,0.0005,0.0003452411882452854,0.0010872711216582663,0.0006151638016843969,0.001702434923342663,6.708263398768261,13.51138828048958,20.21965167925784,False
e1bcfb7b-6cf2-4a73-8aae-6a4786a94534,e1bcfb7b-6cf2-4a73-8aae-6a4786a94534:2:11,2,11,HISTORICAL:CYCLE-000010-20260731T035444000000:00000901,CYCLE-000010-20260731T035444000000,10,2026-07-31T03:54:44.000+00:00,MET,METvsvVRapdj9cFLzq4Tr43xK4tAjQfwX76z3n6mWQL,HISTORICAL,HISTORICAL_UNVALIDATED,BASE_FILTER_ONLY,0.00012600000000007223,1.0,0.0,33.67727805343324,50.01402519114836,91.3446284547114,1749.500898608182,175.035931699293,1500.0,False,0.0005,0.003431044323129488,0.003931044323129488,10.346424743410829,9.07847279944099,0.0019424897542851816,0.985,False,False,False,False,True,CONFIRMED,,-0.005747534077414598,0.00587353407741467,2026-08-01T04:49:50.201+00:00,0.0005,0.003431044323129488,0.0010346424743410828,0.000907847279944099,0.0019424897542851816,31.198764469263768,15.416585351460856,46.615349820724624,False
e1bcfb7b-6cf2-4a73-8aae-6a4786a94534,e1bcfb7b-6cf2-4a73-8aae-6a4786a94534:2:12,2,12,HISTORICAL:CYCLE-000010-20260731T035444000000:00000901,CYCLE-000010-20260731T035444000000,10,2026-07-31T03:54:44.000+00:00,MET,METvsvVRapdj9cFLzq4Tr43xK4tAjQfwX76z3n6mWQL,HISTORICAL,HISTORICAL_UNVALIDATED,BASE_FILTER_ONLY,0.00012600000000007223,1.0,0.0,64.20232082917354,57.43240145882546,194.8082072966998,830.2251640515775,316.44292958469885,1500.0,False,0.0005,0.00326235711658403,0.0037623571165840302,4.705695497239349,5.538914256980501,0.001024460975421985,0.985,False,False,False,False,True,CONFIRMED,,-0.004660818092005943,0.004786818092006016,2026-08-01T04:49:50.201+00:00,0.0005,0.00326235711658403,0.0004705695497239349,0.0005538914256980501,0.001024460975421985,29.85997711572915,8.130642662074585,37.990619777803744,False
e1bcfb7b-6cf2-4a73-8aae-6a4786a94534,e1bcfb7b-6cf2-4a73-8aae-6a4786a94534:2:13,2,13,HISTORICAL:CYCLE-000010-20260731T035444000000:00000901,CYCLE-000010-20260731T035444000000,10,2026-07-31T03:54:44.000+00:00,MET,METvsvVRapdj9cFLzq4Tr43xK4tAjQfwX76z3n6mWQL,HISTORICAL,HISTORICAL_UNVALIDATED,BASE_FILTER_ONLY,0.00012600000000007223,1.0,0.0,27.91467120293027,53.6476964270643,83.37557572299538,577.4451029917018,164.93794335298995,1500.0,False,0.0005,0.00447067924623428,0.00497067924623428,4.914466426134021,4.625839454380136,0.0009540305880514157,0.985,False,False,False,False,True,CONFIRMED,,-0.005798709834285623,0.0059247098342856954,2026-08-01T04:49:50.201+00:00,0.0005,0.00447067924623428,0.0004914466426134021,0.0004625839454380136,0.0009540305880514157,39.44983528755103,7.571671333737054,47.02150662128808,False
e1bcfb7b-6cf2-4a73-8aae-6a4786a94534,e1bcfb7b-6cf2-4a73-8aae-6a4786a94534:2:14,2,14,HISTORICAL:CYCLE-000010-20260731T035444000000:00000901,CYCLE-000010-20260731T035444000000,10,2026-07-31T03:54:44.000+00:00,MET,METvsvVRapdj9cFLzq4Tr43xK4tAjQfwX76z3n6mWQL,HISTORICAL,HISTORICAL_UNVALIDATED,BASE_FILTER_ONLY,0.00012600000000007223,1.0,0.0,36.31528314223555,87.37767331686946,115.25143929774384,656.2891076139985,238.94439575684885,1500.0,False,0.0005,0.004252101005122503,0.004752101005122503,2.6583208477994393,0.6807739028492166,0.0003339094750648656,0.985,False,False,False,False,True,CONFIRMED,,-0.004960010480187296,0.005086010480187368,2026-08-01T04:49:50.201+00:00,0.0005,0.004252101005122503,0.00026583208477994394,6.807739028492166e-05,0.0003339094750648656,37.715087342220464,2.6500751989259856,40.36516254114645,False
e1bcfb7b-6cf2-4a73-8aae-6a4786a94534,e1bcfb7b-6cf2-4a73-8aae-6a4786a94534:2:15,2,15,HISTORICAL:CYCLE-000010-20260731T035444000000:00000901,CYCLE-000010-20260731T035444000000,10,2026-07-31T03:54:44.000+00:00,MET,METvsvVRapdj9cFLzq4Tr43xK4tAjQfwX76z3n6mWQL,HISTORICAL,HISTORICAL_UNVALIDATED,BASE_FILTER_ONLY,0.00012600000000007223,1.0,0.0,130.5145157419815,56.11863141931991,156.28407527951327,2427.008543552806,342.9172224408147,1500.0,False,0.0005,0.0035327100664792345,0.0040327100664792346,1.314129983019926,7.908831999621006,0.0009222961982640932,0.985,False,False,False,False,True,CONFIRMED,,-0.004829006264743255,0.004955006264743328,2026-08-01T04:49:50.201+00:00,0.0005,0.0035327100664792345,0.0001314129983019926,0.0007908831999621005,0.0009222961982640932,32.00563544822955,7.319811097329876,39.32544654555942,False
e1bcfb7b-6cf2-4a73-8aae-6a4786a94534,e1bcfb7b-6cf2-4a73-8aae-6a4786a94534:2:16,2,16,HISTORICAL:CYCLE-000010-20260731T035444000000:00000901,CYCLE-000010-20260731T035444000000,10,2026-07-31T03:54:44.000+00:00,MET,METvsvVRapdj9cFLzq4Tr43xK4tAjQfwX76z3n6mWQL,HISTORICAL,HISTORICAL_UNVALIDATED,BASE_FILTER_ONLY,0.00012600000000007223,1.0,0.0,33.95830793418354,30.406990795601455,177.1749667667359,731.7267126536788,241.5402654965209,1500.0,False,0.0005,0.0002668142500417142,0.0007668142500417142,3.976290568014141,1.9412179411098573,0.0005917508509123998,0.985,False,False,False,False,True,CONFIRMED,,-0.0012325651009540417,0.001358565100954114,2026-08-01T04:49:50.201+00:00,0.0005,0.0002668142500417142,0.00039762905680141414,0.00019412179411098574,0.0005917508509123998,6.085827381279957,4.696435324698894,10.78226270597885,False
e1bcfb7b-6cf2-4a73-8aae-6a4786a94534,e1bcfb7b-6cf2-4a73-8aae-6a4786a94534:2:17,2,17,HISTORICAL:CYCLE-000010-20260731T035444000000:00000901,CYCLE-000010-20260731T035444000000,10,2026-07-31T03:54:44.000+00:00,MET,METvsvVRapdj9cFLzq4Tr43xK4tAjQfwX76z3n6mWQL,HISTORICAL,HISTORICAL_UNVALIDATED,BASE_FILTER_ONLY,0.00012600000000007223,1.0,0.0,83.25810836199182,87.6451667182168,162.77606645487504,1671.8109357142116,333.67934153508367,1500.0,False,0.0005,0.003502983915415768,0.004002983915415767,7.566256822551966,5.145521225077363,0.001271177804762933,0.985,False,False,False,False,True,CONFIRMED,,-0.005148161720178629,0.005274161720178701,2026-08-01T04:49:50.201+00:00,0.0005,0.003502983915415768,0.0007566256822551966,0.0005145521225077363,0.001271177804762933,31.76971361439264,10.08871273620797,41.85842635060061,False
e1bcfb7b-6cf2-4a73-8aae-6a4786a94534,e1bcfb7b-6cf2-4a73-8aae-6a4786a94534:2:18,2,18,HISTORICAL:CYCLE-000010-20260731T035444000000:00000901,CYCLE-000010-20260731T035444000000,10,2026-07-31T03:54:44.000+00:00,MET,METvsvVRapdj9cFLzq4Tr43xK4tAjQfwX76z3n6mWQL,HISTORICAL,HISTORICAL_UNVALIDATED,BASE_FILTER_ONLY,0.00012600000000007223,1.0,0.0,142.62944368573798,108.27234071415722,167.4215019391543,1655.5530288258317,418.3232863390495,1500.0,False,0.0005,0.00037088488547463376,0.0008708848854746338,10.153389784420611,7.870071650556928,0.0018023461434977539,0.985,True,False,False,False,False,MISSED,OPPORTUNITY_MISSED,0.0,0.00012600000000007223,2026-08-01T04:49:50.201+00:00,0.0005,0.00037088488547463376,0.001015338978442061,0.0007870071650556928,0.0018023461434977539,6.9117848053502735,14.304334472196196,1.0,False
e1bcfb7b-6cf2-4a73-8aae-6a4786a94534,e1bcfb7b-6cf2-4a73-8aae-6a4786a94534:2:19,2,19,HISTORICAL:CYCLE-000010-20260731T035444000000:00000901,CYCLE-000010-20260731T035444000000,10,2026-07-31T03:54:44.000+00:00,MET,METvsvVRapdj9cFLzq4Tr43xK4tAjQfwX76z3n6mWQL,HISTORICAL,HISTORICAL_UNVALIDATED,BASE_FILTER_ONLY,0.00012600000000007223,1.0,0.0,23.760023948282928,54.461478249783816,154.61263255619048,1537.0319239351043,232.8341347542572,1500.0,False,0.0005,0.0029466970104919006,0.0034466970104919006,5.053838586697702,5.504966041443451,0.0010558804628141153,0.985,False,False,False,False,True,CONFIRMED,,-0.0043765774733059435,0.004502577473306016,2026-08-01T04:49:50.201+00:00,0.0005,0.0029466970104919006,0.0005053838586697701,0.000550496604144345,0.0010558804628141153,27.354738178491466,8.380003673123095,35.73474185161456,False
e1bcfb7b-6cf2-4a73-8aae-6a4786a94534,e1bcfb7b-6cf2-4a73-8aae-6a4786a94534:2:20,2,20,HISTORICAL:CYCLE-000010-20260731T035444000000:00000901,CYCLE-000010-20260731T035444000000,10,2026-07-31T03:54:44.000+00:00,MET,METvsvVRapdj9cFLzq4Tr43xK4tAjQfwX76z3n6mWQL,HISTORICAL,HISTORICAL_UNVALIDATED,BASE_FILTER_ONLY,0.00012600000000007223,1.0,0.0,76.33699017619689,87.82774072868077,159.32586800732227,1135.8347026942974,323.49059891219997,1500.0,False,0.0005,0.0014058232913321288,0.0019058232913321288,0.7491843275969401,8.46558773100407,0.0009214772058601011,0.985,True,False,False,False,False,MISSED,OPPORTUNITY_MISSED,0.0,0.00012600000000007223,2026-08-01T04:49:50.201+00:00,0.0005,0.0014058232913321288,7.491843275969401e-05,0.0008465587731004071,0.0009214772058601011,15.125581677230446,7.313311157615657,1.0,False
e1bcfb7b-6cf2-4a73-8aae-6a4786a94534,e1bcfb7b-6cf2-4a73-8aae-6a4786a94534:2:21,2,21,HISTORICAL:CYCLE-000010-20260731T035444000000:00000901,CYCLE-000010-20260731T035444000000,10,2026-07-31T03:54:44.000+00:00,MET,METvsvVRapdj9cFLzq4Tr43xK4tAjQfwX76z3n6mWQL,HISTORICAL,HISTORICAL_UNVALIDATED,BASE_FILTER_ONLY,0.00012600000000007223,1.0,0.0,49.70234651735868,50.5979086872869,108.22919049919287,666.4619625573199,208.52944570383846,1500.0,False,0.0005,0.002261133409603859,0.002761133409603859,14.144562661326333,6.135105191609769,0.00202796678529361,0.985,True,False,False,False,False,MISSED,OPPORTUNITY_MISSED,0.0,0.00012600000000007223,2026-08-01T04:49:50.201+00:00,0.0005,0.002261133409603859,0.0014144562661326332,0.000613510519160977,0.00202796678529361,21.913757219065683,16.094974486447995,1.0,False
e1bcfb7b-6cf2-4a73-8aae-6a4786a94534,e1bcfb7b-6cf2-4a73-8aae-6a4786a94534:2:22,2,22,HISTORICAL:CYCLE-000010-20260731T035444000000:00000901,CYCLE-000010-20260731T035444000000,10,2026-07-31T03:54:44.000+00:00,MET,METvsvVRapdj9cFLzq4Tr43xK4tAjQfwX76z3n6mWQL,HISTORICAL,HISTORICAL_UNVALIDATED,BASE_FILTER_ONLY,0.00012600000000007223,1.0,0.0,44.40710613017038,30.115832993615506,41.604668595773305,389.078250043106,116.1276077195592,1500.0,False,0.0005,0.004376993342809693,0.004876993342809693,11.130494140060948,9.827158080480691,0.002095765222054164,0.985,False,False,False,False,True,CONFIRMED,,-0.006846758564863786,0.006972758564863858,2026-08-01T04:49:50.201+00:00,0.0005,0.004376993342809693,0.0011130494140060949,0.000982715808048069,0.002095765222054164,38.70629637148331,16.633057317880656,55.339353689363975,False
e1bcfb7b-6cf2-4a73-8aae-6a4786a94534,e1bcfb7b-6cf2-4a73-8aae-6a4786a94534:2:23,2,23,HISTORICAL:CYCLE-000010-20260731T035444000000:00000901,CYCLE-000010-20260731T035444000000,10,2026-07-31T03:54:44.000+00:00,MET,METvsvVRapdj9cFLzq4Tr43xK4tAjQfwX76z3n6mWQL,HISTORICAL,HISTORICAL_UNVALIDATED,BASE_FILTER_ONLY,0.00012600000000007223,1.0,0.0,77.32742662963767,86.74013283445616,34.298799663473204,1508.7073710453462,198.36635912756705,1500.0,False,0.0005,0.004241061800087848,0.004741061800087848,4.065757661248617,3.1149226375739705,0.0007180680298822588,0.985,True,False,False,False,False,MISSED,OPPORTUNITY_MISSED,0.0,0.00012600000000007223,2026-08-01T04:49:50.201+00:00,0.0005,0.004241061800087848,0.00040657576612486174,0.00031149226375739707,0.0007180680298822588,37.62747460385024,5.698952618109898,1.0,False
e1bcfb7b-6cf2-4a73-8aae-6a4786a94534,e1bcfb7b-6cf2-4a73-8aae-6a4786a94534:2:24,2,24,HISTORICAL:CYCLE-000010-20260731T035444000000:00000901,CYCLE-000010-20260731T035444000000,10,2026-07-31T03:54:44.000+00:00,MET,METvsvVRapdj9cFLzq4Tr43xK4tAjQfwX76z3n6mWQL,HISTORICAL,HISTORICAL_UNVALIDATED,BASE_FILTER_ONLY,0.00012600000000007223,1.0,0.0,72.26914914277835,99.37086190233987,249.93318706473988,683.9783116717745,421.57319810985814,1500.0,False,0.0005,0.0006147411963496565,0.0011147411963496564,0.7137964850737083,0.47571735283377103,0.00011895138379074793,0.985,False,False,False,False,True,CONFIRMED,,-0.001107692580140332,0.0012336925801404042,2026-08-01T04:49:50.201+00:00,0.0005,0.0006147411963496565,7.137964850737083e-05,4.75717352833771e-05,0.00011895138379074793,8.847152351976328,0.9440586015133312,9.791210953489658,False
e1bcfb7b-6cf2-4a73-8aae-6a4786a94534,e1bcfb7b-6cf2-4a73-8aae-6a4786a94534:2:25,2,25,HISTORICAL:CYCLE-000010-20260731T035444000000:00000901,CYCLE-000010-20260731T035444000000,10,2026-07-31T03:54:44.000+00:00,MET,METvsvVRapdj9cFLzq4Tr43xK4tAjQfwX76z3n6mWQL,HISTORICAL,HISTORICAL_UNVALIDATED,BASE_FILTER_ONLY,0.00012600000000007223,1.0,0.0,65.28036586996254,58.868768869933454,91.85265451360691,461.0872056703379,216.00178925350292,1500.0,False,0.0005,0.0028294299370894126,0.0033294299370894126,1.6379380180467895,2.205307422683619,0.00038432454407304087,0.985,False,False,False,False,True,CONFIRMED,,-0.003587754481162381,0.0037137544811624533,2026-08-01T04:49:50.201+00:00,0.0005,0.0028294299370894126,0.00016379380180467896,0.0002205307422683619,0.00038432454407304087,26.424047119742095,3.0501947942287346,29.47424191397083,False
e1bcfb7b-6cf2-4a73-8aae-6a4786a94534,e1bcfb7b-6cf2-4a73-8aae-6a4786a94534:2:26,2,26,HISTORICAL:CYCLE-000010-20260731T035444000000:00000901,CYCLE-000010-20260731T035444000000,10,2026-07-31T03:54:44.000+00:00,MET,METvsvVRapdj9cFLzq4Tr43xK4tAjQfwX76z3n6mWQL,HISTORICAL,HISTORICAL_UNVALIDATED,BASE_FILTER_ONLY,0.00012600000000007223,1.0,0.0,118.41712173152153,110.88017255577682,54.08555744476561,1617.0166074546182,283.38285173206395,1500.0,False,0.0005,0.0043825114427102204,0.00488251144271022,1.7792248904522228,7.565242347017493,0.0009344467237469717,0.985,False,False,False,False,True,CONFIRMED,,-0.005690958166457119,0.0058169581664571915,2026-08-01T04:49:50.201+00:00,0.0005,0.0043825114427102204,0.00017792248904522227,0.0007565242347017493,0.0009344467237469717,38.750090815138265,7.416243839257429,46.16633465439569,False
e1bcfb7b-6cf2-4a73-8aae-6a4786a94534,e1bcfb7b-6cf2-4a73-8aae-6a4786a94534:2:27,2,27,HISTORICAL:CYCLE-000010-20260731T035444000000:00000901,CYCLE-000010-20260731T035444000000,10,2026-07-31T03:54:44.000+00:00,MET,METvsvVRapdj9cFLzq4Tr43xK4tAjQfwX76z3n6mWQL,HISTORICAL,HISTORICAL_UNVALIDATED,BASE_FILTER_ONLY,0.00012600000000007223,1.0,0.0,122.9370916827874,51.473795231225765,163.71736858338832,2043.6059014309462,338.1282554974015,1500.0,False,0.0005,0.004716682995581926,0.005216682995581926,4.5962096961898276,2.8810043265150354,0.0007477214022704863,0.985,False,False,False,False,True,CONFIRMED,,-0.00583840439785234,0.005964404397852412,2026-08-01T04:49:50.201+00:00,0.0005,0.004716682995581926,0.00045962096961898275,0.00028810043265150355,0.0007477214022704863,41.402245996658216,5.934296843413155,47.336542840071374,False
e1bcfb7b-6cf2-4a73-8aae-6a4786a94534,e1bcfb7b-6cf2-4a73-8aae-6a4786a94534:2:28,2,28,HISTORICAL:CYCLE-000010-20260731T035444000000:00000901,CYCLE-000010-20260731T035444000000,10,2026-07-31T03:54:44.000+00:00,MET,METvsvVRapdj9cFLzq4Tr43xK4tAjQfwX76z3n6mWQL,HISTORICAL,HISTORICAL_UNVALIDATED,BASE_FILTER_ONLY,0.00012600000000007223,1.0,0.0,73.70803521979627,95.64348586266226,118.49783769633692,969.4739872124821,287.8493587787955,1500.0,False,0.0005,0.00046662490149385755,0.0009666249014938576,4.895114791667022,3.1390241622953043,0.0008034138953962326,0.985,False,False,False,False,True,CONFIRMED,,-0.001644038796890018,0.0017700387968900902,2026-08-01T04:49:50.201+00:00,0.0005,0.00046662490149385755,0.0004895114791667022,0.00031390241622953046,0.0008034138953962326,7.671626202327805,6.376300757109302,14.047926959437106,False
e1bcfb7b-6cf2-4a73-8aae-6a4786a94534,e1bcfb7b-6cf2-4a73-8aae-6a4786a94534:2:29,2,29,HISTORICAL:CYCLE-000010-20260731T035444000000:00000901,CYCLE-000010-20260731T035444000000,10,2026-07-31T03:54:44.000+00:00,MET,METvsvVRapdj9cFLzq4Tr43xK4tAjQfwX76z3n6mWQL,HISTORICAL,HISTORICAL_UNVALIDATED,BASE_FILTER_ONLY,0.00012600000000007223,1.0,0.0,106.62773879309904,100.24491942866577,241.04103546219784,1185.8360779155837,447.91369368396266,1500.0,False,0.0005,0.0022923921291796126,0.0027923921291796126,4.528492319249231,9.70853569469571,0.001423702801394494,0.985,False,False,False,False,True,CONFIRMED,,-0.004090094930574034,0.004216094930574107,2026-08-01T04:49:50.201+00:00,0.0005,0.0022923921291796126,0.0004528492319249231,0.000970853569469571,0.001423702801394494,22.161842295063586,11.299228582489507,33.46107087755309,False
e1bcfb7b-6cf2-4a73-8aae-6a4786a94534,e1bcfb7b-6cf2-4a73-8aae-6a4786a94534:2:30,2,30,HISTORICAL:CYCLE-000010-20260731T035444000000:00000901,CYCLE-000010-20260731T035444000000,10,2026-07-31T03:54:44.000+00:00,MET,METvsvVRapdj9cFLzq4Tr43xK4tAjQfwX76z3n6mWQL,HISTORICAL,HISTORICAL_UNVALIDATED,BASE_FILTER_ONLY,0.00012600000000007223,1.0,0.0,26.94165477116269,79.36603743371091,54.14149552835688,1082.1566356474618,160.44918773323047,1500.0,False,0.0005,0.0005045420917157691,0.001004542091715769,1.4088114379434642,9.692257218101416,0.001110106865604488,0.985,False,False,False,False,True,CONFIRMED,,-0.001988648957320185,0.002114648957320257,2026-08-01T04:49:50.201+00:00,0.0005,0.0005045420917157691,0.00014088114379434642,0.0009692257218101416,0.001110106865604488,7.9725562834539145,8.810371949236918,16.782928232690832,False
e1bcfb7b-6cf2-4a73-8aae-6a4786a94534,e1bcfb7b-6cf2-4a73-8aae-6a4786a94534:2:31,2,31,HISTORICAL:CYCLE-000010-20260731T035444000000:00000901,CYCLE-000010-20260731T035444000000,10,2026-07-31T03:54:44.000+00:00,MET,METvsvVRapdj9cFLzq4Tr43xK4tAjQfwX76z3n6mWQL,HISTORICAL,HISTORICAL_UNVALIDATED,BASE_FILTER_ONLY,0.00012600000000007223,1.0,0.0,80.68350543079131,20.192536143653854,136.22575839642857,1346.4940226604588,237.10179997087374,1500.0,False,0.0005,0.0044747389767328715,0.004974738976732871,0.7400825732765148,6.66875052893988,0.0007408833102216395,0.985,False,False,False,False,True,CONFIRMED,,-0.005589622286954438,0.0057156222869545106,2026-08-01T04:49:50.201+00:00,0.0005,0.0044747389767328715,7.400825732765148e-05,0.000666875052893988,0.0007408833102216395,39.48205537087317,5.880026271596942,45.36208164247011,False
e1bcfb7b-6cf2-4a73-8aae-6a4786a94534,e1bcfb7b-6cf2-4a73-8aae-6a4786a94534:2:32,2,32,HISTORICAL:CYCLE-000010-20260731T035444000000:00000901,CYCLE-000010-20260731T035444000000,10,2026-07-31T03:54:44.000+00:00,MET,METvsvVRapdj9cFLzq4Tr43xK4tAjQfwX76z3n6mWQL,HISTORICAL,HISTORICAL_UNVALIDATED,BASE_FILTER_ONLY,0.00012600000000007223,1.0,0.0,45.43515314955405,67.01490795244057,184.34351116467894,1701.6113618485042,296.79357226667355,1500.0,False,0.0005,0.0036420202707112995,0.0041420202707112995,5.89284721950219,3.152382052464069,0.0009045229271966261,0.985,False,False,False,False,True,CONFIRMED,,-0.004920543197907854,0.005046543197907926,2026-08-01T04:49:50.201+00:00,0.0005,0.0036420202707112995,0.000589284721950219,0.0003152382052464069,0.0009045229271966261,32.873176751658136,7.178753390445298,40.05193014210344,False
e1bcfb7b-6cf2-4a73-8aae-6a4786a94534,e1bcfb7b-6cf2-4a73-8aae-6a4786a94534:2:33,2,33,HISTORICAL:CYCLE-000010-20260731T035444000000:00000901,CYCLE-000010-20260731T035444000000,10,2026-07-31T03:54:44.000+00:00,MET,METvsvVRapdj9cFLzq4Tr43xK4tAjQfwX76z3n6mWQL,HISTORICAL,HISTORICAL_UNVALIDATED,BASE_FILTER_ONLY,0.00012600000000007223,1.0,0.0,131.4537737511443,114.68447405552708,229.18297639655572,1824.1016005185581,475.3212242032271,1500.0,False,0.0005,0.0021449935884521416,0.0026449935884521416,10.712865082970282,5.78860657773056,0.0016501471660700844,0.985,False,False,False,False,True,CONFIRMED,,-0.004169140754522154,0.004295140754522226,2026-08-01T04:49:50.201+00:00,0.0005,0.0021449935884521416,0.0010712865082970282,0.000578860657773056,0.0016501471660700844,20.992012606750993,13.096406079913796,34.088418686664795,False
e1bcfb7b-6cf2-4a73-8aae-6a4786a94534,e1bcfb7b-6cf2-4a73-8aae-6a4786a94534:2:34,2,34,HISTORICAL:CYCLE-000010-20260731T035444000000:00000901,CYCLE-000010-20260731T035444000000,10,2026-07-31T03:54:44.000+00:00,MET,METvsvVRapdj9cFLzq4Tr43xK4tAjQfwX76z3n6mWQL,HISTORICAL,HISTORICAL_UNVALIDATED,BASE_FILTER_ONLY,0.00012600000000007223,1.0,0.0,60.816645222617915,85.93187658319958,96.6818623385054,1794.4123461200998,243.4303841443229,1500.0,False,0.0005,0.0030553640084292222,0.0035553640084292223,8.479361202249976,1.0431019720633117,0.0009522463174313287,0.985,False,False,False,False,True,CONFIRMED,,-0.0043816103258604785,0.004507610325860551,2026-08-01T04:49:50.202+00:00,0.0005,0.0030553640084292222,0.0008479361202249976,0.00010431019720633116,0.0009522463174313287,28.217174670057016,7.557510455799863,35.77468512585688,False
e1bcfb7b-6cf2-4a73-8aae-6a4786a94534,e1bcfb7b-6cf2-4a73-8aae-6a4786a94534:2:35,2,35,HISTORICAL:CYCLE-000010-20260731T035444000000:00000901,CYCLE-000010-20260731T035444000000,10,2026-07-31T03:54:44.000+00:00,MET,METvsvVRapdj9cFLzq4Tr43xK4tAjQfwX76z3n6mWQL,HISTORICAL,HISTORICAL_UNVALIDATED,BASE_FILTER_ONLY,0.00012600000000007223,1.0,0.0,67.39881958646949,26.813398508253265,79.90109529458887,1105.973230870899,174.1133133893116,1500.0,False,0.0005,0.003756495393199033,0.004256495393199033,1.0903981361305004,0.30667690344195364,0.0001397075039572454,0.985,False,False,False,False,True,CONFIRMED,,-0.004270202897156206,0.004396202897156278,2026-08-01T04:49:50.202+00:00,0.0005,0.003756495393199033,0.00010903981361305004,3.0667690344195366e-05,0.0001397075039572454,33.78170946981423,1.1087897139457565,34.890499183759985,False
e1bcfb7b-6cf2-4a73-8aae-6a4786a94534,e1bcfb7b-6cf2-4a73-8aae-6a4786a94534:2:36,2,36,HISTORICAL:CYCLE-000010-20260731T035444000000:00000901,CYCLE-000010-20260731T035444000000,10,2026-07-31T03:54:44.000+00:00,MET,METvsvVRapdj9cFLzq4Tr43xK4tAjQfwX76z3n6mWQL,HISTORICAL,HISTORICAL_UNVALIDATED,BASE_FILTER_ONLY,0.00012600000000007223,1.0,0.0,27.450910576425386,35.48158534557352,133.91981867202713,962.036969419632,196.85231459402604,1500.0,False,0.0005,0.002887140975061169,0.003387140975061169,1.588336634662274,5.112612436779006,0.000670094907144128,0.985,False,False,False,False,True,CONFIRMED,,-0.003931235882205225,0.004057235882205297,2026-08-01T04:49:50.202+00:00,0.0005,0.002887140975061169,0.0001588336634662274,0.0005112612436779006,0.000670094907144128,26.882071230628785,5.318213548759872,32.20028477938866,False
e1bcfb7b-6cf2-4a73-8aae-6a4786a94534,e1bcfb7b-6cf2-4a73-8aae-6a4786a94534:2:37,2,37,HISTORICAL:CYCLE-000010-20260731T035444000000:00000901,CYCLE-000010-20260731T035444000000,10,2026-07-31T03:54:44.000+00:00,MET,METvsvVRapdj9cFLzq4Tr43xK4tAjQfwX76z3n6mWQL,HISTORICAL,HISTORICAL_UNVALIDATED,BASE_FILTER_ONLY,0.00012600000000007223,1.0,0.0,67.35539544348747,71.7790861844347,89.56350315868745,1703.787319943765,228.69798478660965,1500.0,False,0.0005,0.004574848246921578,0.0050748482469215785,12.317997062340355,5.381023116732049,0.0017699020179072406,0.985,False,False,False,False,True,CONFIRMED,,-0.0067187502648287465,0.006844750264828819,2026-08-01T04:49:50.202+00:00,0.0005,0.004574848246921578,0.0012317997062340354,0.0005381023116732049,0.0017699020179072406,40.276573388243406,14.046841411954174,54.323414800197575,False
e1bcfb7b-6cf2-4a73-8aae-6a4786a94534,e1bcfb7b-6cf2-4a73-8aae-6a4786a94534:2:38,2,38,HISTORICAL:CYCLE-000010-20260731T035444000000:00000901,CYCLE-000010-20260731T035444000000,10,2026-07-31T03:54:44.000+00:00,MET,METvsvVRapdj9cFLzq4Tr43xK4tAjQfwX76z3n6mWQL,HISTORICAL,HISTORICAL_UNVALIDATED,BASE_FILTER_ONLY,0.00012600000000007223,1.0,0.0,149.3721504470474,78.52970346178894,91.92991810199587,776.7132401657228,319.8317720108322,1500.0,False,0.0005,0.0007497479271736835,0.0012497479271736836,8.830948748577434,9.10296761672625,0.0017933916365303684,0.985,False,False,False,False,True,CONFIRMED,,-0.0029171395637039798,0.003043139563704052,2026-08-01T04:49:50.202+00:00,0.0005,0.0007497479271736835,0.0008830948748577434,0.000910296761672625,0.0017933916365303684,9.918634342642596,14.233266956582066,24.15190129922466,False
e1bcfb7b-6cf2-4a73-8aae-6a4786a94534,e1bcfb7b-6cf2-4a73-8aae-6a4786a94534:2:39,2,39,HISTORICAL:CYCLE-000010-20260731T035444000000:00000901,CYCLE-000010-20260731T035444000000,10,2026-07-31T03:54:44.000+00:00,MET,METvsvVRapdj9cFLzq4Tr43xK4tAjQfwX76z3n6mWQL,HISTORICAL,HISTORICAL_UNVALIDATED,BASE_FILTER_ONLY,0.00012600000000007223,1.0,0.0,148.30561576153048,90.28627599046769,241.9795488759826,964.9174450434803,480.5714406279808,1500.0,False,0.0005,0.002638389874201091,0.003138389874201091,9.591184558674444,0.20676155709822286,0.0009797946115772667,0.985,False,False,False,False,True,CONFIRMED,,-0.003992184485778285,0.004118184485778357,2026-08-01T04:49:50.202+00:00,0.0005,0.002638389874201091,0.0009591184558674444,2.0676155709822287e-05,0.0009797946115772667,24.907856144438824,7.77614771092623,32.68400385536505,False
e1bcfb7b-6cf2-4a73-8aae-6a4786a94534,e1bcfb7b-6cf2-4a73-8aae-6a4786a94534:2:40,2,40,HISTORICAL:CYCLE-000010-20260731T035444000000:00000901,CYCLE-000010-20260731T035444000000,10,2026-07-31T03:54:44.000+00:00,MET,METvsvVRapdj9cFLzq4Tr43xK4tAjQfwX76z3n6mWQL,HISTORICAL,HISTORICAL_UNVALIDATED,BASE_FILTER_ONLY,0.00012600000000007223,1.0,0.0,61.33901046592326,26.90194882080263,129.25008668289973,1885.6904457571604,217.49104596962562,1500.0,False,0.0005,0.00325084738183869,0.00375084738183869,2.91732533638362,0.725783626096026,0.0003643108962479646,0.985,False,False,False,False,True,CONFIRMED,,-0.003989158278086582,0.004115158278086654,2026-08-01T04:49:50.202+00:00,0.0005,0.00325084738183869,0.000291732533638362,7.25783626096026e-05,0.0003643108962479646,29.76863001457571,2.8913563194266327,32.65998633400234,False
e1bcfb7b-6cf2-4a73-8aae-6a4786a94534,e1bcfb7b-6cf2-4a73-8aae-6a4786a94534:2:41,2,41,HISTORICAL:CYCLE-000010-20260731T035444000000:00000901,CYCLE-000010-20260731T035444000000,10,2026-07-31T03:54:44.000+00:00,MET,METvsvVRapdj9cFLzq4Tr43xK4tAjQfwX76z3n6mWQL,HISTORICAL,HISTORICAL_UNVALIDATED,BASE_FILTER_ONLY,0.00012600000000007223,1.0,0.0,35.33296829250905,43.69375911615637,194.94370686606348,511.1284638175721,273.9704342747289,1500.0,False,0.0005,0.00447915113742611,0.00497915113742611,0.5113345926118024,9.919188240410474,0.0010430522833022276,0.985,False,False,False,False,True,CONFIRMED,,-0.005896203420728266,0.006022203420728338,2026-08-01T04:49:50.202+00:00,0.0005,0.00447915113742611,5.113345926118023e-05,0.0009919188240410475,0.0010430522833022276,39.51707251923219,8.278192724616108,47.7952652438483,False
e1bcfb7b-6cf2-4a73-8aae-6a4786a94534,e1bcfb7b-6cf2-4a73-8aae-6a4786a94534:2:42,2,42,HISTORICAL:CYCLE-000010-20260731T035444000000:00000901,CYCLE-000010-20260731T035444000000,10,2026-07-31T03:54:44.000+00:00,MET,METvsvVRapdj9cFLzq4Tr43xK4tAjQfwX76z3n6mWQL,HISTORICAL,HISTORICAL_UNVALIDATED,BASE_FILTER_ONLY,0.00012600000000007223,1.0,0.0,33.18037621839177,110.8625150845349,224.57770361935243,2322.5104532982036,368.6205949222791,1500.0,False,0.0005,0.002824130430310839,0.003324130430310839,2.92671234490518,5.606675785006347,0.0008533388129911527,0.985,False,False,False,False,True,CONFIRMED,,-0.00405146924330192,0.004177469243301992,2026-08-01T04:49:50.202+00:00,0.0005,0.002824130430310839,0.00029267123449051803,0.0005606675785006347,0.0008533388129911527,26.38198754213439,6.772530261830663,33.15451780396506,False
e1bcfb7b-6cf2-4a73-8aae-6a4786a94534,e1bcfb7b-6cf2-4a73-8aae-6a4786a94534:2:43,2,43,HISTORICAL:CYCLE-000010-20260731T035444000000:00000901,CYCLE-000010-20260731T035444000000,10,2026-07-31T03:54:44.000+00:00,MET,METvsvVRapdj9cFLzq4Tr43xK4tAjQfwX76z3n6mWQL,HISTORICAL,HISTORICAL_UNVALIDATED,BASE_FILTER_ONLY,0.00012600000000007223,1.0,0.0,54.149572444200196,66.97393385611662,246.49955453488482,1929.2002995802713,367.6230608352016,1500.0,False,0.0005,0.0017234863219655256,0.0022234863219655256,11.179305179481998,7.7392795683872375,0.0018918584747869235,0.985,False,False,False,False,False,FAILED,CONFIRMATION_FAILURE,0.0,0.00012600000000007223,2026-08-01T04:49:50.202+00:00,0.0005,0.0017234863219655256,0.0011179305179481998,0.0007739279568387238,0.0018918584747869235,17.64671684098612,15.01474979988761,1.0,False
e1bcfb7b-6cf2-4a73-8aae-6a4786a94534,e1bcfb7b-6cf2-4a73-8aae-6a4786a94534:2:44,2,44,HISTORICAL:CYCLE-000010-20260731T035444000000:00000901,CYCLE-000010-20260731T035444000000,10,2026-07-31T03:54:44.000+00:00,MET,METvsvVRapdj9cFLzq4Tr43xK4tAjQfwX76z3n6mWQL,HISTORICAL,HISTORICAL_UNVALIDATED,BASE_FILTER_ONLY,0.00012600000000007223,1.0,0.0,125.47069059039822,72.13479229962729,166.2526691710343,1939.3423165250842,363.85815206105985,1500.0,False,0.0005,0.0015292011037669492,0.0020292011037669495,5.429921027307961,8.430220060369985,0.0013860141087677946,0.985,False,False,False,False,True,CONFIRMED,,-0.003289215212534672,0.0034152152125347442,2026-08-01T04:49:50.202+00:00,0.0005,0.0015292011037669492,0.000542992102730796,0.0008430220060369985,0.0013860141087677946,16.104770664807827,11.00011197434127,27.104882639149096,False
e1bcfb7b-6cf2-4a73-8aae-6a4786a94534,e1bcfb7b-6cf2-4a73-8aae-6a4786a94534:2:45,2,45,HISTORICAL:CYCLE-000010-20260731T035444000000:00000901,CYCLE-000010-20260731T035444000000,10,2026-07-31T03:54:44.000+00:00,MET,METvsvVRapdj9cFLzq4Tr43xK4tAjQfwX76z3n6mWQL,HISTORICAL,HISTORICAL_UNVALIDATED,BASE_FILTER_ONLY,0.00012600000000007223,1.0,0.0,32.79069211836566,26.473960456520658,205.05177993011745,1559.5818882843782,264.3164325050038,1500.0,False,0.0005,0.001166195605416569,0.001666195605416569,1.1207366827549299,5.527260774513623,0.0006647997457268553,0.985,False,False,False,False,True,CONFIRMED,,-0.0022049953511433518,0.002330995351143424,2026-08-01T04:49:50.202+00:00,0.0005,0.001166195605416569,0.00011207366827549299,0.0005527260774513623,0.0006647997457268553,13.223774646155665,5.2761884581466205,18.49996310430228,False
e1bcfb7b-6cf2-4a73-8aae-6a4786a94534,e1bcfb7b-6cf2-4a73-8aae-6a4786a94534:2:46,2,46,HISTORICAL:CYCLE-000010-20260731T035444000000:00000901,CYCLE-000010-20260731T035444000000,10,2026-07-31T03:54:44.000+00:00,MET,METvsvVRapdj9cFLzq4Tr43xK4tAjQfwX76z3n6mWQL,HISTORICAL,HISTORICAL_UNVALIDATED,BASE_FILTER_ONLY,0.00012600000000007223,1.0,0.0,145.22770771386476,82.52463093622038,150.19232462907988,1045.2828380464175,377.944663279165,1500.0,False,0.0005,0.0037499967249509368,0.004249996724950937,9.385328637777615,1.588262809455161,0.0010973591447232776,0.985,False,False,False,False,True,CONFIRMED,,-0.005221355869674142,0.005347355869674214,2026-08-01T04:49:50.202+00:00,0.0005,0.0037499967249509368,0.0009385328637777615,0.0001588262809455161,0.0010973591447232776,33.73013273768651,8.70919956129086,42.43933229897737,False
e1bcfb7b-6cf2-4a73-8aae-6a4786a94534,e1bcfb7b-6cf2-4a73-8aae-6a4786a94534:2:47,2,47,HISTORICAL:CYCLE-000010-20260731T035444000000:00000901,CYCLE-000010-20260731T035444000000,10,2026-07-31T03:54:44.000+00:00,MET,METvsvVRapdj9cFLzq4Tr43xK4tAjQfwX76z3n6mWQL,HISTORICAL,HISTORICAL_UNVALIDATED,BASE_FILTER_ONLY,0.00012600000000007223,1.0,0.0,42.358534907647865,47.84450284802365,85.67307793199372,492.644783902468,175.87611568766522,1500.0,False,0.0005,0.00208249059173432,0.00258249059173432,8.481677725549849,7.794966492843772,0.001627664421839362,0.985,False,False,False,False,True,CONFIRMED,,-0.00408415501357361,0.004210155013573682,2026-08-01T04:49:50.202+00:00,0.0005,0.00208249059173432,0.0008481677725549849,0.0007794966492843772,0.001627664421839362,20.49595707724476,12.917971601892294,33.41392867913705,False
e1bcfb7b-6cf2-4a73-8aae-6a4786a94534,e1bcfb7b-6cf2-4a73-8aae-6a4786a94534:2:48,2,48,HISTORICAL:CYCLE-000010-20260731T035444000000:00000901,CYCLE-000010-20260731T035444000000,10,2026-07-31T03:54:44.000+00:00,MET,METvsvVRapdj9cFLzq4Tr43xK4tAjQfwX76z3n6mWQL,HISTORICAL,HISTORICAL_UNVALIDATED,BASE_FILTER_ONLY,0.00012600000000007223,1.0,0.0,29.271802463049376,67.80374906826495,202.68905663106779,428.76523043258806,299.7646081623821,1500.0,False,0.0005,0.004633134110940034,0.005133134110940034,0.6965794133647457,2.4305174467979684,0.00031270968601627145,0.985,False,False,False,False,True,CONFIRMED,,-0.005319843796956233,0.005445843796956305,2026-08-01T04:49:50.202+00:00,0.0005,0.004633134110940034,6.965794133647458e-05,0.00024305174467979685,0.00031270968601627145,40.739159610611836,2.4818229048896203,43.220982515501454,False
e1bcfb7b-6cf2-4a73-8aae-6a4786a94534,e1bcfb7b-6cf2-4a73-8aae-6a4786a94534:2:49,2,49,HISTORICAL:CYCLE-000010-20260731T035444000000:00000901,CYCLE-000010-20260731T035444000000,10,2026-07-31T03:54:44.000+00:00,MET,METvsvVRapdj9cFLzq4Tr43xK4tAjQfwX76z3n6mWQL,HISTORICAL,HISTORICAL_UNVALIDATED,BASE_FILTER_ONLY,0.00012600000000007223,1.0,0.0,42.6972224099608,98.04058550237883,119.9892420280002,2230.047612370294,260.72704994033984,1500.0,False,0.0005,0.003102293813022191,0.003602293813022191,4.815705170453393,1.6576452237548522,0.0006473350394208245,0.985,True,False,False,False,False,MISSED,OPPORTUNITY_MISSED,0.0,0.00012600000000007223,2026-08-01T04:49:50.202+00:00,0.0005,0.003102293813022191,0.0004815705170453393,0.00016576452237548523,0.0006473350394208245,28.589633436667665,5.137579677940106,1.0,False
e1bcfb7b-6cf2-4a73-8aae-6a4786a94534,e1bcfb7b-6cf2-4a73-8aae-6a4786a94534:2:50,2,50,HISTORICAL:CYCLE-000010-20260731T035444000000:00000901,CYCLE-000010-20260731T035444000000,10,2026-07-31T03:54:44.000+00:00,MET,METvsvVRapdj9cFLzq4Tr43xK4tAjQfwX76z3n6mWQL,HISTORICAL,HISTORICAL_UNVALIDATED,BASE_FILTER_ONLY,0.00012600000000007223,1.0,0.0,122.22568245805846,71.70976642775707,105.56301804860618,278.0738901981112,299.4984669344217,1500.0,False,0.0005,0.004228729867703925,0.004728729867703925,9.760102420802353,6.991245659438063,0.0016751348080240416,0.985,False,False,False,False,True,CONFIRMED,,-0.006277864675727895,0.006403864675727967,2026-08-01T04:49:50.202+00:00,0.0005,0.004228729867703925,0.0009760102420802352,0.0006991245659438063,0.0016751348080240416,37.529602124612815,13.294720698595883,50.824322823208696,False
e1bcfb7b-6cf2-4a73-8aae-6a4786a94534,e1bcfb7b-6cf2-4a73-8aae-6a4786a94534:2:51,2,51,HISTORICAL:CYCLE-000010-20260731T035444000000:00000901,CYCLE-000010-20260731T035444000000,10,2026-07-31T03:54:44.000+00:00,MET,METvsvVRapdj9cFLzq4Tr43xK4tAjQfwX76z3n6mWQL,HISTORICAL,HISTORICAL_UNVALIDATED,BASE_FILTER_ONLY,0.00012600000000007223,1.0,0.0,120.07491734653351,96.65251789618647,189.5023258395669,411.783082145598,406.2297610822869,1500.0,False,0.0005,0.004144043101517615,0.004644043101517614,9.134619828911314,2.8471292436007225,0.0011981749072512036,0.985,False,False,False,False,True,CONFIRMED,,-0.005716218008768746,0.005842218008768818,2026-08-01T04:49:50.202+00:00,0.0005,0.004144043101517615,0.0009134619828911314,0.00028471292436007227,0.0011981749072512036,36.857484932658345,9.509324660718386,46.366809593376736,False
e1bcfb7b-6cf2-4a73-8aae-6a4786a94534,e1bcfb7b-6cf2-4a73-8aae-6a4786a94534:2:52,2,52,HISTORICAL:CYCLE-000010-20260731T035444000000:00000901,CYCLE-000010-20260731T035444000000,10,2026-07-31T03:54:44.000+00:00,MET,METvsvVRapdj9cFLzq4Tr43xK4tAjQfwX76z3n6mWQL,HISTORICAL,HISTORICAL_UNVALIDATED,BASE_FILTER_ONLY,0.00012600000000007223,1.0,0.0,89.81146581521902,24.31351433743058,245.18358379908454,823.8077085096155,359.30856395173413,1500.0,False,0.0005,0.0003668889114747504,0.0008668889114747504,1.502867702270999,5.94194300643914,0.0007444810708710139,0.985,False,False,False,False,True,CONFIRMED,,-0.001485369982345692,0.0016113699823457643,2026-08-01T04:49:50.202+00:00,0.0005,0.0003668889114747504,0.00015028677022709992,0.000594194300643914,0.0007444810708710139,6.880070725986139,5.908579927544342,12.78865065353048,False
e1bcfb7b-6cf2-4a73-8aae-6a4786a94534,e1bcfb7b-6cf2-4a73-8aae-6a4786a94534:2:53,2,53,HISTORICAL:CYCLE-000010-20260731T035444000000:00000901,CYCLE-000010-20260731T035444000000,10,2026-07-31T03:54:44.000+00:00,MET,METvsvVRapdj9cFLzq4Tr43xK4tAjQfwX76z3n6mWQL,HISTORICAL,HISTORICAL_UNVALIDATED,BASE_FILTER_ONLY,0.00012600000000007223,1.0,0.0,35.61119971007359,113.80576758795827,69.81165712880653,1090.0191345956455,219.2286244268384,1500.0,False,0.0005,0.002750876618320831,0.003250876618320831,14.370540104695204,6.718234990047662,0.0021088775094742864,0.985,True,False,False,False,False,MISSED,OPPORTUNITY_MISSED,0.0,0.00012600000000007223,2026-08-01T04:49:50.202+00:00,0.0005,0.002750876618320831,0.0014370540104695203,0.0006718234990047662,0.0021088775094742864,25.800608081896566,16.73712309105617,1.0,False
e1bcfb7b-6cf2-4a73-8aae-6a4786a94534,e1bcfb7b-6cf2-4a73-8aae-6a4786a94534:2:54,2,54,HISTORICAL:CYCLE-000010-20260731T035444000000:00000901,CYCLE-000010-20260731T035444000000,10,2026-07-31T03:54:44.000+00:00,MET,METvsvVRapdj9cFLzq4Tr43xK4tAjQfwX76z3n6mWQL,HISTORICAL,HISTORICAL_UNVALIDATED,BASE_FILTER_ONLY,0.00012600000000007223,1.0,0.0,117.06065680059024,110.67964370086595,241.10820179067497,380.3846389840687,468.8485022921312,1500.0,False,0.0005,0.0020840743066603356,0.0025840743066603356,13.992579737220717,6.911228756497195,0.002090380849371791,0.985,False,False,False,False,True,CONFIRMED,,-0.004548455156032054,0.0046744551560321266,2026-08-01T04:49:50.202+00:00,0.0005,0.0020840743066603356,0.0013992579737220718,0.0006911228756497195,0.002090380849371791,20.50852624332424,16.59032420135391,37.09885044467815,False
e1bcfb7b-6cf2-4a73-8aae-6a4786a94534,e1bcfb7b-6cf2-4a73-8aae-6a4786a94534:2:55,2,55,HISTORICAL:CYCLE-000010-20260731T035444000000:00000901,CYCLE-000010-20260731T035444000000,10,2026-07-31T03:54:44.000+00:00,MET,METvsvVRapdj9cFLzq4Tr43xK4tAjQfwX76z3n6mWQL,HISTORICAL,HISTORICAL_UNVALIDATED,BASE_FILTER_ONLY,0.00012600000000007223,1.0,0.0,70.94886878506429,90.15173594532956,150.6322618514439,1111.3664329711373,311.73286658183775,1500.0,False,0.0005,0.003248181851336377,0.003748181851336377,10.841504363659402,2.4048304938514553,0.0013246334857510856,0.985,False,False,False,False,True,CONFIRMED,,-0.00494681533708739,0.005072815337087463,2026-08-01T04:49:50.205+00:00,0.0005,0.003248181851336377,0.0010841504363659402,0.00024048304938514554,0.0013246334857510856,29.747475010589113,10.512964172621636,40.26043918321075,False
e1bcfb7b-6cf2-4a73-8aae-6a4786a94534,e1bcfb7b-6cf2-4a73-8aae-6a4786a94534:2:56,2,56,HISTORICAL:CYCLE-000010-20260731T035444000000:00000901,CYCLE-000010-20260731T035444000000,10,2026-07-31T03:54:44.000+00:00,MET,METvsvVRapdj9cFLzq4Tr43xK4tAjQfwX76z3n6mWQL,HISTORICAL,HISTORICAL_UNVALIDATED,BASE_FILTER_ONLY,0.00012600000000007223,1.0,0.0,97.72198220565593,114.02370280894334,90.87799930149377,2047.8888119589749,302.62368431609303,1500.0,False,0.0005,0.004029598199754616,0.004529598199754617,1.2488404836796945,3.2714761291662686,0.00045203166128459635,0.985,False,False,False,False,True,CONFIRMED,,-0.00485562986103914,0.004981629861039213,2026-08-01T04:49:50.205+00:00,0.0005,0.004029598199754616,0.00012488404836796945,0.00032714761291662687,0.00045203166128459635,35.949192061523966,3.5875528673360093,39.536744928859974,False
e1bcfb7b-6cf2-4a73-8aae-6a4786a94534,e1bcfb7b-6cf2-4a73-8aae-6a4786a94534:2:57,2,57,HISTORICAL:CYCLE-000010-20260731T035444000000:00000901,CYCLE-000010-20260731T035444000000,10,2026-07-31T03:54:44.000+00:00,MET,METvsvVRapdj9cFLzq4Tr43xK4tAjQfwX76z3n6mWQL,HISTORICAL,HISTORICAL_UNVALIDATED,BASE_FILTER_ONLY,0.00012600000000007223,1.0,0.0,21.21115498248812,114.46144075560127,99.17176420272219,2192.100946608829,234.8443599408116,1500.0,False,0.0005,0.004713662596275899,0.005213662596275899,14.532372064895428,6.691256545749841,0.002122362861064527,0.985,False,False,False,False,True,CONFIRMED,,-0.007210025457340354,0.007336025457340426,2026-08-01T04:49:50.206+00:00,0.0005,0.004713662596275899,0.0014532372064895427,0.0006691256545749841,0.002122362861064527,41.378274573594524,16.844149690978654,58.22242426457318,False
e1bcfb7b-6cf2-4a73-8aae-6a4786a94534,e1bcfb7b-6cf2-4a73-8aae-6a4786a94534:2:58,2,58,HISTORICAL:CYCLE-000010-20260731T035444000000:00000901,CYCLE-000010-20260731T035444000000,10,2026-07-31T03:54:44.000+00:00,MET,METvsvVRapdj9cFLzq4Tr43xK4tAjQfwX76z3n6mWQL,HISTORICAL,HISTORICAL_UNVALIDATED,BASE_FILTER_ONLY,0.00012600000000007223,1.0,0.0,68.78705986238307,102.23202811864606,190.28754011849585,700.9556814486536,361.306628099525,1500.0,False,0.0005,0.004874750744632753,0.005374750744632752,6.8522505500115525,2.473350993206095,0.0009325601543217647,0.985,False,False,False,False,True,CONFIRMED,,-0.0061813108989544445,0.006307310898954517,2026-08-01T04:49:50.206+00:00,0.0005,0.004874750744632753,0.0006852250550011552,0.0002473350993206095,0.0009325601543217647,42.65675194150533,7.401271066041509,50.05802300754683,False
e1bcfb7b-6cf2-4a73-8aae-6a4786a94534,e1bcfb7b-6cf2-4a73-8aae-6a4786a94534:2:59,2,59,HISTORICAL:CYCLE-000010-20260731T035444000000:00000901,CYCLE-000010-20260731T035444000000,10,2026-07-31T03:54:44.000+00:00,MET,METvsvVRapdj9cFLzq4Tr43xK4tAjQfwX76z3n6mWQL,HISTORICAL,HISTORICAL_UNVALIDATED,BASE_FILTER_ONLY,0.00012600000000007223,1.0,0.0,56.86277319394574,22.95553420332174,179.28579803562747,2471.735351746544,259.1041054328949,1500.0,False,0.0005,0.003093275243555393,0.003593275243555393,4.073230903016796,0.1662786349140355,0.0004239509537930831,0.985,False,False,False,False,True,CONFIRMED,,-0.0038912261973484035,0.004017226197348476,2026-08-01T04:49:50.206+00:00,0.0005,0.003093275243555393,0.0004073230903016796,1.6627863491403548e-05,0.0004239509537930831,28.518057488518515,3.3646901094669848,31.882747597985496,False
e1bcfb7b-6cf2-4a73-8aae-6a4786a94534,e1bcfb7b-6cf2-4a73-8aae-6a4786a94534:2:60,2,60,HISTORICAL:CYCLE-000010-20260731T035444000000:00000901,CYCLE-000010-20260731T035444000000,10,2026-07-31T03:54:44.000+00:00,MET,METvsvVRapdj9cFLzq4Tr43xK4tAjQfwX76z3n6mWQL,HISTORICAL,HISTORICAL_UNVALIDATED,BASE_FILTER_ONLY,0.00012600000000007223,1.0,0.0,133.9866869186091,29.03774317835854,235.4632095633798,1431.087382116476,398.48763966034744,1500.0,False,0.0005,0.0045656712253463695,0.005065671225346369,14.385051255833535,9.72538983845005,0.0024110441094283585,0.985,False,False,False,False,True,CONFIRMED,,-0.007350715334774655,0.007476715334774727,2026-08-01T04:49:50.206+00:00,0.0005,0.0045656712253463695,0.0014385051255833535,0.000972538983845005,0.0024110441094283585,40.203739883678296,19.135270709737906,59.3390105934162,False
e1bcfb7b-6cf2-4a73-8aae-6a4786a94534,e1bcfb7b-6cf2-4a73-8aae-6a4786a94534:2:61,2,61,HISTORICAL:CYCLE-000010-20260731T035444000000:00000901,CYCLE-000010-20260731T035444000000,10,2026-07-31T03:54:44.000+00:00,MET,METvsvVRapdj9cFLzq4Tr43xK4tAjQfwX76z3n6mWQL,HISTORICAL,HISTORICAL_UNVALIDATED,BASE_FILTER_ONLY,0.00012600000000007223,1.0,0.0,30.713706071976667,77.15801091437658,156.1515095059146,1914.4797361529158,264.02322649226784,1500.0,False,0.0005,0.0037561922560621318,0.004256192256062132,11.056930295057864,0.36204181684013625,0.0011418972111898,0.985,False,False,False,False,True,CONFIRMED,,-0.00527208946725186,0.0053980894672519325,2026-08-01T04:49:50.206+00:00,0.0005,0.0037561922560621318,0.0011056930295057863,3.6204181684013626e-05,0.0011418972111898,33.779303619521365,9.062676279278932,42.8419798988003,False
e1bcfb7b-6cf2-4a73-8aae-6a4786a94534,e1bcfb7b-6cf2-4a73-8aae-6a4786a94534:2:62,2,62,HISTORICAL:CYCLE-000010-20260731T035444000000:00000901,CYCLE-000010-20260731T035444000000,10,2026-07-31T03:54:44.000+00:00,MET,METvsvVRapdj9cFLzq4Tr43xK4tAjQfwX76z3n6mWQL,HISTORICAL,HISTORICAL_UNVALIDATED,BASE_FILTER_ONLY,0.00012600000000007223,1.0,0.0,52.07599858420703,111.09683426028631,212.0211812712877,883.5122537499429,375.19401411578104,1500.0,False,0.0005,0.002428936783828041,0.002928936783828041,11.625682080103509,2.8099815345367842,0.0014435663614640294,0.985,False,False,False,False,True,CONFIRMED,,-0.0042465031452919985,0.004372503145292071,2026-08-01T04:49:50.206+00:00,0.0005,0.002428936783828041,0.0011625682080103508,0.00028099815345367844,0.0014435663614640294,23.245530030367952,11.456875884628586,34.70240591499654,False
e1bcfb7b-6cf2-4a73-8aae-6a4786a94534,e1bcfb7b-6cf2-4a73-8aae-6a4786a94534:2:63,2,63,HISTORICAL:CYCLE-000010-20260731T035444000000:00000901,CYCLE-000010-20260731T035444000000,10,2026-07-31T03:54:44.000+00:00,MET,METvsvVRapdj9cFLzq4Tr43xK4tAjQfwX76z3n6mWQL,HISTORICAL,HISTORICAL_UNVALIDATED,BASE_FILTER_ONLY,0.00012600000000007223,1.0,0.0,28.34927912591187,103.11595988884211,245.71907219500096,1966.69285482898,377.1843112097549,1500.0,False,0.0005,0.003656410599382655,0.004156410599382656,13.91581538328732,6.575347229377668,0.0020491162612664986,0.985,False,False,False,False,True,CONFIRMED,,-0.0060795268606490815,0.006205526860649154,2026-08-01T04:49:50.206+00:00,0.0005,0.003656410599382655,0.001391581538328732,0.0006575347229377668,0.0020491162612664986,32.987385709367246,16.262827470359714,49.250213179726956,False
e1bcfb7b-6cf2-4a73-8aae-6a4786a94534,e1bcfb7b-6cf2-4a73-8aae-6a4786a94534:2:64,2,64,HISTORICAL:CYCLE-000010-20260731T035444000000:00000901,CYCLE-000010-20260731T035444000000,10,2026-07-31T03:54:44.000+00:00,MET,METvsvVRapdj9cFLzq4Tr43xK4tAjQfwX76z3n6mWQL,HISTORICAL,HISTORICAL_UNVALIDATED,BASE_FILTER_ONLY,0.00012600000000007223,1.0,0.0,88.85525876356135,44.69884404506835,184.56766527927923,2167.549554135606,318.1217680879089,1500.0,False,0.0005,0.0014960965404125983,0.0019960965404125985,8.804125733441836,1.8937568627036172,0.0010697882596145453,0.985,False,False,False,False,True,CONFIRMED,,-0.0029398848000270717,0.003065884800027144,2026-08-01T04:49:50.206+00:00,0.0005,0.0014960965404125983,0.0008804125733441837,0.00018937568627036173,0.0010697882596145453,15.84203603501154,8.490383012808984,24.332419047820526,False
e1bcfb7b-6cf2-4a73-8aae-6a4786a94534,e1bcfb7b-6cf2-4a73-8aae-6a4786a94534:2:65,2,65,HISTORICAL:CYCLE-000010-20260731T035444000000:00000901,CYCLE-000010-20260731T035444000000,10,2026-07-31T03:54:44.000+00:00,MET,METvsvVRapdj9cFLzq4Tr43xK4tAjQfwX76z3n6mWQL,HISTORICAL,HISTORICAL_UNVALIDATED,BASE_FILTER_ONLY,0.00012600000000007223,1.0,0.0,81.97412566346664,98.883337792321,54.20187985336046,2107.592912358566,235.0593433091481,1500.0,False,0.0005,0.0017095321891874755,0.0022095321891874757,11.661785656246606,7.821778558272005,0.0019483564214518609,0.985,False,False,False,False,True,CONFIRMED,,-0.004031888610639264,0.004157888610639336,2026-08-01T04:49:50.206+00:00,0.0005,0.0017095321891874755,0.0011661785656246605,0.0007821778558272005,0.0019483564214518609,17.535969755446104,15.46314620199003,32.99911595743613,False
e1bcfb7b-6cf2-4a73-8aae-6a4786a94534,e1bcfb7b-6cf2-4a73-8aae-6a4786a94534:2:66,2,66,HISTORICAL:CYCLE-000010-20260731T035444000000:00000901,CYCLE-000010-20260731T035444000000,10,2026-07-31T03:54:44.000+00:00,MET,METvsvVRapdj9cFLzq4Tr43xK4tAjQfwX76z3n6mWQL,HISTORICAL,HISTORICAL_UNVALIDATED,BASE_FILTER_ONLY,0.00012600000000007223,1.0,0.0,68.18478797602066,83.8580782359665,50.19263758533613,563.6334533621775,202.2355037973233,1500.0,False,0.0005,0.00266211190302706,0.00316211190302706,13.766819772603611,8.287361639266837,0.002205418141187045,0.985,False,False,False,False,True,CONFIRMED,,-0.005241530044214033,0.005367530044214105,2026-08-01T04:49:50.206+00:00,0.0005,0.00266211190302706,0.0013766819772603612,0.0008287361639266837,0.002205418141187045,25.096126214486087,17.50331858083953,42.59944479532562,False
e1bcfb7b-6cf2-4a73-8aae-6a4786a94534,e1bcfb7b-6cf2-4a73-8aae-6a4786a94534:2:67,2,67,HISTORICAL:CYCLE-000010-20260731T035444000000:00000901,CYCLE-000010-20260731T035444000000,10,2026-07-31T03:54:44.000+00:00,MET,METvsvVRapdj9cFLzq4Tr43xK4tAjQfwX76z3n6mWQL,HISTORICAL,HISTORICAL_UNVALIDATED,BASE_FILTER_ONLY,0.00012600000000007223,1.0,0.0,107.17748350939434,113.3959928452206,155.12876286131188,288.8745786215972,375.70223921592685,1500.0,False,0.0005,0.0028322265515232734,0.0033322265515232734,14.174601862867126,8.907344921567597,0.0023081946784434724,0.985,False,False,False,False,True,CONFIRMED,,-0.0055144212299666736,0.005640421229966746,2026-08-01T04:49:50.206+00:00,0.0005,0.0028322265515232734,0.0014174601862867126,0.0008907344921567597,0.0023081946784434724,26.44624247239177,18.3190053844615,44.76524785685327,False
e1bcfb7b-6cf2-4a73-8aae-6a4786a94534,e1bcfb7b-6cf2-4a73-8aae-6a4786a94534:2:68,2,68,HISTORICAL:CYCLE-000010-20260731T035444000000:00000901,CYCLE-000010-20260731T035444000000,10,2026-07-31T03:54:44.000+00:00,MET,METvsvVRapdj9cFLzq4Tr43xK4tAjQfwX76z3n6mWQL,HISTORICAL,HISTORICAL_UNVALIDATED,BASE_FILTER_ONLY,0.00012600000000007223,1.0,0.0,59.222593236010766,54.51119460779388,79.01846875072223,2111.056922555792,192.7522565945269,1500.0,False,0.0005,0.0013440101449044796,0.0018440101449044796,4.931705771379885,0.6233747922731037,0.000555508056365299,0.985,False,False,False,False,True,CONFIRMED,,-0.002273518201269706,0.0023995182012697784,2026-08-01T04:49:50.206+00:00,0.0005,0.0013440101449044796,0.0004931705771379886,6.233747922731036e-05,0.000555508056365299,14.635001150027161,4.4087940981347655,19.043795248161928,False
e1bcfb7b-6cf2-4a73-8aae-6a4786a94534,e1bcfb7b-6cf2-4a73-8aae-6a4786a94534:2:69,2,69,HISTORICAL:CYCLE-000010-20260731T035444000000:00000901,CYCLE-000010-20260731T035444000000,10,2026-07-31T03:54:44.000+00:00,MET,METvsvVRapdj9cFLzq4Tr43xK4tAjQfwX76z3n6mWQL,HISTORICAL,HISTORICAL_UNVALIDATED,BASE_FILTER_ONLY,0.00012600000000007223,1.0,0.0,90.0384349708955,101.89616169009211,23.604251071834923,2338.1558369221198,215.53884773282255,1500.0,False,0.0005,0.002442632701110971,0.002942632701110971,5.230657117345951,4.384439491161295,0.0009615096608507246,0.985,False,False,False,False,True,CONFIRMED,,-0.0037781423619616234,0.0039041423619616956,2026-08-01T04:49:50.206+00:00,0.0005,0.002442632701110971,0.0005230657117345951,0.0004384439491161295,0.0009615096608507246,23.35422778658162,7.631029054366455,30.985256840948075,False
e1bcfb7b-6cf2-4a73-8aae-6a4786a94534,e1bcfb7b-6cf2-4a73-8aae-6a4786a94534:2:70,2,70,HISTORICAL:CYCLE-000010-20260731T035444000000:00000901,CYCLE-000010-20260731T035444000000,10,2026-07-31T03:54:44.000+00:00,MET,METvsvVRapdj9cFLzq4Tr43xK4tAjQfwX76z3n6mWQL,HISTORICAL,HISTORICAL_UNVALIDATED,BASE_FILTER_ONLY,0.00012600000000007223,1.0,0.0,138.67270539420247,82.34366222923504,96.2573038743397,1185.1054818052876,317.2736714977772,1500.0,False,0.0005,0.00454611511368924,0.005046115113689241,1.8788186277987218,3.382982934828825,0.0005261801562627547,0.985,False,False,False,False,True,CONFIRMED,,-0.005446295269951923,0.005572295269951995,2026-08-01T04:49:50.206+00:00,0.0005,0.00454611511368924,0.0001878818627798722,0.00033829829348288253,0.0005261801562627547,40.048532648304345,4.176032986209945,44.22456563451429,False
e1bcfb7b-6cf2-4a73-8aae-6a4786a94534,e1bcfb7b-6cf2-4a73-8aae-6a4786a94534:2:71,2,71,HISTORICAL:CYCLE-000010-20260731T035444000000:00000901,CYCLE-000010-20260731T035444000000,10,2026-07-31T03:54:44.000+00:00,MET,METvsvVRapdj9cFLzq4Tr43xK4tAjQfwX76z3n6mWQL,HISTORICAL,HISTORICAL_UNVALIDATED,BASE_FILTER_ONLY,0.00012600000000007223,1.0,0.0,104.54130998817374,28.09244840762815,118.58562460397795,304.5617314133529,251.21938299977984,1500.0,False,0.0005,0.004899434924070339,0.005399434924070339,10.722959305994149,9.448336028308557,0.0020171295334302703,0.985,False,False,False,False,True,CONFIRMED,,-0.007290564457500537,0.007416564457500609,2026-08-01T04:49:50.206+00:00,0.0005,0.004899434924070339,0.0010722959305994148,0.0009448336028308557,0.0020171295334302703,42.852658127517806,16.008964551024714,58.86162267854252,False
e1bcfb7b-6cf2-4a73-8aae-6a4786a94534,e1bcfb7b-6cf2-4a73-8aae-6a4786a94534:2:72,2,72,HISTORICAL:CYCLE-000010-20260731T035444000000:00000901,CYCLE-000010-20260731T035444000000,10,2026-07-31T03:54:44.000+00:00,MET,METvsvVRapdj9cFLzq4Tr43xK4tAjQfwX76z3n6mWQL,HISTORICAL,HISTORICAL_UNVALIDATED,BASE_FILTER_ONLY,0.00012600000000007223,1.0,0.0,86.50537692626915,70.09265841060108,138.92401736448565,1722.0510570936503,295.52205270135585,1500.0,False,0.0005,0.0031784361608436576,0.0036784361608436576,14.718764632876956,3.3138910843125635,0.001803265571718952,0.985,False,False,False,False,True,CONFIRMED,,-0.005355701732562538,0.00548170173256261,2026-08-01T04:49:50.206+00:00,0.0005,0.0031784361608436576,0.0014718764632876955,0.00033138910843125635,0.001803265571718952,29.193937784456736,14.31163152157078,43.50556930602752,False
e1bcfb7b-6cf2-4a73-8aae-6a4786a94534,e1bcfb7b-6cf2-4a73-8aae-6a4786a94534:2:73,2,73,HISTORICAL:CYCLE-000010-20260731T035444000000:00000901,CYCLE-000010-20260731T035444000000,10,2026-07-31T03:54:44.000+00:00,MET,METvsvVRapdj9cFLzq4Tr43xK4tAjQfwX76z3n6mWQL,HISTORICAL,HISTORICAL_UNVALIDATED,BASE_FILTER_ONLY,0.00012600000000007223,1.0,0.0,129.48145215726328,93.47459832833813,244.65245767179726,2184.455220373333,467.60850815739866,1500.0,False,0.0005,0.001031926767728378,0.001531926767728378,2.06022297186594,0.05545330019169237,0.00021156762720576325,0.985,False,False,False,False,True,CONFIRMED,,-0.0016174943949340689,0.0017434943949341411,2026-08-01T04:49:50.206+00:00,0.0005,0.001031926767728378,0.000206022297186594,5.545330019169237e-06,0.00021156762720576325,12.158148950218251,1.6791081524257299,13.837257102643981,False
e1bcfb7b-6cf2-4a73-8aae-6a4786a94534,e1bcfb7b-6cf2-4a73-8aae-6a4786a94534:2:74,2,74,HISTORICAL:CYCLE-000010-20260731T035444000000:00000901,CYCLE-000010-20260731T035444000000,10,2026-07-31T03:54:44.000+00:00,MET,METvsvVRapdj9cFLzq4Tr43xK4tAjQfwX76z3n6mWQL,HISTORICAL,HISTORICAL_UNVALIDATED,BASE_FILTER_ONLY,0.00012600000000007223,1.0,0.0,129.2843971703485,115.9170526889497,216.51856498869896,2242.6276879640345,461.72001484799716,1500.0,False,0.0005,0.001402985611113042,0.001902985611113042,6.950239416147241,8.83341260988186,0.0015783652026029101,0.985,False,False,False,False,True,CONFIRMED,,-0.00335535081371588,0.003481350813715952,2026-08-01T04:49:50.206+00:00,0.0005,0.001402985611113042,0.0006950239416147241,0.000883341260988186,0.0015783652026029101,15.103060405650405,12.526707957158772,27.629768362809177,False
e1bcfb7b-6cf2-4a73-8aae-6a4786a94534,e1bcfb7b-6cf2-4a73-8aae-6a4786a94534:2:75,2,75,HISTORICAL:CYCLE-000010-20260731T035444000000:00000901,CYCLE-000010-20260731T035444000000,10,2026-07-31T03:54:44.000+00:00,MET,METvsvVRapdj9cFLzq4Tr43xK4tAjQfwX76z3n6mWQL,HISTORICAL,HISTORICAL_UNVALIDATED,BASE_FILTER_ONLY,0.00012600000000007223,1.0,0.0,51.45617521062768,74.31536410416075,101.12802956166244,640.5840502694916,226.89956887645087,1500.0,False,0.0005,0.0014819351975088324,0.0019819351975088324,14.499829783433428,6.520516343021341,0.002102034612645477,0.985,False,False,False,False,True,CONFIRMED,,-0.0039579698101542375,0.00408396981015431,2026-08-01T04:49:50.206+00:00,0.0005,0.0014819351975088324,0.0014499829783433428,0.0006520516343021341,0.002102034612645477,15.729644424664256,16.68281438606565,32.41245881072991,False
e1bcfb7b-6cf2-4a73-8aae-6a4786a94534,e1bcfb7b-6cf2-4a73-8aae-6a4786a94534:2:76,2,76,HISTORICAL:CYCLE-000010-20260731T035444000000:00000901,CYCLE-000010-20260731T035444000000,10,2026-07-31T03:54:44.000+00:00,MET,METvsvVRapdj9cFLzq4Tr43xK4tAjQfwX76z3n6mWQL,HISTORICAL,HISTORICAL_UNVALIDATED,BASE_FILTER_ONLY,0.00012600000000007223,1.0,0.0,33.34049997639276,23.811361260788292,217.21894707692854,1914.4601190411552,274.3708083141096,1500.0,False,0.0005,0.0008721778204256606,0.0013721778204256606,13.349396912635468,3.132216561278808,0.0016481613473914277,0.985,False,False,False,False,True,CONFIRMED,,-0.002894339167817016,0.0030203391678170883,2026-08-01T04:49:50.206+00:00,0.0005,0.0008721778204256606,0.0013349396912635469,0.0003132216561278808,0.0016481613473914277,10.890300162102173,13.08064561421018,23.970945776312355,False
e1bcfb7b-6cf2-4a73-8aae-6a4786a94534,e1bcfb7b-6cf2-4a73-8aae-6a4786a94534:2:77,2,77,HISTORICAL:CYCLE-000010-20260731T035444000000:00000901,CYCLE-000010-20260731T035444000000,10,2026-07-31T03:54:44.000+00:00,MET,METvsvVRapdj9cFLzq4Tr43xK4tAjQfwX76z3n6mWQL,HISTORICAL,HISTORICAL_UNVALIDATED,BASE_FILTER_ONLY,0.00012600000000007223,1.0,0.0,65.08520990838899,106.10821596935139,66.99726532709326,722.5075978318564,238.19069120483363,1500.0,False,0.0005,0.0030147010887690427,0.0035147010887690427,14.206985665841515,9.510290745437576,0.002371727641127909,0.985,False,False,False,False,True,CONFIRMED,,-0.00576042872989688,0.005886428729896952,2026-08-01T04:49:50.206+00:00,0.0005,0.0030147010887690427,0.0014206985665841515,0.0009510290745437576,0.002371727641127909,27.8944530854526,18.823235247036106,46.717688332488706,False
e1bcfb7b-6cf2-4a73-8aae-6a4786a94534,e1bcfb7b-6cf2-4a73-8aae-6a4786a94534:2:78,2,78,HISTORICAL:CYCLE-000010-20260731T035444000000:00000901,CYCLE-000010-20260731T035444000000,10,2026-07-31T03:54:44.000+00:00,MET,METvsvVRapdj9cFLzq4Tr43xK4tAjQfwX76z3n6mWQL,HISTORICAL,HISTORICAL_UNVALIDATED,BASE_FILTER_ONLY,0.00012600000000007223,1.0,0.0,66.52276530780625,72.73340333643785,119.19049463516073,2284.599854398654,258.44666327940485,1500.0,False,0.0005,0.0046108576284819205,0.005110857628481921,8.694630866409184,3.046904238538024,0.001174153510494721,0.985,False,False,False,False,True,CONFIRMED,,-0.00615901113897657,0.006285011138976642,2026-08-01T04:49:50.206+00:00,0.0005,0.0046108576284819205,0.0008694630866409184,0.0003046904238538024,0.001174153510494721,40.562362130785644,9.318678654714665,49.88104078550031,False
e1bcfb7b-6cf2-4a73-8aae-6a4786a94534,e1bcfb7b-6cf2-4a73-8aae-6a4786a94534:2:79,2,79,HISTORICAL:CYCLE-000010-20260731T035444000000:00000901,CYCLE-000010-20260731T035444000000,10,2026-07-31T03:54:44.000+00:00,MET,METvsvVRapdj9cFLzq4Tr43xK4tAjQfwX76z3n6mWQL,HISTORICAL,HISTORICAL_UNVALIDATED,BASE_FILTER_ONLY,0.00012600000000007223,1.0,0.0,42.44989844110624,117.09631330076755,21.17288211769966,895.2970178963096,180.71909385957343,1500.0,False,0.0005,0.0011728084781407095,0.0016728084781407096,0.7230603211525549,0.5654406887207186,0.00012885010098732735,0.985,False,False,False,False,True,CONFIRMED,,-0.0016756585791279648,0.001801658579128037,2026-08-01T04:49:50.206+00:00,0.0005,0.0011728084781407095,7.230603211525549e-05,5.654406887207186e-05,0.00012885010098732735,13.276257763013893,1.0226198491051863,14.29887761211908,False
e1bcfb7b-6cf2-4a73-8aae-6a4786a94534,e1bcfb7b-6cf2-4a73-8aae-6a4786a94534:2:80,2,80,HISTORICAL:CYCLE-000010-20260731T035444000000:00000901,CYCLE-000010-20260731T035444000000,10,2026-07-31T03:54:44.000+00:00,MET,METvsvVRapdj9cFLzq4Tr43xK4tAjQfwX76z3n6mWQL,HISTORICAL,HISTORICAL_UNVALIDATED,BASE_FILTER_ONLY,0.00012600000000007223,1.0,0.0,122.2060250324061,62.353800347466816,225.17438261454294,2191.2988030735005,409.73420799441584,1500.0,False,0.0005,0.00431995548108231,0.00481995548108231,0.8523642537685355,6.721584856507304,0.000757394911027584,0.985,False,False,False,False,True,CONFIRMED,,-0.005451350392109822,0.005577350392109894,2026-08-01T04:49:50.206+00:00,0.0005,0.00431995548108231,8.523642537685355e-05,0.0006721584856507304,0.000757394911027584,38.253614929202755,6.0110707224376965,44.26468565164045,False
e1bcfb7b-6cf2-4a73-8aae-6a4786a94534,e1bcfb7b-6cf2-4a73-8aae-6a4786a94534:2:81,2,81,HISTORICAL:CYCLE-000010-20260731T035444000000:00000901,CYCLE-000010-20260731T035444000000,10,2026-07-31T03:54:44.000+00:00,MET,METvsvVRapdj9cFLzq4Tr43xK4tAjQfwX76z3n6mWQL,HISTORICAL,HISTORICAL_UNVALIDATED,BASE_FILTER_ONLY,0.00012600000000007223,1.0,0.0,113.27269378627444,50.05814354767252,60.69872068741155,1272.3952334578335,224.02955802135853,1500.0,False,0.0005,0.003771179135933333,0.004271179135933333,7.696147804655014,7.225179619854377,0.001492132742450939,0.985,False,False,False,False,True,CONFIRMED,,-0.0056373118783841995,0.005763311878384272,2026-08-01T04:49:50.207+00:00,0.0005,0.003771179135933333,0.0007696147804655013,0.0007225179619854377,0.001492132742450939,33.89824711056257,11.842323352778442,45.740570463341015,False
e1bcfb7b-6cf2-4a73-8aae-6a4786a94534,e1bcfb7b-6cf2-4a73-8aae-6a4786a94534:2:82,2,82,HISTORICAL:CYCLE-000010-20260731T035444000000:00000901,CYCLE-000010-20260731T035444000000,10,2026-07-31T03:54:44.000+00:00,MET,METvsvVRapdj9cFLzq4Tr43xK4tAjQfwX76z3n6mWQL,HISTORICAL,HISTORICAL_UNVALIDATED,BASE_FILTER_ONLY,0.00012600000000007223,1.0,0.0,58.77340191003232,87.92371431526891,47.0671601613436,1587.9495859896624,193.7642763866448,1500.0,False,0.0005,0.00033460505843533125,0.0008346050584353312,3.7713546311846806,9.463533947563898,0.0013234888578748578,0.985,False,False,False,False,True,CONFIRMED,,-0.0020320939163101168,0.002158093916310189,2026-08-01T04:49:50.207+00:00,0.0005,0.00033460505843533125,0.00037713546311846807,0.0009463533947563897,0.0013234888578748578,6.623849670117879,10.503879824397611,17.127729494515492,False
e1bcfb7b-6cf2-4a73-8aae-6a4786a94534,e1bcfb7b-6cf2-4a73-8aae-6a4786a94534:2:83,2,83,HISTORICAL:CYCLE-000010-20260731T035444000000:00000901,CYCLE-000010-20260731T035444000000,10,2026-07-31T03:54:44.000+00:00,MET,METvsvVRapdj9cFLzq4Tr43xK4tAjQfwX76z3n6mWQL,HISTORICAL,HISTORICAL_UNVALIDATED,BASE_FILTER_ONLY,0.00012600000000007223,1.0,0.0,46.86924534875996,97.65401835467523,71.97775261024769,1018.9176683720017,216.5010163136829,1500.0,False,0.0005,0.0022102766326721653,0.0027102766326721653,14.446069370964311,0.2658502117216355,0.0014711919582685948,0.985,False,False,False,False,True,CONFIRMED,,-0.004055468590940688,0.0041814685909407606,2026-08-01T04:49:50.207+00:00,0.0005,0.0022102766326721653,0.001444606937096431,2.6585021172163547e-05,0.0014711919582685948,21.510132005322312,11.676126652918661,33.18625865824098,False
e1bcfb7b-6cf2-4a73-8aae-6a4786a94534,e1bcfb7b-6cf2-4a73-8aae-6a4786a94534:2:84,2,84,HISTORICAL:CYCLE-000010-20260731T035444000000:00000901,CYCLE-000010-20260731T035444000000,10,2026-07-31T03:54:44.000+00:00,MET,METvsvVRapdj9cFLzq4Tr43xK4tAjQfwX76z3n6mWQL,HISTORICAL,HISTORICAL_UNVALIDATED,BASE_FILTER_ONLY,0.00012600000000007223,1.0,0.0,55.15048442414869,106.0350977872008,108.96104255168284,806.3350816224369,270.1466247630323,1500.0,False,0.0005,0.003728026029053438,0.004228026029053438,7.4407504127797255,1.7696598182658652,0.0009210410231045591,0.985,False,False,False,False,True,CONFIRMED,,-0.005023067052157925,0.005149067052157997,2026-08-01T04:49:50.207+00:00,0.0005,0.003728026029053438,0.0007440750412779725,0.00017696598182658651,0.0009210410231045591,33.55576213532551,7.3098493897145325,40.86561152504004,False
e1bcfb7b-6cf2-4a73-8aae-6a4786a94534,e1bcfb7b-6cf2-4a73-8aae-6a4786a94534:2:85,2,85,HISTORICAL:CYCLE-000010-20260731T035444000000:00000901,CYCLE-000010-20260731T035444000000,10,2026-07-31T03:54:44.000+00:00,MET,METvsvVRapdj9cFLzq4Tr43xK4tAjQfwX76z3n6mWQL,HISTORICAL,HISTORICAL_UNVALIDATED,BASE_FILTER_ONLY,0.00012600000000007223,1.0,0.0,112.5489330422726,107.34239587327531,225.57470774994647,1272.101237347364,445.46603666549436,1500.0,False,0.0005,0.003953511437842641,0.004453511437842641,9.566935967798614,0.7335328371570149,0.0010300468804955627,0.985,False,False,False,False,True,CONFIRMED,,-0.005357558318338131,0.005483558318338203,2026-08-01T04:49:50.207+00:00,0.0005,0.003953511437842641,0.0009566935967798614,7.335328371570149e-05,0.0010300468804955627,35.34532887174673,8.174975242023589,43.520304113770315,False
e1bcfb7b-6cf2-4a73-8aae-6a4786a94534,e1bcfb7b-6cf2-4a73-8aae-6a4786a94534:2:86,2,86,HISTORICAL:CYCLE-000010-20260731T035444000000:00000901,CYCLE-000010-20260731T035444000000,10,2026-07-31T03:54:44.000+00:00,MET,METvsvVRapdj9cFLzq4Tr43xK4tAjQfwX76z3n6mWQL,HISTORICAL,HISTORICAL_UNVALIDATED,BASE_FILTER_ONLY,0.00012600000000007223,1.0,0.0,112.77139706179541,61.48964531510254,125.21560762224532,689.2489847524978,299.47664999914326,1500.0,False,0.0005,0.004308116650840726,0.004808116650840726,11.935948466470611,7.881910007395618,0.001981785847386623,0.985,False,False,False,False,True,CONFIRMED,,-0.0066639024982272765,0.006789902498227349,2026-08-01T04:49:50.207+00:00,0.0005,0.004308116650840726,0.0011935948466470611,0.0007881910007395618,0.001981785847386623,38.159655959031504,15.728459106234022,53.888115065265524,False
e1bcfb7b-6cf2-4a73-8aae-6a4786a94534,e1bcfb7b-6cf2-4a73-8aae-6a4786a94534:2:87,2,87,HISTORICAL:CYCLE-000010-20260731T035444000000:00000901,CYCLE-000010-20260731T035444000000,10,2026-07-31T03:54:44.000+00:00,MET,METvsvVRapdj9cFLzq4Tr43xK4tAjQfwX76z3n6mWQL,HISTORICAL,HISTORICAL_UNVALIDATED,BASE_FILTER_ONLY,0.00012600000000007223,1.0,0.0,120.17821918504178,50.34323895597514,89.35553119292248,421.60331852308667,259.8769893339394,1500.0,False,0.0005,0.0027587025323928104,0.0032587025323928104,3.5559589023314846,4.032819323156445,0.0007588778225487929,0.985,False,False,False,False,True,CONFIRMED,,-0.003891580354941531,0.004017580354941604,2026-08-01T04:49:50.207+00:00,0.0005,0.0027587025323928104,0.0003555958902331485,0.00040328193231564446,0.0007588778225487929,25.862718511039223,6.022839861494903,31.88555837253413,False
e1bcfb7b-6cf2-4a73-8aae-6a4786a94534,e1bcfb7b-6cf2-4a73-8aae-6a4786a94534:2:88,2,88,HISTORICAL:CYCLE-000010-20260731T035444000000:00000901,CYCLE-000010-20260731T035444000000,10,2026-07-31T03:54:44.000+00:00,MET,METvsvVRapdj9cFLzq4Tr43xK4tAjQfwX76z3n6mWQL,HISTORICAL,HISTORICAL_UNVALIDATED,BASE_FILTER_ONLY,0.00012600000000007223,1.0,0.0,84.77245107186133,36.3645824828273,142.2588116946369,753.4793400156213,263.39584524932553,1500.0,False,0.0005,0.0013795276520278585,0.0018795276520278585,9.41153687366089,6.051134512931469,0.0015462671386592358,0.985,False,False,False,False,True,CONFIRMED,,-0.003299794790687022,0.003425794790687094,2026-08-01T04:49:50.207+00:00,0.0005,0.0013795276520278585,0.000941153687366089,0.000605113451293147,0.0015462671386592358,14.916886127196674,12.271961417923407,27.18884754512008,False
e1bcfb7b-6cf2-4a73-8aae-6a4786a94534,e1bcfb7b-6cf2-4a73-8aae-6a4786a94534:2:89,2,89,HISTORICAL:CYCLE-000010-20260731T035444000000:00000901,CYCLE-000010-20260731T035444000000,10,2026-07-31T03:54:44.000+00:00,MET,METvsvVRapdj9cFLzq4Tr43xK4tAjQfwX76z3n6mWQL,HISTORICAL,HISTORICAL_UNVALIDATED,BASE_FILTER_ONLY,0.00012600000000007223,1.0,0.0,85.47350625728048,65.95665214994725,204.68904801393106,1706.55316126962,356.11920642115876,1500.0,False,0.0005,0.0007846187470991812,0.001284618747099181,7.392823486025663,6.2814455938050955,0.0013674269079830758,0.985,False,False,False,False,True,CONFIRMED,,-0.002526045655082185,0.002652045655082257,2026-08-01T04:49:50.207+00:00,0.0005,0.0007846187470991812,0.0007392823486025664,0.0006281445593805095,0.0013674269079830758,10.195386881733688,10.852594507795967,21.047981389529657,False
e1bcfb7b-6cf2-4a73-8aae-6a4786a94534,e1bcfb7b-6cf2-4a73-8aae-6a4786a94534:2:90,2,90,HISTORICAL:CYCLE-000010-20260731T035444000000:00000901,CYCLE-000010-20260731T035444000000,10,2026-07-31T03:54:44.000+00:00,MET,METvsvVRapdj9cFLzq4Tr43xK4tAjQfwX76z3n6mWQL,HISTORICAL,HISTORICAL_UNVALIDATED,BASE_FILTER_ONLY,0.00012600000000007223,1.0,0.0,94.95943128624117,51.13264133944893,245.39507483510232,703.4050211631692,391.4871474607924,1500.0,False,0.0005,0.0010848877784800017,0.0015848877784800017,14.737649418681253,9.712991113103245,0.0024450640531784498,0.985,False,False,False,False,True,CONFIRMED,,-0.0039039518316583794,0.004029951831658452,2026-08-01T04:49:50.207+00:00,0.0005,0.0010848877784800017,0.0014737649418681252,0.0009712991113103245,0.0024450640531784498,12.578474432373755,19.405270263309905,31.98374469568366,False
e1bcfb7b-6cf2-4a73-8aae-6a4786a94534,e1bcfb7b-6cf2-4a73-8aae-6a4786a94534:2:91,2,91,HISTORICAL:CYCLE-000010-20260731T035444000000:00000901,CYCLE-000010-20260731T035444000000,10,2026-07-31T03:54:44.000+00:00,MET,METvsvVRapdj9cFLzq4Tr43xK4tAjQfwX76z3n6mWQL,HISTORICAL,HISTORICAL_UNVALIDATED,BASE_FILTER_ONLY,0.00012600000000007223,1.0,0.0,24.29207848636763,42.74677115718342,153.62708135407794,2012.080077564878,220.665930997629,1500.0,False,0.0005,0.0006828172440242604,0.0011828172440242605,8.559964336113511,8.82285040883994,0.001738281474495345,0.985,False,False,False,False,True,CONFIRMED,,-0.002795098718519533,0.0029210987185196054,2026-08-01T04:49:50.207+00:00,0.0005,0.0006828172440242604,0.0008559964336113511,0.000882285040883994,0.001738281474495345,9.387438444631606,13.795884718209116,23.18332316284072,False
e1bcfb7b-6cf2-4a73-8aae-6a4786a94534,e1bcfb7b-6cf2-4a73-8aae-6a4786a94534:2:92,2,92,HISTORICAL:CYCLE-000010-20260731T035444000000:00000901,CYCLE-000010-20260731T035444000000,10,2026-07-31T03:54:44.000+00:00,MET,METvsvVRapdj9cFLzq4Tr43xK4tAjQfwX76z3n6mWQL,HISTORICAL,HISTORICAL_UNVALIDATED,BASE_FILTER_ONLY,0.00012600000000007223,1.0,0.0,136.50785255779624,83.25668902507508,148.96083171298181,2491.295934025148,368.72537329585316,1500.0,False,0.0005,0.004578279488395195,0.005078279488395196,4.807636419546514,0.9922228033893943,0.0005799859222935909,0.985,False,False,False,False,True,CONFIRMED,,-0.0055322654106887146,0.005658265410688787,2026-08-01T04:49:50.207+00:00,0.0005,0.004578279488395195,0.00048076364195465143,9.922228033893943e-05,0.0005799859222935909,40.30380546343083,4.60306287534332,44.90686833877415,False
e1bcfb7b-6cf2-4a73-8aae-6a4786a94534,e1bcfb7b-6cf2-4a73-8aae-6a4786a94534:2:93,2,93,HISTORICAL:CYCLE-000010-20260731T035444000000:00000901,CYCLE-000010-20260731T035444000000,10,2026-07-31T03:54:44.000+00:00,MET,METvsvVRapdj9cFLzq4Tr43xK4tAjQfwX76z3n6mWQL,HISTORICAL,HISTORICAL_UNVALIDATED,BASE_FILTER_ONLY,0.00012600000000007223,1.0,0.0,69.23429149725926,96.46729080251298,158.85722722114994,951.2535376423218,324.5588095209222,1500.0,False,0.0005,0.0003469088404818308,0.0008469088404818308,0.6697940762367083,8.336394349740496,0.0009006188425977205,0.985,False,False,False,False,True,CONFIRMED,,-0.001621527683079479,0.0017475276830795513,2026-08-01T04:49:50.207+00:00,0.0005,0.0003469088404818308,6.697940762367083e-05,0.0008336394349740497,0.0009006188425977205,6.7214987339789305,7.147768592041303,13.869267326020234,False
e1bcfb7b-6cf2-4a73-8aae-6a4786a94534,e1bcfb7b-6cf2-4a73-8aae-6a4786a94534:2:94,2,94,HISTORICAL:CYCLE-000010-20260731T035444000000:00000901,CYCLE-000010-20260731T035444000000,10,2026-07-31T03:54:44.000+00:00,MET,METvsvVRapdj9cFLzq4Tr43xK4tAjQfwX76z3n6mWQL,HISTORICAL,HISTORICAL_UNVALIDATED,BASE_FILTER_ONLY,0.00012600000000007223,1.0,0.0,42.78269110777513,100.06622111498275,74.83287232960356,2478.216888198783,217.68178455236145,1500.0,False,0.0005,0.0007147155653640928,0.0012147155653640927,12.0692704214258,8.152995233608067,0.0020222265655033865,0.985,False,False,False,False,True,CONFIRMED,,-0.003110942130867407,0.003236942130867479,2026-08-01T04:49:50.207+00:00,0.0005,0.0007147155653640928,0.00120692704214258,0.0008152995233608066,0.0020222265655033865,9.64059972510632,16.049417186525613,25.690016911631933,False
e1bcfb7b-6cf2-4a73-8aae-6a4786a94534,e1bcfb7b-6cf2-4a73-8aae-6a4786a94534:2:95,2,95,HISTORICAL:CYCLE-000010-20260731T035444000000:00000901,CYCLE-000010-20260731T035444000000,10,2026-07-31T03:54:44.000+00:00,MET,METvsvVRapdj9cFLzq4Tr43xK4tAjQfwX76z3n6mWQL,HISTORICAL,HISTORICAL_UNVALIDATED,BASE_FILTER_ONLY,0.00012600000000007223,1.0,0.0,61.517887656764586,60.011413100323935,219.31624857515655,281.58788724039186,340.84554933224507,1500.0,False,0.0005,0.0048523354028313734,0.005352335402831374,14.129389568072705,1.1880857597733863,0.0015317475327846092,0.985,False,False,False,False,True,CONFIRMED,,-0.006758082935615911,0.006884082935615983,2026-08-01T04:49:50.207+00:00,0.0005,0.0048523354028313734,0.0014129389568072704,0.00011880857597733862,0.0015317475327846092,42.47885240339925,12.156726450664532,54.63557885406378,False
e1bcfb7b-6cf2-4a73-8aae-6a4786a94534,e1bcfb7b-6cf2-4a73-8aae-6a4786a94534:2:96,2,96,HISTORICAL:CYCLE-000010-20260731T035444000000:00000901,CYCLE-000010-20260731T035444000000,10,2026-07-31T03:54:44.000+00:00,MET,METvsvVRapdj9cFLzq4Tr43xK4tAjQfwX76z3n6mWQL,HISTORICAL,HISTORICAL_UNVALIDATED,BASE_FILTER_ONLY,0.00012600000000007223,1.0,0.0,61.194339892850145,111.85552814146924,80.10725067008643,622.8825057238028,253.15711870440583,1500.0,False,0.0005,0.0045763982305628845,0.005076398230562884,9.459268204220047,0.6169246801704342,0.0010076192884390482,0.985,False,False,False,False,True,CONFIRMED,,-0.00595801751900186,0.006084017519001932,2026-08-01T04:49:50.207+00:00,0.0005,0.0045763982305628845,0.0009459268204220047,6.169246801704342e-05,0.0010076192884390482,40.288874845714076,7.9969784796704015,48.28585332538448,False
e1bcfb7b-6cf2-4a73-8aae-6a4786a94534,e1bcfb7b-6cf2-4a73-8aae-6a4786a94534:2:97,2,97,HISTORICAL:CYCLE-000010-20260731T035444000000:00000901,CYCLE-000010-20260731T035444000000,10,2026-07-31T03:54:44.000+00:00,MET,METvsvVRapdj9cFLzq4Tr43xK4tAjQfwX76z3n6mWQL,HISTORICAL,HISTORICAL_UNVALIDATED,BASE_FILTER_ONLY,0.00012600000000007223,1.0,0.0,101.43327663691048,23.774447168133012,60.21735455918168,430.85937293029986,185.42507836422516,1500.0,False,0.0005,0.0026009030117395185,0.0031009030117395186,13.061394182539035,9.476140708465621,0.0022537534891004653,0.985,False,False,False,False,True,CONFIRMED,,-0.005228656500839911,0.005354656500839983,2026-08-01T04:49:50.207+00:00,0.0005,0.0026009030117395185,0.0013061394182539035,0.0009476140708465622,0.0022537534891004653,24.610341362997943,17.88693245316804,42.49727381616598,False
e1bcfb7b-6cf2-4a73-8aae-6a4786a94534,e1bcfb7b-6cf2-4a73-8aae-6a4786a94534:2:98,2,98,HISTORICAL:CYCLE-000010-20260731T035444000000:00000901,CYCLE-000010-20260731T035444000000,10,2026-07-31T03:54:44.000+00:00,MET,METvsvVRapdj9cFLzq4Tr43xK4tAjQfwX76z3n6mWQL,HISTORICAL,HISTORICAL_UNVALIDATED,BASE_FILTER_ONLY,0.00012600000000007223,1.0,0.0,112.98741442778733,42.30613695763279,207.07966402623498,516.170590219744,362.3732154116551,1500.0,False,0.0005,0.004911809895561986,0.005411809895561986,4.324387693451706,5.411915394348368,0.0009736303087800074,0.985,True,False,False,False,False,MISSED,OPPORTUNITY_MISSED,0.0,0.00012600000000007223,2026-08-01T04:49:50.207+00:00,0.0005,0.004911809895561986,0.0004324387693451706,0.0005411915394348368,0.0009736303087800074,42.95087218697526,7.727224672852771,1.0,False
e1bcfb7b-6cf2-4a73-8aae-6a4786a94534,e1bcfb7b-6cf2-4a73-8aae-6a4786a94534:2:99,2,99,HISTORICAL:CYCLE-000010-20260731T035444000000:00000901,CYCLE-000010-20260731T035444000000,10,2026-07-31T03:54:44.000+00:00,MET,METvsvVRapdj9cFLzq4Tr43xK4tAjQfwX76z3n6mWQL,HISTORICAL,HISTORICAL_UNVALIDATED,BASE_FILTER_ONLY,0.00012600000000007223,1.0,0.0,137.89289991868674,55.518118201102524,112.03880149210923,2439.8724932297964,305.44981961189853,1500.0,False,0.0005,0.004689158945375509,0.00518915894537551,6.135684906474283,0.27880363079346937,0.0006414488537267752,0.985,False,False,False,False,True,CONFIRMED,,-0.005704607799102213,0.005830607799102285,2026-08-01T04:49:50.207+00:00,0.0005,0.004689158945375509,0.0006135684906474283,2.7880363079346937e-05,0.0006414488537267752,41.183801153750274,5.090863918463551,46.27466507221383,False
e1bcfb7b-6cf2-4a73-8aae-6a4786a94534,e1bcfb7b-6cf2-4a73-8aae-6a4786a94534:2:100,2,100,HISTORICAL:CYCLE-000010-20260731T035444000000:00000901,CYCLE-000010-20260731T035444000000,10,2026-07-31T03:54:44.000+00:00,MET,METvsvVRapdj9cFLzq4Tr43xK4tAjQfwX76z3n6mWQL,HISTORICAL,HISTORICAL_UNVALIDATED,BASE_FILTER_ONLY,0.00012600000000007223,1.0,0.0,72.04830334561392,51.63667466014036,190.71708054698504,952.4592195209694,314.40205855273933,1500.0,False,0.0005,0.0026743176647802134,0.0031743176647802134,2.143815490115131,6.340137820750224,0.0008483953310865354,0.985,False,False,False,False,True,CONFIRMED,,-0.0038967129958666765,0.004022712995866749,2026-08-01T04:49:50.207+00:00,0.0005,0.0026743176647802134,0.00021438154901151312,0.0006340137820750224,0.0008483953310865354,25.19299733951106,6.733296278460706,31.926293617971766,False
e1bcfb7b-6cf2-4a73-8aae-6a4786a94534,e1bcfb7b-6cf2-4a73-8aae-6a4786a94534:3:1,3,1,HISTORICAL:CYCLE-000011-20260731T040859000000:00001001,CYCLE-000011-20260731T040859000000,11,2026-07-31T04:08:59.000+00:00,BIRB,G7vQWurMkMMm2dU3iZpXYFTHT9Biio4F4gZCrwFpKNwG,HISTORICAL,HISTORICAL_UNVALIDATED,BASE_FILTER_ONLY,0.00113399999999997,0.9999999999999999,0.0,142.4449136013819,88.77136139844521,244.50685998586656,1987.1714108648043,475.72313498569366,1500.0,False,0.0005,0.0011997978541778993,0.0016997978541778993,14.60771699361231,1.181505724299382,0.0015789222717911692,0.985,False,False,False,False,True,CONFIRMED,,-0.002144720125969098,0.0032787201259690682,2026-08-01T04:49:50.208+00:00,0.0005,0.0011997978541778993,0.0014607716993612309,0.00011815057242993818,0.0015789222717911692,1.4989399066824904,1.3923476823555652,2.8912875890380554,False
e1bcfb7b-6cf2-4a73-8aae-6a4786a94534,e1bcfb7b-6cf2-4a73-8aae-6a4786a94534:3:2,3,2,HISTORICAL:CYCLE-000011-20260731T040859000000:00001001,CYCLE-000011-20260731T040859000000,11,2026-07-31T04:08:59.000+00:00,BIRB,G7vQWurMkMMm2dU3iZpXYFTHT9Biio4F4gZCrwFpKNwG,HISTORICAL,HISTORICAL_UNVALIDATED,BASE_FILTER_ONLY,0.00113399999999997,0.9999999999999999,0.0,51.727078313195825,81.21523034365151,57.20075549395224,1442.1968168202595,190.14306415079957,1500.0,False,0.0005,0.002128674386431214,0.002628674386431214,10.572815346088849,9.853916933966286,0.002042673228005513,0.985,False,False,False,False,True,CONFIRMED,,-0.003537347614436757,0.0046713476144367265,2026-08-01T04:49:50.208+00:00,0.0005,0.002128674386431214,0.0010572815346088847,0.0009853916933966285,0.002042673228005513,2.318055014489668,1.801299142862052,4.11935415735172,False
e1bcfb7b-6cf2-4a73-8aae-6a4786a94534,e1bcfb7b-6cf2-4a73-8aae-6a4786a94534:3:3,3,3,HISTORICAL:CYCLE-000011-20260731T040859000000:00001001,CYCLE-000011-20260731T040859000000,11,2026-07-31T04:08:59.000+00:00,BIRB,G7vQWurMkMMm2dU3iZpXYFTHT9Biio4F4gZCrwFpKNwG,HISTORICAL,HISTORICAL_UNVALIDATED,BASE_FILTER_ONLY,0.00113399999999997,0.9999999999999999,0.0,107.20787774746309,33.997030637696696,111.15507310723929,934.5559201719099,252.35998149239907,1500.0,False,0.0005,0.0003728599120323621,0.0008728599120323621,6.685023905727214,8.672264868934425,0.0015357288774661638,0.985,False,False,False,False,True,CONFIRMED,,-0.0012745887894985558,0.002408588789498526,2026-08-01T04:49:50.208+00:00,0.0005,0.0003728599120323621,0.0006685023905727214,0.0008672264868934424,0.0015357288774661638,0.7697177354782937,1.3542582693705505,2.1239760048488443,False
e1bcfb7b-6cf2-4a73-8aae-6a4786a94534,e1bcfb7b-6cf2-4a73-8aae-6a4786a94534:3:4,3,4,HISTORICAL:CYCLE-000011-20260731T040859000000:00001001,CYCLE-000011-20260731T040859000000,11,2026-07-31T04:08:59.000+00:00,BIRB,G7vQWurMkMMm2dU3iZpXYFTHT9Biio4F4gZCrwFpKNwG,HISTORICAL,HISTORICAL_UNVALIDATED,BASE_FILTER_ONLY,0.00113399999999997,0.9999999999999999,0.0,69.89741133171361,58.334358509971224,98.18884057227298,1462.326701643645,226.42061041395783,1500.0,False,0.0005,0.003788248704829437,0.004288248704829438,8.21553754438746,3.416966715464734,0.0011632504259852191,0.985,False,False,False,False,True,CONFIRMED,,-0.004317499130814686,0.005451499130814656,2026-08-01T04:49:50.208+00:00,0.0005,0.003788248704829437,0.0008215537544387459,0.0003416966715464734,0.0011632504259852191,3.781524431066623,1.0257940264420191,4.807318457508642,False
e1bcfb7b-6cf2-4a73-8aae-6a4786a94534,e1bcfb7b-6cf2-4a73-8aae-6a4786a94534:3:5,3,5,HISTORICAL:CYCLE-000011-20260731T040859000000:00001001,CYCLE-000011-20260731T040859000000,11,2026-07-31T04:08:59.000+00:00,BIRB,G7vQWurMkMMm2dU3iZpXYFTHT9Biio4F4gZCrwFpKNwG,HISTORICAL,HISTORICAL_UNVALIDATED,BASE_FILTER_ONLY,0.00113399999999997,0.9999999999999999,0.0,38.201933626481804,87.07567378814264,102.24762158963128,896.8703248220127,227.52522900425572,1500.0,False,0.0005,0.0005136934988641877,0.0010136934988641878,9.198360724535078,7.718451291163513,0.0016916812015698587,0.985,False,False,False,False,True,CONFIRMED,,-0.0015713747004340764,0.0027053747004340467,2026-08-01T04:49:50.208+00:00,0.0005,0.0005136934988641877,0.0009198360724535077,0.0007718451291163512,0.0016916812015698587,0.8939096109913708,1.4917823647000912,2.3856919756914623,False
e1bcfb7b-6cf2-4a73-8aae-6a4786a94534,e1bcfb7b-6cf2-4a73-8aae-6a4786a94534:3:6,3,6,HISTORICAL:CYCLE-000011-20260731T040859000000:00001001,CYCLE-000011-20260731T040859000000,11,2026-07-31T04:08:59.000+00:00,BIRB,G7vQWurMkMMm2dU3iZpXYFTHT9Biio4F4gZCrwFpKNwG,HISTORICAL,HISTORICAL_UNVALIDATED,BASE_FILTER_ONLY,0.00113399999999997,0.9999999999999999,0.0,35.61440643063374,118.98099412545824,74.00680824907167,1280.1608880388162,228.60220880516366,1500.0,False,0.0005,0.0035833665195438283,0.004083366519543828,2.8668514861861953,5.192294783577695,0.0008059146269763888,0.985,False,False,False,False,True,CONFIRMED,,-0.0037552811465202465,0.004889281146520217,2026-08-01T04:49:50.208+00:00,0.0005,0.0035833665195438283,0.0002866851486186195,0.0005192294783577694,0.0008059146269763888,3.6008523100034706,0.7106830925717902,4.31153540257526,False
e1bcfb7b-6cf2-4a73-8aae-6a4786a94534,e1bcfb7b-6cf2-4a73-8aae-6a4786a94534:3:7,3,7,HISTORICAL:CYCLE-000011-20260731T040859000000:00001001,CYCLE-000011-20260731T040859000000,11,2026-07-31T04:08:59.000+00:00,BIRB,G7vQWurMkMMm2dU3iZpXYFTHT9Biio4F4gZCrwFpKNwG,HISTORICAL,HISTORICAL_UNVALIDATED,BASE_FILTER_ONLY,0.00113399999999997,0.9999999999999999,0.0,76.01807069538333,44.73247501850354,203.00342766718936,1140.0064309629659,323.7539733810762,1500.0,False,0.0005,0.0032262541136361517,0.0037262541136361517,4.805959918918673,8.372546623376213,0.0013178506542294885,0.985,False,False,False,False,True,CONFIRMED,,-0.00391010476786567,0.00504410476786564,2026-08-01T04:49:50.208+00:00,0.0005,0.0032262541136361517,0.00048059599189186725,0.0008372546623376211,0.0013178506542294885,3.2859383718132715,1.162125797380532,4.448064169193803,False
e1bcfb7b-6cf2-4a73-8aae-6a4786a94534,e1bcfb7b-6cf2-4a73-8aae-6a4786a94534:3:8,3,8,HISTORICAL:CYCLE-000011-20260731T040859000000:00001001,CYCLE-000011-20260731T040859000000,11,2026-07-31T04:08:59.000+00:00,BIRB,G7vQWurMkMMm2dU3iZpXYFTHT9Biio4F4gZCrwFpKNwG,HISTORICAL,HISTORICAL_UNVALIDATED,BASE_FILTER_ONLY,0.00113399999999997,0.9999999999999999,0.0,23.540748688462138,74.2443534950294,82.190562423769,2104.129807119667,179.97566460726054,1500.0,False,0.0005,0.004991693960258311,0.005491693960258311,7.2044591240264015,7.210000472881232,0.0014414459596907632,0.985,False,False,False,False,True,CONFIRMED,,-0.005799139919949104,0.006933139919949074,2026-08-01T04:49:50.208+00:00,0.0005,0.004991693960258311,0.0007204459124026401,0.0007210000472881231,0.0014414459596907632,4.842763633384882,1.2711163665703715,6.113879999955253,False
e1bcfb7b-6cf2-4a73-8aae-6a4786a94534,e1bcfb7b-6cf2-4a73-8aae-6a4786a94534:3:9,3,9,HISTORICAL:CYCLE-000011-20260731T040859000000:00001001,CYCLE-000011-20260731T040859000000,11,2026-07-31T04:08:59.000+00:00,BIRB,G7vQWurMkMMm2dU3iZpXYFTHT9Biio4F4gZCrwFpKNwG,HISTORICAL,HISTORICAL_UNVALIDATED,BASE_FILTER_ONLY,0.00113399999999997,0.9999999999999999,0.0,139.48808276109276,27.97579020840027,20.522466063334274,394.71314397353683,187.9863390328273,1500.0,False,0.0005,0.0032313399863691085,0.0037313399863691085,0.30311920606994336,8.208761180975186,0.0008511880387045128,0.985,False,False,False,False,True,CONFIRMED,,-0.0034485280250736512,0.004582528025073621,2026-08-01T04:49:50.208+00:00,0.0005,0.0032313399863691085,3.0311920606994332e-05,0.0008208761180975184,0.0008511880387045128,3.2904232684031807,0.7506067360710187,4.041030004474199,False
e1bcfb7b-6cf2-4a73-8aae-6a4786a94534,e1bcfb7b-6cf2-4a73-8aae-6a4786a94534:3:10,3,10,HISTORICAL:CYCLE-000011-20260731T040859000000:00001001,CYCLE-000011-20260731T040859000000,11,2026-07-31T04:08:59.000+00:00,BIRB,G7vQWurMkMMm2dU3iZpXYFTHT9Biio4F4gZCrwFpKNwG,HISTORICAL,HISTORICAL_UNVALIDATED,BASE_FILTER_ONLY,0.00113399999999997,0.9999999999999999,0.0,125.21293440103116,80.18849768309488,179.6457232963785,787.8983245541484,385.04715538050453,1500.0,False,0.0005,0.0025360653598380436,0.0030360653598380436,12.712252118119133,1.3326734385459926,0.0014044925556665124,0.985,False,False,False,False,True,CONFIRMED,,-0.003306557915504586,0.004440557915504556,2026-08-01T04:49:50.208+00:00,0.0005,0.0025360653598380436,0.0012712252118119132,0.00013326734385459924,0.0014044925556665124,2.6773063137902327,1.238529590534876,3.9158359043251085,False
e1bcfb7b-6cf2-4a73-8aae-6a4786a94534,e1bcfb7b-6cf2-4a73-8aae-6a4786a94534:3:11,3,11,HISTORICAL:CYCLE-000011-20260731T040859000000:00001001,CYCLE-000011-20260731T040859000000,11,2026-07-31T04:08:59.000+00:00,BIRB,G7vQWurMkMMm2dU3iZpXYFTHT9Biio4F4gZCrwFpKNwG,HISTORICAL,HISTORICAL_UNVALIDATED,BASE_FILTER_ONLY,0.00113399999999997,0.9999999999999999,0.0,136.6828511091668,22.51411521267627,105.65425043002041,1911.2267637715054,264.8512167518635,1500.0,False,0.0005,0.000714872425973209,0.001214872425973209,11.524744130123358,1.722132562180968,0.0013246876692304325,0.985,False,False,False,False,True,CONFIRMED,,-0.0014055600952036715,0.0025395600952036416,2026-08-01T04:49:50.208+00:00,0.0005,0.000714872425973209,0.0011524744130123356,0.0001722132562180968,0.0013246876692304325,1.0713160722868087,1.1681549111379783,2.2394709834247872,False
e1bcfb7b-6cf2-4a73-8aae-6a4786a94534,e1bcfb7b-6cf2-4a73-8aae-6a4786a94534:3:12,3,12,HISTORICAL:CYCLE-000011-20260731T040859000000:00001001,CYCLE-000011-20260731T040859000000,11,2026-07-31T04:08:59.000+00:00,BIRB,G7vQWurMkMMm2dU3iZpXYFTHT9Biio4F4gZCrwFpKNwG,HISTORICAL,HISTORICAL_UNVALIDATED,BASE_FILTER_ONLY,0.00113399999999997,0.9999999999999999,0.0,29.859279361417222,29.039781493108922,127.76712708495397,823.7090124803924,186.6661879394801,1500.0,False,0.0005,0.003126535561805832,0.003626535561805832,7.635724042223793,2.2537407623947514,0.0009889464804618542,0.985,True,False,False,False,False,MISSED,OPPORTUNITY_MISSED,0.0,0.00113399999999997,2026-08-01T04:49:50.208+00:00,0.0005,0.003126535561805832,0.0007635724042223792,0.0002253740762394751,0.0009889464804618542,3.1980031409223346,0.8720868434408116,1.0,False
e1bcfb7b-6cf2-4a73-8aae-6a4786a94534,e1bcfb7b-6cf2-4a73-8aae-6a4786a94534:3:13,3,13,HISTORICAL:CYCLE-000011-20260731T040859000000:00001001,CYCLE-000011-20260731T040859000000,11,2026-07-31T04:08:59.000+00:00,BIRB,G7vQWurMkMMm2dU3iZpXYFTHT9Biio4F4gZCrwFpKNwG,HISTORICAL,HISTORICAL_UNVALIDATED,BASE_FILTER_ONLY,0.00113399999999997,0.9999999999999999,0.0,102.45652831613826,111.276319852811,150.28963974525615,698.0319503532861,364.0224879142054,1500.0,False,0.0005,0.001693045222492035,0.002193045222492035,1.59899892589342,7.740755239674423,0.0009339754165567842,0.985,False,False,False,False,True,CONFIRMED,,-0.0019930206390488493,0.0031270206390488194,2026-08-01T04:49:50.208+00:00,0.0005,0.001693045222492035,0.00015989989258934198,0.0007740755239674422,0.0009339754165567842,1.9339023126032564,0.8236114784451577,2.757513791048414,False
e1bcfb7b-6cf2-4a73-8aae-6a4786a94534,e1bcfb7b-6cf2-4a73-8aae-6a4786a94534:3:14,3,14,HISTORICAL:CYCLE-000011-20260731T040859000000:00001001,CYCLE-000011-20260731T040859000000,11,2026-07-31T04:08:59.000+00:00,BIRB,G7vQWurMkMMm2dU3iZpXYFTHT9Biio4F4gZCrwFpKNwG,HISTORICAL,HISTORICAL_UNVALIDATED,BASE_FILTER_ONLY,0.00113399999999997,0.9999999999999999,0.0,74.86798283539937,30.59083922138333,96.6693030388688,2341.0119980281324,202.1281250956515,1500.0,False,0.0005,0.0014917628036131712,0.001991762803613171,9.583805982419833,6.037840547345329,0.001562164652976516,0.985,False,False,False,False,True,CONFIRMED,,-0.002419927456589717,0.003553927456589687,2026-08-01T04:49:50.208+00:00,0.0005,0.0014917628036131712,0.0009583805982419831,0.0006037840547345328,0.001562164652976516,1.756404588724183,1.377570240720068,3.1339748294442513,False
e1bcfb7b-6cf2-4a73-8aae-6a4786a94534,e1bcfb7b-6cf2-4a73-8aae-6a4786a94534:3:15,3,15,HISTORICAL:CYCLE-000011-20260731T040859000000:00001001,CYCLE-000011-20260731T040859000000,11,2026-07-31T04:08:59.000+00:00,BIRB,G7vQWurMkMMm2dU3iZpXYFTHT9Biio4F4gZCrwFpKNwG,HISTORICAL,HISTORICAL_UNVALIDATED,BASE_FILTER_ONLY,0.00113399999999997,0.9999999999999999,0.0,88.7884800454373,37.87680451801616,24.246306556119215,625.4310640277483,150.91159111957268,1500.0,False,0.0005,0.0009080921072293283,0.0014080921072293284,14.08012157624238,9.767103073366675,0.002384722464960905,0.985,False,False,False,False,True,CONFIRMED,,-0.0026588145721902633,0.0037928145721902334,2026-08-01T04:49:50.208+00:00,0.0005,0.0009080921072293283,0.0014080121576242378,0.0009767103073366674,0.002384722464960905,1.241703798262227,2.1029298632812767,3.344633661543504,False
e1bcfb7b-6cf2-4a73-8aae-6a4786a94534,e1bcfb7b-6cf2-4a73-8aae-6a4786a94534:3:16,3,16,HISTORICAL:CYCLE-000011-20260731T040859000000:00001001,CYCLE-000011-20260731T040859000000,11,2026-07-31T04:08:59.000+00:00,BIRB,G7vQWurMkMMm2dU3iZpXYFTHT9Biio4F4gZCrwFpKNwG,HISTORICAL,HISTORICAL_UNVALIDATED,BASE_FILTER_ONLY,0.00113399999999997,0.9999999999999999,0.0,80.37296032671189,110.65622210018009,27.033324784919397,1154.411557434977,218.06250721181135,1500.0,False,0.0005,0.001355639501665329,0.001855639501665329,3.1957130146905444,5.288647427680387,0.000848436044237093,0.985,False,False,False,False,True,CONFIRMED,,-0.001570075545902452,0.002704075545902422,2026-08-01T04:49:50.208+00:00,0.0005,0.001355639501665329,0.0003195713014690544,0.0005288647427680387,0.000848436044237093,1.6363664035849892,0.7481799331896961,2.3845463367746853,False
e1bcfb7b-6cf2-4a73-8aae-6a4786a94534,e1bcfb7b-6cf2-4a73-8aae-6a4786a94534:3:17,3,17,HISTORICAL:CYCLE-000011-20260731T040859000000:00001001,CYCLE-000011-20260731T040859000000,11,2026-07-31T04:08:59.000+00:00,BIRB,G7vQWurMkMMm2dU3iZpXYFTHT9Biio4F4gZCrwFpKNwG,HISTORICAL,HISTORICAL_UNVALIDATED,BASE_FILTER_ONLY,0.00113399999999997,0.9999999999999999,0.0,37.99007001383018,106.40876108442308,101.34494401105943,1226.7223431591733,245.74377510931268,1500.0,False,0.0005,0.0021075618637909667,0.0026075618637909667,1.4588512393806279,7.753340165617257,0.0009212191404997883,0.985,False,False,False,False,True,CONFIRMED,,-0.002394781004290785,0.003528781004290755,2026-08-01T04:49:50.208+00:00,0.0005,0.0021075618637909667,0.00014588512393806278,0.0007753340165617257,0.0009212191404997883,2.299437269656998,0.8123625577599758,3.1117998274169736,False
e1bcfb7b-6cf2-4a73-8aae-6a4786a94534,e1bcfb7b-6cf2-4a73-8aae-6a4786a94534:3:18,3,18,HISTORICAL:CYCLE-000011-20260731T040859000000:00001001,CYCLE-000011-20260731T040859000000,11,2026-07-31T04:08:59.000+00:00,BIRB,G7vQWurMkMMm2dU3iZpXYFTHT9Biio4F4gZCrwFpKNwG,HISTORICAL,HISTORICAL_UNVALIDATED,BASE_FILTER_ONLY,0.00113399999999997,0.9999999999999999,0.0,105.68003912737751,97.41173882607272,106.39126660406143,1924.6739769928856,309.4830445575117,1500.0,False,0.0005,0.004102291061056852,0.004602291061056852,11.28286745209847,2.9140495681109355,0.0014196917020209403,0.985,False,False,False,False,True,CONFIRMED,,-0.004887982763077822,0.006021982763077792,2026-08-01T04:49:50.208+00:00,0.0005,0.004102291061056852,0.0011282867452098468,0.0002914049568110935,0.0014196917020209403,4.0584577257998005,1.25193271783155,5.31039044363135,False
e1bcfb7b-6cf2-4a73-8aae-6a4786a94534,e1bcfb7b-6cf2-4a73-8aae-6a4786a94534:3:19,3,19,HISTORICAL:CYCLE-000011-20260731T040859000000:00001001,CYCLE-000011-20260731T040859000000,11,2026-07-31T04:08:59.000+00:00,BIRB,G7vQWurMkMMm2dU3iZpXYFTHT9Biio4F4gZCrwFpKNwG,HISTORICAL,HISTORICAL_UNVALIDATED,BASE_FILTER_ONLY,0.00113399999999997,0.9999999999999999,0.0,42.32201127310188,31.439246755687236,32.71622915973063,2225.249033621654,106.47748718851975,1500.0,False,0.0005,0.0039653182176102855,0.004465318217610285,3.33299818393435,8.429701430090821,0.001176269961402517,0.985,False,False,False,False,True,CONFIRMED,,-0.004507588179012832,0.005641588179012802,2026-08-01T04:49:50.208+00:00,0.0005,0.0039653182176102855,0.00033329981839343495,0.000842970143009082,0.001176269961402517,3.937670385899826,1.0372750982385786,4.974945484138405,False
e1bcfb7b-6cf2-4a73-8aae-6a4786a94534,e1bcfb7b-6cf2-4a73-8aae-6a4786a94534:3:20,3,20,HISTORICAL:CYCLE-000011-20260731T040859000000:00001001,CYCLE-000011-20260731T040859000000,11,2026-07-31T04:08:59.000+00:00,BIRB,G7vQWurMkMMm2dU3iZpXYFTHT9Biio4F4gZCrwFpKNwG,HISTORICAL,HISTORICAL_UNVALIDATED,BASE_FILTER_ONLY,0.00113399999999997,0.9999999999999999,0.0,76.95338469081503,87.53487567786459,96.8686228425482,671.6421814294847,261.3568832112278,1500.0,False,0.0005,0.0004954422520176519,0.000995442252017652,14.307438419469834,9.79577209727399,0.0024103210516743818,0.985,False,False,False,False,True,CONFIRMED,,-0.0022717633036920637,0.0034057633036920338,2026-08-01T04:49:50.208+00:00,0.0005,0.0004954422520176519,0.0014307438419469832,0.0009795772097273988,0.0024103210516743818,0.8778150370526263,2.1255035729051546,3.003318609957781,False
e1bcfb7b-6cf2-4a73-8aae-6a4786a94534,e1bcfb7b-6cf2-4a73-8aae-6a4786a94534:3:21,3,21,HISTORICAL:CYCLE-000011-20260731T040859000000:00001001,CYCLE-000011-20260731T040859000000,11,2026-07-31T04:08:59.000+00:00,BIRB,G7vQWurMkMMm2dU3iZpXYFTHT9Biio4F4gZCrwFpKNwG,HISTORICAL,HISTORICAL_UNVALIDATED,BASE_FILTER_ONLY,0.00113399999999997,0.9999999999999999,0.0,136.42456093177765,36.997924408371134,145.3725646073808,775.1233235404662,318.7950499475296,1500.0,False,0.0005,0.002071622587934302,0.002571622587934302,11.265410035329953,4.08245292921281,0.001534786296454276,0.985,False,False,False,False,True,CONFIRMED,,-0.0029724088843886077,0.004106408884388578,2026-08-01T04:49:50.208+00:00,0.0005,0.002071622587934302,0.001126541003532995,0.0004082452929212809,0.001534786296454276,2.2677447865382447,1.3534270691837007,3.621171855721945,False
e1bcfb7b-6cf2-4a73-8aae-6a4786a94534,e1bcfb7b-6cf2-4a73-8aae-6a4786a94534:3:22,3,22,HISTORICAL:CYCLE-000011-20260731T040859000000:00001001,CYCLE-000011-20260731T040859000000,11,2026-07-31T04:08:59.000+00:00,BIRB,G7vQWurMkMMm2dU3iZpXYFTHT9Biio4F4gZCrwFpKNwG,HISTORICAL,HISTORICAL_UNVALIDATED,BASE_FILTER_ONLY,0.00113399999999997,0.9999999999999999,0.0,105.39685030389316,72.1853342238011,225.32504153253177,1792.9377554367645,402.90722606022604,1500.0,False,0.0005,0.003061305365972229,0.003561305365972229,2.3832545853808975,2.7485334369867696,0.0005131788022367666,0.985,False,False,False,False,True,CONFIRMED,,-0.0029404841682090254,0.004074484168208995,2026-08-01T04:49:50.208+00:00,0.0005,0.003061305365972229,0.00023832545853808972,0.0002748533436986769,0.0005131788022367666,3.1404809223741825,0.4525386263110936,3.5930195486852754,False
e1bcfb7b-6cf2-4a73-8aae-6a4786a94534,e1bcfb7b-6cf2-4a73-8aae-6a4786a94534:3:23,3,23,HISTORICAL:CYCLE-000011-20260731T040859000000:00001001,CYCLE-000011-20260731T040859000000,11,2026-07-31T04:08:59.000+00:00,BIRB,G7vQWurMkMMm2dU3iZpXYFTHT9Biio4F4gZCrwFpKNwG,HISTORICAL,HISTORICAL_UNVALIDATED,BASE_FILTER_ONLY,0.00113399999999997,0.9999999999999999,0.0,137.70339427011072,25.001376488746203,179.64327430823488,635.9749654402821,342.3480450670918,1500.0,False,0.0005,0.004125665472689312,0.004625665472689312,10.766807434770053,6.745435561138192,0.0017512242995908242,0.985,False,False,False,False,True,CONFIRMED,,-0.005242889772280167,0.006376889772280137,2026-08-01T04:49:50.208+00:00,0.0005,0.004125665472689312,0.001076680743477005,0.0006745435561138192,0.0017512242995908242,4.079070081736715,1.544289505812055,5.623359587548769,False
e1bcfb7b-6cf2-4a73-8aae-6a4786a94534,e1bcfb7b-6cf2-4a73-8aae-6a4786a94534:3:24,3,24,HISTORICAL:CYCLE-000011-20260731T040859000000:00001001,CYCLE-000011-20260731T040859000000,11,2026-07-31T04:08:59.000+00:00,BIRB,G7vQWurMkMMm2dU3iZpXYFTHT9Biio4F4gZCrwFpKNwG,HISTORICAL,HISTORICAL_UNVALIDATED,BASE_FILTER_ONLY,0.00113399999999997,0.9999999999999999,0.0,147.63067643088266,112.15391768192586,128.37846297346204,703.2213440309373,388.16305708627056,1500.0,False,0.0005,0.002822824964435294,0.003322824964435294,12.901218445717229,4.657530780460871,0.0017558749226178098,0.985,False,False,False,False,True,CONFIRMED,,-0.0039446998870531335,0.005078699887053104,2026-08-01T04:49:50.208+00:00,0.0005,0.002822824964435294,0.0012901218445717226,0.0004657530780460871,0.0017558749226178098,2.930180744652012,1.548390584319097,4.478571328971109,False
e1bcfb7b-6cf2-4a73-8aae-6a4786a94534,e1bcfb7b-6cf2-4a73-8aae-6a4786a94534:3:25,3,25,HISTORICAL:CYCLE-000011-20260731T040859000000:00001001,CYCLE-000011-20260731T040859000000,11,2026-07-31T04:08:59.000+00:00,BIRB,G7vQWurMkMMm2dU3iZpXYFTHT9Biio4F4gZCrwFpKNwG,HISTORICAL,HISTORICAL_UNVALIDATED,BASE_FILTER_ONLY,0.00113399999999997,0.9999999999999999,0.0,101.7106963188065,97.53772328642026,127.00885459230005,1312.1522788365319,326.25727419752684,1500.0,False,0.0005,0.002797744439175936,0.003297744439175936,3.9505625809971305,4.823229714450794,0.0008773792295447922,0.985,False,False,False,False,True,CONFIRMED,,-0.003041123668720758,0.004175123668720728,2026-08-01T04:49:50.208+00:00,0.0005,0.002797744439175936,0.000395056258099713,0.0004823229714450793,0.0008773792295447922,2.9080638793439357,0.7737030242899606,3.6817669036338962,False
e1bcfb7b-6cf2-4a73-8aae-6a4786a94534,e1bcfb7b-6cf2-4a73-8aae-6a4786a94534:3:26,3,26,HISTORICAL:CYCLE-000011-20260731T040859000000:00001001,CYCLE-000011-20260731T040859000000,11,2026-07-31T04:08:59.000+00:00,BIRB,G7vQWurMkMMm2dU3iZpXYFTHT9Biio4F4gZCrwFpKNwG,HISTORICAL,HISTORICAL_UNVALIDATED,BASE_FILTER_ONLY,0.00113399999999997,0.9999999999999999,0.0,80.49048833787396,100.02301252123266,66.9121468207278,1785.6587364824602,247.4256476798344,1500.0,False,0.0005,0.001098425436817731,0.001598425436817731,12.945931501964761,2.9057040715725337,0.0015851635573537293,0.985,False,False,False,False,True,CONFIRMED,,-0.00204958899417149,0.00318358899417146,2026-08-01T04:49:50.208+00:00,0.0005,0.001098425436817731,0.0012945931501964758,0.0002905704071572533,0.0015851635573537293,1.4095462405800467,1.397851461511262,2.8073977020913086,False
e1bcfb7b-6cf2-4a73-8aae-6a4786a94534,e1bcfb7b-6cf2-4a73-8aae-6a4786a94534:3:27,3,27,HISTORICAL:CYCLE-000011-20260731T040859000000:00001001,CYCLE-000011-20260731T040859000000,11,2026-07-31T04:08:59.000+00:00,BIRB,G7vQWurMkMMm2dU3iZpXYFTHT9Biio4F4gZCrwFpKNwG,HISTORICAL,HISTORICAL_UNVALIDATED,BASE_FILTER_ONLY,0.00113399999999997,0.9999999999999999,0.0,35.037287132251414,36.963543217828914,67.88965674411712,1939.5941147965439,139.89048709419745,1500.0,False,0.0005,0.0035296470927305124,0.004029647092730512,14.097120066281615,3.4969765222876448,0.0017594096588569258,0.985,False,False,False,False,True,CONFIRMED,,-0.004655056751587468,0.005789056751587438,2026-08-01T04:49:50.214+00:00,0.0005,0.0035296470927305124,0.0014097120066281614,0.00034969765222876443,0.0017594096588569258,3.553480681420299,1.5515076356763424,5.104988317096641,False
e1bcfb7b-6cf2-4a73-8aae-6a4786a94534,e1bcfb7b-6cf2-4a73-8aae-6a4786a94534:3:28,3,28,HISTORICAL:CYCLE-000011-20260731T040859000000:00001001,CYCLE-000011-20260731T040859000000,11,2026-07-31T04:08:59.000+00:00,BIRB,G7vQWurMkMMm2dU3iZpXYFTHT9Biio4F4gZCrwFpKNwG,HISTORICAL,HISTORICAL_UNVALIDATED,BASE_FILTER_ONLY,0.00113399999999997,0.9999999999999999,0.0,119.97575848688874,72.1400275541798,59.719484028068706,2286.6404308639403,251.83527006913724,1500.0,False,0.0005,0.001169636001325383,0.0016696360013253831,4.32857070619951,3.5652845569226232,0.0007893855263122132,0.985,False,False,False,False,True,CONFIRMED,,-0.0013250215276376263,0.0024590215276375964,2026-08-01T04:49:50.215+00:00,0.0005,0.001169636001325383,0.0004328570706199509,0.0003565284556922623,0.0007893855263122132,1.472342152844292,0.6961071660601711,2.168449318904463,False
e1bcfb7b-6cf2-4a73-8aae-6a4786a94534,e1bcfb7b-6cf2-4a73-8aae-6a4786a94534:3:29,3,29,HISTORICAL:CYCLE-000011-20260731T040859000000:00001001,CYCLE-000011-20260731T040859000000,11,2026-07-31T04:08:59.000+00:00,BIRB,G7vQWurMkMMm2dU3iZpXYFTHT9Biio4F4gZCrwFpKNwG,HISTORICAL,HISTORICAL_UNVALIDATED,BASE_FILTER_ONLY,0.00113399999999997,0.9999999999999999,0.0,46.942127710332315,44.845744518752255,127.32765338070034,1580.5126187388928,219.11552560978492,1500.0,False,0.0005,0.004453740529033323,0.004953740529033322,6.916502712436273,7.380007318288094,0.0014296510030724365,0.985,False,False,False,False,True,CONFIRMED,,-0.005249391532105789,0.006383391532105759,2026-08-01T04:49:50.215+00:00,0.0005,0.004453740529033323,0.0006916502712436272,0.0007380007318288093,0.0014296510030724365,4.368377891563892,1.2607151702579138,5.629093061821806,False
e1bcfb7b-6cf2-4a73-8aae-6a4786a94534,e1bcfb7b-6cf2-4a73-8aae-6a4786a94534:3:30,3,30,HISTORICAL:CYCLE-000011-20260731T040859000000:00001001,CYCLE-000011-20260731T040859000000,11,2026-07-31T04:08:59.000+00:00,BIRB,G7vQWurMkMMm2dU3iZpXYFTHT9Biio4F4gZCrwFpKNwG,HISTORICAL,HISTORICAL_UNVALIDATED,BASE_FILTER_ONLY,0.00113399999999997,0.9999999999999999,0.0,105.98411067349036,92.22295769616451,204.9460853756189,2330.000344894635,403.1531537452738,1500.0,False,0.0005,0.0025419642355928814,0.0030419642355928814,10.4663354306533,6.738311230458461,0.0017204646661111757,0.985,False,False,True,False,False,FAILED,RPC_FAILURE,0.0,0.00113399999999997,2026-08-01T04:49:50.215+00:00,0.0005,0.0025419642355928814,0.0010466335430653298,0.000673831123045846,0.0017204646661111757,2.682508144261871,1.517164608563687,1.0,False
e1bcfb7b-6cf2-4a73-8aae-6a4786a94534,e1bcfb7b-6cf2-4a73-8aae-6a4786a94534:3:31,3,31,HISTORICAL:CYCLE-000011-20260731T040859000000:00001001,CYCLE-000011-20260731T040859000000,11,2026-07-31T04:08:59.000+00:00,BIRB,G7vQWurMkMMm2dU3iZpXYFTHT9Biio4F4gZCrwFpKNwG,HISTORICAL,HISTORICAL_UNVALIDATED,BASE_FILTER_ONLY,0.00113399999999997,0.9999999999999999,0.0,85.22651603274825,101.3441858021972,130.92466893585362,1104.6780462402685,317.49537077079907,1500.0,False,0.0005,0.004732644245185395,0.005232644245185394,5.412074615562325,7.862753056984798,0.001327482767254712,0.985,False,False,False,False,True,CONFIRMED,,-0.005426127012440137,0.006560127012440107,2026-08-01T04:49:50.215+00:00,0.0005,0.004732644245185395,0.0005412074615562324,0.0007862753056984797,0.001327482767254712,4.6143247312041735,1.1706197242105354,5.784944455414709,False
e1bcfb7b-6cf2-4a73-8aae-6a4786a94534,e1bcfb7b-6cf2-4a73-8aae-6a4786a94534:3:32,3,32,HISTORICAL:CYCLE-000011-20260731T040859000000:00001001,CYCLE-000011-20260731T040859000000,11,2026-07-31T04:08:59.000+00:00,BIRB,G7vQWurMkMMm2dU3iZpXYFTHT9Biio4F4gZCrwFpKNwG,HISTORICAL,HISTORICAL_UNVALIDATED,BASE_FILTER_ONLY,0.00113399999999997,0.9999999999999999,0.0,56.982263144007,64.28549136265761,141.1637833354735,277.25181165434543,262.43153784213814,1500.0,False,0.0005,0.0007019233630129419,0.001201923363012942,2.9200378556820255,9.459053519245806,0.001237909137492783,0.985,False,False,False,False,True,CONFIRMED,,-0.0013058325005057547,0.002439832500505725,2026-08-01T04:49:50.215+00:00,0.0005,0.0007019233630129419,0.0002920037855682025,0.0009459053519245804,0.001237909137492783,1.059897145514086,1.0916306327097138,2.1515277782238,False
e1bcfb7b-6cf2-4a73-8aae-6a4786a94534,e1bcfb7b-6cf2-4a73-8aae-6a4786a94534:3:33,3,33,HISTORICAL:CYCLE-000011-20260731T040859000000:00001001,CYCLE-000011-20260731T040859000000,11,2026-07-31T04:08:59.000+00:00,BIRB,G7vQWurMkMMm2dU3iZpXYFTHT9Biio4F4gZCrwFpKNwG,HISTORICAL,HISTORICAL_UNVALIDATED,BASE_FILTER_ONLY,0.00113399999999997,0.9999999999999999,0.0,77.39502310066023,36.21010377749664,219.77758866933868,1102.418901709608,333.38271554749554,1500.0,False,0.0005,0.0006442891328616887,0.0011442891328616888,12.97250081651375,2.5680882695649454,0.0015540589086078694,0.985,True,False,False,False,False,MISSED,OPPORTUNITY_MISSED,0.0,0.00113399999999997,2026-08-01T04:49:50.215+00:00,0.0005,0.0006442891328616887,0.0012972500816513747,0.0002568088269564945,0.0015540589086078694,1.0090733094018687,1.3704223179963937,1.0,False
e1bcfb7b-6cf2-4a73-8aae-6a4786a94534,e1bcfb7b-6cf2-4a73-8aae-6a4786a94534:3:34,3,34,HISTORICAL:CYCLE-000011-20260731T040859000000:00001001,CYCLE-000011-20260731T040859000000,11,2026-07-31T04:08:59.000+00:00,BIRB,G7vQWurMkMMm2dU3iZpXYFTHT9Biio4F4gZCrwFpKNwG,HISTORICAL,HISTORICAL_UNVALIDATED,BASE_FILTER_ONLY,0.00113399999999997,0.9999999999999999,0.0,122.8787880706011,95.02446949499159,35.292934076091015,1692.9719942312577,253.1961916416837,1500.0,False,0.0005,0.004268124295994761,0.00476812429599476,14.416972486823996,9.87169326693482,0.002428866575375881,0.985,False,False,False,False,True,CONFIRMED,,-0.006062990871370671,0.007196990871370641,2026-08-01T04:49:50.215+00:00,0.0005,0.004268124295994761,0.0014416972486823994,0.0009871693266934817,0.002428866575375881,4.20469514637997,2.1418576502433377,6.346552796623308,False
e1bcfb7b-6cf2-4a73-8aae-6a4786a94534,e1bcfb7b-6cf2-4a73-8aae-6a4786a94534:3:35,3,35,HISTORICAL:CYCLE-000011-20260731T040859000000:00001001,CYCLE-000011-20260731T040859000000,11,2026-07-31T04:08:59.000+00:00,BIRB,G7vQWurMkMMm2dU3iZpXYFTHT9Biio4F4gZCrwFpKNwG,HISTORICAL,HISTORICAL_UNVALIDATED,BASE_FILTER_ONLY,0.00113399999999997,0.9999999999999999,0.0,102.52488463278488,84.0776366092444,46.13432892784527,792.275848698951,232.73685016987454,1500.0,False,0.0005,0.0003239432863696653,0.0008239432863696653,8.092607639179672,3.4234714135161526,0.0011516079052695822,0.985,False,False,False,False,True,CONFIRMED,,-0.0008415511916392774,0.0019755511916392477,2026-08-01T04:49:50.215+00:00,0.0005,0.0003239432863696653,0.000809260763917967,0.0003423471413516152,0.0011516079052695822,0.7265813812783837,1.0155272533241733,1.7421086346025572,False
e1bcfb7b-6cf2-4a73-8aae-6a4786a94534,e1bcfb7b-6cf2-4a73-8aae-6a4786a94534:3:36,3,36,HISTORICAL:CYCLE-000011-20260731T040859000000:00001001,CYCLE-000011-20260731T040859000000,11,2026-07-31T04:08:59.000+00:00,BIRB,G7vQWurMkMMm2dU3iZpXYFTHT9Biio4F4gZCrwFpKNwG,HISTORICAL,HISTORICAL_UNVALIDATED,BASE_FILTER_ONLY,0.00113399999999997,0.9999999999999999,0.0,140.5171959062941,107.1034819949906,20.278164822983296,458.9134151807119,267.898842724268,1500.0,False,0.0005,0.0007670273023634082,0.0012670273023634082,12.3939303411057,4.246444979896992,0.001664037532100269,0.985,False,False,False,False,True,CONFIRMED,,-0.001797064834463707,0.002931064834463677,2026-08-01T04:49:50.215+00:00,0.0005,0.0007670273023634082,0.0012393930341105697,0.00042464449798969913,0.001664037532100269,1.1173080267755218,1.4674052311290235,2.5847132579045455,False
e1bcfb7b-6cf2-4a73-8aae-6a4786a94534,e1bcfb7b-6cf2-4a73-8aae-6a4786a94534:3:37,3,37,HISTORICAL:CYCLE-000011-20260731T040859000000:00001001,CYCLE-000011-20260731T040859000000,11,2026-07-31T04:08:59.000+00:00,BIRB,G7vQWurMkMMm2dU3iZpXYFTHT9Biio4F4gZCrwFpKNwG,HISTORICAL,HISTORICAL_UNVALIDATED,BASE_FILTER_ONLY,0.00113399999999997,0.9999999999999999,0.0,59.70719270518762,31.630375460677534,159.3677585361361,749.160227024087,250.70532670200126,1500.0,False,0.0005,0.004191036182792644,0.004691036182792645,13.54499315138176,1.8873054336551442,0.0015432298585036901,0.985,False,False,False,False,True,CONFIRMED,,-0.005100266041296365,0.006234266041296335,2026-08-01T04:49:50.215+00:00,0.0005,0.004191036182792644,0.0013544993151381759,0.0001887305433655144,0.0015432298585036901,4.136716210575633,1.3608728910967645,5.497589101672398,False
e1bcfb7b-6cf2-4a73-8aae-6a4786a94534,e1bcfb7b-6cf2-4a73-8aae-6a4786a94534:3:38,3,38,HISTORICAL:CYCLE-000011-20260731T040859000000:00001001,CYCLE-000011-20260731T040859000000,11,2026-07-31T04:08:59.000+00:00,BIRB,G7vQWurMkMMm2dU3iZpXYFTHT9Biio4F4gZCrwFpKNwG,HISTORICAL,HISTORICAL_UNVALIDATED,BASE_FILTER_ONLY,0.00113399999999997,0.9999999999999999,0.0,129.62869339535732,66.0164687547301,121.65064444267627,1502.242151979465,317.29580659276365,1500.0,False,0.0005,0.0008809789435676097,0.0013809789435676096,0.3099600043887979,6.687904555084737,0.0006997864559473534,0.985,False,False,False,False,True,CONFIRMED,,-0.0009467653995149929,0.002080765399514963,2026-08-01T04:49:50.215+00:00,0.0005,0.0008809789435676097,3.099600043887979e-05,0.0006687904555084735,0.0006997864559473534,1.2177944828638854,0.6170956401652309,1.8348901230291161,False
e1bcfb7b-6cf2-4a73-8aae-6a4786a94534,e1bcfb7b-6cf2-4a73-8aae-6a4786a94534:3:39,3,39,HISTORICAL:CYCLE-000011-20260731T040859000000:00001001,CYCLE-000011-20260731T040859000000,11,2026-07-31T04:08:59.000+00:00,BIRB,G7vQWurMkMMm2dU3iZpXYFTHT9Biio4F4gZCrwFpKNwG,HISTORICAL,HISTORICAL_UNVALIDATED,BASE_FILTER_ONLY,0.00113399999999997,0.9999999999999999,0.0,72.15323168893423,31.352792011416547,227.21646517941568,1195.3211949972238,330.72248887976644,1500.0,False,0.0005,0.0005299590602380397,0.0010299590602380398,8.940539926515372,9.454740949855724,0.0018395280876371094,0.985,False,False,False,False,True,CONFIRMED,,-0.001735487147875179,0.002869487147875149,2026-08-01T04:49:50.216+00:00,0.0005,0.0005299590602380397,0.000894053992651537,0.0009454740949855722,0.0018395280876371094,0.9082531395397416,1.6221588074401745,2.5304119469799162,False
e1bcfb7b-6cf2-4a73-8aae-6a4786a94534,e1bcfb7b-6cf2-4a73-8aae-6a4786a94534:3:40,3,40,HISTORICAL:CYCLE-000011-20260731T040859000000:00001001,CYCLE-000011-20260731T040859000000,11,2026-07-31T04:08:59.000+00:00,BIRB,G7vQWurMkMMm2dU3iZpXYFTHT9Biio4F4gZCrwFpKNwG,HISTORICAL,HISTORICAL_UNVALIDATED,BASE_FILTER_ONLY,0.00113399999999997,0.9999999999999999,0.0,32.220007468513806,62.68134438028033,30.906381285987656,1251.368625347897,125.80773313478178,1500.0,False,0.0005,0.0024334311475602104,0.0029334311475602104,7.192642608636119,5.4435017618985695,0.0012636144370534686,0.985,False,False,False,False,True,CONFIRMED,,-0.003063045584613709,0.004197045584613679,2026-08-01T04:49:50.216+00:00,0.0005,0.0024334311475602104,0.0007192642608636118,0.0005443501761898568,0.0012636144370534686,2.5867999537568673,1.1142984453734586,3.7010983991303257,False
e1bcfb7b-6cf2-4a73-8aae-6a4786a94534,e1bcfb7b-6cf2-4a73-8aae-6a4786a94534:3:41,3,41,HISTORICAL:CYCLE-000011-20260731T040859000000:00001001,CYCLE-000011-20260731T040859000000,11,2026-07-31T04:08:59.000+00:00,BIRB,G7vQWurMkMMm2dU3iZpXYFTHT9Biio4F4gZCrwFpKNwG,HISTORICAL,HISTORICAL_UNVALIDATED,BASE_FILTER_ONLY,0.00113399999999997,0.9999999999999999,0.0,123.05964264374394,70.54344068257224,190.10771153598256,1092.4826088293821,383.7107948622987,1500.0,False,0.0005,0.0011196390829027595,0.0016196390829027595,5.9504132671063585,7.376604125668336,0.0013327017392774693,0.985,False,False,False,False,True,CONFIRMED,,-0.0018183408221802587,0.0029523408221802288,2026-08-01T04:49:50.216+00:00,0.0005,0.0011196390829027595,0.0005950413267106358,0.0007376604125668335,0.0013327017392774693,1.4282531595262806,1.175221992308205,2.6034751518344854,False
e1bcfb7b-6cf2-4a73-8aae-6a4786a94534,e1bcfb7b-6cf2-4a73-8aae-6a4786a94534:3:42,3,42,HISTORICAL:CYCLE-000011-20260731T040859000000:00001001,CYCLE-000011-20260731T040859000000,11,2026-07-31T04:08:59.000+00:00,BIRB,G7vQWurMkMMm2dU3iZpXYFTHT9Biio4F4gZCrwFpKNwG,HISTORICAL,HISTORICAL_UNVALIDATED,BASE_FILTER_ONLY,0.00113399999999997,0.9999999999999999,0.0,63.577128203469584,37.60952989453642,125.69013896596337,743.053367097434,226.87679706396938,1500.0,False,0.0005,0.0037370006991614122,0.004237000699161412,12.283894944763594,0.49567078845532575,0.001277956573321892,0.985,False,False,False,False,True,CONFIRMED,,-0.004380957272483334,0.005514957272483304,2026-08-01T04:49:50.216+00:00,0.0005,0.0037370006991614122,0.0012283894944763593,4.956707884553257e-05,0.001277956573321892,3.7363321862094567,1.12694583185355,4.863278018063006,False
e1bcfb7b-6cf2-4a73-8aae-6a4786a94534,e1bcfb7b-6cf2-4a73-8aae-6a4786a94534:3:43,3,43,HISTORICAL:CYCLE-000011-20260731T040859000000:00001001,CYCLE-000011-20260731T040859000000,11,2026-07-31T04:08:59.000+00:00,BIRB,G7vQWurMkMMm2dU3iZpXYFTHT9Biio4F4gZCrwFpKNwG,HISTORICAL,HISTORICAL_UNVALIDATED,BASE_FILTER_ONLY,0.00113399999999997,0.9999999999999999,0.0,86.47913403526002,102.06806030957412,21.214632219446557,1159.582100106241,209.76182656428068,1500.0,False,0.0005,0.004576605789949597,0.005076605789949597,7.323649830977605,1.9625749100012069,0.000928622474097881,0.985,True,True,False,False,False,MISSED,OPPORTUNITY_MISSED,0.0,0.00113399999999997,2026-08-01T04:49:50.216+00:00,0.0005,0.004576605789949597,0.0007323649830977604,0.00019625749100012066,0.000928622474097881,4.4767246824953535,0.8188910706330736,1.0,False
e1bcfb7b-6cf2-4a73-8aae-6a4786a94534,e1bcfb7b-6cf2-4a73-8aae-6a4786a94534:3:44,3,44,HISTORICAL:CYCLE-000011-20260731T040859000000:00001001,CYCLE-000011-20260731T040859000000,11,2026-07-31T04:08:59.000+00:00,BIRB,G7vQWurMkMMm2dU3iZpXYFTHT9Biio4F4gZCrwFpKNwG,HISTORICAL,HISTORICAL_UNVALIDATED,BASE_FILTER_ONLY,0.00113399999999997,0.9999999999999999,0.0,138.2889131020887,43.16232251420453,80.92775018560766,833.6540598244675,262.3789858019009,1500.0,False,0.0005,0.003530986025849419,0.004030986025849418,5.419063001319104,0.055465733116634164,0.0005474528734435738,0.985,False,False,False,False,True,CONFIRMED,,-0.003444438899293022,0.004578438899292992,2026-08-01T04:49:50.216+00:00,0.0005,0.003530986025849419,0.0005419063001319103,5.5465733116634155e-06,0.0005474528734435738,3.554661398456371,0.4827626749943459,4.037424073450717,False
e1bcfb7b-6cf2-4a73-8aae-6a4786a94534,e1bcfb7b-6cf2-4a73-8aae-6a4786a94534:3:45,3,45,HISTORICAL:CYCLE-000011-20260731T040859000000:00001001,CYCLE-000011-20260731T040859000000,11,2026-07-31T04:08:59.000+00:00,BIRB,G7vQWurMkMMm2dU3iZpXYFTHT9Biio4F4gZCrwFpKNwG,HISTORICAL,HISTORICAL_UNVALIDATED,BASE_FILTER_ONLY,0.00113399999999997,0.9999999999999999,0.0,27.665147681939796,60.60656705742019,126.39715545275494,1660.243530424259,214.66887019211492,1500.0,False,0.0005,0.00024737011387200613,0.0007473701138720061,4.660920787714509,5.266607672655967,0.0009927528460370472,0.985,False,False,False,False,True,CONFIRMED,,-0.0006061229599090833,0.0017401229599090535,2026-08-01T04:49:50.216+00:00,0.0005,0.00024737011387200613,0.00046609207877145077,0.0005266607672655966,0.0009927528460370472,0.6590565378060192,0.8754434268404527,1.534499964646472,False
e1bcfb7b-6cf2-4a73-8aae-6a4786a94534,e1bcfb7b-6cf2-4a73-8aae-6a4786a94534:3:46,3,46,HISTORICAL:CYCLE-000011-20260731T040859000000:00001001,CYCLE-000011-20260731T040859000000,11,2026-07-31T04:08:59.000+00:00,BIRB,G7vQWurMkMMm2dU3iZpXYFTHT9Biio4F4gZCrwFpKNwG,HISTORICAL,HISTORICAL_UNVALIDATED,BASE_FILTER_ONLY,0.00113399999999997,0.9999999999999999,0.0,103.38252227302007,53.816104218747675,159.35738731446315,391.3211070373886,316.5560138062309,1500.0,False,0.0005,0.003030782582319043,0.003530782582319043,9.369837998433875,9.704585684460389,0.001907442368289426,0.985,False,False,False,False,True,CONFIRMED,,-0.004304224950608499,0.005438224950608469,2026-08-01T04:49:50.216+00:00,0.0005,0.003030782582319043,0.0009369837998433873,0.0009704585684460387,0.001907442368289426,3.1135648874066457,1.6820479438178804,4.795612831224526,False
e1bcfb7b-6cf2-4a73-8aae-6a4786a94534,e1bcfb7b-6cf2-4a73-8aae-6a4786a94534:3:47,3,47,HISTORICAL:CYCLE-000011-20260731T040859000000:00001001,CYCLE-000011-20260731T040859000000,11,2026-07-31T04:08:59.000+00:00,BIRB,G7vQWurMkMMm2dU3iZpXYFTHT9Biio4F4gZCrwFpKNwG,HISTORICAL,HISTORICAL_UNVALIDATED,BASE_FILTER_ONLY,0.00113399999999997,0.9999999999999999,0.0,78.67646509337901,42.39163992780931,248.02918735332474,1581.7786447806423,369.0972923745131,1500.0,False,0.0005,0.004874425647142983,0.005374425647142984,5.857313062408805,1.192434458973891,0.0007049747521382696,0.985,False,False,False,False,True,CONFIRMED,,-0.004945400399281283,0.0060794003992812535,2026-08-01T04:49:50.216+00:00,0.0005,0.004874425647142983,0.0005857313062408803,0.00011924344589738909,0.0007049747521382696,4.739352422524802,0.6216708572648043,5.361023279789607,False
e1bcfb7b-6cf2-4a73-8aae-6a4786a94534,e1bcfb7b-6cf2-4a73-8aae-6a4786a94534:3:48,3,48,HISTORICAL:CYCLE-000011-20260731T040859000000:00001001,CYCLE-000011-20260731T040859000000,11,2026-07-31T04:08:59.000+00:00,BIRB,G7vQWurMkMMm2dU3iZpXYFTHT9Biio4F4gZCrwFpKNwG,HISTORICAL,HISTORICAL_UNVALIDATED,BASE_FILTER_ONLY,0.00113399999999997,0.9999999999999999,0.0,143.5652955774624,58.668784595035234,170.70150477184401,1157.6379816720641,372.9355849443416,1500.0,False,0.0005,0.0042024553467624156,0.004702455346762415,14.59190859972697,2.7450162772055897,0.0017336924876932556,0.985,False,False,False,False,True,CONFIRMED,,-0.005302147834455701,0.006436147834455671,2026-08-01T04:49:50.216+00:00,0.0005,0.0042024553467624156,0.001459190859972697,0.00027450162772055893,0.0017336924876932556,4.146786020072786,1.5288293542268971,5.675615374299683,False
e1bcfb7b-6cf2-4a73-8aae-6a4786a94534,e1bcfb7b-6cf2-4a73-8aae-6a4786a94534:3:49,3,49,HISTORICAL:CYCLE-000011-20260731T040859000000:00001001,CYCLE-000011-20260731T040859000000,11,2026-07-31T04:08:59.000+00:00,BIRB,G7vQWurMkMMm2dU3iZpXYFTHT9Biio4F4gZCrwFpKNwG,HISTORICAL,HISTORICAL_UNVALIDATED,BASE_FILTER_ONLY,0.00113399999999997,0.9999999999999999,0.0,77.10126153176304,22.138912489559985,234.76875480345888,2276.596712103954,334.0089288247819,1500.0,False,0.0005,0.003698109174455979,0.004198109174455979,11.654157475151745,8.831646270826623,0.002048580374597836,0.985,False,False,False,False,True,CONFIRMED,,-0.005112689549053846,0.006246689549053816,2026-08-01T04:49:50.216+00:00,0.0005,0.003698109174455979,0.0011654157475151743,0.000883164627082662,0.002048580374597836,3.7020363090441712,1.806508266841173,5.508544575885344,False
e1bcfb7b-6cf2-4a73-8aae-6a4786a94534,e1bcfb7b-6cf2-4a73-8aae-6a4786a94534:3:50,3,50,HISTORICAL:CYCLE-000011-20260731T040859000000:00001001,CYCLE-000011-20260731T040859000000,11,2026-07-31T04:08:59.000+00:00,BIRB,G7vQWurMkMMm2dU3iZpXYFTHT9Biio4F4gZCrwFpKNwG,HISTORICAL,HISTORICAL_UNVALIDATED,BASE_FILTER_ONLY,0.00113399999999997,0.9999999999999999,0.0,101.09650007101399,55.1467991501182,53.09524951957676,2121.0435671546247,209.33854874070894,1500.0,False,0.0005,0.004992447491724491,0.00549244749172449,2.9493962825934084,3.999728378866234,0.0006949124661459641,0.985,False,False,False,False,True,CONFIRMED,,-0.005053359957870485,0.006187359957870455,2026-08-01T04:49:50.216+00:00,0.0005,0.004992447491724491,0.0002949396282593408,0.0003999728378866234,0.0006949124661459641,4.843428123213964,0.612797589193988,5.456225712407952,False
e1bcfb7b-6cf2-4a73-8aae-6a4786a94534,e1bcfb7b-6cf2-4a73-8aae-6a4786a94534:3:51,3,51,HISTORICAL:CYCLE-000011-20260731T040859000000:00001001,CYCLE-000011-20260731T040859000000,11,2026-07-31T04:08:59.000+00:00,BIRB,G7vQWurMkMMm2dU3iZpXYFTHT9Biio4F4gZCrwFpKNwG,HISTORICAL,HISTORICAL_UNVALIDATED,BASE_FILTER_ONLY,0.00113399999999997,0.9999999999999999,0.0,99.67760498010257,55.24998703971627,105.56206833939972,1872.6011543321913,260.48966035921853,1500.0,False,0.0005,0.00456786427426898,0.005067864274268981,0.2288075658428207,2.219081595234793,0.00024478891610776133,0.985,False,False,False,False,True,CONFIRMED,,-0.0041786531903767726,0.005312653190376743,2026-08-01T04:49:50.216+00:00,0.0005,0.00456786427426898,2.2880756584282066e-05,0.00022190815952347927,0.00024478891610776133,4.469016114875762,0.2158632417176083,4.684879356593371,False
e1bcfb7b-6cf2-4a73-8aae-6a4786a94534,e1bcfb7b-6cf2-4a73-8aae-6a4786a94534:3:52,3,52,HISTORICAL:CYCLE-000011-20260731T040859000000:00001001,CYCLE-000011-20260731T040859000000,11,2026-07-31T04:08:59.000+00:00,BIRB,G7vQWurMkMMm2dU3iZpXYFTHT9Biio4F4gZCrwFpKNwG,HISTORICAL,HISTORICAL_UNVALIDATED,BASE_FILTER_ONLY,0.00113399999999997,0.9999999999999999,0.0,73.69416678929005,80.60029443450236,191.3201329028215,2205.749881443704,345.61459412661395,1500.0,False,0.0005,0.0033390599686431684,0.0038390599686431684,7.293048770806604,8.333856509938203,0.0015626905280744807,0.985,False,False,False,False,True,CONFIRMED,,-0.004267750496717679,0.005401750496717649,2026-08-01T04:49:50.216+00:00,0.0005,0.0033390599686431684,0.0007293048770806603,0.0008333856509938201,0.0015626905280744807,3.3854144344296913,1.378033975374358,4.763448409804049,False
e1bcfb7b-6cf2-4a73-8aae-6a4786a94534,e1bcfb7b-6cf2-4a73-8aae-6a4786a94534:3:53,3,53,HISTORICAL:CYCLE-000011-20260731T040859000000:00001001,CYCLE-000011-20260731T040859000000,11,2026-07-31T04:08:59.000+00:00,BIRB,G7vQWurMkMMm2dU3iZpXYFTHT9Biio4F4gZCrwFpKNwG,HISTORICAL,HISTORICAL_UNVALIDATED,BASE_FILTER_ONLY,0.00113399999999997,0.9999999999999999,0.0,134.148624881222,58.76523707889419,213.05941470810652,2337.9017375630633,405.9732766682227,1500.0,False,0.0005,0.003978651471851096,0.0044786514718510965,11.056406619292053,1.1561349254734588,0.001221254154476551,0.985,False,False,False,False,True,CONFIRMED,,-0.0045659056263276775,0.005699905626327648,2026-08-01T04:49:50.216+00:00,0.0005,0.003978651471851096,0.0011056406619292052,0.00011561349254734585,0.001221254154476551,3.949428105688902,1.076943698832966,5.026371804521868,False
e1bcfb7b-6cf2-4a73-8aae-6a4786a94534,e1bcfb7b-6cf2-4a73-8aae-6a4786a94534:3:54,3,54,HISTORICAL:CYCLE-000011-20260731T040859000000:00001001,CYCLE-000011-20260731T040859000000,11,2026-07-31T04:08:59.000+00:00,BIRB,G7vQWurMkMMm2dU3iZpXYFTHT9Biio4F4gZCrwFpKNwG,HISTORICAL,HISTORICAL_UNVALIDATED,BASE_FILTER_ONLY,0.00113399999999997,0.9999999999999999,0.0,44.17475262442654,117.71755431452962,39.99172974291784,664.8304520985621,201.884036681874,1500.0,False,0.0005,0.0019721501742426787,0.0024721501742426787,0.6402213779794175,2.032770911366588,0.00026729922893460053,0.985,False,False,False,False,True,CONFIRMED,,-0.0016054494031773091,0.0027394494031772795,2026-08-01T04:49:50.216+00:00,0.0005,0.0019721501742426787,6.402213779794174e-05,0.00020327709113665877,0.00026729922893460053,2.1800266086796682,0.23571360576244055,2.415740214442109,False
e1bcfb7b-6cf2-4a73-8aae-6a4786a94534,e1bcfb7b-6cf2-4a73-8aae-6a4786a94534:3:55,3,55,HISTORICAL:CYCLE-000011-20260731T040859000000:00001001,CYCLE-000011-20260731T040859000000,11,2026-07-31T04:08:59.000+00:00,BIRB,G7vQWurMkMMm2dU3iZpXYFTHT9Biio4F4gZCrwFpKNwG,HISTORICAL,HISTORICAL_UNVALIDATED,BASE_FILTER_ONLY,0.00113399999999997,0.9999999999999999,0.0,53.23694301127695,100.81796908249258,47.715691002862116,1515.6464789554902,201.77060309663165,1500.0,False,0.0005,0.0036218717038675858,0.004121871703867586,2.931743574894343,9.820705962377852,0.0012752449537272194,0.985,False,False,False,False,True,CONFIRMED,,-0.004263116657594835,0.005397116657594805,2026-08-01T04:49:50.216+00:00,0.0005,0.0036218717038675858,0.0002931743574894342,0.000982070596237785,0.0012752449537272194,3.6348074990014942,1.1245546329164489,4.7593621319179436,False
e1bcfb7b-6cf2-4a73-8aae-6a4786a94534,e1bcfb7b-6cf2-4a73-8aae-6a4786a94534:3:56,3,56,HISTORICAL:CYCLE-000011-20260731T040859000000:00001001,CYCLE-000011-20260731T040859000000,11,2026-07-31T04:08:59.000+00:00,BIRB,G7vQWurMkMMm2dU3iZpXYFTHT9Biio4F4gZCrwFpKNwG,HISTORICAL,HISTORICAL_UNVALIDATED,BASE_FILTER_ONLY,0.00113399999999997,0.9999999999999999,0.0,137.6246950640387,96.4668980531521,54.773045156165686,1634.1165949197486,288.86463827335643,1500.0,False,0.0005,0.003259229861309927,0.003759229861309927,14.913835341613346,6.122107676079153,0.0021035943017692496,0.985,False,False,False,False,True,CONFIRMED,,-0.004728824163079206,0.005862824163079176,2026-08-01T04:49:50.216+00:00,0.0005,0.003259229861309927,0.0014913835341613345,0.0006122107676079152,0.0021035943017692496,3.3150175143827387,1.8550214301316623,5.170038944514401,False
e1bcfb7b-6cf2-4a73-8aae-6a4786a94534,e1bcfb7b-6cf2-4a73-8aae-6a4786a94534:3:57,3,57,HISTORICAL:CYCLE-000011-20260731T040859000000:00001001,CYCLE-000011-20260731T040859000000,11,2026-07-31T04:08:59.000+00:00,BIRB,G7vQWurMkMMm2dU3iZpXYFTHT9Biio4F4gZCrwFpKNwG,HISTORICAL,HISTORICAL_UNVALIDATED,BASE_FILTER_ONLY,0.00113399999999997,0.9999999999999999,0.0,81.15567019899981,83.83273079791385,83.81015791123386,1445.1309850562875,248.79855890814753,1500.0,False,0.0005,0.0021755971444991883,0.0026755971444991883,14.21218832926502,3.77773717555557,0.0017989925504820587,0.985,False,False,False,False,True,CONFIRMED,,-0.003340589694981277,0.004474589694981247,2026-08-01T04:49:50.216+00:00,0.0005,0.0021755971444991883,0.0014212188329265018,0.000377773717555557,0.0017989925504820587,2.359433108024038,1.5864131838466544,3.9458462918706925,False
e1bcfb7b-6cf2-4a73-8aae-6a4786a94534,e1bcfb7b-6cf2-4a73-8aae-6a4786a94534:3:58,3,58,HISTORICAL:CYCLE-000011-20260731T040859000000:00001001,CYCLE-000011-20260731T040859000000,11,2026-07-31T04:08:59.000+00:00,BIRB,G7vQWurMkMMm2dU3iZpXYFTHT9Biio4F4gZCrwFpKNwG,HISTORICAL,HISTORICAL_UNVALIDATED,BASE_FILTER_ONLY,0.00113399999999997,0.9999999999999999,0.0,144.84404144136622,59.10150728599036,29.832092195842513,1569.679828930165,233.77764092319907,1500.0,False,0.0005,0.0024577795072524846,0.0029577795072524846,10.365964394144003,8.779607290185163,0.0019145571684329162,0.985,False,False,False,False,True,CONFIRMED,,-0.0037383366756854304,0.0048723366756854005,2026-08-01T04:49:50.216+00:00,0.0005,0.0024577795072524846,0.0010365964394144001,0.0008779607290185161,0.0019145571684329162,2.608271170416722,1.688322018018489,4.296593188435211,False
e1bcfb7b-6cf2-4a73-8aae-6a4786a94534,e1bcfb7b-6cf2-4a73-8aae-6a4786a94534:3:59,3,59,HISTORICAL:CYCLE-000011-20260731T040859000000:00001001,CYCLE-000011-20260731T040859000000,11,2026-07-31T04:08:59.000+00:00,BIRB,G7vQWurMkMMm2dU3iZpXYFTHT9Biio4F4gZCrwFpKNwG,HISTORICAL,HISTORICAL_UNVALIDATED,BASE_FILTER_ONLY,0.00113399999999997,0.9999999999999999,0.0,29.65312317178475,26.072283088253407,74.47469201332774,851.4697986419798,130.20009827336588,1500.0,False,0.0005,0.0009257235424793837,0.0014257235424793837,10.17822703918695,2.984977608772219,0.0013163204647959168,0.985,False,False,False,False,True,CONFIRMED,,-0.0016080440072753304,0.0027420440072753005,2026-08-01T04:49:50.216+00:00,0.0005,0.0009257235424793837,0.0010178227039186949,0.00029849776087722185,0.0013163204647959168,1.2572518011282374,1.1607764239823206,2.418028225110558,False
e1bcfb7b-6cf2-4a73-8aae-6a4786a94534,e1bcfb7b-6cf2-4a73-8aae-6a4786a94534:3:60,3,60,HISTORICAL:CYCLE-000011-20260731T040859000000:00001001,CYCLE-000011-20260731T040859000000,11,2026-07-31T04:08:59.000+00:00,BIRB,G7vQWurMkMMm2dU3iZpXYFTHT9Biio4F4gZCrwFpKNwG,HISTORICAL,HISTORICAL_UNVALIDATED,BASE_FILTER_ONLY,0.00113399999999997,0.9999999999999999,0.0,115.31217700888153,76.99948263941269,216.2900041232428,1817.4802055156824,408.601663771537,1500.0,False,0.0005,0.0005445302159592483,0.0010445302159592484,9.237853916699844,0.16451888316854069,0.0009402372799868383,0.985,False,False,False,False,True,CONFIRMED,,-0.0008507674959461166,0.001984767495946087,2026-08-01T04:49:50.216+00:00,0.0005,0.0005445302159592483,0.0009237853916699843,1.6451888316854065e-05,0.0009402372799868383,0.921102483209238,0.829133403868486,1.7502358870777242,False
e1bcfb7b-6cf2-4a73-8aae-6a4786a94534,e1bcfb7b-6cf2-4a73-8aae-6a4786a94534:3:61,3,61,HISTORICAL:CYCLE-000011-20260731T040859000000:00001001,CYCLE-000011-20260731T040859000000,11,2026-07-31T04:08:59.000+00:00,BIRB,G7vQWurMkMMm2dU3iZpXYFTHT9Biio4F4gZCrwFpKNwG,HISTORICAL,HISTORICAL_UNVALIDATED,BASE_FILTER_ONLY,0.00113399999999997,0.9999999999999999,0.0,62.35247883810571,45.34401956344673,25.84493077143668,1981.8303987290888,133.54142917298913,1500.0,False,0.0005,0.0035292745925584617,0.004029274592558462,9.802586920113544,3.0290332696049163,0.0012831620189718458,0.985,False,False,False,False,True,CONFIRMED,,-0.0041784366115303374,0.0053124366115303075,2026-08-01T04:49:50.216+00:00,0.0005,0.0035292745925584617,0.0009802586920113542,0.0003029033269604916,0.0012831620189718458,3.5531521980234286,1.1315361719328745,4.684688369956303,False
e1bcfb7b-6cf2-4a73-8aae-6a4786a94534,e1bcfb7b-6cf2-4a73-8aae-6a4786a94534:3:62,3,62,HISTORICAL:CYCLE-000011-20260731T040859000000:00001001,CYCLE-000011-20260731T040859000000,11,2026-07-31T04:08:59.000+00:00,BIRB,G7vQWurMkMMm2dU3iZpXYFTHT9Biio4F4gZCrwFpKNwG,HISTORICAL,HISTORICAL_UNVALIDATED,BASE_FILTER_ONLY,0.00113399999999997,0.9999999999999999,0.0,37.07108729922902,69.69941296794602,200.09143628825933,2073.439317639837,306.86193655543434,1500.0,False,0.0005,0.0036110229124954878,0.004111022912495488,10.38070351713094,0.8246605188987199,0.0011205364036029656,0.985,False,False,False,False,True,CONFIRMED,,-0.004097559316098483,0.005231559316098453,2026-08-01T04:49:50.216+00:00,0.0005,0.0036110229124954878,0.0010380703517130939,8.246605188987198e-05,0.0011205364036029656,3.6252406635763634,0.9881273400379146,4.613368003614278,False
e1bcfb7b-6cf2-4a73-8aae-6a4786a94534,e1bcfb7b-6cf2-4a73-8aae-6a4786a94534:3:63,3,63,HISTORICAL:CYCLE-000011-20260731T040859000000:00001001,CYCLE-000011-20260731T040859000000,11,2026-07-31T04:08:59.000+00:00,BIRB,G7vQWurMkMMm2dU3iZpXYFTHT9Biio4F4gZCrwFpKNwG,HISTORICAL,HISTORICAL_UNVALIDATED,BASE_FILTER_ONLY,0.00113399999999997,0.9999999999999999,0.0,59.12892916076404,110.63725222767577,169.0141209512745,881.1150438635169,338.7803023397143,1500.0,False,0.0005,0.004087134004726497,0.004587134004726497,14.369758251515927,7.361335582214087,0.002173109383373001,0.985,True,False,False,False,False,MISSED,OPPORTUNITY_MISSED,0.0,0.00113399999999997,2026-08-01T04:49:50.216+00:00,0.0005,0.004087134004726497,0.0014369758251515925,0.0007361335582214086,0.002173109383373001,4.04509171492647,1.9163222075600164,1.0,False
e1bcfb7b-6cf2-4a73-8aae-6a4786a94534,e1bcfb7b-6cf2-4a73-8aae-6a4786a94534:3:64,3,64,HISTORICAL:CYCLE-000011-20260731T040859000000:00001001,CYCLE-000011-20260731T040859000000,11,2026-07-31T04:08:59.000+00:00,BIRB,G7vQWurMkMMm2dU3iZpXYFTHT9Biio4F4gZCrwFpKNwG,HISTORICAL,HISTORICAL_UNVALIDATED,BASE_FILTER_ONLY,0.00113399999999997,0.9999999999999999,0.0,134.87987530399624,29.205969571915006,246.6537281260224,1738.2624570010162,410.73957300193365,1500.0,False,0.0005,0.002272257157435541,0.002772257157435541,0.18499560650477365,1.4677305056180978,0.0001652726112122871,0.985,False,False,False,False,True,CONFIRMED,,-0.001803529768647858,0.002937529768647828,2026-08-01T04:49:50.216+00:00,0.0005,0.002272257157435541,1.849956065047736e-05,0.00014677305056180976,0.0001652726112122871,2.4446712146698535,0.1457430433970824,2.5904142580669363,False
e1bcfb7b-6cf2-4a73-8aae-6a4786a94534,e1bcfb7b-6cf2-4a73-8aae-6a4786a94534:3:65,3,65,HISTORICAL:CYCLE-000011-20260731T040859000000:00001001,CYCLE-000011-20260731T040859000000,11,2026-07-31T04:08:59.000+00:00,BIRB,G7vQWurMkMMm2dU3iZpXYFTHT9Biio4F4gZCrwFpKNwG,HISTORICAL,HISTORICAL_UNVALIDATED,BASE_FILTER_ONLY,0.00113399999999997,0.9999999999999999,0.0,148.06435518227903,52.28988898324191,225.7872569133654,1306.2970608802254,426.14150107888634,1500.0,False,0.0005,0.002656115923480702,0.003156115923480702,5.583375705010081,1.313950282756322,0.0006897325987766401,0.985,False,False,False,False,True,CONFIRMED,,-0.002711848522257372,0.003845848522257342,2026-08-01T04:49:50.216+00:00,0.0005,0.002656115923480702,0.000558337570501008,0.00013139502827563219,0.0006897325987766401,2.783171008360481,0.6082298049176881,3.391400813278169,False
e1bcfb7b-6cf2-4a73-8aae-6a4786a94534,e1bcfb7b-6cf2-4a73-8aae-6a4786a94534:3:66,3,66,HISTORICAL:CYCLE-000011-20260731T040859000000:00001001,CYCLE-000011-20260731T040859000000,11,2026-07-31T04:08:59.000+00:00,BIRB,G7vQWurMkMMm2dU3iZpXYFTHT9Biio4F4gZCrwFpKNwG,HISTORICAL,HISTORICAL_UNVALIDATED,BASE_FILTER_ONLY,0.00113399999999997,0.9999999999999999,0.0,21.213479032114687,65.6528074573607,46.42981078788322,1189.8340309400523,133.2960972773586,1500.0,False,0.0005,0.001059089314019269,0.001559089314019269,13.990049618709342,0.841868137213474,0.0014831917755922814,0.985,False,False,False,False,True,CONFIRMED,,-0.0019082810896115803,0.0030422810896115504,2026-08-01T04:49:50.217+00:00,0.0005,0.001059089314019269,0.0013990049618709342,8.418681372134738e-05,0.0014831917755922814,1.3748583016043299,1.3079292553724167,2.6827875569767468,False
e1bcfb7b-6cf2-4a73-8aae-6a4786a94534,e1bcfb7b-6cf2-4a73-8aae-6a4786a94534:3:67,3,67,HISTORICAL:CYCLE-000011-20260731T040859000000:00001001,CYCLE-000011-20260731T040859000000,11,2026-07-31T04:08:59.000+00:00,BIRB,G7vQWurMkMMm2dU3iZpXYFTHT9Biio4F4gZCrwFpKNwG,HISTORICAL,HISTORICAL_UNVALIDATED,BASE_FILTER_ONLY,0.00113399999999997,0.9999999999999999,0.0,62.677778121771816,26.01783723567597,135.07980478070397,988.4042290137447,223.77542013815176,1500.0,False,0.0005,0.0023451176184361676,0.0028451176184361676,7.135581394618114,7.743899681924043,0.0014879481076542156,0.985,False,False,False,False,True,CONFIRMED,,-0.003199065726090413,0.004333065726090383,2026-08-01T04:49:50.217+00:00,0.0005,0.0023451176184361676,0.0007135581394618113,0.0007743899681924043,0.0014879481076542156,2.5089220621130885,1.3121235517233287,3.821045613836417,False
e1bcfb7b-6cf2-4a73-8aae-6a4786a94534,e1bcfb7b-6cf2-4a73-8aae-6a4786a94534:3:68,3,68,HISTORICAL:CYCLE-000011-20260731T040859000000:00001001,CYCLE-000011-20260731T040859000000,11,2026-07-31T04:08:59.000+00:00,BIRB,G7vQWurMkMMm2dU3iZpXYFTHT9Biio4F4gZCrwFpKNwG,HISTORICAL,HISTORICAL_UNVALIDATED,BASE_FILTER_ONLY,0.00113399999999997,0.9999999999999999,0.0,137.62404790775565,65.84120408457113,138.74939773952144,1440.4476239207233,342.2146497318482,1500.0,False,0.0005,0.0017280822413056492,0.0022280822413056492,2.274230119210113,0.3048694579314548,0.00025790995771415675,0.985,False,False,False,False,True,CONFIRMED,,-0.001351992199019836,0.002485992199019806,2026-08-01T04:49:50.217+00:00,0.0005,0.0017280822413056492,0.00022742301192101128,3.0486945793145474e-05,0.00025790995771415675,1.9647991545905714,0.22743382514476504,2.1922329797353366,False
e1bcfb7b-6cf2-4a73-8aae-6a4786a94534,e1bcfb7b-6cf2-4a73-8aae-6a4786a94534:3:69,3,69,HISTORICAL:CYCLE-000011-20260731T040859000000:00001001,CYCLE-000011-20260731T040859000000,11,2026-07-31T04:08:59.000+00:00,BIRB,G7vQWurMkMMm2dU3iZpXYFTHT9Biio4F4gZCrwFpKNwG,HISTORICAL,HISTORICAL_UNVALIDATED,BASE_FILTER_ONLY,0.00113399999999997,0.9999999999999999,0.0,145.36983590713703,36.18651280163196,178.33752132078337,1730.2559377320533,359.8938700295524,1500.0,False,0.0005,0.00236547166371379,0.00286547166371379,14.674395902032016,7.462998840625704,0.0022137394742657713,0.985,False,False,False,False,True,CONFIRMED,,-0.003945211137979592,0.005079211137979562,2026-08-01T04:49:50.217+00:00,0.0005,0.00236547166371379,0.0014674395902032015,0.0007462998840625703,0.0022137394742657713,2.526870955655966,1.9521512118746294,4.479022167530596,False
e1bcfb7b-6cf2-4a73-8aae-6a4786a94534,e1bcfb7b-6cf2-4a73-8aae-6a4786a94534:3:70,3,70,HISTORICAL:CYCLE-000011-20260731T040859000000:00001001,CYCLE-000011-20260731T040859000000,11,2026-07-31T04:08:59.000+00:00,BIRB,G7vQWurMkMMm2dU3iZpXYFTHT9Biio4F4gZCrwFpKNwG,HISTORICAL,HISTORICAL_UNVALIDATED,BASE_FILTER_ONLY,0.00113399999999997,0.9999999999999999,0.0,79.43959449333039,51.813018414904235,219.82332538082875,562.0157300585656,351.0759382890634,1500.0,False,0.0005,0.002266017692119226,0.002766017692119226,7.0990698003871,1.3937739791337078,0.0008492843779520806,0.985,False,False,False,False,True,CONFIRMED,,-0.0024813020700713367,0.0036153020700713068,2026-08-01T04:49:50.217+00:00,0.0005,0.002266017692119226,0.0007099069800387099,0.00013937739791337075,0.0008492843779520806,2.439169040669576,0.7489280228854523,3.1880970635550283,False
e1bcfb7b-6cf2-4a73-8aae-6a4786a94534,e1bcfb7b-6cf2-4a73-8aae-6a4786a94534:3:71,3,71,HISTORICAL:CYCLE-000011-20260731T040859000000:00001001,CYCLE-000011-20260731T040859000000,11,2026-07-31T04:08:59.000+00:00,BIRB,G7vQWurMkMMm2dU3iZpXYFTHT9Biio4F4gZCrwFpKNwG,HISTORICAL,HISTORICAL_UNVALIDATED,BASE_FILTER_ONLY,0.00113399999999997,0.9999999999999999,0.0,36.20388892221579,83.85166115568819,92.9330677665379,1363.9118197560883,212.98861784444188,1500.0,False,0.0005,0.004390708692992845,0.004890708692992844,10.581192168252864,4.015700033654596,0.0014596892201907458,0.985,False,False,False,False,True,CONFIRMED,,-0.00521639791318362,0.00635039791318359,2026-08-01T04:49:50.217+00:00,0.0005,0.004390708692992845,0.0010581192168252862,0.0004015700033654595,0.0014596892201907458,4.312794261898565,1.2872038978754712,5.599998159774037,False
e1bcfb7b-6cf2-4a73-8aae-6a4786a94534,e1bcfb7b-6cf2-4a73-8aae-6a4786a94534:3:72,3,72,HISTORICAL:CYCLE-000011-20260731T040859000000:00001001,CYCLE-000011-20260731T040859000000,11,2026-07-31T04:08:59.000+00:00,BIRB,G7vQWurMkMMm2dU3iZpXYFTHT9Biio4F4gZCrwFpKNwG,HISTORICAL,HISTORICAL_UNVALIDATED,BASE_FILTER_ONLY,0.00113399999999997,0.9999999999999999,0.0,47.75472979355409,21.681768207638157,228.10948019949228,755.6514905230897,297.54597820068454,1500.0,False,0.0005,0.0025534259298974193,0.0030534259298974193,13.247350258974647,4.706632008687587,0.001795398226766223,0.985,False,False,False,False,True,CONFIRMED,,-0.003714824156663672,0.004848824156663642,2026-08-01T04:49:50.217+00:00,0.0005,0.0025534259298974193,0.0013247350258974646,0.00047066320086875855,0.001795398226766223,2.6926154584634037,1.5832435862136423,4.275859044677046,False
e1bcfb7b-6cf2-4a73-8aae-6a4786a94534,e1bcfb7b-6cf2-4a73-8aae-6a4786a94534:3:73,3,73,HISTORICAL:CYCLE-000011-20260731T040859000000:00001001,CYCLE-000011-20260731T040859000000,11,2026-07-31T04:08:59.000+00:00,BIRB,G7vQWurMkMMm2dU3iZpXYFTHT9Biio4F4gZCrwFpKNwG,HISTORICAL,HISTORICAL_UNVALIDATED,BASE_FILTER_ONLY,0.00113399999999997,0.9999999999999999,0.0,23.202936457914717,114.4427329641678,96.35432990510546,429.45235430559177,233.99999932718796,1500.0,False,0.0005,0.0035231657665615204,0.00402316576656152,9.038638701373126,3.8910191829953353,0.0012929657884368458,0.985,False,False,False,False,True,CONFIRMED,,-0.004182131554998397,0.005316131554998367,2026-08-01T04:49:50.217+00:00,0.0005,0.0035231657665615204,0.0009038638701373123,0.0003891019182995335,0.0012929657884368458,3.5477652262448207,1.1401814712847265,4.687946697529547,False
e1bcfb7b-6cf2-4a73-8aae-6a4786a94534,e1bcfb7b-6cf2-4a73-8aae-6a4786a94534:3:74,3,74,HISTORICAL:CYCLE-000011-20260731T040859000000:00001001,CYCLE-000011-20260731T040859000000,11,2026-07-31T04:08:59.000+00:00,BIRB,G7vQWurMkMMm2dU3iZpXYFTHT9Biio4F4gZCrwFpKNwG,HISTORICAL,HISTORICAL_UNVALIDATED,BASE_FILTER_ONLY,0.00113399999999997,0.9999999999999999,0.0,123.91432735472564,82.59641294740216,210.6788972104558,2296.0384186177644,417.1896375125836,1500.0,False,0.0005,0.004557118263353062,0.005057118263353063,3.095089252614543,3.7568566555566685,0.0006851945908171211,0.985,False,False,False,False,True,CONFIRMED,,-0.0046083128541702136,0.005742312854170184,2026-08-01T04:49:50.217+00:00,0.0005,0.004557118263353062,0.0003095089252614542,0.0003756856655556668,0.0006851945908171211,4.459539914773542,0.6042280342302815,5.0637679490038225,False
e1bcfb7b-6cf2-4a73-8aae-6a4786a94534,e1bcfb7b-6cf2-4a73-8aae-6a4786a94534:3:75,3,75,HISTORICAL:CYCLE-000011-20260731T040859000000:00001001,CYCLE-000011-20260731T040859000000,11,2026-07-31T04:08:59.000+00:00,BIRB,G7vQWurMkMMm2dU3iZpXYFTHT9Biio4F4gZCrwFpKNwG,HISTORICAL,HISTORICAL_UNVALIDATED,BASE_FILTER_ONLY,0.00113399999999997,0.9999999999999999,0.0,53.10215150006269,36.45097977311336,47.070328046671236,2296.3293264083636,136.62345931984729,1500.0,False,0.0005,0.0008680669541275878,0.001368066954127588,2.5078836869414207,3.1394438808206226,0.0005647327567762043,0.985,False,False,False,False,True,CONFIRMED,,-0.0007987997109038221,0.0019327997109037922,2026-08-01T04:49:50.217+00:00,0.0005,0.0008680669541275878,0.000250788368694142,0.00031394438808206223,0.0005647327567762043,1.2064082487897918,0.4980006673511633,1.7044089161409552,False
e1bcfb7b-6cf2-4a73-8aae-6a4786a94534,e1bcfb7b-6cf2-4a73-8aae-6a4786a94534:3:76,3,76,HISTORICAL:CYCLE-000011-20260731T040859000000:00001001,CYCLE-000011-20260731T040859000000,11,2026-07-31T04:08:59.000+00:00,BIRB,G7vQWurMkMMm2dU3iZpXYFTHT9Biio4F4gZCrwFpKNwG,HISTORICAL,HISTORICAL_UNVALIDATED,BASE_FILTER_ONLY,0.00113399999999997,0.9999999999999999,0.0,134.24158569762767,103.17977340837471,225.41567142219208,756.1488300085578,462.8370305281945,1500.0,False,0.0005,0.0014383980050250342,0.0019383980050250342,0.6344000618683715,4.332226388094659,0.0004966626449963029,0.985,False,False,False,False,True,CONFIRMED,,-0.0013010606500213672,0.0024350606500213373,2026-08-01T04:49:50.217+00:00,0.0005,0.0014383980050250342,6.344000618683714e-05,0.0004332226388094658,0.0004966626449963029,1.7093456834436378,0.4379741137533651,2.147319797197003,False
e1bcfb7b-6cf2-4a73-8aae-6a4786a94534,e1bcfb7b-6cf2-4a73-8aae-6a4786a94534:3:77,3,77,HISTORICAL:CYCLE-000011-20260731T040859000000:00001001,CYCLE-000011-20260731T040859000000,11,2026-07-31T04:08:59.000+00:00,BIRB,G7vQWurMkMMm2dU3iZpXYFTHT9Biio4F4gZCrwFpKNwG,HISTORICAL,HISTORICAL_UNVALIDATED,BASE_FILTER_ONLY,0.00113399999999997,0.9999999999999999,0.0,63.854971024842605,32.32796937365201,165.86503448059406,2486.20391387906,262.04797487908866,1500.0,False,0.0005,0.001210831481870063,0.001710831481870063,2.1972344532403265,0.8970352967172857,0.00030942697499576117,0.985,False,False,False,False,True,CONFIRMED,,-0.0008862584568658542,0.0020202584568658243,2026-08-01T04:49:50.217+00:00,0.0005,0.001210831481870063,0.0002197234453240326,8.970352967172856e-05,0.00030942697499576117,1.5086697370988609,0.2728632936470629,1.7815330307459238,False
e1bcfb7b-6cf2-4a73-8aae-6a4786a94534,e1bcfb7b-6cf2-4a73-8aae-6a4786a94534:3:78,3,78,HISTORICAL:CYCLE-000011-20260731T040859000000:00001001,CYCLE-000011-20260731T040859000000,11,2026-07-31T04:08:59.000+00:00,BIRB,G7vQWurMkMMm2dU3iZpXYFTHT9Biio4F4gZCrwFpKNwG,HISTORICAL,HISTORICAL_UNVALIDATED,BASE_FILTER_ONLY,0.00113399999999997,0.9999999999999999,0.0,35.326862749530086,54.230030521151924,233.95523058332827,994.2710203380625,323.51212385401027,1500.0,False,0.0005,0.00410561923475607,0.0046056192347560705,3.11945939140631,7.380092111612396,0.0010499551503018703,0.985,False,False,False,False,True,CONFIRMED,,-0.00452157438505797,0.00565557438505794,2026-08-01T04:49:50.217+00:00,0.0005,0.00410561923475607,0.000311945939140631,0.0007380092111612395,0.0010499551503018703,4.061392623241792,0.9258863759275997,4.9872789991693915,False
e1bcfb7b-6cf2-4a73-8aae-6a4786a94534,e1bcfb7b-6cf2-4a73-8aae-6a4786a94534:3:79,3,79,HISTORICAL:CYCLE-000011-20260731T040859000000:00001001,CYCLE-000011-20260731T040859000000,11,2026-07-31T04:08:59.000+00:00,BIRB,G7vQWurMkMMm2dU3iZpXYFTHT9Biio4F4gZCrwFpKNwG,HISTORICAL,HISTORICAL_UNVALIDATED,BASE_FILTER_ONLY,0.00113399999999997,0.9999999999999999,0.0,147.2965618093394,26.422265730777543,46.55195379030201,2003.7439328233056,220.27078133041897,1500.0,False,0.0005,0.004099587592030693,0.004599587592030692,14.540510374667802,4.962465191372836,0.0019502975566040635,0.985,False,False,False,False,True,CONFIRMED,,-0.0054158851486347855,0.006549885148634756,2026-08-01T04:49:50.217+00:00,0.0005,0.004099587592030693,0.00145405103746678,0.0004962465191372835,0.0019502975566040635,4.056073714312887,1.7198391151711772,5.775912829484064,False
e1bcfb7b-6cf2-4a73-8aae-6a4786a94534,e1bcfb7b-6cf2-4a73-8aae-6a4786a94534:3:80,3,80,HISTORICAL:CYCLE-000011-20260731T040859000000:00001001,CYCLE-000011-20260731T040859000000,11,2026-07-31T04:08:59.000+00:00,BIRB,G7vQWurMkMMm2dU3iZpXYFTHT9Biio4F4gZCrwFpKNwG,HISTORICAL,HISTORICAL_UNVALIDATED,BASE_FILTER_ONLY,0.00113399999999997,0.9999999999999999,0.0,45.02454271593655,81.49055430439606,35.57448252774931,1637.9860938580568,162.08957954808193,1500.0,False,0.0005,0.0007219768488337557,0.0012219768488337557,8.832949145586436,7.660317347992326,0.0016493266493578759,0.985,False,False,False,False,True,CONFIRMED,,-0.0017373034981916615,0.0028713034981916316,2026-08-01T04:49:50.217+00:00,0.0005,0.0007219768488337557,0.0008832949145586435,0.0007660317347992324,0.0016493266493578759,1.0775809954442575,1.4544326713914633,2.5320136668357205,False
e1bcfb7b-6cf2-4a73-8aae-6a4786a94534,e1bcfb7b-6cf2-4a73-8aae-6a4786a94534:3:81,3,81,HISTORICAL:CYCLE-000011-20260731T040859000000:00001001,CYCLE-000011-20260731T040859000000,11,2026-07-31T04:08:59.000+00:00,BIRB,G7vQWurMkMMm2dU3iZpXYFTHT9Biio4F4gZCrwFpKNwG,HISTORICAL,HISTORICAL_UNVALIDATED,BASE_FILTER_ONLY,0.00113399999999997,0.9999999999999999,0.0,92.7099775117091,118.88291419846067,222.17365971871126,508.1886914258175,433.76655142888103,1500.0,False,0.0005,0.0028065479295628602,0.0033065479295628602,14.930571519824108,5.743892478287162,0.0020674463998111266,0.985,False,False,False,False,True,CONFIRMED,,-0.004239994329374016,0.005373994329373986,2026-08-01T04:49:50.217+00:00,0.0005,0.0028065479295628602,0.0014930571519824107,0.0005743892478287161,0.0020674463998111266,2.9158270983800243,1.8231449733784666,4.73897207175849,False
e1bcfb7b-6cf2-4a73-8aae-6a4786a94534,e1bcfb7b-6cf2-4a73-8aae-6a4786a94534:3:82,3,82,HISTORICAL:CYCLE-000011-20260731T040859000000:00001001,CYCLE-000011-20260731T040859000000,11,2026-07-31T04:08:59.000+00:00,BIRB,G7vQWurMkMMm2dU3iZpXYFTHT9Biio4F4gZCrwFpKNwG,HISTORICAL,HISTORICAL_UNVALIDATED,BASE_FILTER_ONLY,0.00113399999999997,0.9999999999999999,0.0,34.569853244077095,106.10595706810005,148.1743924459782,2057.275366564627,288.8502027581553,1500.0,False,0.0005,0.003716862667979944,0.004216862667979944,14.506462757736319,5.2430671536195135,0.0019749529911355828,0.985,False,False,False,False,True,CONFIRMED,,-0.005057815659115557,0.006191815659115527,2026-08-01T04:49:50.217+00:00,0.0005,0.003716862667979944,0.0014506462757736317,0.0005243067153619513,0.0019749529911355828,3.718573781287527,1.741581120930895,5.460154902218422,False
e1bcfb7b-6cf2-4a73-8aae-6a4786a94534,e1bcfb7b-6cf2-4a73-8aae-6a4786a94534:3:83,3,83,HISTORICAL:CYCLE-000011-20260731T040859000000:00001001,CYCLE-000011-20260731T040859000000,11,2026-07-31T04:08:59.000+00:00,BIRB,G7vQWurMkMMm2dU3iZpXYFTHT9Biio4F4gZCrwFpKNwG,HISTORICAL,HISTORICAL_UNVALIDATED,BASE_FILTER_ONLY,0.00113399999999997,0.9999999999999999,0.0,123.59461726159589,70.31197379524087,214.41200436970684,1823.3255652311054,408.3185954265436,1500.0,False,0.0005,0.0005408091020394516,0.0010408091020394517,10.507463876867485,9.504050127174894,0.0020011514004042376,0.985,False,False,False,False,True,CONFIRMED,,-0.0019079605024437192,0.0030419605024436893,2026-08-01T04:49:50.217+00:00,0.0005,0.0005408091020394516,0.0010507463876867483,0.0009504050127174893,0.0020011514004042376,0.917821077636225,1.764683774606958,2.682504852243183,False
e1bcfb7b-6cf2-4a73-8aae-6a4786a94534,e1bcfb7b-6cf2-4a73-8aae-6a4786a94534:3:84,3,84,HISTORICAL:CYCLE-000011-20260731T040859000000:00001001,CYCLE-000011-20260731T040859000000,11,2026-07-31T04:08:59.000+00:00,BIRB,G7vQWurMkMMm2dU3iZpXYFTHT9Biio4F4gZCrwFpKNwG,HISTORICAL,HISTORICAL_UNVALIDATED,BASE_FILTER_ONLY,0.00113399999999997,0.9999999999999999,0.0,120.65953241914332,80.92844700997384,243.0420110509142,1788.36347372003,444.6299904800313,1500.0,False,0.0005,0.0021801230667837356,0.0026801230667837356,9.061398641891447,0.6027686559379031,0.0009664167297829348,0.985,False,False,False,False,True,CONFIRMED,,-0.0025125397965667005,0.0036465397965666706,2026-08-01T04:49:50.217+00:00,0.0005,0.0021801230667837356,0.0009061398641891445,6.02768655937903e-05,0.0009664167297829348,2.363424221149741,0.8522193384329456,3.215643559582687,False
e1bcfb7b-6cf2-4a73-8aae-6a4786a94534,e1bcfb7b-6cf2-4a73-8aae-6a4786a94534:3:85,3,85,HISTORICAL:CYCLE-000011-20260731T040859000000:00001001,CYCLE-000011-20260731T040859000000,11,2026-07-31T04:08:59.000+00:00,BIRB,G7vQWurMkMMm2dU3iZpXYFTHT9Biio4F4gZCrwFpKNwG,HISTORICAL,HISTORICAL_UNVALIDATED,BASE_FILTER_ONLY,0.00113399999999997,0.9999999999999999,0.0,60.6930769124878,94.87457321664718,214.34915440737504,2385.007331285855,369.91680453650997,1500.0,False,0.0005,0.003947457204527131,0.0044474572045271315,10.809327162650375,0.4160739940882563,0.0011225401156738628,0.985,False,False,False,False,True,CONFIRMED,,-0.004435997320201024,0.005569997320200994,2026-08-01T04:49:50.217+00:00,0.0005,0.003947457204527131,0.0010809327162650372,4.1607399408825624e-05,0.0011225401156738628,3.9219199334455457,0.989894281899376,4.911814215344922,False
e1bcfb7b-6cf2-4a73-8aae-6a4786a94534,e1bcfb7b-6cf2-4a73-8aae-6a4786a94534:3:86,3,86,HISTORICAL:CYCLE-000011-20260731T040859000000:00001001,CYCLE-000011-20260731T040859000000,11,2026-07-31T04:08:59.000+00:00,BIRB,G7vQWurMkMMm2dU3iZpXYFTHT9Biio4F4gZCrwFpKNwG,HISTORICAL,HISTORICAL_UNVALIDATED,BASE_FILTER_ONLY,0.00113399999999997,0.9999999999999999,0.0,89.25824510592844,111.50701138980054,175.1121491614012,717.2986375857763,375.87740565713017,1500.0,False,0.0005,0.0019811340710726307,0.0024811340710726307,6.554173348382631,9.213601179097356,0.0015767774527479985,0.985,False,False,False,False,True,CONFIRMED,,-0.002923911523820659,0.004057911523820629,2026-08-01T04:49:50.217+00:00,0.0005,0.0019811340710726307,0.000655417334838263,0.0009213601179097354,0.0015767774527479985,2.1879489162898555,1.3904563075379541,3.5784052238278097,False
e1bcfb7b-6cf2-4a73-8aae-6a4786a94534,e1bcfb7b-6cf2-4a73-8aae-6a4786a94534:3:87,3,87,HISTORICAL:CYCLE-000011-20260731T040859000000:00001001,CYCLE-000011-20260731T040859000000,11,2026-07-31T04:08:59.000+00:00,BIRB,G7vQWurMkMMm2dU3iZpXYFTHT9Biio4F4gZCrwFpKNwG,HISTORICAL,HISTORICAL_UNVALIDATED,BASE_FILTER_ONLY,0.00113399999999997,0.9999999999999999,0.0,33.44614328484501,49.67921855340646,217.95969837702827,1508.373497418144,301.0850602152797,1500.0,False,0.0005,0.002981730267643429,0.003481730267643429,8.971038364448809,5.274572813650817,0.0014245611178099625,0.985,False,False,False,False,True,CONFIRMED,,-0.0037722913854534215,0.0049062913854533916,2026-08-01T04:49:50.217+00:00,0.0005,0.002981730267643429,0.0008971038364448807,0.0005274572813650816,0.0014245611178099625,3.0703088779925225,1.256226735282187,4.32653561327471,False
e1bcfb7b-6cf2-4a73-8aae-6a4786a94534,e1bcfb7b-6cf2-4a73-8aae-6a4786a94534:3:88,3,88,HISTORICAL:CYCLE-000011-20260731T040859000000:00001001,CYCLE-000011-20260731T040859000000,11,2026-07-31T04:08:59.000+00:00,BIRB,G7vQWurMkMMm2dU3iZpXYFTHT9Biio4F4gZCrwFpKNwG,HISTORICAL,HISTORICAL_UNVALIDATED,BASE_FILTER_ONLY,0.00113399999999997,0.9999999999999999,0.0,112.85437639974195,36.9955204056258,25.914255766580958,266.07809229288415,175.7641525719487,1500.0,False,0.0005,0.002477111430693694,0.002977111430693694,4.230949733137679,7.2832353639979335,0.001151418509713561,0.985,False,False,False,False,True,CONFIRMED,,-0.002994529940407285,0.004128529940407255,2026-08-01T04:49:50.217+00:00,0.0005,0.002477111430693694,0.00042309497331376785,0.0007283235363997933,0.001151418509713561,2.6253187219521803,1.0153602378426732,3.6406789597948537,False
e1bcfb7b-6cf2-4a73-8aae-6a4786a94534,e1bcfb7b-6cf2-4a73-8aae-6a4786a94534:3:89,3,89,HISTORICAL:CYCLE-000011-20260731T040859000000:00001001,CYCLE-000011-20260731T040859000000,11,2026-07-31T04:08:59.000+00:00,BIRB,G7vQWurMkMMm2dU3iZpXYFTHT9Biio4F4gZCrwFpKNwG,HISTORICAL,HISTORICAL_UNVALIDATED,BASE_FILTER_ONLY,0.00113399999999997,0.9999999999999999,0.0,46.90745771613494,61.903440987029825,230.25451915154488,362.03231529817594,339.06541785470966,1500.0,False,0.0005,0.0011383401385767578,0.0016383401385767578,3.4876484338796168,7.491674862977591,0.0010979323296857206,0.985,True,False,False,False,False,MISSED,OPPORTUNITY_MISSED,0.0,0.00113399999999997,2026-08-01T04:49:50.217+00:00,0.0005,0.0011383401385767578,0.0003487648433879616,0.000749167486297759,0.0010979323296857206,1.444744390279366,0.9681942942555111,1.0,False
e1bcfb7b-6cf2-4a73-8aae-6a4786a94534,e1bcfb7b-6cf2-4a73-8aae-6a4786a94534:3:90,3,90,HISTORICAL:CYCLE-000011-20260731T040859000000:00001001,CYCLE-000011-20260731T040859000000,11,2026-07-31T04:08:59.000+00:00,BIRB,G7vQWurMkMMm2dU3iZpXYFTHT9Biio4F4gZCrwFpKNwG,HISTORICAL,HISTORICAL_UNVALIDATED,BASE_FILTER_ONLY,0.00113399999999997,0.9999999999999999,0.0,105.48473966766173,35.55783775089857,148.7772924093232,1050.8991955575352,289.8198698278835,1500.0,False,0.0005,0.004246499572847087,0.004746499572847087,6.2996204059893515,1.4236655974276813,0.0007723286003417032,0.985,False,False,False,False,True,CONFIRMED,,-0.00438482817318882,0.0055188281731887905,2026-08-01T04:49:50.217+00:00,0.0005,0.004246499572847087,0.0006299620405989351,0.0001423665597427681,0.0007723286003417032,4.185625725614826,0.681065785133795,4.866691510748621,False
e1bcfb7b-6cf2-4a73-8aae-6a4786a94534,e1bcfb7b-6cf2-4a73-8aae-6a4786a94534:3:91,3,91,HISTORICAL:CYCLE-000011-20260731T040859000000:00001001,CYCLE-000011-20260731T040859000000,11,2026-07-31T04:08:59.000+00:00,BIRB,G7vQWurMkMMm2dU3iZpXYFTHT9Biio4F4gZCrwFpKNwG,HISTORICAL,HISTORICAL_UNVALIDATED,BASE_FILTER_ONLY,0.00113399999999997,0.9999999999999999,0.0,74.45480889307723,66.66503396553415,108.28956498402196,2240.255594476951,249.40940784263336,1500.0,False,0.0005,0.0027925840073539177,0.0032925840073539177,6.705728914993721,2.987703800991439,0.0009693432715985159,0.985,False,False,False,False,True,CONFIRMED,,-0.0031279272789524635,0.004261927278952434,2026-08-01T04:49:50.217+00:00,0.0005,0.0027925840073539177,0.0006705728914993721,0.00029877038009914385,0.0009693432715985159,2.90351323399824,0.8548000631380437,3.758313297136284,False
e1bcfb7b-6cf2-4a73-8aae-6a4786a94534,e1bcfb7b-6cf2-4a73-8aae-6a4786a94534:3:92,3,92,HISTORICAL:CYCLE-000011-20260731T040859000000:00001001,CYCLE-000011-20260731T040859000000,11,2026-07-31T04:08:59.000+00:00,BIRB,G7vQWurMkMMm2dU3iZpXYFTHT9Biio4F4gZCrwFpKNwG,HISTORICAL,HISTORICAL_UNVALIDATED,BASE_FILTER_ONLY,0.00113399999999997,0.9999999999999999,0.0,122.01583052511063,65.97813381881097,218.344968203703,254.81572509235,406.3389325476246,1500.0,False,0.0005,0.003926701600777941,0.004426701600777941,8.014735555630828,6.352407656919188,0.0014367143212550013,0.985,False,False,False,False,True,CONFIRMED,,-0.004729415922032972,0.0058634159220329425,2026-08-01T04:49:50.217+00:00,0.0005,0.003926701600777941,0.0008014735555630827,0.0006352407656919187,0.0014367143212550013,3.9036169319030494,1.2669438459039146,5.170560777806964,False
e1bcfb7b-6cf2-4a73-8aae-6a4786a94534,e1bcfb7b-6cf2-4a73-8aae-6a4786a94534:3:93,3,93,HISTORICAL:CYCLE-000011-20260731T040859000000:00001001,CYCLE-000011-20260731T040859000000,11,2026-07-31T04:08:59.000+00:00,BIRB,G7vQWurMkMMm2dU3iZpXYFTHT9Biio4F4gZCrwFpKNwG,HISTORICAL,HISTORICAL_UNVALIDATED,BASE_FILTER_ONLY,0.00113399999999997,0.9999999999999999,0.0,142.9426324133367,108.6932335480299,43.951641058795445,1396.3263579291495,295.58750702016204,1500.0,False,0.0005,0.0046783688845890925,0.005178368884589092,9.425185416826935,1.5259241258996403,0.0010951109542726575,0.985,False,False,False,False,True,CONFIRMED,,-0.005139479838861779,0.006273479838861749,2026-08-01T04:49:50.217+00:00,0.0005,0.0046783688845890925,0.0009425185416826933,0.00015259241258996402,0.0010951109542726575,4.566462861189796,0.9657063088824395,5.532169170072235,False
e1bcfb7b-6cf2-4a73-8aae-6a4786a94534,e1bcfb7b-6cf2-4a73-8aae-6a4786a94534:3:94,3,94,HISTORICAL:CYCLE-000011-20260731T040859000000:00001001,CYCLE-000011-20260731T040859000000,11,2026-07-31T04:08:59.000+00:00,BIRB,G7vQWurMkMMm2dU3iZpXYFTHT9Biio4F4gZCrwFpKNwG,HISTORICAL,HISTORICAL_UNVALIDATED,BASE_FILTER_ONLY,0.00113399999999997,0.9999999999999999,0.0,42.30846966189016,69.59016596294944,226.39284322668613,1021.0988771041906,338.2914788515257,1500.0,False,0.0005,0.0034472605040573546,0.003947260504057354,1.1323769174446157,7.627110098749144,0.0008759487016193758,0.985,False,False,False,False,True,CONFIRMED,,-0.00368920920567676,0.00482320920567673,2026-08-01T04:49:50.217+00:00,0.0005,0.0034472605040573546,0.00011323769174446154,0.0007627110098749143,0.0008759487016193758,3.480829368657371,0.7724415358195758,4.253270904476946,False
e1bcfb7b-6cf2-4a73-8aae-6a4786a94534,e1bcfb7b-6cf2-4a73-8aae-6a4786a94534:3:95,3,95,HISTORICAL:CYCLE-000011-20260731T040859000000:00001001,CYCLE-000011-20260731T040859000000,11,2026-07-31T04:08:59.000+00:00,BIRB,G7vQWurMkMMm2dU3iZpXYFTHT9Biio4F4gZCrwFpKNwG,HISTORICAL,HISTORICAL_UNVALIDATED,BASE_FILTER_ONLY,0.00113399999999997,0.9999999999999999,0.0,121.63330744251398,45.9963998553865,64.24688104559021,2045.2775355596639,231.8765883434907,1500.0,False,0.0005,0.004162616353821969,0.00466261635382197,9.18301202447436,9.772088344700647,0.0018955100369175003,0.985,False,False,False,False,True,CONFIRMED,,-0.005424126390739499,0.0065581263907394695,2026-08-01T04:49:50.217+00:00,0.0005,0.004162616353821969,0.0009183012024474358,0.0009772088344700645,0.0018955100369175003,4.111654633000081,1.6715256057473988,5.78318023874748,False
e1bcfb7b-6cf2-4a73-8aae-6a4786a94534,e1bcfb7b-6cf2-4a73-8aae-6a4786a94534:3:96,3,96,HISTORICAL:CYCLE-000011-20260731T040859000000:00001001,CYCLE-000011-20260731T040859000000,11,2026-07-31T04:08:59.000+00:00,BIRB,G7vQWurMkMMm2dU3iZpXYFTHT9Biio4F4gZCrwFpKNwG,HISTORICAL,HISTORICAL_UNVALIDATED,BASE_FILTER_ONLY,0.00113399999999997,0.9999999999999999,0.0,79.92880503459405,82.35704390467086,208.5582897792643,323.9854186380136,370.84413871852917,1500.0,False,0.0005,0.003669879521413645,0.0041698795214136445,1.1771917769089986,3.401547328937923,0.00045787391058469204,0.985,False,False,False,False,True,CONFIRMED,,-0.0034937534319983664,0.0046277534319983365,2026-08-01T04:49:50.217+00:00,0.0005,0.003669879521413645,0.00011771917769089984,0.00034015473289379227,0.00045787391058469204,3.677142435109131,0.40376888058615884,4.08091131569529,False
e1bcfb7b-6cf2-4a73-8aae-6a4786a94534,e1bcfb7b-6cf2-4a73-8aae-6a4786a94534:3:97,3,97,HISTORICAL:CYCLE-000011-20260731T040859000000:00001001,CYCLE-000011-20260731T040859000000,11,2026-07-31T04:08:59.000+00:00,BIRB,G7vQWurMkMMm2dU3iZpXYFTHT9Biio4F4gZCrwFpKNwG,HISTORICAL,HISTORICAL_UNVALIDATED,BASE_FILTER_ONLY,0.00113399999999997,0.9999999999999999,0.0,29.174087018737218,69.45141869303234,176.81361985006743,2366.373658459825,275.439125561837,1500.0,False,0.0005,0.004346331272888057,0.0048463312728880565,6.8299059125557395,4.275797151037203,0.001110570306359294,0.985,False,False,False,False,False,FAILED,CONFIRMATION_FAILURE,0.0,0.00113399999999997,2026-08-01T04:49:50.217+00:00,0.0005,0.004346331272888057,0.0006829905912555739,0.0004275797151037202,0.001110570306359294,4.273660734469298,0.9793388944967577,1.0,False
e1bcfb7b-6cf2-4a73-8aae-6a4786a94534,e1bcfb7b-6cf2-4a73-8aae-6a4786a94534:3:98,3,98,HISTORICAL:CYCLE-000011-20260731T040859000000:00001001,CYCLE-000011-20260731T040859000000,11,2026-07-31T04:08:59.000+00:00,BIRB,G7vQWurMkMMm2dU3iZpXYFTHT9Biio4F4gZCrwFpKNwG,HISTORICAL,HISTORICAL_UNVALIDATED,BASE_FILTER_ONLY,0.00113399999999997,0.9999999999999999,0.0,145.6096315322492,20.075410395608944,146.75423353518204,564.36723744484,312.4392754630402,1500.0,False,0.0005,0.000307689485478077,0.000807689485478077,8.23935719978621,4.375595741207413,0.0012614952940993623,0.985,False,False,False,False,True,CONFIRMED,,-0.0009351847795774692,0.0020691847795774394,2026-08-01T04:49:50.218+00:00,0.0005,0.000307689485478077,0.0008239357199786209,0.00043755957412074125,0.0012614952940993623,0.7122482235256599,1.1124297126096963,1.8246779361353562,False
e1bcfb7b-6cf2-4a73-8aae-6a4786a94534,e1bcfb7b-6cf2-4a73-8aae-6a4786a94534:3:99,3,99,HISTORICAL:CYCLE-000011-20260731T040859000000:00001001,CYCLE-000011-20260731T040859000000,11,2026-07-31T04:08:59.000+00:00,BIRB,G7vQWurMkMMm2dU3iZpXYFTHT9Biio4F4gZCrwFpKNwG,HISTORICAL,HISTORICAL_UNVALIDATED,BASE_FILTER_ONLY,0.00113399999999997,0.9999999999999999,0.0,58.25941407299866,95.84796758848131,173.00945999809122,1498.4711496568877,327.11684165957115,1500.0,False,0.0005,0.001677990027703541,0.002177990027703541,4.985305229762214,5.90383493071391,0.0010889140160476123,0.985,False,False,False,False,True,CONFIRMED,,-0.0021329040437511834,0.0032669040437511535,2026-08-01T04:49:50.218+00:00,0.0005,0.001677990027703541,0.0004985305229762213,0.0005903834930713909,0.0010889140160476123,1.92062612672275,0.9602416367263148,2.8808677634490647,False
e1bcfb7b-6cf2-4a73-8aae-6a4786a94534,e1bcfb7b-6cf2-4a73-8aae-6a4786a94534:3:100,3,100,HISTORICAL:CYCLE-000011-20260731T040859000000:00001001,CYCLE-000011-20260731T040859000000,11,2026-07-31T04:08:59.000+00:00,BIRB,G7vQWurMkMMm2dU3iZpXYFTHT9Biio4F4gZCrwFpKNwG,HISTORICAL,HISTORICAL_UNVALIDATED,BASE_FILTER_ONLY,0.00113399999999997,0.9999999999999999,0.0,39.06765602902205,21.149255302985853,235.65428661677103,2233.9134171290525,295.8711979487789,1500.0,False,0.0005,0.0022016787203557836,0.0027016787203557836,10.17783039641536,1.7263513578911327,0.0011904181754306491,0.985,False,False,False,False,True,CONFIRMED,,-0.0027580968957864626,0.0038920968957864327,2026-08-01T04:49:50.218+00:00,0.0005,0.0022016787203557836,0.0010177830396415357,0.00017263513578911325,0.0011904181754306491,2.382432733999872,1.0497514774520993,3.4321842114519714,False
e1bcfb7b-6cf2-4a73-8aae-6a4786a94534,e1bcfb7b-6cf2-4a73-8aae-6a4786a94534:4:1,4,1,VERIFIED_LIVE:2026-07-31 22:13:54:00000305,2026-07-31 22:13:54,21,2026-08-01T02:14:21.072+00:00,Bonk,mint:DezXAZ8z7PnrnRJjz3wXBoRgixCa6xjnB7YaB1pPB263,VERIFIED_LIVE,VERIFIED_WITH_WARNING,BASE_FILTER_ONLY,0.006679000000000103,1.0,120.339197004796,95.6547248167019,100.8508784400439,88.16273197338944,2159.9244456656525,405.00753223493126,1500.0,False,0.0005,0.0012161430179397413,0.0017161430179397413,10.776364621707888,9.62411877502473,0.0020400483396732618,0.985,False,False,False,False,True,CONFIRMED,,0.0029228086423871,0.0037561913576130033,2026-08-01T04:49:50.218+00:00,0.0005,0.0012161430179397413,0.0010776364621707887,0.000962411877502473,0.0020400483396732618,0.25694610240151444,0.3054421829125962,0.5623882853141107,True
e1bcfb7b-6cf2-4a73-8aae-6a4786a94534,e1bcfb7b-6cf2-4a73-8aae-6a4786a94534:4:2,4,2,VERIFIED_LIVE:2026-07-31 22:13:54:00000305,2026-07-31 22:13:54,21,2026-08-01T02:14:21.072+00:00,Bonk,mint:DezXAZ8z7PnrnRJjz3wXBoRgixCa6xjnB7YaB1pPB263,VERIFIED_LIVE,VERIFIED_WITH_WARNING,BASE_FILTER_ONLY,0.006679000000000103,1.0,120.339197004796,103.15649760842528,54.99284550774061,147.99115704773448,1764.0437281472714,426.4796971686964,1500.0,False,0.0005,0.0013195059667319106,0.0018195059667319106,0.15162923478387935,7.387655497337251,0.000753928473212113,0.985,False,False,False,False,True,CONFIRMED,,0.00410556556005608,0.0025734344399440234,2026-08-01T04:49:50.218+00:00,0.0005,0.0013195059667319106,1.5162923478387935e-05,0.0007387655497337251,0.000753928473212113,0.27242191446801656,0.11288044216381216,0.38530235663182866,True
e1bcfb7b-6cf2-4a73-8aae-6a4786a94534,e1bcfb7b-6cf2-4a73-8aae-6a4786a94534:4:3,4,3,VERIFIED_LIVE:2026-07-31 22:13:54:00000305,2026-07-31 22:13:54,21,2026-08-01T02:14:21.072+00:00,Bonk,mint:DezXAZ8z7PnrnRJjz3wXBoRgixCa6xjnB7YaB1pPB263,VERIFIED_LIVE,VERIFIED_WITH_WARNING,BASE_FILTER_ONLY,0.006679000000000103,1.0,120.339197004796,50.820167522117075,24.642427397643836,32.56508490471985,497.55135974826055,228.36687682927675,1500.0,False,0.0005,0.002860166353439823,0.003360166353439823,3.6029403478311166,9.68398039738248,0.0013286920745213598,0.985,False,False,False,False,True,CONFIRMED,,0.0019901415720389205,0.004688858427961183,2026-08-01T04:49:50.218+00:00,0.0005,0.002860166353439823,0.00036029403478311166,0.000968398039738248,0.0013286920745213598,0.5030942286928838,0.1989357799852282,0.702030008678112,True
e1bcfb7b-6cf2-4a73-8aae-6a4786a94534,e1bcfb7b-6cf2-4a73-8aae-6a4786a94534:4:4,4,4,VERIFIED_LIVE:2026-07-31 22:13:54:00000305,2026-07-31 22:13:54,21,2026-08-01T02:14:21.072+00:00,Bonk,mint:DezXAZ8z7PnrnRJjz3wXBoRgixCa6xjnB7YaB1pPB263,VERIFIED_LIVE,VERIFIED_WITH_WARNING,BASE_FILTER_ONLY,0.006679000000000103,1.0,120.339197004796,109.50069640025801,34.20515487406632,185.25325949485708,422.8036779929354,449.2983077739774,1500.0,False,0.0005,0.000687554669541748,0.001187554669541748,7.548705996946114,5.492430444547544,0.001304113644149366,0.985,False,False,False,False,True,CONFIRMED,,0.0041873316863089895,0.0024916683136911137,2026-08-01T04:49:50.218+00:00,0.0005,0.000687554669541748,0.0007548705996946114,0.0005492430444547545,0.001304113644149366,0.17780426254555018,0.19525582334920585,0.373060085894756,True
e1bcfb7b-6cf2-4a73-8aae-6a4786a94534,e1bcfb7b-6cf2-4a73-8aae-6a4786a94534:4:5,4,5,VERIFIED_LIVE:2026-07-31 22:13:54:00000305,2026-07-31 22:13:54,21,2026-08-01T02:14:21.072+00:00,Bonk,mint:DezXAZ8z7PnrnRJjz3wXBoRgixCa6xjnB7YaB1pPB263,VERIFIED_LIVE,VERIFIED_WITH_WARNING,BASE_FILTER_ONLY,0.006679000000000103,1.0,120.339197004796,82.39192310643715,74.1585759200827,195.40157225283775,1122.8095461208054,472.2912682841536,1500.0,False,0.0005,0.00465602968173238,0.00515602968173238,6.76083561795169,8.092650985231451,0.0014853486603183142,0.985,False,False,False,False,True,CONFIRMED,,3.76216579494092e-05,0.006641378342050694,2026-08-01T04:49:50.218+00:00,0.0005,0.00465602968173238,0.000676083561795169,0.0008092650985231451,0.0014853486603183142,0.7719762961120378,0.22239087592727821,0.994367172039316,True
e1bcfb7b-6cf2-4a73-8aae-6a4786a94534,e1bcfb7b-6cf2-4a73-8aae-6a4786a94534:4:6,4,6,VERIFIED_LIVE:2026-07-31 22:13:54:00000305,2026-07-31 22:13:54,21,2026-08-01T02:14:21.072+00:00,Bonk,mint:DezXAZ8z7PnrnRJjz3wXBoRgixCa6xjnB7YaB1pPB263,VERIFIED_LIVE,VERIFIED_WITH_WARNING,BASE_FILTER_ONLY,0.006679000000000103,1.0,120.339197004796,129.35850392966634,33.9732802771654,144.52922045854825,509.60783603362205,428.200201670176,1500.0,False,0.0005,0.003216498631260479,0.003716498631260479,0.7433453188231626,8.883833347718985,0.0009627178666542148,0.985,False,False,False,False,True,CONFIRMED,,0.0019997835020854095,0.004679216497914694,2026-08-01T04:49:50.218+00:00,0.0005,0.003216498631260479,7.433453188231626e-05,0.0008883833347718985,0.0009627178666542148,0.5564453707531699,0.14414101911277136,0.7005863898659412,True
e1bcfb7b-6cf2-4a73-8aae-6a4786a94534,e1bcfb7b-6cf2-4a73-8aae-6a4786a94534:4:7,4,7,VERIFIED_LIVE:2026-07-31 22:13:54:00000305,2026-07-31 22:13:54,21,2026-08-01T02:14:21.072+00:00,Bonk,mint:DezXAZ8z7PnrnRJjz3wXBoRgixCa6xjnB7YaB1pPB263,VERIFIED_LIVE,VERIFIED_WITH_WARNING,BASE_FILTER_ONLY,0.006679000000000103,1.0,120.339197004796,39.393109523038206,88.72527266258112,149.92437224598032,1174.260839992543,398.38195143639564,1500.0,False,0.0005,0.0031025192376344674,0.0036025192376344674,5.777867828747095,8.089422725099798,0.0013867290553846892,0.985,False,False,False,False,True,CONFIRMED,,0.0016897517069809462,0.0049892482930191575,2026-08-01T04:49:50.218+00:00,0.0005,0.0031025192376344674,0.0005777867828747095,0.0008089422725099797,0.0013867290553846892,0.5393800325848798,0.2076252515922545,0.7470052841771344,True
e1bcfb7b-6cf2-4a73-8aae-6a4786a94534,e1bcfb7b-6cf2-4a73-8aae-6a4786a94534:4:8,4,8,VERIFIED_LIVE:2026-07-31 22:13:54:00000305,2026-07-31 22:13:54,21,2026-08-01T02:14:21.072+00:00,Bonk,mint:DezXAZ8z7PnrnRJjz3wXBoRgixCa6xjnB7YaB1pPB263,VERIFIED_LIVE,VERIFIED_WITH_WARNING,BASE_FILTER_ONLY,0.006679000000000103,1.0,120.339197004796,115.67895037267604,62.99371448262994,48.16261401332909,612.8430519997798,347.1744758734311,1500.0,False,0.0005,0.0031505144690992374,0.0036505144690992374,3.0674467931915643,5.442900211835307,0.0008510347005026873,0.985,False,False,False,False,True,CONFIRMED,,0.002177450830398178,0.004501549169601925,2026-08-01T04:49:50.218+00:00,0.0005,0.0031505144690992374,0.00030674467931915644,0.0005442900211835307,0.0008510347005026873,0.5465660232219166,0.12741947903917863,0.6739855022610953,True
e1bcfb7b-6cf2-4a73-8aae-6a4786a94534,e1bcfb7b-6cf2-4a73-8aae-6a4786a94534:4:9,4,9,VERIFIED_LIVE:2026-07-31 22:13:54:00000305,2026-07-31 22:13:54,21,2026-08-01T02:14:21.072+00:00,Bonk,mint:DezXAZ8z7PnrnRJjz3wXBoRgixCa6xjnB7YaB1pPB263,VERIFIED_LIVE,VERIFIED_WITH_WARNING,BASE_FILTER_ONLY,0.006679000000000103,1.0,120.339197004796,71.22697012083073,100.60186364416009,196.12229249387107,1503.450068587933,488.2903232636579,1500.0,False,0.0005,0.0037502132906217715,0.0042502132906217715,4.741863748988585,6.135329974154554,0.001087719372314314,0.985,True,False,False,False,False,MISSED,OPPORTUNITY_MISSED,0.0,0.006679000000000103,2026-08-01T04:49:50.218+00:00,0.0005,0.0037502132906217715,0.0004741863748988585,0.0006135329974154554,0.001087719372314314,0.6363547373291969,0.16285662109811305,1.0,False
e1bcfb7b-6cf2-4a73-8aae-6a4786a94534,e1bcfb7b-6cf2-4a73-8aae-6a4786a94534:4:10,4,10,VERIFIED_LIVE:2026-07-31 22:13:54:00000305,2026-07-31 22:13:54,21,2026-08-01T02:14:21.072+00:00,Bonk,mint:DezXAZ8z7PnrnRJjz3wXBoRgixCa6xjnB7YaB1pPB263,VERIFIED_LIVE,VERIFIED_WITH_WARNING,BASE_FILTER_ONLY,0.006679000000000103,1.0,120.339197004796,107.6307099039101,22.6920652991817,136.2309102070009,2332.5694180632845,386.89288241488873,1500.0,False,0.0005,0.0020967517380704455,0.0025967517380704455,9.061662769993667,8.775547279614868,0.0017837210049608536,0.985,False,False,False,False,True,CONFIRMED,,0.0022985272569688046,0.004380472743031299,2026-08-01T04:49:50.218+00:00,0.0005,0.0020967517380704455,0.0009061662769993667,0.0008775547279614868,0.0017837210049608536,0.3887934927489752,0.26706408219206856,0.6558575749410437,True
e1bcfb7b-6cf2-4a73-8aae-6a4786a94534,e1bcfb7b-6cf2-4a73-8aae-6a4786a94534:4:11,4,11,VERIFIED_LIVE:2026-07-31 22:13:54:00000305,2026-07-31 22:13:54,21,2026-08-01T02:14:21.072+00:00,Bonk,mint:DezXAZ8z7PnrnRJjz3wXBoRgixCa6xjnB7YaB1pPB263,VERIFIED_LIVE,VERIFIED_WITH_WARNING,BASE_FILTER_ONLY,0.006679000000000103,1.0,120.339197004796,111.96463247372058,65.80939466495263,122.31604611229876,425.76068610472817,420.42927025576796,1500.0,False,0.0005,0.002605286393073501,0.003105286393073501,3.6288205828651643,2.408317416633692,0.0006037137999498856,0.985,False,False,False,False,True,CONFIRMED,,0.002969999806976717,0.0037090001930233864,2026-08-01T04:49:50.218+00:00,0.0005,0.002605286393073501,0.00036288205828651643,0.00024083174166336917,0.0006037137999498856,0.46493283321956175,0.09038984877225277,0.5553226819918144,True
e1bcfb7b-6cf2-4a73-8aae-6a4786a94534,e1bcfb7b-6cf2-4a73-8aae-6a4786a94534:4:12,4,12,VERIFIED_LIVE:2026-07-31 22:13:54:00000305,2026-07-31 22:13:54,21,2026-08-01T02:14:21.072+00:00,Bonk,mint:DezXAZ8z7PnrnRJjz3wXBoRgixCa6xjnB7YaB1pPB263,VERIFIED_LIVE,VERIFIED_WITH_WARNING,BASE_FILTER_ONLY,0.006679000000000103,1.0,120.339197004796,66.0112145875796,58.718792999145556,63.756169314102245,1993.6774831152336,308.82537390562345,1500.0,False,0.0005,0.004902069791985129,0.005402069791985129,13.519337242398922,1.9029002625231073,0.001542223750492203,0.985,False,False,False,False,True,CONFIRMED,,-0.0002652935424772287,0.006944293542477332,2026-08-01T04:49:50.218+00:00,0.0005,0.004902069791985129,0.0013519337242398923,0.00019029002625231073,0.001542223750492203,0.8088141625969525,0.23090638576017056,1.039720548357123,False
e1bcfb7b-6cf2-4a73-8aae-6a4786a94534,e1bcfb7b-6cf2-4a73-8aae-6a4786a94534:4:13,4,13,VERIFIED_LIVE:2026-07-31 22:13:54:00000305,2026-07-31 22:13:54,21,2026-08-01T02:14:21.072+00:00,Bonk,mint:DezXAZ8z7PnrnRJjz3wXBoRgixCa6xjnB7YaB1pPB263,VERIFIED_LIVE,VERIFIED_WITH_WARNING,BASE_FILTER_ONLY,0.006679000000000103,1.0,120.339197004796,55.31566629791281,60.03189548008805,214.54538777438677,1387.411485702364,450.2321465571836,1500.0,False,0.0005,0.0006390658677172708,0.0011390658677172707,12.690204247914087,0.22278295507872192,0.001291298720299281,0.985,False,False,False,False,True,CONFIRMED,,0.004248635411983552,0.002430364588016551,2026-08-01T04:49:50.218+00:00,0.0005,0.0006390658677172708,0.0012690204247914087,2.2278295507872193e-05,0.001291298720299281,0.17054437306741324,0.1933371343463484,0.3638815074137616,True
e1bcfb7b-6cf2-4a73-8aae-6a4786a94534,e1bcfb7b-6cf2-4a73-8aae-6a4786a94534:4:14,4,14,VERIFIED_LIVE:2026-07-31 22:13:54:00000305,2026-07-31 22:13:54,21,2026-08-01T02:14:21.072+00:00,Bonk,mint:DezXAZ8z7PnrnRJjz3wXBoRgixCa6xjnB7YaB1pPB263,VERIFIED_LIVE,VERIFIED_WITH_WARNING,BASE_FILTER_ONLY,0.006679000000000103,1.0,120.339197004796,55.02630323160047,106.88442851651808,143.4702628997175,605.4636750521638,425.7201916526321,1500.0,False,0.0005,0.0007812828158501226,0.0012812828158501226,9.08203956085671,9.082949497130638,0.0018164989057987348,0.985,False,False,False,False,True,CONFIRMED,,0.0035812182783512463,0.003097781721648857,2026-08-01T04:49:50.218+00:00,0.0005,0.0007812828158501226,0.000908203956085671,0.0009082949497130639,0.0018164989057987348,0.19183752296003934,0.2719716882465499,0.4638092112065892,True
e1bcfb7b-6cf2-4a73-8aae-6a4786a94534,e1bcfb7b-6cf2-4a73-8aae-6a4786a94534:4:15,4,15,VERIFIED_LIVE:2026-07-31 22:13:54:00000305,2026-07-31 22:13:54,21,2026-08-01T02:14:21.072+00:00,Bonk,mint:DezXAZ8z7PnrnRJjz3wXBoRgixCa6xjnB7YaB1pPB263,VERIFIED_LIVE,VERIFIED_WITH_WARNING,BASE_FILTER_ONLY,0.006679000000000103,1.0,120.339197004796,66.83016466219627,104.8499340697946,248.6819368140267,1959.2228175053342,540.7012325508135,1500.0,False,0.0005,0.004059979037947813,0.004559979037947814,7.581545059867087,0.8325241674223605,0.0008414069227289447,0.985,False,False,False,False,True,CONFIRMED,,0.0012776140393233448,0.0054013859606767585,2026-08-01T04:49:50.218+00:00,0.0005,0.004059979037947813,0.0007581545059867086,8.325241674223605e-05,0.0008414069227289447,0.6827337981655552,0.1259779791479161,0.8087117773134713,True
e1bcfb7b-6cf2-4a73-8aae-6a4786a94534,e1bcfb7b-6cf2-4a73-8aae-6a4786a94534:4:16,4,16,VERIFIED_LIVE:2026-07-31 22:13:54:00000305,2026-07-31 22:13:54,21,2026-08-01T02:14:21.072+00:00,Bonk,mint:DezXAZ8z7PnrnRJjz3wXBoRgixCa6xjnB7YaB1pPB263,VERIFIED_LIVE,VERIFIED_WITH_WARNING,BASE_FILTER_ONLY,0.006679000000000103,1.0,120.339197004796,20.129261115895805,84.02654581206149,235.30366817304775,2109.064468055504,459.7986721058011,1500.0,False,0.0005,0.0044419245325193,0.0049419245325193,4.158432106446504,7.971066036086577,0.001212949814253308,0.985,False,False,False,False,True,CONFIRMED,,0.000524125653227495,0.006154874346772608,2026-08-01T04:49:50.218+00:00,0.0005,0.0044419245325193,0.00041584321064465043,0.0007971066036086576,0.001212949814253308,0.7399198281957214,0.18160650011278476,0.9215263283085062,True
e1bcfb7b-6cf2-4a73-8aae-6a4786a94534,e1bcfb7b-6cf2-4a73-8aae-6a4786a94534:4:17,4,17,VERIFIED_LIVE:2026-07-31 22:13:54:00000305,2026-07-31 22:13:54,21,2026-08-01T02:14:21.072+00:00,Bonk,mint:DezXAZ8z7PnrnRJjz3wXBoRgixCa6xjnB7YaB1pPB263,VERIFIED_LIVE,VERIFIED_WITH_WARNING,BASE_FILTER_ONLY,0.006679000000000103,1.0,120.339197004796,65.51885266871072,75.28643814133753,183.1370304624069,1346.813210740659,444.28151827725117,1500.0,False,0.0005,0.0005007442278484395,0.0010007442278484394,14.981416370724409,4.433457622831476,0.0019414873993555887,0.985,False,False,False,False,True,CONFIRMED,,0.003736768372796075,0.0029422316272040283,2026-08-01T04:49:50.218+00:00,0.0005,0.0005007442278484395,0.001498141637072441,0.0004433457622831476,0.0019414873993555887,0.14983444046240812,0.2906853420205957,0.4405197824830039,True
e1bcfb7b-6cf2-4a73-8aae-6a4786a94534,e1bcfb7b-6cf2-4a73-8aae-6a4786a94534:4:18,4,18,VERIFIED_LIVE:2026-07-31 22:13:54:00000305,2026-07-31 22:13:54,21,2026-08-01T02:14:21.072+00:00,Bonk,mint:DezXAZ8z7PnrnRJjz3wXBoRgixCa6xjnB7YaB1pPB263,VERIFIED_LIVE,VERIFIED_WITH_WARNING,BASE_FILTER_ONLY,0.006679000000000103,1.0,120.339197004796,112.34280408295221,86.62568860907882,95.96134322442605,1126.3377303748216,415.26903292125314,1500.0,False,0.0005,0.0035409478427968675,0.0040409478427968675,5.1510767269906115,7.275902322756631,0.0012426979049747241,0.985,False,False,False,False,True,CONFIRMED,,0.0013953542522285112,0.005283645747771592,2026-08-01T04:49:50.218+00:00,0.0005,0.0035409478427968675,0.0005151076726990612,0.0007275902322756631,0.0012426979049747241,0.6050228840839654,0.18606047386954708,0.7910833579535126,True
e1bcfb7b-6cf2-4a73-8aae-6a4786a94534,e1bcfb7b-6cf2-4a73-8aae-6a4786a94534:4:19,4,19,VERIFIED_LIVE:2026-07-31 22:13:54:00000305,2026-07-31 22:13:54,21,2026-08-01T02:14:21.072+00:00,Bonk,mint:DezXAZ8z7PnrnRJjz3wXBoRgixCa6xjnB7YaB1pPB263,VERIFIED_LIVE,VERIFIED_WITH_WARNING,BASE_FILTER_ONLY,0.006679000000000103,1.0,120.339197004796,65.6611393015885,114.94078297824711,166.19721152695485,655.1242749174764,467.13833081158646,1500.0,False,0.0005,0.0048402575488057315,0.005340257548805731,7.433918573668861,2.0642231776608675,0.0009498141751329729,0.985,False,False,False,False,True,CONFIRMED,,0.0003889282760613996,0.006290071723938704,2026-08-01T04:49:50.218+00:00,0.0005,0.0048402575488057315,0.0007433918573668861,0.00020642231776608674,0.0009498141751329729,0.7995594473432622,0.14220903954678218,0.9417684868900443,True
e1bcfb7b-6cf2-4a73-8aae-6a4786a94534,e1bcfb7b-6cf2-4a73-8aae-6a4786a94534:4:20,4,20,VERIFIED_LIVE:2026-07-31 22:13:54:00000305,2026-07-31 22:13:54,21,2026-08-01T02:14:21.072+00:00,Bonk,mint:DezXAZ8z7PnrnRJjz3wXBoRgixCa6xjnB7YaB1pPB263,VERIFIED_LIVE,VERIFIED_WITH_WARNING,BASE_FILTER_ONLY,0.006679000000000103,1.0,120.339197004796,106.6712486609175,108.88977116908154,109.72260187940425,1361.9158709944154,445.6228187141993,1500.0,False,0.0005,0.002851925720029774,0.003351925720029774,5.772520632871675,6.99288301432139,0.0012765403647193065,0.985,False,False,False,False,True,CONFIRMED,,0.0020505339152510228,0.0046284660847490805,2026-08-01T04:49:50.218+00:00,0.0005,0.002851925720029774,0.0005772520632871675,0.0006992883014321391,0.0012765403647193065,0.5018604162344247,0.19112746889044568,0.6929878851248703,True
e1bcfb7b-6cf2-4a73-8aae-6a4786a94534,e1bcfb7b-6cf2-4a73-8aae-6a4786a94534:4:21,4,21,VERIFIED_LIVE:2026-07-31 22:13:54:00000305,2026-07-31 22:13:54,21,2026-08-01T02:14:21.072+00:00,Bonk,mint:DezXAZ8z7PnrnRJjz3wXBoRgixCa6xjnB7YaB1pPB263,VERIFIED_LIVE,VERIFIED_WITH_WARNING,BASE_FILTER_ONLY,0.006679000000000103,1.0,120.339197004796,46.69884275366192,39.16874001444786,107.62455636927513,1551.5848694880906,313.83133614218093,1500.0,False,0.0005,0.003868043440774336,0.004368043440774336,11.149484706919255,2.9118282272970433,0.0014061312934216298,0.985,False,False,False,False,True,CONFIRMED,,0.000904825265804138,0.005774174734195965,2026-08-01T04:49:50.218+00:00,0.0005,0.003868043440774336,0.0011149484706919255,0.0002911828227297043,0.0014061312934216298,0.6539966223647654,0.2105302131189711,0.8645268354837365,True
e1bcfb7b-6cf2-4a73-8aae-6a4786a94534,e1bcfb7b-6cf2-4a73-8aae-6a4786a94534:4:22,4,22,VERIFIED_LIVE:2026-07-31 22:13:54:00000305,2026-07-31 22:13:54,21,2026-08-01T02:14:21.072+00:00,Bonk,mint:DezXAZ8z7PnrnRJjz3wXBoRgixCa6xjnB7YaB1pPB263,VERIFIED_LIVE,VERIFIED_WITH_WARNING,BASE_FILTER_ONLY,0.006679000000000103,1.0,120.339197004796,91.2300531917323,115.66145582110906,66.97542711519631,1678.7166023699608,394.20613313283366,1500.0,False,0.0005,0.0003601586004758927,0.0008601586004758927,10.07175730951516,1.226110604772186,0.0011297867914287346,0.985,False,False,False,False,True,CONFIRMED,,0.004689054608095476,0.0019899453919046276,2026-08-01T04:49:50.219+00:00,0.0005,0.0003601586004758927,0.001007175730951516,0.0001226110604772186,0.0011297867914287346,0.12878553682824964,0.1691550818129536,0.2979406186412033,True
e1bcfb7b-6cf2-4a73-8aae-6a4786a94534,e1bcfb7b-6cf2-4a73-8aae-6a4786a94534:4:23,4,23,VERIFIED_LIVE:2026-07-31 22:13:54:00000305,2026-07-31 22:13:54,21,2026-08-01T02:14:21.072+00:00,Bonk,mint:DezXAZ8z7PnrnRJjz3wXBoRgixCa6xjnB7YaB1pPB263,VERIFIED_LIVE,VERIFIED_WITH_WARNING,BASE_FILTER_ONLY,0.006679000000000103,1.0,120.339197004796,95.28414925309124,42.24603182143534,148.58969918908812,1296.857065402594,406.45907726841074,1500.0,False,0.0005,0.004663975312495424,0.005163975312495425,5.436754608802415,4.852773028376349,0.0010289527637178763,0.985,False,False,False,False,True,CONFIRMED,,0.00048607192378680164,0.006192928076213302,2026-08-01T04:49:50.219+00:00,0.0005,0.004663975312495424,0.0005436754608802415,0.0004852773028376349,0.0010289527637178763,0.7731659398855135,0.15405790742893555,0.9272238473144492,True
e1bcfb7b-6cf2-4a73-8aae-6a4786a94534,e1bcfb7b-6cf2-4a73-8aae-6a4786a94534:4:24,4,24,VERIFIED_LIVE:2026-07-31 22:13:54:00000305,2026-07-31 22:13:54,21,2026-08-01T02:14:21.072+00:00,Bonk,mint:DezXAZ8z7PnrnRJjz3wXBoRgixCa6xjnB7YaB1pPB263,VERIFIED_LIVE,VERIFIED_WITH_WARNING,BASE_FILTER_ONLY,0.006679000000000103,1.0,120.339197004796,139.61630356070225,113.48445500122959,61.47782383986581,380.48212693566984,434.9177794065937,1500.0,False,0.0005,0.00039470926280303533,0.0008947092628030353,7.759549328295733,0.24253032892278092,0.0008002079657218513,0.985,False,False,False,False,True,CONFIRMED,,0.004984082771475217,0.0016949172285248863,2026-08-01T04:49:50.219+00:00,0.0005,0.00039470926280303533,0.0007759549328295733,2.4253032892278094e-05,0.0008002079657218513,0.13395856607321777,0.1198095471959633,0.25376811326918103,True
e1bcfb7b-6cf2-4a73-8aae-6a4786a94534,e1bcfb7b-6cf2-4a73-8aae-6a4786a94534:4:25,4,25,VERIFIED_LIVE:2026-07-31 22:13:54:00000305,2026-07-31 22:13:54,21,2026-08-01T02:14:21.072+00:00,Bonk,mint:DezXAZ8z7PnrnRJjz3wXBoRgixCa6xjnB7YaB1pPB263,VERIFIED_LIVE,VERIFIED_WITH_WARNING,BASE_FILTER_ONLY,0.006679000000000103,1.0,120.339197004796,137.0210688528985,36.92706767562008,59.64902432650341,343.6651449516483,353.93635785981803,1500.0,False,0.0005,0.004072425139854788,0.004572425139854787,2.624512434431492,6.736020920384476,0.0009360533354815967,0.985,False,False,False,False,True,CONFIRMED,,0.0011705215246637195,0.005508478475336384,2026-08-01T04:49:50.219+00:00,0.0005,0.004072425139854788,0.0002624512434431492,0.0006736020920384476,0.0009360533354815967,0.6845972660360408,0.14014872518065313,0.8247459912166939,True
e1bcfb7b-6cf2-4a73-8aae-6a4786a94534,e1bcfb7b-6cf2-4a73-8aae-6a4786a94534:4:26,4,26,VERIFIED_LIVE:2026-07-31 22:13:54:00000305,2026-07-31 22:13:54,21,2026-08-01T02:14:21.072+00:00,Bonk,mint:DezXAZ8z7PnrnRJjz3wXBoRgixCa6xjnB7YaB1pPB263,VERIFIED_LIVE,VERIFIED_WITH_WARNING,BASE_FILTER_ONLY,0.006679000000000103,1.0,120.339197004796,77.2814510652995,114.9676309048881,205.4874923884684,1763.7741520795628,518.0757713634521,1500.0,False,0.0005,0.0033415165073955953,0.0038415165073955953,14.68070747872271,0.915161064431198,0.0015595868543153907,0.985,False,False,False,False,True,CONFIRMED,,0.001277896638289117,0.005401103361710987,2026-08-01T04:49:50.219+00:00,0.0005,0.0033415165073955953,0.001468070747872271,9.15161064431198e-05,0.0015595868543153907,0.575163423775346,0.23350604196966113,0.8086694657450072,True
e1bcfb7b-6cf2-4a73-8aae-6a4786a94534,e1bcfb7b-6cf2-4a73-8aae-6a4786a94534:4:27,4,27,VERIFIED_LIVE:2026-07-31 22:13:54:00000305,2026-07-31 22:13:54,21,2026-08-01T02:14:21.072+00:00,Bonk,mint:DezXAZ8z7PnrnRJjz3wXBoRgixCa6xjnB7YaB1pPB263,VERIFIED_LIVE,VERIFIED_WITH_WARNING,BASE_FILTER_ONLY,0.006679000000000103,1.0,120.339197004796,44.662262138489154,53.214102495735574,238.44961372247366,2284.5402561211577,456.6651753614944,1500.0,False,0.0005,0.0028196031738625515,0.0033196031738625515,6.408406939899115,9.546614568912531,0.0015955021508811647,0.985,False,False,False,False,True,CONFIRMED,,0.001763894675256387,0.004915105324743716,2026-08-01T04:49:50.219+00:00,0.0005,0.0028196031738625515,0.0006408406939899115,0.0009546614568912531,0.0015955021508811647,0.49702098725295707,0.23888338836369816,0.7359043756166551,True
e1bcfb7b-6cf2-4a73-8aae-6a4786a94534,e1bcfb7b-6cf2-4a73-8aae-6a4786a94534:4:28,4,28,VERIFIED_LIVE:2026-07-31 22:13:54:00000305,2026-07-31 22:13:54,21,2026-08-01T02:14:21.072+00:00,Bonk,mint:DezXAZ8z7PnrnRJjz3wXBoRgixCa6xjnB7YaB1pPB263,VERIFIED_LIVE,VERIFIED_WITH_WARNING,BASE_FILTER_ONLY,0.006679000000000103,1.0,120.339197004796,119.60220002703723,52.2044133881023,70.18318237969527,1010.4350847867626,362.3289927996308,1500.0,False,0.0005,0.0004944278150149816,0.0009944278150149817,4.714606355316631,1.167411593170855,0.0005882017948487486,0.985,False,False,False,False,True,CONFIRMED,,0.005096370390136373,0.0015826296098637302,2026-08-01T04:49:50.219+00:00,0.0005,0.0004944278150149816,0.0004714606355316631,0.00011674115931708551,0.0005882017948487486,0.14888872810525022,0.08806734463972743,0.23695607274497765,True
e1bcfb7b-6cf2-4a73-8aae-6a4786a94534,e1bcfb7b-6cf2-4a73-8aae-6a4786a94534:4:29,4,29,VERIFIED_LIVE:2026-07-31 22:13:54:00000305,2026-07-31 22:13:54,21,2026-08-01T02:14:21.072+00:00,Bonk,mint:DezXAZ8z7PnrnRJjz3wXBoRgixCa6xjnB7YaB1pPB263,VERIFIED_LIVE,VERIFIED_WITH_WARNING,BASE_FILTER_ONLY,0.006679000000000103,1.0,120.339197004796,40.862706469447474,29.55571400247902,92.15849821949679,1900.398380167857,282.91611569621926,1500.0,False,0.0005,0.004033750283811053,0.004533750283811052,1.5071702876317028,7.252501939291395,0.0008759672226923098,0.985,False,False,False,False,True,CONFIRMED,,0.001269282493496741,0.005409717506503362,2026-08-01T04:49:50.219+00:00,0.0005,0.004033750283811053,0.00015071702876317029,0.0007252501939291395,0.0008759672226923098,0.6788067500839919,0.13115245136881212,0.8099592014528041,True
e1bcfb7b-6cf2-4a73-8aae-6a4786a94534,e1bcfb7b-6cf2-4a73-8aae-6a4786a94534:4:30,4,30,VERIFIED_LIVE:2026-07-31 22:13:54:00000305,2026-07-31 22:13:54,21,2026-08-01T02:14:21.072+00:00,Bonk,mint:DezXAZ8z7PnrnRJjz3wXBoRgixCa6xjnB7YaB1pPB263,VERIFIED_LIVE,VERIFIED_WITH_WARNING,BASE_FILTER_ONLY,0.006679000000000103,1.0,120.339197004796,146.87029843676152,64.06790580471079,148.07210383584967,1052.8579615681901,479.34950508211796,1500.0,False,0.0005,0.0039457797601297065,0.004445779760129706,5.240750931763199,5.115570066083077,0.0010356320997846275,0.985,False,False,False,False,True,CONFIRMED,,0.0011975881400857697,0.005481411859914334,2026-08-01T04:49:50.219+00:00,0.0005,0.0039457797601297065,0.0005240750931763199,0.0005115570066083077,0.0010356320997846275,0.6656355382736394,0.15505795774586187,0.8206934960195013,True
e1bcfb7b-6cf2-4a73-8aae-6a4786a94534,e1bcfb7b-6cf2-4a73-8aae-6a4786a94534:4:31,4,31,VERIFIED_LIVE:2026-07-31 22:13:54:00000305,2026-07-31 22:13:54,21,2026-08-01T02:14:21.072+00:00,Bonk,mint:DezXAZ8z7PnrnRJjz3wXBoRgixCa6xjnB7YaB1pPB263,VERIFIED_LIVE,VERIFIED_WITH_WARNING,BASE_FILTER_ONLY,0.006679000000000103,1.0,120.339197004796,64.09591052797207,90.93315448068267,88.82060192445681,1027.1391363994953,364.18886393790757,1500.0,False,0.0005,0.004987448515004047,0.005487448515004047,2.3379378383057285,4.208495187366625,0.0006546433025672354,0.985,False,False,False,False,True,CONFIRMED,,0.0005369081824288212,0.006142091817571282,2026-08-01T04:49:50.219+00:00,0.0005,0.004987448515004047,0.00023379378383057287,0.00042084951873666256,0.0006546433025672354,0.821597322204516,0.09801516732553156,0.9196124895300475,True
e1bcfb7b-6cf2-4a73-8aae-6a4786a94534,e1bcfb7b-6cf2-4a73-8aae-6a4786a94534:4:32,4,32,VERIFIED_LIVE:2026-07-31 22:13:54:00000305,2026-07-31 22:13:54,21,2026-08-01T02:14:21.072+00:00,Bonk,mint:DezXAZ8z7PnrnRJjz3wXBoRgixCa6xjnB7YaB1pPB263,VERIFIED_LIVE,VERIFIED_WITH_WARNING,BASE_FILTER_ONLY,0.006679000000000103,1.0,120.339197004796,145.0953446059566,119.38653963991185,150.77530513896437,1690.3919087833622,535.5963863896288,1500.0,False,0.0005,0.0018848138054525024,0.0023848138054525024,2.8601955423404997,4.67108907429615,0.0007531284616636649,0.985,False,False,False,False,True,CONFIRMED,,0.0035410577328839356,0.0031379422671161676,2026-08-01T04:49:50.219+00:00,0.0005,0.0018848138054525024,0.00028601955423404997,0.000467108907429615,0.0007531284616636649,0.35706150702986456,0.1127606620248021,0.4698221690546667,True
e1bcfb7b-6cf2-4a73-8aae-6a4786a94534,e1bcfb7b-6cf2-4a73-8aae-6a4786a94534:4:33,4,33,VERIFIED_LIVE:2026-07-31 22:13:54:00000305,2026-07-31 22:13:54,21,2026-08-01T02:14:21.072+00:00,Bonk,mint:DezXAZ8z7PnrnRJjz3wXBoRgixCa6xjnB7YaB1pPB263,VERIFIED_LIVE,VERIFIED_WITH_WARNING,BASE_FILTER_ONLY,0.006679000000000103,1.0,120.339197004796,117.56524672911692,89.58941964708072,233.66523563112673,1373.9681670455998,561.1590990121204,1500.0,False,0.0005,0.0023921579398494294,0.0028921579398494294,5.620190039668948,6.101550019634123,0.0011721740059303072,0.985,False,False,False,False,True,CONFIRMED,,0.0026146680542203666,0.004064331945779737,2026-08-01T04:49:50.219+00:00,0.0005,0.0023921579398494294,0.0005620190039668948,0.0006101550019634123,0.0011721740059303072,0.43302259916894514,0.1755014232565188,0.608524022425464,True
e1bcfb7b-6cf2-4a73-8aae-6a4786a94534,e1bcfb7b-6cf2-4a73-8aae-6a4786a94534:4:34,4,34,VERIFIED_LIVE:2026-07-31 22:13:54:00000305,2026-07-31 22:13:54,21,2026-08-01T02:14:21.072+00:00,Bonk,mint:DezXAZ8z7PnrnRJjz3wXBoRgixCa6xjnB7YaB1pPB263,VERIFIED_LIVE,VERIFIED_WITH_WARNING,BASE_FILTER_ONLY,0.006679000000000103,1.0,120.339197004796,89.87548073809701,67.96057020124667,189.95426063269488,2025.3973018170038,468.1295085768345,1500.0,False,0.0005,0.00030528896913486217,0.0008052889691348621,13.8149213298933,5.898822459401757,0.001971374378929506,0.985,False,False,False,False,True,CONFIRMED,,0.0039023366519357356,0.0027766633480643677,2026-08-01T04:49:50.219+00:00,0.0005,0.00030528896913486217,0.00138149213298933,0.0005898822459401757,0.001971374378929506,0.1205702903331112,0.29516011063474706,0.4157304009678582,True
e1bcfb7b-6cf2-4a73-8aae-6a4786a94534,e1bcfb7b-6cf2-4a73-8aae-6a4786a94534:4:35,4,35,VERIFIED_LIVE:2026-07-31 22:13:54:00000305,2026-07-31 22:13:54,21,2026-08-01T02:14:21.072+00:00,Bonk,mint:DezXAZ8z7PnrnRJjz3wXBoRgixCa6xjnB7YaB1pPB263,VERIFIED_LIVE,VERIFIED_WITH_WARNING,BASE_FILTER_ONLY,0.006679000000000103,1.0,120.339197004796,56.66973019158141,34.84215180875016,205.76643978703547,1239.8191535243577,417.6175187921631,1500.0,False,0.0005,0.002238990675422939,0.002738990675422939,2.2202016087563683,2.0911552175587578,0.00043113568263151265,0.985,False,False,False,False,True,CONFIRMED,,0.003508873641945651,0.003170126358054452,2026-08-01T04:49:50.219+00:00,0.0005,0.002238990675422939,0.00022202016087563683,0.0002091155217558758,0.00043113568263151265,0.41008993493380697,0.06455093316836442,0.47464086810217143,True
e1bcfb7b-6cf2-4a73-8aae-6a4786a94534,e1bcfb7b-6cf2-4a73-8aae-6a4786a94534:4:36,4,36,VERIFIED_LIVE:2026-07-31 22:13:54:00000305,2026-07-31 22:13:54,21,2026-08-01T02:14:21.072+00:00,Bonk,mint:DezXAZ8z7PnrnRJjz3wXBoRgixCa6xjnB7YaB1pPB263,VERIFIED_LIVE,VERIFIED_WITH_WARNING,BASE_FILTER_ONLY,0.006679000000000103,1.0,120.339197004796,43.29980464755083,69.50161248881027,105.76171887830391,1369.9171794303943,338.902333019461,1500.0,False,0.0005,0.003347210856414799,0.003847210856414799,2.2017455523463854,9.380048201109771,0.0011581793753456158,0.985,False,False,False,False,True,CONFIRMED,,0.001673609768239688,0.005005390231760415,2026-08-01T04:49:50.219+00:00,0.0005,0.003347210856414799,0.00022017455523463852,0.000938004820110977,0.0011581793753456158,0.576015998864312,0.17340610500757567,0.7494221038718877,True
e1bcfb7b-6cf2-4a73-8aae-6a4786a94534,e1bcfb7b-6cf2-4a73-8aae-6a4786a94534:4:37,4,37,VERIFIED_LIVE:2026-07-31 22:13:54:00000305,2026-07-31 22:13:54,21,2026-08-01T02:14:21.072+00:00,Bonk,mint:DezXAZ8z7PnrnRJjz3wXBoRgixCa6xjnB7YaB1pPB263,VERIFIED_LIVE,VERIFIED_WITH_WARNING,BASE_FILTER_ONLY,0.006679000000000103,1.0,120.339197004796,60.6375381739142,119.59885023908446,147.33576948863794,1702.6771002253163,447.9113549064326,1500.0,False,0.0005,0.0019634355027930255,0.0024634355027930255,14.164059354742268,3.0953590051617654,0.0017259418359904031,0.985,False,False,True,False,False,FAILED,RPC_FAILURE,0.0,0.006679000000000103,2026-08-01T04:49:50.219+00:00,0.0005,0.0019634355027930255,0.0014164059354742266,0.00030953590051617654,0.0017259418359904031,0.36883298439781215,0.2584132109582836,1.0,False
e1bcfb7b-6cf2-4a73-8aae-6a4786a94534,e1bcfb7b-6cf2-4a73-8aae-6a4786a94534:4:38,4,38,VERIFIED_LIVE:2026-07-31 22:13:54:00000305,2026-07-31 22:13:54,21,2026-08-01T02:14:21.072+00:00,Bonk,mint:DezXAZ8z7PnrnRJjz3wXBoRgixCa6xjnB7YaB1pPB263,VERIFIED_LIVE,VERIFIED_WITH_WARNING,BASE_FILTER_ONLY,0.006679000000000103,1.0,120.339197004796,85.85728934201953,75.15508153136605,46.51478328147814,1528.4451878208135,327.8663511596597,1500.0,False,0.0005,0.0021069873340226588,0.0026069873340226588,0.09041491702721949,6.904475795563423,0.0006994890712590643,0.985,False,False,False,False,True,CONFIRMED,,0.0033725235947183805,0.0033064764052817227,2026-08-01T04:49:50.219+00:00,0.0005,0.0021069873340226588,9.041491702721949e-06,0.0006904475795563423,0.0006994890712590643,0.39032599700892623,0.10472961090867697,0.49505560791760317,True
e1bcfb7b-6cf2-4a73-8aae-6a4786a94534,e1bcfb7b-6cf2-4a73-8aae-6a4786a94534:4:39,4,39,VERIFIED_LIVE:2026-07-31 22:13:54:00000305,2026-07-31 22:13:54,21,2026-08-01T02:14:21.072+00:00,Bonk,mint:DezXAZ8z7PnrnRJjz3wXBoRgixCa6xjnB7YaB1pPB263,VERIFIED_LIVE,VERIFIED_WITH_WARNING,BASE_FILTER_ONLY,0.006679000000000103,1.0,120.339197004796,120.04086768492377,70.95989661337975,103.68925196775365,2497.830388235465,415.0292132708532,1500.0,False,0.0005,0.0006104495337078044,0.0011104495337078044,13.530998861795526,7.127149084908135,0.002065814794670366,0.985,False,False,False,False,True,CONFIRMED,,0.003502735671621933,0.0031762643283781704,2026-08-01T04:49:50.219+00:00,0.0005,0.0006104495337078044,0.0013530998861795527,0.0007127149084908135,0.002065814794670366,0.1662598493348985,0.3093000141743276,0.47555986350922613,True
e1bcfb7b-6cf2-4a73-8aae-6a4786a94534,e1bcfb7b-6cf2-4a73-8aae-6a4786a94534:4:40,4,40,VERIFIED_LIVE:2026-07-31 22:13:54:00000305,2026-07-31 22:13:54,21,2026-08-01T02:14:21.072+00:00,Bonk,mint:DezXAZ8z7PnrnRJjz3wXBoRgixCa6xjnB7YaB1pPB263,VERIFIED_LIVE,VERIFIED_WITH_WARNING,BASE_FILTER_ONLY,0.006679000000000103,1.0,120.339197004796,48.32272800804422,79.13391621472957,246.88503947943656,1624.7524965467708,494.6808807070064,1500.0,False,0.0005,0.003834353108546116,0.004334353108546116,9.93605682282746,0.08587812370258963,0.001002193494653005,0.985,False,False,False,False,True,CONFIRMED,,0.001342453396800983,0.00533654660319912,2026-08-01T04:49:50.220+00:00,0.0005,0.003834353108546116,0.000993605682282746,8.587812370258962e-06,0.001002193494653005,0.6489524043338896,0.15005142905419816,0.7990038333880877,True
e1bcfb7b-6cf2-4a73-8aae-6a4786a94534,e1bcfb7b-6cf2-4a73-8aae-6a4786a94534:4:41,4,41,VERIFIED_LIVE:2026-07-31 22:13:54:00000305,2026-07-31 22:13:54,21,2026-08-01T02:14:21.072+00:00,Bonk,mint:DezXAZ8z7PnrnRJjz3wXBoRgixCa6xjnB7YaB1pPB263,VERIFIED_LIVE,VERIFIED_WITH_WARNING,BASE_FILTER_ONLY,0.006679000000000103,1.0,120.339197004796,143.3210951080096,108.40822246370838,90.07240501345359,2020.9399838111926,462.14091958996755,1500.0,False,0.0005,0.0008937789107503782,0.0013937789107503784,10.82292775614359,7.803654838160677,0.0018626582594304267,0.985,False,False,False,False,True,CONFIRMED,,0.0034225628298192984,0.003256437170180805,2026-08-01T04:49:50.223+00:00,0.0005,0.0008937789107503782,0.001082292775614359,0.0007803654838160677,0.0018626582594304267,0.20868077717478017,0.27888280572397034,0.48756358289875046,True
e1bcfb7b-6cf2-4a73-8aae-6a4786a94534,e1bcfb7b-6cf2-4a73-8aae-6a4786a94534:4:42,4,42,VERIFIED_LIVE:2026-07-31 22:13:54:00000305,2026-07-31 22:13:54,21,2026-08-01T02:14:21.072+00:00,Bonk,mint:DezXAZ8z7PnrnRJjz3wXBoRgixCa6xjnB7YaB1pPB263,VERIFIED_LIVE,VERIFIED_WITH_WARNING,BASE_FILTER_ONLY,0.006679000000000103,1.0,120.339197004796,104.91462112764746,42.514556160401426,145.1133422916506,982.0166130082671,412.8817165844955,1500.0,False,0.0005,0.0031734593601574295,0.0036734593601574295,7.6356889063567195,8.594678461466822,0.0016230367367823539,0.985,False,False,False,False,True,CONFIRMED,,0.0013825039030603203,0.005296496096939783,2026-08-01T04:49:50.223+00:00,0.0005,0.0031734593601574295,0.0007635688906356719,0.0008594678461466822,0.0016230367367823539,0.5500014014309587,0.2430059495107544,0.793007350941713,True
e1bcfb7b-6cf2-4a73-8aae-6a4786a94534,e1bcfb7b-6cf2-4a73-8aae-6a4786a94534:4:43,4,43,VERIFIED_LIVE:2026-07-31 22:13:54:00000305,2026-07-31 22:13:54,21,2026-08-01T02:14:21.072+00:00,Bonk,mint:DezXAZ8z7PnrnRJjz3wXBoRgixCa6xjnB7YaB1pPB263,VERIFIED_LIVE,VERIFIED_WITH_WARNING,BASE_FILTER_ONLY,0.006679000000000103,1.0,120.339197004796,97.70467593086194,95.29988199097525,72.5604525914753,1789.3652165027838,385.9042075181085,1500.0,False,0.0005,0.0026436371987721913,0.0031436371987721913,14.703261251603724,0.17113217359888355,0.0014874393425202608,0.985,True,False,False,False,False,MISSED,OPPORTUNITY_MISSED,0.0,0.006679000000000103,2026-08-01T04:49:50.223+00:00,0.0005,0.0026436371987721913,0.0014703261251603724,1.7113217359888355e-05,0.0014874393425202608,0.47067483137777255,0.2227038991645812,1.0,False
e1bcfb7b-6cf2-4a73-8aae-6a4786a94534,e1bcfb7b-6cf2-4a73-8aae-6a4786a94534:4:44,4,44,VERIFIED_LIVE:2026-07-31 22:13:54:00000305,2026-07-31 22:13:54,21,2026-08-01T02:14:21.072+00:00,Bonk,mint:DezXAZ8z7PnrnRJjz3wXBoRgixCa6xjnB7YaB1pPB263,VERIFIED_LIVE,VERIFIED_WITH_WARNING,BASE_FILTER_ONLY,0.006679000000000103,1.0,120.339197004796,39.73536293545598,60.743745276169705,209.10198374441836,669.8182242842498,429.92028896084,1500.0,False,0.0005,0.0038881602048510687,0.004388160204851069,3.3694536022979547,5.9336523545297375,0.0009303105956827693,0.985,False,False,True,False,False,FAILED,RPC_FAILURE,0.0,0.006679000000000103,2026-08-01T04:49:50.223+00:00,0.0005,0.0038881602048510687,0.0003369453602297955,0.0005933652354529737,0.0009303105956827693,0.6570085648826173,0.13928890487838821,1.0,False
e1bcfb7b-6cf2-4a73-8aae-6a4786a94534,e1bcfb7b-6cf2-4a73-8aae-6a4786a94534:4:45,4,45,VERIFIED_LIVE:2026-07-31 22:13:54:00000305,2026-07-31 22:13:54,21,2026-08-01T02:14:21.072+00:00,Bonk,mint:DezXAZ8z7PnrnRJjz3wXBoRgixCa6xjnB7YaB1pPB263,VERIFIED_LIVE,VERIFIED_WITH_WARNING,BASE_FILTER_ONLY,0.006679000000000103,1.0,120.339197004796,50.65751969661761,41.65091498109615,52.47327211936249,327.3570450298424,265.12090380187226,1500.0,False,0.0005,0.004258381146724932,0.004758381146724932,1.709926464702229,1.525929087324066,0.00032358555520262946,0.985,False,False,False,False,True,CONFIRMED,,0.0015970332980725418,0.0050819667019275615,2026-08-01T04:49:50.223+00:00,0.0005,0.004258381146724932,0.00017099264647022289,0.0001525929087324066,0.00032358555520262946,0.7124391595635362,0.04844820410280348,0.7608873636663397,True
e1bcfb7b-6cf2-4a73-8aae-6a4786a94534,e1bcfb7b-6cf2-4a73-8aae-6a4786a94534:4:46,4,46,VERIFIED_LIVE:2026-07-31 22:13:54:00000305,2026-07-31 22:13:54,21,2026-08-01T02:14:21.072+00:00,Bonk,mint:DezXAZ8z7PnrnRJjz3wXBoRgixCa6xjnB7YaB1pPB263,VERIFIED_LIVE,VERIFIED_WITH_WARNING,BASE_FILTER_ONLY,0.006679000000000103,1.0,120.339197004796,130.14738465868942,103.48127809008164,63.05610859238636,539.9461432540822,417.0239683459534,1500.0,False,0.0005,0.0028195534669703134,0.0033195534669703134,0.9828440320806803,8.171672998861634,0.0009154517030942313,0.985,True,False,False,False,False,MISSED,OPPORTUNITY_MISSED,0.0,0.006679000000000103,2026-08-01T04:49:50.223+00:00,0.0005,0.0028195534669703134,9.828440320806803e-05,0.0008171672998861635,0.0009154517030942313,0.49701354498731276,0.137064186718703,1.0,False
e1bcfb7b-6cf2-4a73-8aae-6a4786a94534,e1bcfb7b-6cf2-4a73-8aae-6a4786a94534:4:47,4,47,VERIFIED_LIVE:2026-07-31 22:13:54:00000305,2026-07-31 22:13:54,21,2026-08-01T02:14:21.072+00:00,Bonk,mint:DezXAZ8z7PnrnRJjz3wXBoRgixCa6xjnB7YaB1pPB263,VERIFIED_LIVE,VERIFIED_WITH_WARNING,BASE_FILTER_ONLY,0.006679000000000103,1.0,120.339197004796,136.6461516279507,83.25480361322086,196.67769381370894,1855.2619674165696,536.9178460596765,1500.0,False,0.0005,0.0033076351494329926,0.0038076351494329926,14.232222955388034,3.755434978670472,0.0017987657934058505,0.985,False,False,False,False,True,CONFIRMED,,0.0010725990571612601,0.005606400942838843,2026-08-01T04:49:50.223+00:00,0.0005,0.0033076351494329926,0.0014232222955388033,0.00037554349786704717,0.0017987657934058505,0.5700906047960673,0.26931663323938054,0.8394072380354478,True
e1bcfb7b-6cf2-4a73-8aae-6a4786a94534,e1bcfb7b-6cf2-4a73-8aae-6a4786a94534:4:48,4,48,VERIFIED_LIVE:2026-07-31 22:13:54:00000305,2026-07-31 22:13:54,21,2026-08-01T02:14:21.072+00:00,Bonk,mint:DezXAZ8z7PnrnRJjz3wXBoRgixCa6xjnB7YaB1pPB263,VERIFIED_LIVE,VERIFIED_WITH_WARNING,BASE_FILTER_ONLY,0.006679000000000103,1.0,120.339197004796,44.44381064812996,97.6227913660405,90.08991343282268,850.5410497105474,352.4957124517892,1500.0,False,0.0005,0.000328935232674235,0.000828935232674235,3.547568289939467,4.655521484912742,0.000820308977485221,0.985,False,False,False,False,True,CONFIRMED,,0.005029755789840647,0.001649244210159456,2026-08-01T04:49:50.223+00:00,0.0005,0.000328935232674235,0.0003547568289939467,0.0004655521484912742,0.000820308977485221,0.12411068014286901,0.12281913123000573,0.24692981137287476,True
e1bcfb7b-6cf2-4a73-8aae-6a4786a94534,e1bcfb7b-6cf2-4a73-8aae-6a4786a94534:4:49,4,49,VERIFIED_LIVE:2026-07-31 22:13:54:00000305,2026-07-31 22:13:54,21,2026-08-01T02:14:21.072+00:00,Bonk,mint:DezXAZ8z7PnrnRJjz3wXBoRgixCa6xjnB7YaB1pPB263,VERIFIED_LIVE,VERIFIED_WITH_WARNING,BASE_FILTER_ONLY,0.006679000000000103,1.0,120.339197004796,144.43977259128388,62.6111661163028,85.81886345839781,1423.5954281610123,413.2089991707805,1500.0,False,0.0005,0.0032651945203097613,0.0037651945203097613,12.962448007320562,7.074823470316987,0.002003727147763755,0.985,False,False,False,False,True,CONFIRMED,,0.0009100783319265873,0.005768921668073516,2026-08-01T04:49:50.223+00:00,0.0005,0.0032651945203097613,0.0012962448007320562,0.0007074823470316988,0.002003727147763755,0.5637362659544397,0.30000406464496543,0.8637403305994051,True
e1bcfb7b-6cf2-4a73-8aae-6a4786a94534,e1bcfb7b-6cf2-4a73-8aae-6a4786a94534:4:50,4,50,VERIFIED_LIVE:2026-07-31 22:13:54:00000305,2026-07-31 22:13:54,21,2026-08-01T02:14:21.072+00:00,Bonk,mint:DezXAZ8z7PnrnRJjz3wXBoRgixCa6xjnB7YaB1pPB263,VERIFIED_LIVE,VERIFIED_WITH_WARNING,BASE_FILTER_ONLY,0.006679000000000103,1.0,120.339197004796,125.37857032150816,22.162376522465813,183.08325733036472,1963.0762433667553,450.96340117913473,1500.0,False,0.0005,0.004138048435523861,0.0046380484355238605,13.601133319780647,6.051876608047547,0.001965300992782819,0.985,False,False,False,False,True,CONFIRMED,,7.565057169342353e-05,0.00660334942830668,2026-08-01T04:49:50.223+00:00,0.0005,0.004138048435523861,0.0013601133319780646,0.0006051876608047546,0.001965300992782819,0.6944225835490027,0.29425078496523266,0.9886733685142353,True
e1bcfb7b-6cf2-4a73-8aae-6a4786a94534,e1bcfb7b-6cf2-4a73-8aae-6a4786a94534:4:51,4,51,VERIFIED_LIVE:2026-07-31 22:13:54:00000305,2026-07-31 22:13:54,21,2026-08-01T02:14:21.072+00:00,Bonk,mint:DezXAZ8z7PnrnRJjz3wXBoRgixCa6xjnB7YaB1pPB263,VERIFIED_LIVE,VERIFIED_WITH_WARNING,BASE_FILTER_ONLY,0.006679000000000103,1.0,120.339197004796,81.71256522759072,22.468374515807138,168.4674654742931,2129.0451959774073,392.987602222487,1500.0,False,0.0005,0.003479916204468654,0.003979916204468654,3.5015241535169372,4.970512915089753,0.000847203706860669,0.985,False,False,False,False,True,CONFIRMED,,0.0018518800886707801,0.004827119911329323,2026-08-01T04:49:50.223+00:00,0.0005,0.003479916204468654,0.00035015241535169374,0.0004970512915089753,0.000847203706860669,0.5958850433401096,0.12684589113050695,0.7227309344706166,True
e1bcfb7b-6cf2-4a73-8aae-6a4786a94534,e1bcfb7b-6cf2-4a73-8aae-6a4786a94534:4:52,4,52,VERIFIED_LIVE:2026-07-31 22:13:54:00000305,2026-07-31 22:13:54,21,2026-08-01T02:14:21.072+00:00,Bonk,mint:DezXAZ8z7PnrnRJjz3wXBoRgixCa6xjnB7YaB1pPB263,VERIFIED_LIVE,VERIFIED_WITH_WARNING,BASE_FILTER_ONLY,0.006679000000000103,1.0,120.339197004796,110.01490792593903,102.9908109746003,203.3747001798062,2031.1175103700698,536.7196160851415,1500.0,False,0.0005,0.0029336149210120307,0.0034336149210120307,2.0210422386397098,6.253126950405093,0.0008274169189044804,0.985,False,False,False,False,True,CONFIRMED,,0.002417968160083592,0.0042610318399165115,2026-08-01T04:49:50.223+00:00,0.0005,0.0029336149210120307,0.00020210422386397097,0.0006253126950405094,0.0008274169189044804,0.5140911694882434,0.12388335363145195,0.6379745231196954,True
e1bcfb7b-6cf2-4a73-8aae-6a4786a94534,e1bcfb7b-6cf2-4a73-8aae-6a4786a94534:4:53,4,53,VERIFIED_LIVE:2026-07-31 22:13:54:00000305,2026-07-31 22:13:54,21,2026-08-01T02:14:21.072+00:00,Bonk,mint:DezXAZ8z7PnrnRJjz3wXBoRgixCa6xjnB7YaB1pPB263,VERIFIED_LIVE,VERIFIED_WITH_WARNING,BASE_FILTER_ONLY,0.006679000000000103,1.0,120.339197004796,98.01929302930237,99.29971379399556,124.21427421012575,921.1863894290021,441.8724780382197,1500.0,False,0.0005,0.0016854449240186619,0.002185444924018662,8.669693108445383,1.2369287392713457,0.0009906621847716728,0.985,False,False,False,False,True,CONFIRMED,,0.003502892891209769,0.0031761071087903344,2026-08-01T04:49:50.223+00:00,0.0005,0.0016854449240186619,0.0008669693108445382,0.00012369287392713458,0.0009906621847716728,0.32721139751738704,0.1483249266015358,0.47553632411892277,True
e1bcfb7b-6cf2-4a73-8aae-6a4786a94534,e1bcfb7b-6cf2-4a73-8aae-6a4786a94534:4:54,4,54,VERIFIED_LIVE:2026-07-31 22:13:54:00000305,2026-07-31 22:13:54,21,2026-08-01T02:14:21.072+00:00,Bonk,mint:DezXAZ8z7PnrnRJjz3wXBoRgixCa6xjnB7YaB1pPB263,VERIFIED_LIVE,VERIFIED_WITH_WARNING,BASE_FILTER_ONLY,0.006679000000000103,1.0,120.339197004796,136.28210735270585,103.33105435811702,98.95159909117572,1132.756237815638,458.90395780679455,1500.0,False,0.0005,0.004298474620924274,0.004798474620924274,6.162451173320744,7.006875875400073,0.0013169327048720818,0.985,False,False,False,False,True,CONFIRMED,,0.0005635926742037474,0.006115407325796356,2026-08-01T04:49:50.223+00:00,0.0005,0.004298474620924274,0.0006162451173320745,0.0007006875875400073,0.0013169327048720818,0.7184420752993262,0.19717513173709558,0.9156172070364218,True
e1bcfb7b-6cf2-4a73-8aae-6a4786a94534,e1bcfb7b-6cf2-4a73-8aae-6a4786a94534:4:55,4,55,VERIFIED_LIVE:2026-07-31 22:13:54:00000305,2026-07-31 22:13:54,21,2026-08-01T02:14:21.072+00:00,Bonk,mint:DezXAZ8z7PnrnRJjz3wXBoRgixCa6xjnB7YaB1pPB263,VERIFIED_LIVE,VERIFIED_WITH_WARNING,BASE_FILTER_ONLY,0.006679000000000103,1.0,120.339197004796,58.71605579347252,43.13017465416574,49.19090380079825,1023.7996250122468,271.37633125323254,1500.0,False,0.0005,0.0020524630991033952,0.0025524630991033952,1.140938013473178,7.84581229942606,0.0008986750312899238,0.985,False,False,False,False,True,CONFIRMED,,0.0032278618696067844,0.003451138130393319,2026-08-01T04:49:50.223+00:00,0.0005,0.0020524630991033952,0.00011409380134731779,0.000784581229942606,0.0008986750312899238,0.3821624643065363,0.1345523328776628,0.5167147971841991,True
e1bcfb7b-6cf2-4a73-8aae-6a4786a94534,e1bcfb7b-6cf2-4a73-8aae-6a4786a94534:4:56,4,56,VERIFIED_LIVE:2026-07-31 22:13:54:00000305,2026-07-31 22:13:54,21,2026-08-01T02:14:21.072+00:00,Bonk,mint:DezXAZ8z7PnrnRJjz3wXBoRgixCa6xjnB7YaB1pPB263,VERIFIED_LIVE,VERIFIED_WITH_WARNING,BASE_FILTER_ONLY,0.006679000000000103,1.0,120.339197004796,76.38992380083832,41.47845728200366,135.4713093429315,2314.805647634745,373.6788874305695,1500.0,False,0.0005,0.0012476158081123113,0.0017476158081123113,3.854533732990191,1.4725708968453366,0.0005327104629835528,0.985,False,False,False,False,True,CONFIRMED,,0.004398673728904239,0.0022803262710958646,2026-08-01T04:49:50.223+00:00,0.0005,0.0012476158081123113,0.0003854533732990191,0.00014725708968453365,0.0005327104629835528,0.2616583033556347,0.07975901526928351,0.3414173186249183,True
e1bcfb7b-6cf2-4a73-8aae-6a4786a94534,e1bcfb7b-6cf2-4a73-8aae-6a4786a94534:4:57,4,57,VERIFIED_LIVE:2026-07-31 22:13:54:00000305,2026-07-31 22:13:54,21,2026-08-01T02:14:21.072+00:00,Bonk,mint:DezXAZ8z7PnrnRJjz3wXBoRgixCa6xjnB7YaB1pPB263,VERIFIED_LIVE,VERIFIED_WITH_WARNING,BASE_FILTER_ONLY,0.006679000000000103,1.0,120.339197004796,97.29854542637649,60.55806633310883,236.21533143902033,873.252843891021,514.4111402033017,1500.0,False,0.0005,0.004418182491740098,0.004918182491740098,9.095326053214837,7.869205492177062,0.00169645315453919,0.985,False,False,False,False,True,CONFIRMED,,6.43643537208147e-05,0.0066146356462792886,2026-08-01T04:49:50.223+00:00,0.0005,0.004418182491740098,0.0009095326053214837,0.0007869205492177061,0.00169645315453919,0.7363650983290946,0.25399807673890756,0.9903631750680021,True
e1bcfb7b-6cf2-4a73-8aae-6a4786a94534,e1bcfb7b-6cf2-4a73-8aae-6a4786a94534:4:58,4,58,VERIFIED_LIVE:2026-07-31 22:13:54:00000305,2026-07-31 22:13:54,21,2026-08-01T02:14:21.072+00:00,Bonk,mint:DezXAZ8z7PnrnRJjz3wXBoRgixCa6xjnB7YaB1pPB263,VERIFIED_LIVE,VERIFIED_WITH_WARNING,BASE_FILTER_ONLY,0.006679000000000103,1.0,120.339197004796,66.11924133837141,78.37856553495894,57.33617783780633,618.3537432670704,322.1731817159326,1500.0,False,0.0005,0.002229566504728598,0.002729566504728598,13.228034623397015,9.284049999046685,0.00225120846224437,0.985,False,False,False,False,True,CONFIRMED,,0.0016982250330271347,0.004980774966972969,2026-08-01T04:49:50.223+00:00,0.0005,0.002229566504728598,0.0013228034623397015,0.0009284049999046685,0.00225120846224437,0.4086789197078239,0.3370577125683988,0.7457366322762228,True
e1bcfb7b-6cf2-4a73-8aae-6a4786a94534,e1bcfb7b-6cf2-4a73-8aae-6a4786a94534:4:59,4,59,VERIFIED_LIVE:2026-07-31 22:13:54:00000305,2026-07-31 22:13:54,21,2026-08-01T02:14:21.072+00:00,Bonk,mint:DezXAZ8z7PnrnRJjz3wXBoRgixCa6xjnB7YaB1pPB263,VERIFIED_LIVE,VERIFIED_WITH_WARNING,BASE_FILTER_ONLY,0.006679000000000103,1.0,120.339197004796,24.0486961435319,33.365417949017235,194.4613050028978,1455.4870259564295,372.21461610024295,1500.0,False,0.0005,0.0030644628337362133,0.0035644628337362133,9.993674208435996,2.1054041754758868,0.0012099078383911882,0.985,False,False,False,False,True,CONFIRMED,,0.0019046293278727022,0.004774370672127401,2026-08-01T04:49:50.223+00:00,0.0005,0.0030644628337362133,0.0009993674208435997,0.00021054041754758868,0.0012099078383911882,0.5336821131510943,0.1811510463229779,0.714833159474072,True
e1bcfb7b-6cf2-4a73-8aae-6a4786a94534,e1bcfb7b-6cf2-4a73-8aae-6a4786a94534:4:60,4,60,VERIFIED_LIVE:2026-07-31 22:13:54:00000305,2026-07-31 22:13:54,21,2026-08-01T02:14:21.072+00:00,Bonk,mint:DezXAZ8z7PnrnRJjz3wXBoRgixCa6xjnB7YaB1pPB263,VERIFIED_LIVE,VERIFIED_WITH_WARNING,BASE_FILTER_ONLY,0.006679000000000103,1.0,120.339197004796,121.13936415873403,55.14090438090983,227.38096501595476,2225.6607750734092,524.0004305603946,1500.0,False,0.0005,0.004179026450958115,0.004679026450958116,0.390549639193416,2.5455787516419335,0.000293612839083535,0.985,False,False,False,False,True,CONFIRMED,,0.0017063607099584528,0.0049726392900416505,2026-08-01T04:49:50.223+00:00,0.0005,0.004179026450958115,3.90549639193416e-05,0.0002545578751641933,0.000293612839083535,0.7005579354630997,0.04396059875483312,0.7445185342179329,True
e1bcfb7b-6cf2-4a73-8aae-6a4786a94534,e1bcfb7b-6cf2-4a73-8aae-6a4786a94534:4:61,4,61,VERIFIED_LIVE:2026-07-31 22:13:54:00000305,2026-07-31 22:13:54,21,2026-08-01T02:14:21.072+00:00,Bonk,mint:DezXAZ8z7PnrnRJjz3wXBoRgixCa6xjnB7YaB1pPB263,VERIFIED_LIVE,VERIFIED_WITH_WARNING,BASE_FILTER_ONLY,0.006679000000000103,1.0,120.339197004796,110.24037564601498,38.889286260518006,125.28499975432298,872.7799664829256,394.753858665652,1500.0,False,0.0005,0.0011691429056876292,0.0016691429056876293,6.534628491388234,6.236510781988688,0.0012771139273376922,0.985,False,False,False,False,False,FAILED,CONFIRMATION_FAILURE,0.0,0.006679000000000103,2026-08-01T04:49:50.223+00:00,0.0005,0.0011691429056876292,0.0006534628491388233,0.0006236510781988688,0.0012771139273376922,0.2499091040107207,0.19121334441348592,1.0,False
e1bcfb7b-6cf2-4a73-8aae-6a4786a94534,e1bcfb7b-6cf2-4a73-8aae-6a4786a94534:4:62,4,62,VERIFIED_LIVE:2026-07-31 22:13:54:00000305,2026-07-31 22:13:54,21,2026-08-01T02:14:21.072+00:00,Bonk,mint:DezXAZ8z7PnrnRJjz3wXBoRgixCa6xjnB7YaB1pPB263,VERIFIED_LIVE,VERIFIED_WITH_WARNING,BASE_FILTER_ONLY,0.006679000000000103,1.0,120.339197004796,148.83827279600183,30.66474714238744,176.550138171466,1913.0277600822455,476.3923551146513,1500.0,False,0.0005,0.0018954428394254788,0.002395442839425479,11.063163016741543,8.623889282860882,0.0019687052299602425,0.985,False,False,False,False,True,CONFIRMED,,0.0023148519306143813,0.004364148069385722,2026-08-01T04:49:50.223+00:00,0.0005,0.0018954428394254788,0.0011063163016741542,0.0008623889282860881,0.0019687052299602425,0.35865291801548765,0.2947604776104525,0.6534133956259401,True
e1bcfb7b-6cf2-4a73-8aae-6a4786a94534,e1bcfb7b-6cf2-4a73-8aae-6a4786a94534:4:63,4,63,VERIFIED_LIVE:2026-07-31 22:13:54:00000305,2026-07-31 22:13:54,21,2026-08-01T02:14:21.072+00:00,Bonk,mint:DezXAZ8z7PnrnRJjz3wXBoRgixCa6xjnB7YaB1pPB263,VERIFIED_LIVE,VERIFIED_WITH_WARNING,BASE_FILTER_ONLY,0.006679000000000103,1.0,120.339197004796,45.785152989859384,105.08560270018431,39.074582133370605,1712.1301470505523,310.2845348282103,1500.0,False,0.0005,0.004312355515828336,0.004812355515828336,9.819510442688012,3.0033156581333884,0.00128228261008214,0.985,False,False,False,False,True,CONFIRMED,,0.0005843618740896273,0.006094638125910476,2026-08-01T04:49:50.223+00:00,0.0005,0.004312355515828336,0.000981951044268801,0.0003003315658133388,0.00128228261008214,0.7205203646995451,0.19198721516426415,0.9125075798638093,True
e1bcfb7b-6cf2-4a73-8aae-6a4786a94534,e1bcfb7b-6cf2-4a73-8aae-6a4786a94534:4:64,4,64,VERIFIED_LIVE:2026-07-31 22:13:54:00000305,2026-07-31 22:13:54,21,2026-08-01T02:14:21.072+00:00,Bonk,mint:DezXAZ8z7PnrnRJjz3wXBoRgixCa6xjnB7YaB1pPB263,VERIFIED_LIVE,VERIFIED_WITH_WARNING,BASE_FILTER_ONLY,0.006679000000000103,1.0,120.339197004796,112.61077130166093,99.21973220284877,183.3616402546437,2289.066033690031,515.5313407639494,1500.0,False,0.0005,0.0041663273806152095,0.004666327380615209,1.914857489441918,9.183975391498299,0.0011098832880940216,0.985,True,False,False,False,False,MISSED,OPPORTUNITY_MISSED,0.0,0.006679000000000103,2026-08-01T04:49:50.223+00:00,0.0005,0.0041663273806152095,0.0001914857489441918,0.0009183975391498299,0.0011098832880940216,0.6986565923963374,0.16617506933582937,1.0,False
e1bcfb7b-6cf2-4a73-8aae-6a4786a94534,e1bcfb7b-6cf2-4a73-8aae-6a4786a94534:4:65,4,65,VERIFIED_LIVE:2026-07-31 22:13:54:00000305,2026-07-31 22:13:54,21,2026-08-01T02:14:21.072+00:00,Bonk,mint:DezXAZ8z7PnrnRJjz3wXBoRgixCa6xjnB7YaB1pPB263,VERIFIED_LIVE,VERIFIED_WITH_WARNING,BASE_FILTER_ONLY,0.006679000000000103,1.0,120.339197004796,99.70475565411697,45.12387290280493,201.60662803508907,1527.951250374758,466.774453596807,1500.0,False,0.0005,0.0006940598850146368,0.0011940598850146368,2.717921537619291,8.176048650761585,0.0010893970188380878,0.985,False,False,False,False,True,CONFIRMED,,0.004395543096147378,0.002283456903852725,2026-08-01T04:49:50.223+00:00,0.0005,0.0006940598850146368,0.0002717921537619291,0.0008176048650761585,0.0010893970188380878,0.17877824300263787,0.16310780338944017,0.3418860463920781,True
e1bcfb7b-6cf2-4a73-8aae-6a4786a94534,e1bcfb7b-6cf2-4a73-8aae-6a4786a94534:4:66,4,66,VERIFIED_LIVE:2026-07-31 22:13:54:00000305,2026-07-31 22:13:54,21,2026-08-01T02:14:21.072+00:00,Bonk,mint:DezXAZ8z7PnrnRJjz3wXBoRgixCa6xjnB7YaB1pPB263,VERIFIED_LIVE,VERIFIED_WITH_WARNING,BASE_FILTER_ONLY,0.006679000000000103,1.0,120.339197004796,64.14527520364695,30.40037157465692,185.16890528684584,973.6455946788849,400.05374906994575,1500.0,False,0.0005,0.004053003743673904,0.004553003743673904,7.134362124717098,3.5939855999493577,0.0010728347724666457,0.985,False,False,False,False,True,CONFIRMED,,0.0010531614838595535,0.00562583851614055,2026-08-01T04:49:50.224+00:00,0.0005,0.004053003743673904,0.0007134362124717098,0.00035939855999493576,0.0010728347724666457,0.6816894360943005,0.1606280539701496,0.8423174900644502,True
e1bcfb7b-6cf2-4a73-8aae-6a4786a94534,e1bcfb7b-6cf2-4a73-8aae-6a4786a94534:4:67,4,67,VERIFIED_LIVE:2026-07-31 22:13:54:00000305,2026-07-31 22:13:54,21,2026-08-01T02:14:21.072+00:00,Bonk,mint:DezXAZ8z7PnrnRJjz3wXBoRgixCa6xjnB7YaB1pPB263,VERIFIED_LIVE,VERIFIED_WITH_WARNING,BASE_FILTER_ONLY,0.006679000000000103,1.0,120.339197004796,132.89013672378923,112.03139878284026,229.030987102142,600.8025234480622,594.2917196135675,1500.0,False,0.0005,0.004342191194594162,0.004842191194594163,5.017526113111956,4.543203722663853,0.000956072983577581,0.985,False,False,False,False,True,CONFIRMED,,0.0008807358218283594,0.005798264178171744,2026-08-01T04:49:50.224+00:00,0.0005,0.004342191194594162,0.0005017526113111956,0.00045432037226638533,0.000956072983577581,0.7249874524021692,0.1431461272013125,0.8681335796034817,True
e1bcfb7b-6cf2-4a73-8aae-6a4786a94534,e1bcfb7b-6cf2-4a73-8aae-6a4786a94534:4:68,4,68,VERIFIED_LIVE:2026-07-31 22:13:54:00000305,2026-07-31 22:13:54,21,2026-08-01T02:14:21.072+00:00,Bonk,mint:DezXAZ8z7PnrnRJjz3wXBoRgixCa6xjnB7YaB1pPB263,VERIFIED_LIVE,VERIFIED_WITH_WARNING,BASE_FILTER_ONLY,0.006679000000000103,1.0,120.339197004796,138.58828766350246,37.86896561655391,218.10244970385375,1163.0301418403312,514.8988999887061,1500.0,False,0.0005,0.0016407943448815015,0.0021407943448815015,6.815566721067332,9.7185560358594,0.001653412275692673,0.985,False,True,False,False,False,FAILED,SIMULATION_FAILURE,0.0,0.006679000000000103,2026-08-01T04:49:50.226+00:00,0.0005,0.0016407943448815015,0.0006815566721067332,0.00097185560358594,0.001653412275692673,0.3205261783023609,0.2475538667005012,1.0,False
e1bcfb7b-6cf2-4a73-8aae-6a4786a94534,e1bcfb7b-6cf2-4a73-8aae-6a4786a94534:4:69,4,69,VERIFIED_LIVE:2026-07-31 22:13:54:00000305,2026-07-31 22:13:54,21,2026-08-01T02:14:21.072+00:00,Bonk,mint:DezXAZ8z7PnrnRJjz3wXBoRgixCa6xjnB7YaB1pPB263,VERIFIED_LIVE,VERIFIED_WITH_WARNING,BASE_FILTER_ONLY,0.006679000000000103,1.0,120.339197004796,34.59434824424484,35.22162826155039,150.22428753684292,2163.7456996558913,340.3794610474341,1500.0,False,0.0005,0.0038617009211586455,0.0043617009211586455,6.871366011496252,8.259610257184066,0.0015130976268680318,0.985,False,False,False,False,True,CONFIRMED,,0.0008042014519734257,0.0058747985480266775,2026-08-01T04:49:50.226+00:00,0.0005,0.0038617009211586455,0.0006871366011496252,0.0008259610257184066,0.0015130976268680318,0.6530470012215269,0.22654553479083822,0.8795925360123651,True
e1bcfb7b-6cf2-4a73-8aae-6a4786a94534,e1bcfb7b-6cf2-4a73-8aae-6a4786a94534:4:70,4,70,VERIFIED_LIVE:2026-07-31 22:13:54:00000305,2026-07-31 22:13:54,21,2026-08-01T02:14:21.072+00:00,Bonk,mint:DezXAZ8z7PnrnRJjz3wXBoRgixCa6xjnB7YaB1pPB263,VERIFIED_LIVE,VERIFIED_WITH_WARNING,BASE_FILTER_ONLY,0.006679000000000103,1.0,120.339197004796,32.61357750588411,111.28677430114072,96.32883429356934,479.5178363551423,360.5683831053902,1500.0,False,0.0005,0.00465645847406589,0.00515645847406589,2.5589610511653555,9.825489112476248,0.0012384450163641604,0.985,False,False,False,False,True,CONFIRMED,,0.000284096509570053,0.00639490349043005,2026-08-01T04:49:50.226+00:00,0.0005,0.00465645847406589,0.00025589610511653557,0.0009825489112476249,0.0012384450163641604,0.7720404961919165,0.18542371857525697,0.9574642147671735,True
e1bcfb7b-6cf2-4a73-8aae-6a4786a94534,e1bcfb7b-6cf2-4a73-8aae-6a4786a94534:4:71,4,71,VERIFIED_LIVE:2026-07-31 22:13:54:00000305,2026-07-31 22:13:54,21,2026-08-01T02:14:21.072+00:00,Bonk,mint:DezXAZ8z7PnrnRJjz3wXBoRgixCa6xjnB7YaB1pPB263,VERIFIED_LIVE,VERIFIED_WITH_WARNING,BASE_FILTER_ONLY,0.006679000000000103,1.0,120.339197004796,98.63273477186043,105.21406911387785,54.18595654237326,1262.687116270486,378.37195743290755,1500.0,False,0.0005,0.00047839932247192136,0.0009783993224719214,9.612971116778343,2.1544334675734502,0.0011767404584351795,0.985,False,False,False,False,True,CONFIRMED,,0.004523860219093003,0.0021551397809071006,2026-08-01T04:49:50.226+00:00,0.0005,0.00047839932247192136,0.0009612971116778344,0.000215443346757345,0.0011767404584351795,0.14648889391703943,0.17618512628165314,0.3226740201986925,True
e1bcfb7b-6cf2-4a73-8aae-6a4786a94534,e1bcfb7b-6cf2-4a73-8aae-6a4786a94534:4:72,4,72,VERIFIED_LIVE:2026-07-31 22:13:54:00000305,2026-07-31 22:13:54,21,2026-08-01T02:14:21.072+00:00,Bonk,mint:DezXAZ8z7PnrnRJjz3wXBoRgixCa6xjnB7YaB1pPB263,VERIFIED_LIVE,VERIFIED_WITH_WARNING,BASE_FILTER_ONLY,0.006679000000000103,1.0,120.339197004796,47.68772916335479,100.69458573662345,86.19160379156538,515.6683367282794,354.9131156963397,1500.0,False,0.0005,0.0023402036875970196,0.0028402036875970196,7.963279695467481,3.135522809554522,0.0011098802505022003,0.985,False,False,False,False,True,CONFIRMED,,0.0027289160619008834,0.00395008393809922,2026-08-01T04:49:50.227+00:00,0.0005,0.0023402036875970196,0.0007963279695467481,0.0003135522809554522,0.0011098802505022003,0.4252438520133217,0.16617461453843138,0.5914184665517531,True
e1bcfb7b-6cf2-4a73-8aae-6a4786a94534,e1bcfb7b-6cf2-4a73-8aae-6a4786a94534:4:73,4,73,VERIFIED_LIVE:2026-07-31 22:13:54:00000305,2026-07-31 22:13:54,21,2026-08-01T02:14:21.072+00:00,Bonk,mint:DezXAZ8z7PnrnRJjz3wXBoRgixCa6xjnB7YaB1pPB263,VERIFIED_LIVE,VERIFIED_WITH_WARNING,BASE_FILTER_ONLY,0.006679000000000103,1.0,120.339197004796,26.343620320276464,24.65067599482387,155.0897032615463,1956.3608137426065,326.42319658144265,1500.0,False,0.0005,0.0013852052059055858,0.0018852052059055858,10.883038411420566,0.5771100188504674,0.0011460148430271033,0.985,False,False,False,False,True,CONFIRMED,,0.0036477799510674135,0.0030312200489326898,2026-08-01T04:49:50.227+00:00,0.0005,0.0013852052059055858,0.0010883038411420565,5.771100188504674e-05,0.0011460148430271033,0.28225860247126167,0.1715847945840823,0.45384339705534404,True
e1bcfb7b-6cf2-4a73-8aae-6a4786a94534,e1bcfb7b-6cf2-4a73-8aae-6a4786a94534:4:74,4,74,VERIFIED_LIVE:2026-07-31 22:13:54:00000305,2026-07-31 22:13:54,21,2026-08-01T02:14:21.072+00:00,Bonk,mint:DezXAZ8z7PnrnRJjz3wXBoRgixCa6xjnB7YaB1pPB263,VERIFIED_LIVE,VERIFIED_WITH_WARNING,BASE_FILTER_ONLY,0.006679000000000103,1.0,120.339197004796,142.43897832504456,72.00211098061462,51.35688737745086,1022.3727697608336,386.137173687906,1500.0,False,0.0005,0.003389419388243895,0.003889419388243895,3.63926643958802,2.962709803961119,0.0006601976243549139,0.985,False,False,False,False,True,CONFIRMED,,0.002129382987401295,0.004549617012598808,2026-08-01T04:49:50.227+00:00,0.0005,0.003389419388243895,0.000363926643958802,0.0002962709803961119,0.0006601976243549139,0.5823355873998854,0.09884677711557174,0.6811823645154571,True
e1bcfb7b-6cf2-4a73-8aae-6a4786a94534,e1bcfb7b-6cf2-4a73-8aae-6a4786a94534:4:75,4,75,VERIFIED_LIVE:2026-07-31 22:13:54:00000305,2026-07-31 22:13:54,21,2026-08-01T02:14:21.072+00:00,Bonk,mint:DezXAZ8z7PnrnRJjz3wXBoRgixCa6xjnB7YaB1pPB263,VERIFIED_LIVE,VERIFIED_WITH_WARNING,BASE_FILTER_ONLY,0.006679000000000103,1.0,120.339197004796,90.88920288567992,24.729272247500404,160.78423591039436,263.47411333986406,396.7419080483707,1500.0,False,0.0005,0.0007951191738376748,0.0012951191738376747,0.5839656194589865,0.34780721060062136,9.317728300596078e-05,0.985,False,False,False,False,True,CONFIRMED,,0.0052907035431564685,0.0013882964568436348,2026-08-01T04:49:50.227+00:00,0.0005,0.0007951191738376748,5.839656194589865e-05,3.478072106006214e-05,9.317728300596078e-05,0.19390914415895413,0.013950783501416281,0.2078599276603703,True
e1bcfb7b-6cf2-4a73-8aae-6a4786a94534,e1bcfb7b-6cf2-4a73-8aae-6a4786a94534:4:76,4,76,VERIFIED_LIVE:2026-07-31 22:13:54:00000305,2026-07-31 22:13:54,21,2026-08-01T02:14:21.072+00:00,Bonk,mint:DezXAZ8z7PnrnRJjz3wXBoRgixCa6xjnB7YaB1pPB263,VERIFIED_LIVE,VERIFIED_WITH_WARNING,BASE_FILTER_ONLY,0.006679000000000103,1.0,120.339197004796,123.96212505356593,74.55361326437175,83.15000747055736,777.8031828048759,402.00494279329104,1500.0,False,0.0005,0.0009483769567635559,0.0014483769567635559,6.137352843610901,7.307446250160179,0.001344479909377108,0.985,False,False,False,False,True,CONFIRMED,,0.003886143133859439,0.002792856866140664,2026-08-01T04:49:50.227+00:00,0.0005,0.0009483769567635559,0.0006137352843610901,0.000730744625016018,0.001344479909377108,0.2168553610965015,0.20129958217953098,0.4181549432760325,True
e1bcfb7b-6cf2-4a73-8aae-6a4786a94534,e1bcfb7b-6cf2-4a73-8aae-6a4786a94534:4:77,4,77,VERIFIED_LIVE:2026-07-31 22:13:54:00000305,2026-07-31 22:13:54,21,2026-08-01T02:14:21.072+00:00,Bonk,mint:DezXAZ8z7PnrnRJjz3wXBoRgixCa6xjnB7YaB1pPB263,VERIFIED_LIVE,VERIFIED_WITH_WARNING,BASE_FILTER_ONLY,0.006679000000000103,1.0,120.339197004796,58.44316489322654,61.72396797446051,211.90825363156588,2410.299338383893,452.4145835040489,1500.0,False,0.0005,0.003930392756030091,0.004430392756030091,5.73693292658943,8.253759196490646,0.0013990692123080077,0.985,False,False,False,False,True,CONFIRMED,,0.000849538031662005,0.005829461968338098,2026-08-01T04:49:50.227+00:00,0.0005,0.003930392756030091,0.0005736932926589431,0.0008253759196490646,0.0013990692123080077,0.6633317496676183,0.20947285706063573,0.872804606728254,True
e1bcfb7b-6cf2-4a73-8aae-6a4786a94534,e1bcfb7b-6cf2-4a73-8aae-6a4786a94534:4:78,4,78,VERIFIED_LIVE:2026-07-31 22:13:54:00000305,2026-07-31 22:13:54,21,2026-08-01T02:14:21.072+00:00,Bonk,mint:DezXAZ8z7PnrnRJjz3wXBoRgixCa6xjnB7YaB1pPB263,VERIFIED_LIVE,VERIFIED_WITH_WARNING,BASE_FILTER_ONLY,0.006679000000000103,1.0,120.339197004796,121.81091521505654,48.047223881421424,159.67354372061027,1991.364947171888,449.8708798218842,1500.0,False,0.0005,0.0023384217591153793,0.0028384217591153793,11.485205965677373,1.7363836616365769,0.001322158962731395,0.985,False,False,False,False,True,CONFIRMED,,0.002518419278153329,0.004160580721846774,2026-08-01T04:49:50.227+00:00,0.0005,0.0023384217591153793,0.0011485205965677374,0.00017363836616365768,0.001322158962731395,0.42497705631312105,0.19795762280751228,0.6229346791206333,True
e1bcfb7b-6cf2-4a73-8aae-6a4786a94534,e1bcfb7b-6cf2-4a73-8aae-6a4786a94534:4:79,4,79,VERIFIED_LIVE:2026-07-31 22:13:54:00000305,2026-07-31 22:13:54,21,2026-08-01T02:14:21.072+00:00,Bonk,mint:DezXAZ8z7PnrnRJjz3wXBoRgixCa6xjnB7YaB1pPB263,VERIFIED_LIVE,VERIFIED_WITH_WARNING,BASE_FILTER_ONLY,0.006679000000000103,1.0,120.339197004796,52.09421622667044,80.7693482901505,156.51535385619647,517.3234280025385,409.71811537781343,1500.0,False,0.0005,0.0012113808897663782,0.0017113808897663782,13.017515752457685,9.298176153326011,0.0022315691905783696,0.985,True,False,False,False,False,MISSED,OPPORTUNITY_MISSED,0.0,0.006679000000000103,2026-08-01T04:49:50.227+00:00,0.0005,0.0012113808897663782,0.0013017515752457684,0.0009298176153326012,0.0022315691905783696,0.25623310222583495,0.3341172616526928,1.0,False
e1bcfb7b-6cf2-4a73-8aae-6a4786a94534,e1bcfb7b-6cf2-4a73-8aae-6a4786a94534:4:80,4,80,VERIFIED_LIVE:2026-07-31 22:13:54:00000305,2026-07-31 22:13:54,21,2026-08-01T02:14:21.072+00:00,Bonk,mint:DezXAZ8z7PnrnRJjz3wXBoRgixCa6xjnB7YaB1pPB263,VERIFIED_LIVE,VERIFIED_WITH_WARNING,BASE_FILTER_ONLY,0.006679000000000103,1.0,120.339197004796,38.89438382816244,77.02889602152658,98.67382534335692,2047.3738189594126,334.93630219784194,1500.0,False,0.0005,0.004772367568063416,0.005272367568063416,1.9994660690759058,0.6029940261180422,0.0002602460095193948,0.985,False,False,False,False,True,CONFIRMED,,0.001146386422417293,0.00553261357758281,2026-08-01T04:49:50.227+00:00,0.0005,0.004772367568063416,0.0001999466069075906,6.029940261180422e-05,0.0002602460095193948,0.7893947549129112,0.03896481651735152,0.8283595714302627,True
e1bcfb7b-6cf2-4a73-8aae-6a4786a94534,e1bcfb7b-6cf2-4a73-8aae-6a4786a94534:4:81,4,81,VERIFIED_LIVE:2026-07-31 22:13:54:00000305,2026-07-31 22:13:54,21,2026-08-01T02:14:21.072+00:00,Bonk,mint:DezXAZ8z7PnrnRJjz3wXBoRgixCa6xjnB7YaB1pPB263,VERIFIED_LIVE,VERIFIED_WITH_WARNING,BASE_FILTER_ONLY,0.006679000000000103,1.0,120.339197004796,85.2416088709582,104.76058900859161,186.324058224678,2300.3408782415418,496.6654531090238,1500.0,False,0.0005,0.002257976996114968,0.002757976996114968,1.7056989121018618,6.152736115697824,0.0007858435027799685,0.985,False,False,False,False,True,CONFIRMED,,0.003135179501105167,0.0035438204988949363,2026-08-01T04:49:50.227+00:00,0.0005,0.002257976996114968,0.0001705698912101862,0.0006152736115697824,0.0007858435027799685,0.41293262406272274,0.1176588565324085,0.5305914805951313,True
e1bcfb7b-6cf2-4a73-8aae-6a4786a94534,e1bcfb7b-6cf2-4a73-8aae-6a4786a94534:4:82,4,82,VERIFIED_LIVE:2026-07-31 22:13:54:00000305,2026-07-31 22:13:54,21,2026-08-01T02:14:21.072+00:00,Bonk,mint:DezXAZ8z7PnrnRJjz3wXBoRgixCa6xjnB7YaB1pPB263,VERIFIED_LIVE,VERIFIED_WITH_WARNING,BASE_FILTER_ONLY,0.006679000000000103,1.0,120.339197004796,104.65075082895233,109.01180603245346,212.21931506253418,801.2455855907318,546.221068928736,1500.0,False,0.0005,0.004814816172828641,0.00531481617282864,11.194425609114269,8.372103970526402,0.001956652957964067,0.985,False,False,False,False,True,CONFIRMED,,-0.0005924691307926042,0.007271469130792707,2026-08-01T04:49:50.227+00:00,0.0005,0.004814816172828641,0.001119442560911427,0.0008372103970526401,0.001956652957964067,0.7957502878916841,0.29295597514059546,1.0887062630322795,False
e1bcfb7b-6cf2-4a73-8aae-6a4786a94534,e1bcfb7b-6cf2-4a73-8aae-6a4786a94534:4:83,4,83,VERIFIED_LIVE:2026-07-31 22:13:54:00000305,2026-07-31 22:13:54,21,2026-08-01T02:14:21.072+00:00,Bonk,mint:DezXAZ8z7PnrnRJjz3wXBoRgixCa6xjnB7YaB1pPB263,VERIFIED_LIVE,VERIFIED_WITH_WARNING,BASE_FILTER_ONLY,0.006679000000000103,1.0,120.339197004796,21.978599738826688,97.47021128605583,40.543273069920076,1985.3413965942368,280.3312810995986,1500.0,False,0.0005,0.0009831066823690396,0.0014831066823690396,6.641434231561389,0.38930484659960074,0.0007030739078160989,0.985,False,False,False,False,True,CONFIRMED,,0.004492819409814965,0.002186180590185138,2026-08-01T04:49:50.227+00:00,0.0005,0.0009831066823690396,0.0006641434231561389,3.8930484659960075e-05,0.0007030739078160989,0.2220552002349179,0.10526634343705465,0.32732154367197247,True
e1bcfb7b-6cf2-4a73-8aae-6a4786a94534,e1bcfb7b-6cf2-4a73-8aae-6a4786a94534:4:84,4,84,VERIFIED_LIVE:2026-07-31 22:13:54:00000305,2026-07-31 22:13:54,21,2026-08-01T02:14:21.072+00:00,Bonk,mint:DezXAZ8z7PnrnRJjz3wXBoRgixCa6xjnB7YaB1pPB263,VERIFIED_LIVE,VERIFIED_WITH_WARNING,BASE_FILTER_ONLY,0.006679000000000103,1.0,120.339197004796,103.35299924149045,67.95632535596675,104.6213280788194,1071.2804023391823,396.2698496810726,1500.0,False,0.0005,0.00360135840064845,0.00410135840064845,14.432666122702992,0.2974255253864988,0.0014730091648089492,0.985,False,False,False,False,True,CONFIRMED,,0.0011046324345427043,0.005574367565457399,2026-08-01T04:49:50.227+00:00,0.0005,0.00360135840064845,0.0014432666122702993,2.974255253864988e-05,0.0014730091648089492,0.6140677347879003,0.22054336948778655,0.8346111042756869,True
e1bcfb7b-6cf2-4a73-8aae-6a4786a94534,e1bcfb7b-6cf2-4a73-8aae-6a4786a94534:4:85,4,85,VERIFIED_LIVE:2026-07-31 22:13:54:00000305,2026-07-31 22:13:54,21,2026-08-01T02:14:21.072+00:00,Bonk,mint:DezXAZ8z7PnrnRJjz3wXBoRgixCa6xjnB7YaB1pPB263,VERIFIED_LIVE,VERIFIED_WITH_WARNING,BASE_FILTER_ONLY,0.006679000000000103,1.0,120.339197004796,111.63002874065376,87.71120399522445,26.878864586336853,460.55871637066923,346.55929432701106,1500.0,False,0.0005,0.0014840799633818115,0.0019840799633818115,2.6618963735578043,8.344407189677625,0.001100630356323543,0.985,False,False,False,False,True,CONFIRMED,,0.003594289680294749,0.0030847103197053543,2026-08-01T04:49:50.227+00:00,0.0005,0.0014840799633818115,0.0002661896373557804,0.0008344407189677625,0.001100630356323543,0.297062429013592,0.16478969251737174,0.4618521215309637,True
e1bcfb7b-6cf2-4a73-8aae-6a4786a94534,e1bcfb7b-6cf2-4a73-8aae-6a4786a94534:4:86,4,86,VERIFIED_LIVE:2026-07-31 22:13:54:00000305,2026-07-31 22:13:54,21,2026-08-01T02:14:21.072+00:00,Bonk,mint:DezXAZ8z7PnrnRJjz3wXBoRgixCa6xjnB7YaB1pPB263,VERIFIED_LIVE,VERIFIED_WITH_WARNING,BASE_FILTER_ONLY,0.006679000000000103,1.0,120.339197004796,22.078492895937252,113.05866191082876,48.77585601055613,919.3214284706019,304.2522078221181,1500.0,False,0.0005,0.0020626171994130088,0.0025626171994130088,11.189176564780057,6.435310394781468,0.0017624486959561525,0.985,False,False,False,False,True,CONFIRMED,,0.0023539341046309417,0.004325065895369162,2026-08-01T04:49:50.227+00:00,0.0005,0.0020626171994130088,0.0011189176564780057,0.0006435310394781468,0.0017624486959561525,0.38368276679337765,0.26387912800660657,0.6475618947999843,True
e1bcfb7b-6cf2-4a73-8aae-6a4786a94534,e1bcfb7b-6cf2-4a73-8aae-6a4786a94534:4:87,4,87,VERIFIED_LIVE:2026-07-31 22:13:54:00000305,2026-07-31 22:13:54,21,2026-08-01T02:14:21.072+00:00,Bonk,mint:DezXAZ8z7PnrnRJjz3wXBoRgixCa6xjnB7YaB1pPB263,VERIFIED_LIVE,VERIFIED_WITH_WARNING,BASE_FILTER_ONLY,0.006679000000000103,1.0,120.339197004796,37.93935708901451,118.56854500556659,207.73038547654133,2003.0088564514479,484.57748457591845,1500.0,False,0.0005,0.001978824263405899,0.0024788242634058992,9.663204177990742,0.38518501962213403,0.0010048389197612878,0.985,False,False,False,False,True,CONFIRMED,,0.003195336816832916,0.0034836631831671873,2026-08-01T04:49:50.227+00:00,0.0005,0.001978824263405899,0.0009663204177990742,3.8518501962213406e-05,0.0010048389197612878,0.3711370359942897,0.15044751007056031,0.52158454606485,True
e1bcfb7b-6cf2-4a73-8aae-6a4786a94534,e1bcfb7b-6cf2-4a73-8aae-6a4786a94534:4:88,4,88,VERIFIED_LIVE:2026-07-31 22:13:54:00000305,2026-07-31 22:13:54,21,2026-08-01T02:14:21.072+00:00,Bonk,mint:DezXAZ8z7PnrnRJjz3wXBoRgixCa6xjnB7YaB1pPB263,VERIFIED_LIVE,VERIFIED_WITH_WARNING,BASE_FILTER_ONLY,0.006679000000000103,1.0,120.339197004796,94.65308647272293,50.04513559881929,194.28746702107497,971.5160989235063,459.3248860974132,1500.0,False,0.0005,0.003142375867741253,0.003642375867741253,11.29507416241161,9.601974221891798,0.002089704838430341,0.985,False,False,False,False,True,CONFIRMED,,0.0009469192938285089,0.005732080706171594,2026-08-01T04:49:50.227+00:00,0.0005,0.003142375867741253,0.0011295074162411612,0.0009601974221891798,0.002089704838430341,0.5453474873096567,0.3128769034930841,0.8582243908027407,True
e1bcfb7b-6cf2-4a73-8aae-6a4786a94534,e1bcfb7b-6cf2-4a73-8aae-6a4786a94534:4:89,4,89,VERIFIED_LIVE:2026-07-31 22:13:54:00000305,2026-07-31 22:13:54,21,2026-08-01T02:14:21.072+00:00,Bonk,mint:DezXAZ8z7PnrnRJjz3wXBoRgixCa6xjnB7YaB1pPB263,VERIFIED_LIVE,VERIFIED_WITH_WARNING,BASE_FILTER_ONLY,0.006679000000000103,1.0,120.339197004796,47.27229559550303,42.07832240849824,32.0223235744506,1561.5014563631867,241.71213858324788,1500.0,False,0.0005,0.004784725322046249,0.00528472532204625,1.2737964570759326,1.666719518157822,0.0002940515975233755,0.985,False,False,False,False,True,CONFIRMED,,0.0011002230804304782,0.005578776919569625,2026-08-01T04:49:50.227+00:00,0.0005,0.004784725322046249,0.00012737964570759327,0.00016667195181578221,0.0002940515975233755,0.791244995066053,0.04402629099017382,0.8352712860562268,True
e1bcfb7b-6cf2-4a73-8aae-6a4786a94534,e1bcfb7b-6cf2-4a73-8aae-6a4786a94534:4:90,4,90,VERIFIED_LIVE:2026-07-31 22:13:54:00000305,2026-07-31 22:13:54,21,2026-08-01T02:14:21.072+00:00,Bonk,mint:DezXAZ8z7PnrnRJjz3wXBoRgixCa6xjnB7YaB1pPB263,VERIFIED_LIVE,VERIFIED_WITH_WARNING,BASE_FILTER_ONLY,0.006679000000000103,1.0,120.339197004796,36.55107574332929,36.53971891440996,108.11234868133594,1689.0893155952745,301.5423403438712,1500.0,False,0.0005,0.0008898358353423043,0.0013898358353423043,3.538312227005685,0.5966999793881678,0.00041350122063938527,0.985,False,False,False,False,True,CONFIRMED,,0.004875662944018413,0.0018033370559816901,2026-08-01T04:49:50.227+00:00,0.0005,0.0008898358353423043,0.00035383122270056847,5.9669997938816775e-05,0.00041350122063938527,0.20809040804645648,0.061910648396373544,0.2700010564428301,True
e1bcfb7b-6cf2-4a73-8aae-6a4786a94534,e1bcfb7b-6cf2-4a73-8aae-6a4786a94534:4:91,4,91,VERIFIED_LIVE:2026-07-31 22:13:54:00000305,2026-07-31 22:13:54,21,2026-08-01T02:14:21.072+00:00,Bonk,mint:DezXAZ8z7PnrnRJjz3wXBoRgixCa6xjnB7YaB1pPB263,VERIFIED_LIVE,VERIFIED_WITH_WARNING,BASE_FILTER_ONLY,0.006679000000000103,1.0,120.339197004796,25.75488159904661,112.89458665934238,172.8787113289962,2308.471895359715,431.8673765921812,1500.0,False,0.0005,0.0004752146016424206,0.0009752146016424206,2.3907669235525457,2.991526921860761,0.0005382293845413306,0.985,False,False,False,False,True,CONFIRMED,,0.0051655560138163525,0.0015134439861837507,2026-08-01T04:49:50.227+00:00,0.0005,0.0004752146016424206,0.00023907669235525458,0.0002991526921860761,0.0005382293845413306,0.14601206792070753,0.08058532483026236,0.2265973927509698,True
e1bcfb7b-6cf2-4a73-8aae-6a4786a94534,e1bcfb7b-6cf2-4a73-8aae-6a4786a94534:4:92,4,92,VERIFIED_LIVE:2026-07-31 22:13:54:00000305,2026-07-31 22:13:54,21,2026-08-01T02:14:21.072+00:00,Bonk,mint:DezXAZ8z7PnrnRJjz3wXBoRgixCa6xjnB7YaB1pPB263,VERIFIED_LIVE,VERIFIED_WITH_WARNING,BASE_FILTER_ONLY,0.006679000000000103,1.0,120.339197004796,91.31189558844106,67.10942703288924,240.9199528193528,1310.7853147628073,519.6804724454792,1500.0,False,0.0005,0.0035316577708085386,0.004031657770808539,14.236675797223427,0.4534777126049305,0.0014690153509828358,0.985,False,False,False,False,True,CONFIRMED,,0.0011783268782087292,0.005500673121791374,2026-08-01T04:49:50.227+00:00,0.0005,0.0035316577708085386,0.0014236675797223426,4.534777126049305e-05,0.0014690153509828358,0.603631946520209,0.21994540365066823,0.8235773501708772,True
e1bcfb7b-6cf2-4a73-8aae-6a4786a94534,e1bcfb7b-6cf2-4a73-8aae-6a4786a94534:4:93,4,93,VERIFIED_LIVE:2026-07-31 22:13:54:00000305,2026-07-31 22:13:54,21,2026-08-01T02:14:21.072+00:00,Bonk,mint:DezXAZ8z7PnrnRJjz3wXBoRgixCa6xjnB7YaB1pPB263,VERIFIED_LIVE,VERIFIED_WITH_WARNING,BASE_FILTER_ONLY,0.006679000000000103,1.0,120.339197004796,68.63035575056419,62.86552149264082,66.53008656457688,1995.6234222664868,318.3651608125779,1500.0,False,0.0005,0.002627254305735258,0.003127254305735258,13.396800046774016,6.64262003651767,0.002003942008329169,0.985,False,False,False,False,True,CONFIRMED,,0.0015478036859356763,0.005131196314064427,2026-08-01T04:49:50.227+00:00,0.0005,0.002627254305735258,0.0013396800046774017,0.0006642620036517669,0.002003942008329169,0.46822193528001343,0.30003623421607095,0.7682581694960843,True
e1bcfb7b-6cf2-4a73-8aae-6a4786a94534,e1bcfb7b-6cf2-4a73-8aae-6a4786a94534:4:94,4,94,VERIFIED_LIVE:2026-07-31 22:13:54:00000305,2026-07-31 22:13:54,21,2026-08-01T02:14:21.072+00:00,Bonk,mint:DezXAZ8z7PnrnRJjz3wXBoRgixCa6xjnB7YaB1pPB263,VERIFIED_LIVE,VERIFIED_WITH_WARNING,BASE_FILTER_ONLY,0.006679000000000103,1.0,120.339197004796,109.31400821633851,103.64754852041145,67.43947615262661,2216.254314240181,400.74022989417256,1500.0,False,0.0005,0.0006017945264534803,0.0011017945264534803,4.229146491735593,4.767274674269581,0.0008996421166005174,0.985,False,False,False,False,True,CONFIRMED,,0.0046775633569461055,0.0020014366430539977,2026-08-01T04:49:50.227+00:00,0.0005,0.0006017945264534803,0.0004229146491735593,0.0004767274674269581,0.0008996421166005174,0.1649639955762035,0.1346971278036388,0.2996611233798423,True
e1bcfb7b-6cf2-4a73-8aae-6a4786a94534,e1bcfb7b-6cf2-4a73-8aae-6a4786a94534:4:95,4,95,VERIFIED_LIVE:2026-07-31 22:13:54:00000305,2026-07-31 22:13:54,21,2026-08-01T02:14:21.072+00:00,Bonk,mint:DezXAZ8z7PnrnRJjz3wXBoRgixCa6xjnB7YaB1pPB263,VERIFIED_LIVE,VERIFIED_WITH_WARNING,BASE_FILTER_ONLY,0.006679000000000103,1.0,120.339197004796,111.95112688865424,92.5226334111991,25.53341847352852,1095.2088790069515,350.34637577817784,1500.0,False,0.0005,0.002471983332345683,0.002971983332345683,2.6944229500637054,7.172700682262574,0.000986712363232628,0.985,False,False,False,False,True,CONFIRMED,,0.0027203043044217922,0.003958695695578311,2026-08-01T04:49:50.227+00:00,0.0005,0.002471983332345683,0.0002694422950063705,0.0007172700682262574,0.000986712363232628,0.4449742974016525,0.1477335474221609,0.5927078448238134,True
e1bcfb7b-6cf2-4a73-8aae-6a4786a94534,e1bcfb7b-6cf2-4a73-8aae-6a4786a94534:4:96,4,96,VERIFIED_LIVE:2026-07-31 22:13:54:00000305,2026-07-31 22:13:54,21,2026-08-01T02:14:21.072+00:00,Bonk,mint:DezXAZ8z7PnrnRJjz3wXBoRgixCa6xjnB7YaB1pPB263,VERIFIED_LIVE,VERIFIED_WITH_WARNING,BASE_FILTER_ONLY,0.006679000000000103,1.0,120.339197004796,112.91116401413355,28.912602286190328,246.52412472091927,1051.1875842835084,508.6870880260392,1500.0,False,0.0005,0.00031186472347025394,0.000811864723470254,6.572578952606353,3.381663028482084,0.0009954241981088437,0.985,False,False,False,False,True,CONFIRMED,,0.004871711078421006,0.0018072889215790975,2026-08-01T04:49:50.227+00:00,0.0005,0.00031186472347025394,0.0006572578952606353,0.0003381663028482084,0.0009954241981088437,0.12155483208118602,0.1490379095835946,0.2705927416647806,True
e1bcfb7b-6cf2-4a73-8aae-6a4786a94534,e1bcfb7b-6cf2-4a73-8aae-6a4786a94534:4:97,4,97,VERIFIED_LIVE:2026-07-31 22:13:54:00000305,2026-07-31 22:13:54,21,2026-08-01T02:14:21.072+00:00,Bonk,mint:DezXAZ8z7PnrnRJjz3wXBoRgixCa6xjnB7YaB1pPB263,VERIFIED_LIVE,VERIFIED_WITH_WARNING,BASE_FILTER_ONLY,0.006679000000000103,1.0,120.339197004796,58.936450033692964,36.80103040281159,225.996404339184,339.86527912111444,442.0730817804846,1500.0,False,0.0005,0.002486358084443367,0.002986358084443367,13.217554267577437,4.851327929135224,0.001806888219671266,0.985,False,False,False,False,True,CONFIRMED,,0.0018857536958854703,0.004793246304114633,2026-08-01T04:49:50.227+00:00,0.0005,0.002486358084443367,0.0013217554267577437,0.00048513279291352243,0.001806888219671266,0.4471265285886092,0.2705327473680548,0.717659275956664,True
e1bcfb7b-6cf2-4a73-8aae-6a4786a94534,e1bcfb7b-6cf2-4a73-8aae-6a4786a94534:4:98,4,98,VERIFIED_LIVE:2026-07-31 22:13:54:00000305,2026-07-31 22:13:54,21,2026-08-01T02:14:21.072+00:00,Bonk,mint:DezXAZ8z7PnrnRJjz3wXBoRgixCa6xjnB7YaB1pPB263,VERIFIED_LIVE,VERIFIED_WITH_WARNING,BASE_FILTER_ONLY,0.006679000000000103,1.0,120.339197004796,78.40834220831897,88.1976754900109,199.3934115454579,1224.653862251813,486.33862624858375,1500.0,False,0.0005,0.0030551381640762797,0.0035551381640762797,10.19116402762199,2.6291333834558794,0.001282029741107787,0.985,False,False,False,False,True,CONFIRMED,,0.0018418320948160368,0.0048371679051840664,2026-08-01T04:49:50.227+00:00,0.0005,0.0030551381640762797,0.001019116402762199,0.00026291333834558796,0.001282029741107787,0.5322859955197222,0.19194935485967468,0.7242353503793969,True
e1bcfb7b-6cf2-4a73-8aae-6a4786a94534,e1bcfb7b-6cf2-4a73-8aae-6a4786a94534:4:99,4,99,VERIFIED_LIVE:2026-07-31 22:13:54:00000305,2026-07-31 22:13:54,21,2026-08-01T02:14:21.072+00:00,Bonk,mint:DezXAZ8z7PnrnRJjz3wXBoRgixCa6xjnB7YaB1pPB263,VERIFIED_LIVE,VERIFIED_WITH_WARNING,BASE_FILTER_ONLY,0.006679000000000103,1.0,120.339197004796,36.570325234125335,116.77199591272704,202.89422219357758,1493.300063379693,476.575740345226,1500.0,False,0.0005,0.0036708220932671035,0.0041708220932671035,5.846718246612646,8.810623678209073,0.001465734192482172,0.985,False,False,False,False,True,CONFIRMED,,0.0010424437142508274,0.005636556285749276,2026-08-01T04:49:50.227+00:00,0.0005,0.0036708220932671035,0.0005846718246612646,0.0008810623678209073,0.001465734192482172,0.6244680481010689,0.21945413871569835,0.8439221868167673,True
e1bcfb7b-6cf2-4a73-8aae-6a4786a94534,e1bcfb7b-6cf2-4a73-8aae-6a4786a94534:4:100,4,100,VERIFIED_LIVE:2026-07-31 22:13:54:00000305,2026-07-31 22:13:54,21,2026-08-01T02:14:21.072+00:00,Bonk,mint:DezXAZ8z7PnrnRJjz3wXBoRgixCa6xjnB7YaB1pPB263,VERIFIED_LIVE,VERIFIED_WITH_WARNING,BASE_FILTER_ONLY,0.006679000000000103,1.0,120.339197004796,21.223704095145678,24.303015422251832,29.47708534629495,1716.5237431039295,195.34300186848847,1500.0,False,0.0005,0.0013886465139668362,0.0018886465139668362,10.409093499737772,9.572678750242673,0.0019981772249980444,0.985,False,False,False,False,True,CONFIRMED,,0.0027921762610352225,0.003886823738964881,2026-08-01T04:49:50.227+00:00,0.0005,0.0013886465139668362,0.0010409093499737772,0.0009572678750242673,0.0019981772249980444,0.2827738454808814,0.299173113489746,0.5819469589706274,True
e1bcfb7b-6cf2-4a73-8aae-6a4786a94534,e1bcfb7b-6cf2-4a73-8aae-6a4786a94534:5:1,5,1,VERIFIED_LIVE:2026-07-31 22:13:54:00000306,2026-07-31 22:13:54,21,2026-08-01T02:14:48.139+00:00,Fartcoin,mint:9BB6NFEcjBCtnNLFko2FqVQBq8HHM13kCyYcdQbgpump,VERIFIED_LIVE,VERIFIED_WITH_WARNING,BASE_FILTER_ONLY,0.001881999999999941,0.9999999999999999,110.96785900008399,139.75684251334337,56.54662060372743,132.02792634050905,2135.454506529998,439.29924845766385,1500.0,False,0.0005,0.000662115446655344,0.001162115446655344,1.9926305358501577,9.687984572476209,0.0011680615108326364,0.985,False,False,False,False,True,CONFIRMED,,-0.0004481769574880394,0.00233017695748798,2026-08-01T04:49:50.228+00:00,0.0005,0.000662115446655344,0.00019926305358501574,0.0009687984572476207,0.0011680615108326364,0.6174896103376092,0.6206490493266063,1.2381386596642152,False
e1bcfb7b-6cf2-4a73-8aae-6a4786a94534,e1bcfb7b-6cf2-4a73-8aae-6a4786a94534:5:2,5,2,VERIFIED_LIVE:2026-07-31 22:13:54:00000306,2026-07-31 22:13:54,21,2026-08-01T02:14:48.139+00:00,Fartcoin,mint:9BB6NFEcjBCtnNLFko2FqVQBq8HHM13kCyYcdQbgpump,VERIFIED_LIVE,VERIFIED_WITH_WARNING,BASE_FILTER_ONLY,0.001881999999999941,0.9999999999999999,110.96785900008399,94.13647846185492,82.14880748763957,86.51330653320339,549.4583708406317,373.76645148278186,1500.0,False,0.0005,0.0039896367870745734,0.004489636787074574,8.703257084814206,6.214127086089681,0.0014917384170903885,0.985,False,False,False,False,True,CONFIRMED,,-0.004099375204165021,0.005981375204164962,2026-08-01T04:49:50.228+00:00,0.0005,0.0039896367870745734,0.0008703257084814205,0.000621412708608968,0.0014917384170903885,2.385566836915364,0.7926346530767456,3.1782014899921096,False
e1bcfb7b-6cf2-4a73-8aae-6a4786a94534,e1bcfb7b-6cf2-4a73-8aae-6a4786a94534:5:3,5,3,VERIFIED_LIVE:2026-07-31 22:13:54:00000306,2026-07-31 22:13:54,21,2026-08-01T02:14:48.139+00:00,Fartcoin,mint:9BB6NFEcjBCtnNLFko2FqVQBq8HHM13kCyYcdQbgpump,VERIFIED_LIVE,VERIFIED_WITH_WARNING,BASE_FILTER_ONLY,0.001881999999999941,0.9999999999999999,110.96785900008399,30.949906609115136,106.31175212584768,232.92691087496888,709.0211707729259,481.1564286100157,1500.0,False,0.0005,0.0009733944671725008,0.0014733944671725008,1.9799475086516423,8.383687108236447,0.001036363461688809,0.985,False,False,False,False,True,CONFIRMED,,-0.0006277579288613687,0.0025097579288613095,2026-08-01T04:49:50.228+00:00,0.0005,0.0009733944671725008,0.0001979947508651642,0.0008383687108236446,0.001036363461688809,0.7828876021108113,0.550671339898428,1.3335589420092393,False
e1bcfb7b-6cf2-4a73-8aae-6a4786a94534,e1bcfb7b-6cf2-4a73-8aae-6a4786a94534:5:4,5,4,VERIFIED_LIVE:2026-07-31 22:13:54:00000306,2026-07-31 22:13:54,21,2026-08-01T02:14:48.139+00:00,Fartcoin,mint:9BB6NFEcjBCtnNLFko2FqVQBq8HHM13kCyYcdQbgpump,VERIFIED_LIVE,VERIFIED_WITH_WARNING,BASE_FILTER_ONLY,0.001881999999999941,0.9999999999999999,110.96785900008399,77.33711511226535,43.03274036609506,225.24712045635414,2233.890433712111,456.58483493479855,1500.0,False,0.0005,0.0006293513867903257,0.0011293513867903257,3.795903927652904,9.543346987197832,0.0013339250914850736,0.985,False,False,False,False,True,CONFIRMED,,-0.0005812764782754582,0.0024632764782753992,2026-08-01T04:49:50.228+00:00,0.0005,0.0006293513867903257,0.00037959039276529036,0.000954334698719783,0.0013339250914850736,0.6000804393147509,0.7087806012141952,1.308861040528946,False
e1bcfb7b-6cf2-4a73-8aae-6a4786a94534,e1bcfb7b-6cf2-4a73-8aae-6a4786a94534:5:5,5,5,VERIFIED_LIVE:2026-07-31 22:13:54:00000306,2026-07-31 22:13:54,21,2026-08-01T02:14:48.139+00:00,Fartcoin,mint:9BB6NFEcjBCtnNLFko2FqVQBq8HHM13kCyYcdQbgpump,VERIFIED_LIVE,VERIFIED_WITH_WARNING,BASE_FILTER_ONLY,0.001881999999999941,0.9999999999999999,110.96785900008399,53.21539794784866,81.54488506449391,95.78396750457549,2357.327209012994,341.51210951700205,1500.0,False,0.0005,0.0022147065978771613,0.0027147065978771613,13.718940053732705,6.374754243450907,0.0020093694297183607,0.985,False,False,False,False,True,CONFIRMED,,-0.002842076027595581,0.004724076027595522,2026-08-01T04:49:50.228+00:00,0.0005,0.0022147065978771613,0.0013718940053732704,0.0006374754243450906,0.0020093694297183607,1.4424583410612362,1.0676776991064951,2.510136040167731,False
e1bcfb7b-6cf2-4a73-8aae-6a4786a94534,e1bcfb7b-6cf2-4a73-8aae-6a4786a94534:5:6,5,6,VERIFIED_LIVE:2026-07-31 22:13:54:00000306,2026-07-31 22:13:54,21,2026-08-01T02:14:48.139+00:00,Fartcoin,mint:9BB6NFEcjBCtnNLFko2FqVQBq8HHM13kCyYcdQbgpump,VERIFIED_LIVE,VERIFIED_WITH_WARNING,BASE_FILTER_ONLY,0.001881999999999941,0.9999999999999999,110.96785900008399,47.38399742904455,94.2876679322108,156.7855217404173,1583.1362655078572,409.4250461017566,1500.0,False,0.0005,0.004774319574213259,0.00527431957421326,0.5881240073041072,4.397858026014154,0.000498598203331826,0.985,False,False,False,False,True,CONFIRMED,,-0.003890917777545145,0.005772917777545086,2026-08-01T04:49:50.228+00:00,0.0005,0.004774319574213259,5.8812400730410706e-05,0.0004397858026014153,0.000498598203331826,2.8025077440028827,0.26492996988939516,3.067437713892278,False
e1bcfb7b-6cf2-4a73-8aae-6a4786a94534,e1bcfb7b-6cf2-4a73-8aae-6a4786a94534:5:7,5,7,VERIFIED_LIVE:2026-07-31 22:13:54:00000306,2026-07-31 22:13:54,21,2026-08-01T02:14:48.139+00:00,Fartcoin,mint:9BB6NFEcjBCtnNLFko2FqVQBq8HHM13kCyYcdQbgpump,VERIFIED_LIVE,VERIFIED_WITH_WARNING,BASE_FILTER_ONLY,0.001881999999999941,0.9999999999999999,110.96785900008399,129.63480515633654,54.59674243380475,121.38748386580677,1861.924646288529,416.58689045603205,1500.0,False,0.0005,0.0027890064975746144,0.0032890064975746145,8.536318063457804,0.49648463012688215,0.0009032802693584685,0.985,False,False,False,False,True,CONFIRMED,,-0.002310286766933142,0.004192286766933083,2026-08-01T04:49:50.228+00:00,0.0005,0.0027890064975746144,0.0008536318063457802,4.964846301268821e-05,0.0009032802693584685,1.7476123791576608,0.47995763515329265,2.2275700143109534,False
e1bcfb7b-6cf2-4a73-8aae-6a4786a94534,e1bcfb7b-6cf2-4a73-8aae-6a4786a94534:5:8,5,8,VERIFIED_LIVE:2026-07-31 22:13:54:00000306,2026-07-31 22:13:54,21,2026-08-01T02:14:48.139+00:00,Fartcoin,mint:9BB6NFEcjBCtnNLFko2FqVQBq8HHM13kCyYcdQbgpump,VERIFIED_LIVE,VERIFIED_WITH_WARNING,BASE_FILTER_ONLY,0.001881999999999941,0.9999999999999999,110.96785900008399,86.97884417399656,73.23448791871596,246.58009124808166,2055.4074287083304,517.7612823408781,1500.0,False,0.0005,0.0002528575688766983,0.0007528575688766984,3.1503780709116818,0.17101129080885014,0.0003321389361720531,0.985,False,False,False,False,True,CONFIRMED,,0.0007970034949511895,0.0010849965050487515,2026-08-01T04:49:50.228+00:00,0.0005,0.0002528575688766983,0.00031503780709116815,1.710112908088501e-05,0.0003321389361720531,0.40003058920123374,0.17648190019769583,0.5765124893989296,True
e1bcfb7b-6cf2-4a73-8aae-6a4786a94534,e1bcfb7b-6cf2-4a73-8aae-6a4786a94534:5:9,5,9,VERIFIED_LIVE:2026-07-31 22:13:54:00000306,2026-07-31 22:13:54,21,2026-08-01T02:14:48.139+00:00,Fartcoin,mint:9BB6NFEcjBCtnNLFko2FqVQBq8HHM13kCyYcdQbgpump,VERIFIED_LIVE,VERIFIED_WITH_WARNING,BASE_FILTER_ONLY,0.001881999999999941,0.9999999999999999,110.96785900008399,93.56904258760403,68.42258198890906,166.50725461449505,2194.653295442584,439.4667381910922,1500.0,False,0.0005,0.0036419362862967785,0.0041419362862967785,5.783376105951014,7.947870467799455,0.0013731246573750466,0.985,False,False,False,False,True,CONFIRMED,,-0.003633060943671884,0.005515060943671825,2026-08-01T04:49:50.228+00:00,0.0005,0.0036419362862967785,0.0005783376105951013,0.0007947870467799454,0.0013731246573750466,2.2008163051524487,0.7296092759697607,2.9304255811222095,False
e1bcfb7b-6cf2-4a73-8aae-6a4786a94534,e1bcfb7b-6cf2-4a73-8aae-6a4786a94534:5:10,5,10,VERIFIED_LIVE:2026-07-31 22:13:54:00000306,2026-07-31 22:13:54,21,2026-08-01T02:14:48.139+00:00,Fartcoin,mint:9BB6NFEcjBCtnNLFko2FqVQBq8HHM13kCyYcdQbgpump,VERIFIED_LIVE,VERIFIED_WITH_WARNING,BASE_FILTER_ONLY,0.001881999999999941,0.9999999999999999,110.96785900008399,69.80760346397048,72.80473983257345,144.43718305788514,884.7113254491924,398.01738535451307,1500.0,False,0.0005,0.0023706942716340508,0.0028706942716340508,0.7329808067076254,5.196337803704503,0.0005929318610412127,0.985,False,False,False,False,True,CONFIRMED,,-0.0015816261326753226,0.0034636261326752636,2026-08-01T04:49:50.228+00:00,0.0005,0.0023706942716340508,7.329808067076254e-05,0.0005196337803704501,0.0005929318610412127,1.5253423334931673,0.31505412382637155,1.8403964573195388,False
e1bcfb7b-6cf2-4a73-8aae-6a4786a94534,e1bcfb7b-6cf2-4a73-8aae-6a4786a94534:5:11,5,11,VERIFIED_LIVE:2026-07-31 22:13:54:00000306,2026-07-31 22:13:54,21,2026-08-01T02:14:48.139+00:00,Fartcoin,mint:9BB6NFEcjBCtnNLFko2FqVQBq8HHM13kCyYcdQbgpump,VERIFIED_LIVE,VERIFIED_WITH_WARNING,BASE_FILTER_ONLY,0.001881999999999941,0.9999999999999999,110.96785900008399,25.926969524610296,22.659927434288544,209.69461658897856,1647.6118292109259,369.24937254796134,1500.0,False,0.0005,0.0028826410379700395,0.0033826410379700395,3.7858306783637143,6.553348158050257,0.001033917883641397,0.985,False,False,False,False,True,CONFIRMED,,-0.0025345589216114956,0.004416558921611437,2026-08-01T04:49:50.228+00:00,0.0005,0.0028826410379700395,0.0003785830678363714,0.0006553348158050256,0.001033917883641397,1.7973650573698967,0.5493718829125555,2.3467369402824523,False
e1bcfb7b-6cf2-4a73-8aae-6a4786a94534,e1bcfb7b-6cf2-4a73-8aae-6a4786a94534:5:12,5,12,VERIFIED_LIVE:2026-07-31 22:13:54:00000306,2026-07-31 22:13:54,21,2026-08-01T02:14:48.139+00:00,Fartcoin,mint:9BB6NFEcjBCtnNLFko2FqVQBq8HHM13kCyYcdQbgpump,VERIFIED_LIVE,VERIFIED_WITH_WARNING,BASE_FILTER_ONLY,0.001881999999999941,0.9999999999999999,110.96785900008399,52.593118757080696,106.88032438376365,186.05258193411953,1148.49581249536,456.49388407504784,1500.0,False,0.0005,0.003363222200700465,0.003863222200700465,14.36946120699342,0.8260925645970318,0.001519555377159045,0.985,False,False,False,False,True,CONFIRMED,,-0.003500777577859569,0.00538277757785951,2026-08-01T04:49:50.228+00:00,0.0005,0.003363222200700465,0.001436946120699342,8.260925645970317e-05,0.001519555377159045,2.052721679437081,0.8074151844628548,2.860136863899936,False
e1bcfb7b-6cf2-4a73-8aae-6a4786a94534,e1bcfb7b-6cf2-4a73-8aae-6a4786a94534:5:13,5,13,VERIFIED_LIVE:2026-07-31 22:13:54:00000306,2026-07-31 22:13:54,21,2026-08-01T02:14:48.139+00:00,Fartcoin,mint:9BB6NFEcjBCtnNLFko2FqVQBq8HHM13kCyYcdQbgpump,VERIFIED_LIVE,VERIFIED_WITH_WARNING,BASE_FILTER_ONLY,0.001881999999999941,0.9999999999999999,110.96785900008399,28.86287455418833,44.955945023895076,43.00592946022868,546.4353456146034,227.79260803839608,1500.0,False,0.0005,0.004910189565021656,0.0054101895650216555,4.484301421990759,2.6169612713686052,0.0007101262693359364,0.985,False,False,False,False,True,CONFIRMED,,-0.004238315834357651,0.006120315834357592,2026-08-01T04:49:50.228+00:00,0.0005,0.004910189565021656,0.0004484301421990758,0.00026169612713686046,0.0007101262693359364,2.8747022130827977,0.3773253290839313,3.252027542166729,False
e1bcfb7b-6cf2-4a73-8aae-6a4786a94534,e1bcfb7b-6cf2-4a73-8aae-6a4786a94534:5:14,5,14,VERIFIED_LIVE:2026-07-31 22:13:54:00000306,2026-07-31 22:13:54,21,2026-08-01T02:14:48.139+00:00,Fartcoin,mint:9BB6NFEcjBCtnNLFko2FqVQBq8HHM13kCyYcdQbgpump,VERIFIED_LIVE,VERIFIED_WITH_WARNING,BASE_FILTER_ONLY,0.001881999999999941,0.9999999999999999,110.96785900008399,81.26882652686345,68.20468338341021,106.19290086594961,910.2850107400473,366.6342697763073,1500.0,False,0.0005,0.0038108459520853773,0.004310845952085377,4.529532040529054,7.626719852377607,0.0012156251892906657,0.985,False,False,False,False,True,CONFIRMED,,-0.003644471141376102,0.005526471141376043,2026-08-01T04:49:50.228+00:00,0.0005,0.0038108459520853773,0.00045295320405290524,0.0007626719852377607,0.0012156251892906657,2.290566393244162,0.645921992184221,2.9364883854283823,False
e1bcfb7b-6cf2-4a73-8aae-6a4786a94534,e1bcfb7b-6cf2-4a73-8aae-6a4786a94534:5:15,5,15,VERIFIED_LIVE:2026-07-31 22:13:54:00000306,2026-07-31 22:13:54,21,2026-08-01T02:14:48.139+00:00,Fartcoin,mint:9BB6NFEcjBCtnNLFko2FqVQBq8HHM13kCyYcdQbgpump,VERIFIED_LIVE,VERIFIED_WITH_WARNING,BASE_FILTER_ONLY,0.001881999999999941,0.9999999999999999,110.96785900008399,133.01007224926303,49.4081040414288,99.73420460573095,664.6156185773212,393.12023989650675,1500.0,False,0.0005,0.00428771658411168,0.00478771658411168,4.056574574362027,9.890785366649194,0.001394735994101122,0.985,False,False,False,False,True,CONFIRMED,,-0.004300452578212861,0.006182452578212802,2026-08-01T04:49:50.228+00:00,0.0005,0.00428771658411168,0.0004056574574362026,0.000989078536664919,0.001394735994101122,2.5439514262018226,0.7410924517009382,3.2850438779027606,False
e1bcfb7b-6cf2-4a73-8aae-6a4786a94534,e1bcfb7b-6cf2-4a73-8aae-6a4786a94534:5:16,5,16,VERIFIED_LIVE:2026-07-31 22:13:54:00000306,2026-07-31 22:13:54,21,2026-08-01T02:14:48.139+00:00,Fartcoin,mint:9BB6NFEcjBCtnNLFko2FqVQBq8HHM13kCyYcdQbgpump,VERIFIED_LIVE,VERIFIED_WITH_WARNING,BASE_FILTER_ONLY,0.001881999999999941,0.9999999999999999,110.96785900008399,77.5457780359144,42.66128733047241,144.69637809175572,925.4477866216624,375.8713024582265,1500.0,False,0.0005,0.001398979403333642,0.001898979403333642,12.515724704367873,9.298803074286228,0.00218145277786541,0.985,False,False,False,False,True,CONFIRMED,,-0.002198432181199111,0.0040804321811990524,2026-08-01T04:49:50.228+00:00,0.0005,0.001398979403333642,0.001251572470436787,0.0009298803074286226,0.00218145277786541,1.0090219996459626,1.1591141221389365,2.168136121784899,False
e1bcfb7b-6cf2-4a73-8aae-6a4786a94534,e1bcfb7b-6cf2-4a73-8aae-6a4786a94534:5:17,5,17,VERIFIED_LIVE:2026-07-31 22:13:54:00000306,2026-07-31 22:13:54,21,2026-08-01T02:14:48.139+00:00,Fartcoin,mint:9BB6NFEcjBCtnNLFko2FqVQBq8HHM13kCyYcdQbgpump,VERIFIED_LIVE,VERIFIED_WITH_WARNING,BASE_FILTER_ONLY,0.001881999999999941,0.9999999999999999,110.96785900008399,90.45468829744121,50.600345300667755,95.4314108551863,1735.7490665810396,347.4543034533792,1500.0,False,0.0005,0.0008804373557101899,0.00138043735571019,11.53044543215921,0.386872045787624,0.0011917317477946833,0.985,False,False,False,False,True,CONFIRMED,,-0.0006901691035049323,0.002572169103504873,2026-08-01T04:49:50.228+00:00,0.0005,0.0008804373557101899,0.0011530445432159208,3.8687204578762396e-05,0.0011917317477946833,0.7334948755102196,0.6332262209323701,1.3667210964425895,False
e1bcfb7b-6cf2-4a73-8aae-6a4786a94534,e1bcfb7b-6cf2-4a73-8aae-6a4786a94534:5:18,5,18,VERIFIED_LIVE:2026-07-31 22:13:54:00000306,2026-07-31 22:13:54,21,2026-08-01T02:14:48.139+00:00,Fartcoin,mint:9BB6NFEcjBCtnNLFko2FqVQBq8HHM13kCyYcdQbgpump,VERIFIED_LIVE,VERIFIED_WITH_WARNING,BASE_FILTER_ONLY,0.001881999999999941,0.9999999999999999,110.96785900008399,89.14737708561168,83.37872481350621,132.40992291818003,389.31870050935686,415.9038838173819,1500.0,False,0.0005,0.003874828463108605,0.004374828463108605,1.4194694352364101,9.298502747062853,0.001071797218229926,0.985,False,False,False,False,True,CONFIRMED,,-0.0035646256813385902,0.005446625681338531,2026-08-01T04:49:50.228+00:00,0.0005,0.003874828463108605,0.000141946943523641,0.0009298502747062851,0.001071797218229926,2.3245634766783967,0.5694990532571518,2.8940625299355482,False
e1bcfb7b-6cf2-4a73-8aae-6a4786a94534,e1bcfb7b-6cf2-4a73-8aae-6a4786a94534:5:19,5,19,VERIFIED_LIVE:2026-07-31 22:13:54:00000306,2026-07-31 22:13:54,21,2026-08-01T02:14:48.139+00:00,Fartcoin,mint:9BB6NFEcjBCtnNLFko2FqVQBq8HHM13kCyYcdQbgpump,VERIFIED_LIVE,VERIFIED_WITH_WARNING,BASE_FILTER_ONLY,0.001881999999999941,0.9999999999999999,110.96785900008399,41.319951253613276,117.36187311020672,230.89643274710596,2290.4423084918553,500.54611611100995,1500.0,False,0.0005,0.0004475467827265309,0.0009475467827265309,9.708907758196357,9.665621066900794,0.0019374528825097147,0.985,False,False,False,False,True,CONFIRMED,,-0.0010029996652363045,0.0028849996652362455,2026-08-01T04:49:50.228+00:00,0.0005,0.0004475467827265309,0.0009708907758196355,0.0009665621066900792,0.0019374528825097147,0.5034786305667166,1.0294648684961611,1.5329434990628779,False
e1bcfb7b-6cf2-4a73-8aae-6a4786a94534,e1bcfb7b-6cf2-4a73-8aae-6a4786a94534:5:20,5,20,VERIFIED_LIVE:2026-07-31 22:13:54:00000306,2026-07-31 22:13:54,21,2026-08-01T02:14:48.139+00:00,Fartcoin,mint:9BB6NFEcjBCtnNLFko2FqVQBq8HHM13kCyYcdQbgpump,VERIFIED_LIVE,VERIFIED_WITH_WARNING,BASE_FILTER_ONLY,0.001881999999999941,0.9999999999999999,110.96785900008399,143.4761716944168,50.44540578194168,134.67012513939216,1132.9525009901831,439.55956161583464,1500.0,False,0.0005,0.004786202847482057,0.005286202847482057,4.094977315876336,0.19408723928516003,0.00042890645551614954,0.985,False,False,False,False,True,CONFIRMED,,-0.0038331093029982657,0.005715109302998207,2026-08-01T04:49:50.228+00:00,0.0005,0.004786202847482057,0.0004094977315876335,1.9408723928516e-05,0.00042890645551614954,2.8088219168343374,0.22789928560901326,3.0367212024433505,False
e1bcfb7b-6cf2-4a73-8aae-6a4786a94534,e1bcfb7b-6cf2-4a73-8aae-6a4786a94534:5:21,5,21,VERIFIED_LIVE:2026-07-31 22:13:54:00000306,2026-07-31 22:13:54,21,2026-08-01T02:14:48.139+00:00,Fartcoin,mint:9BB6NFEcjBCtnNLFko2FqVQBq8HHM13kCyYcdQbgpump,VERIFIED_LIVE,VERIFIED_WITH_WARNING,BASE_FILTER_ONLY,0.001881999999999941,0.9999999999999999,110.96785900008399,75.86351011012341,60.78613367594491,200.85182344368386,516.4634639338001,448.46932622983616,1500.0,False,0.0005,0.0020655492927470626,0.0025655492927470626,3.668489031948785,8.66061353867943,0.0012329102570628214,0.985,False,False,False,False,True,CONFIRMED,,-0.001916459549809943,0.003798459549809884,2026-08-01T04:49:50.228+00:00,0.0005,0.0020655492927470626,0.00036684890319487845,0.0008660613538679428,0.0012329102570628214,1.3632036624586308,0.6551064065158662,2.018310068974497,False
e1bcfb7b-6cf2-4a73-8aae-6a4786a94534,e1bcfb7b-6cf2-4a73-8aae-6a4786a94534:5:22,5,22,VERIFIED_LIVE:2026-07-31 22:13:54:00000306,2026-07-31 22:13:54,21,2026-08-01T02:14:48.139+00:00,Fartcoin,mint:9BB6NFEcjBCtnNLFko2FqVQBq8HHM13kCyYcdQbgpump,VERIFIED_LIVE,VERIFIED_WITH_WARNING,BASE_FILTER_ONLY,0.001881999999999941,0.9999999999999999,110.96785900008399,128.2218833354937,99.76294838132657,126.30916549826699,1492.8960803534585,465.2618562151713,1500.0,False,0.0005,0.0020647733766952147,0.0025647733766952147,3.839186363044868,6.202013774800128,0.0010041200137844994,0.985,False,False,False,False,True,CONFIRMED,,-0.0016868933904797732,0.003568893390479714,2026-08-01T04:49:50.228+00:00,0.0005,0.0020647733766952147,0.00038391863630448677,0.0006202013774800128,0.0010041200137844994,1.3627913797530793,0.5335387958472534,1.8963301756003326,False
e1bcfb7b-6cf2-4a73-8aae-6a4786a94534,e1bcfb7b-6cf2-4a73-8aae-6a4786a94534:5:23,5,23,VERIFIED_LIVE:2026-07-31 22:13:54:00000306,2026-07-31 22:13:54,21,2026-08-01T02:14:48.139+00:00,Fartcoin,mint:9BB6NFEcjBCtnNLFko2FqVQBq8HHM13kCyYcdQbgpump,VERIFIED_LIVE,VERIFIED_WITH_WARNING,BASE_FILTER_ONLY,0.001881999999999941,0.9999999999999999,110.96785900008399,28.383397421459144,98.50003029897876,190.53481165937995,421.7931373996187,428.38609837990185,1500.0,False,0.0005,0.0017462442594010387,0.0022462442594010385,0.42159988035562646,5.820993784588511,0.0006242593664944136,0.985,False,False,False,False,False,FAILED,CONFIRMATION_FAILURE,0.0,0.001881999999999941,2026-08-01T04:49:50.228+00:00,0.0005,0.0017462442594010387,4.215998803556264e-05,0.000582099378458851,0.0006242593664944136,1.193541051754043,0.33169998219682956,1.0,False
e1bcfb7b-6cf2-4a73-8aae-6a4786a94534,e1bcfb7b-6cf2-4a73-8aae-6a4786a94534:5:24,5,24,VERIFIED_LIVE:2026-07-31 22:13:54:00000306,2026-07-31 22:13:54,21,2026-08-01T02:14:48.139+00:00,Fartcoin,mint:9BB6NFEcjBCtnNLFko2FqVQBq8HHM13kCyYcdQbgpump,VERIFIED_LIVE,VERIFIED_WITH_WARNING,BASE_FILTER_ONLY,0.001881999999999941,0.9999999999999999,110.96785900008399,29.24362632957551,45.57179852839428,135.88391100150258,969.1425301967698,321.6671948595564,1500.0,False,0.0005,0.0010462785369524021,0.0015462785369524021,14.397395857138763,0.5798101251645627,0.0014977205982303324,0.985,False,False,False,False,True,CONFIRMED,,-0.0011619991351827935,0.0030439991351827343,2026-08-01T04:49:50.229+00:00,0.0005,0.0010462785369524021,0.001439739585713876,5.7981012516456255e-05,0.0014977205982303324,0.8216145254795167,0.7958132828004141,1.6174278082799307,False
e1bcfb7b-6cf2-4a73-8aae-6a4786a94534,e1bcfb7b-6cf2-4a73-8aae-6a4786a94534:5:25,5,25,VERIFIED_LIVE:2026-07-31 22:13:54:00000306,2026-07-31 22:13:54,21,2026-08-01T02:14:48.139+00:00,Fartcoin,mint:9BB6NFEcjBCtnNLFko2FqVQBq8HHM13kCyYcdQbgpump,VERIFIED_LIVE,VERIFIED_WITH_WARNING,BASE_FILTER_ONLY,0.001881999999999941,0.9999999999999999,110.96785900008399,114.7175085392613,104.0419907149122,148.7887646871597,1996.0670743046153,478.5161229414172,1500.0,False,0.0005,0.004329598770951616,0.004829598770951616,10.346712708274897,8.630134954741662,0.0018976847663016553,0.985,False,False,False,False,False,FAILED,CONFIRMATION_FAILURE,0.0,0.001881999999999941,2026-08-01T04:49:50.229+00:00,0.0005,0.004329598770951616,0.0010346712708274896,0.000863013495474166,0.0018976847663016553,2.5662055106013644,1.00833409474055,1.0,False
e1bcfb7b-6cf2-4a73-8aae-6a4786a94534,e1bcfb7b-6cf2-4a73-8aae-6a4786a94534:5:26,5,26,VERIFIED_LIVE:2026-07-31 22:13:54:00000306,2026-07-31 22:13:54,21,2026-08-01T02:14:48.139+00:00,Fartcoin,mint:9BB6NFEcjBCtnNLFko2FqVQBq8HHM13kCyYcdQbgpump,VERIFIED_LIVE,VERIFIED_WITH_WARNING,BASE_FILTER_ONLY,0.001881999999999941,0.9999999999999999,110.96785900008399,41.05241160572524,82.50729393202054,47.9603553353662,2465.943351512408,282.487919873196,1500.0,False,0.0005,0.00045812987725724,0.00095812987725724,10.180533937675904,9.457559592790375,0.0019638093530466275,0.985,False,False,False,False,True,CONFIRMED,,-0.0010399392303039265,0.0029219392303038673,2026-08-01T04:49:50.229+00:00,0.0005,0.00045812987725724,0.0010180533937675902,0.0009457559592790373,0.0019638093530466275,0.5091019539092827,1.0434693693127997,1.5525713232220824,False
e1bcfb7b-6cf2-4a73-8aae-6a4786a94534,e1bcfb7b-6cf2-4a73-8aae-6a4786a94534:5:27,5,27,VERIFIED_LIVE:2026-07-31 22:13:54:00000306,2026-07-31 22:13:54,21,2026-08-01T02:14:48.139+00:00,Fartcoin,mint:9BB6NFEcjBCtnNLFko2FqVQBq8HHM13kCyYcdQbgpump,VERIFIED_LIVE,VERIFIED_WITH_WARNING,BASE_FILTER_ONLY,0.001881999999999941,0.9999999999999999,110.96785900008399,32.7888253217487,66.206381663249,22.205463783219006,387.8347283185576,232.16852976830071,1500.0,False,0.0005,0.001577587691116092,0.002077587691116092,11.428376714292312,6.901417584004795,0.0018329794298297107,0.985,False,False,False,False,True,CONFIRMED,,-0.0020285671209458616,0.003910567120945802,2026-08-01T04:49:50.229+00:00,0.0005,0.001577587691116092,0.001142837671429231,0.0006901417584004794,0.0018329794298297107,1.1039254469267572,0.9739529382729905,2.0778783851997473,False
e1bcfb7b-6cf2-4a73-8aae-6a4786a94534,e1bcfb7b-6cf2-4a73-8aae-6a4786a94534:5:28,5,28,VERIFIED_LIVE:2026-07-31 22:13:54:00000306,2026-07-31 22:13:54,21,2026-08-01T02:14:48.139+00:00,Fartcoin,mint:9BB6NFEcjBCtnNLFko2FqVQBq8HHM13kCyYcdQbgpump,VERIFIED_LIVE,VERIFIED_WITH_WARNING,BASE_FILTER_ONLY,0.001881999999999941,0.9999999999999999,110.96785900008399,50.6530722534596,72.04066668444835,197.71409226361973,2203.3116663760843,431.37569020161163,1500.0,False,0.0005,0.003386598022087632,0.003886598022087632,8.130952922732513,9.4892583688384,0.0017620211291570907,0.985,False,False,False,False,True,CONFIRMED,,-0.0037666191512447816,0.005648619151244722,2026-08-01T04:49:50.229+00:00,0.0005,0.003386598022087632,0.0008130952922732512,0.0009489258368838398,0.0017620211291570907,2.0651424134366385,0.9362492716031594,3.0013916850397977,False
e1bcfb7b-6cf2-4a73-8aae-6a4786a94534,e1bcfb7b-6cf2-4a73-8aae-6a4786a94534:5:29,5,29,VERIFIED_LIVE:2026-07-31 22:13:54:00000306,2026-07-31 22:13:54,21,2026-08-01T02:14:48.139+00:00,Fartcoin,mint:9BB6NFEcjBCtnNLFko2FqVQBq8HHM13kCyYcdQbgpump,VERIFIED_LIVE,VERIFIED_WITH_WARNING,BASE_FILTER_ONLY,0.001881999999999941,0.9999999999999999,110.96785900008399,107.11041466155416,45.14253871240868,97.796783687038,468.29037231417794,361.0175960610848,1500.0,False,0.0005,0.001915180681240571,0.002415180681240571,12.852025879666664,8.675419266271687,0.002152744514593835,0.985,False,False,False,False,True,CONFIRMED,,-0.002685925195834465,0.0045679251958344064,2026-08-01T04:49:50.229+00:00,0.0005,0.001915180681240571,0.0012852025879666663,0.0008675419266271685,0.002152744514593835,1.283305356663468,1.143859997127472,2.42716535379094,False
e1bcfb7b-6cf2-4a73-8aae-6a4786a94534,e1bcfb7b-6cf2-4a73-8aae-6a4786a94534:5:30,5,30,VERIFIED_LIVE:2026-07-31 22:13:54:00000306,2026-07-31 22:13:54,21,2026-08-01T02:14:48.139+00:00,Fartcoin,mint:9BB6NFEcjBCtnNLFko2FqVQBq8HHM13kCyYcdQbgpump,VERIFIED_LIVE,VERIFIED_WITH_WARNING,BASE_FILTER_ONLY,0.001881999999999941,0.9999999999999999,110.96785900008399,83.44755492821439,69.01099609475447,79.82150005890156,1741.3255807845285,343.24791008195444,1500.0,False,0.0005,0.0014834542815436533,0.0019834542815436534,5.487000381972501,8.053016417088937,0.0013540016799061436,0.985,False,False,False,False,True,CONFIRMED,,-0.001455455961449856,0.003337455961449797,2026-08-01T04:49:50.229+00:00,0.0005,0.0014834542815436533,0.00054870003819725,0.0008053016417088935,0.0013540016799061436,1.053907694762867,0.7194482890043497,1.7733559837672166,False
e1bcfb7b-6cf2-4a73-8aae-6a4786a94534,e1bcfb7b-6cf2-4a73-8aae-6a4786a94534:5:31,5,31,VERIFIED_LIVE:2026-07-31 22:13:54:00000306,2026-07-31 22:13:54,21,2026-08-01T02:14:48.139+00:00,Fartcoin,mint:9BB6NFEcjBCtnNLFko2FqVQBq8HHM13kCyYcdQbgpump,VERIFIED_LIVE,VERIFIED_WITH_WARNING,BASE_FILTER_ONLY,0.001881999999999941,0.9999999999999999,110.96785900008399,114.52404850845879,97.34766035925837,142.5462642504179,568.4533015441227,465.38583211821907,1500.0,False,0.0005,0.0010439582383744055,0.0015439582383744055,12.07305365714325,2.568339884296141,0.001464139354143939,0.985,False,False,False,False,True,CONFIRMED,,-0.0011260975925184034,0.0030080975925183447,2026-08-01T04:49:50.229+00:00,0.0005,0.0010439582383744055,0.0012073053657143248,0.0002568339884296141,0.001464139354143939,0.8203816356931211,0.7779699012454755,1.5983515369385968,False
e1bcfb7b-6cf2-4a73-8aae-6a4786a94534,e1bcfb7b-6cf2-4a73-8aae-6a4786a94534:5:32,5,32,VERIFIED_LIVE:2026-07-31 22:13:54:00000306,2026-07-31 22:13:54,21,2026-08-01T02:14:48.139+00:00,Fartcoin,mint:9BB6NFEcjBCtnNLFko2FqVQBq8HHM13kCyYcdQbgpump,VERIFIED_LIVE,VERIFIED_WITH_WARNING,BASE_FILTER_ONLY,0.001881999999999941,0.9999999999999999,110.96785900008399,109.08791232113174,60.10430328581468,111.04421058632995,1905.0763487370843,391.20428519336036,1500.0,False,0.0005,0.0039569887964662235,0.004456988796466223,12.8353190140605,0.09169815692232186,0.001292701717098282,0.985,False,False,False,False,True,CONFIRMED,,-0.003867690513564564,0.005749690513564505,2026-08-01T04:49:50.229+00:00,0.0005,0.0039569887964662235,0.00128353190140605,9.169815692232185e-06,0.001292701717098282,2.3682193392488644,0.6868765765665901,3.0550959158154547,False
e1bcfb7b-6cf2-4a73-8aae-6a4786a94534,e1bcfb7b-6cf2-4a73-8aae-6a4786a94534:5:33,5,33,VERIFIED_LIVE:2026-07-31 22:13:54:00000306,2026-07-31 22:13:54,21,2026-08-01T02:14:48.139+00:00,Fartcoin,mint:9BB6NFEcjBCtnNLFko2FqVQBq8HHM13kCyYcdQbgpump,VERIFIED_LIVE,VERIFIED_WITH_WARNING,BASE_FILTER_ONLY,0.001881999999999941,0.9999999999999999,110.96785900008399,64.68601662825701,112.9581338727646,96.14383613145904,1047.431661003146,384.7558456325646,1500.0,False,0.0005,0.0032373809996811497,0.0037373809996811497,14.338954415823093,0.856348067563748,0.0015195302483386839,0.985,True,False,False,False,False,MISSED,OPPORTUNITY_MISSED,0.0,0.001881999999999941,2026-08-01T04:49:50.229+00:00,0.0005,0.0032373809996811497,0.001433895441582309,8.56348067563748e-05,0.0015195302483386839,1.9858560040814384,0.8074018322735024,1.0,False
e1bcfb7b-6cf2-4a73-8aae-6a4786a94534,e1bcfb7b-6cf2-4a73-8aae-6a4786a94534:5:34,5,34,VERIFIED_LIVE:2026-07-31 22:13:54:00000306,2026-07-31 22:13:54,21,2026-08-01T02:14:48.139+00:00,Fartcoin,mint:9BB6NFEcjBCtnNLFko2FqVQBq8HHM13kCyYcdQbgpump,VERIFIED_LIVE,VERIFIED_WITH_WARNING,BASE_FILTER_ONLY,0.001881999999999941,0.9999999999999999,110.96785900008399,83.59128934201121,53.4015611557338,249.49615432548592,439.30704899465934,497.4568638233149,1500.0,False,0.0005,0.002484547161258858,0.002984547161258858,9.566977555274201,0.4798158052620327,0.0010046793360536234,0.985,False,False,False,False,True,CONFIRMED,,-0.0021072264973125403,0.003989226497312481,2026-08-01T04:49:50.229+00:00,0.0005,0.002484547161258858,0.00095669775552742,4.798158052620327e-05,0.0010046793360536234,1.585838024048327,0.5338359915269154,2.1196740155752427,False
e1bcfb7b-6cf2-4a73-8aae-6a4786a94534,e1bcfb7b-6cf2-4a73-8aae-6a4786a94534:5:35,5,35,VERIFIED_LIVE:2026-07-31 22:13:54:00000306,2026-07-31 22:13:54,21,2026-08-01T02:14:48.139+00:00,Fartcoin,mint:9BB6NFEcjBCtnNLFko2FqVQBq8HHM13kCyYcdQbgpump,VERIFIED_LIVE,VERIFIED_WITH_WARNING,BASE_FILTER_ONLY,0.001881999999999941,0.9999999999999999,110.96785900008399,67.81166923665114,39.625694783704205,203.83019821832636,1299.1026305187938,422.2354212387657,1500.0,False,0.0005,0.0016272912560769738,0.0021272912560769738,11.628797678505718,3.929289767347832,0.0015558087445853548,0.985,False,False,False,False,True,CONFIRMED,,-0.0018011000006623876,0.0036831000006623286,2026-08-01T04:49:50.229+00:00,0.0005,0.0016272912560769738,0.0011628797678505717,0.0003929289767347832,0.0015558087445853548,1.130335417681743,0.8266783977605757,1.957013815442319,False
e1bcfb7b-6cf2-4a73-8aae-6a4786a94534,e1bcfb7b-6cf2-4a73-8aae-6a4786a94534:5:36,5,36,VERIFIED_LIVE:2026-07-31 22:13:54:00000306,2026-07-31 22:13:54,21,2026-08-01T02:14:48.139+00:00,Fartcoin,mint:9BB6NFEcjBCtnNLFko2FqVQBq8HHM13kCyYcdQbgpump,VERIFIED_LIVE,VERIFIED_WITH_WARNING,BASE_FILTER_ONLY,0.001881999999999941,0.9999999999999999,110.96785900008399,79.636961992876,35.18084358776663,186.25028927192466,620.749178583384,412.0359538526513,1500.0,False,0.0005,0.004648497463377696,0.005148497463377696,6.352879728473402,0.4849125085386097,0.0006837792237012011,0.985,False,False,False,False,True,CONFIRMED,,-0.003950276687078955,0.005832276687078896,2026-08-01T04:49:50.229+00:00,0.0005,0.004648497463377696,0.0006352879728473401,4.8491250853860966e-05,0.0006837792237012011,2.735652212209276,0.3633258361855593,3.098978048394835,False
e1bcfb7b-6cf2-4a73-8aae-6a4786a94534,e1bcfb7b-6cf2-4a73-8aae-6a4786a94534:5:37,5,37,VERIFIED_LIVE:2026-07-31 22:13:54:00000306,2026-07-31 22:13:54,21,2026-08-01T02:14:48.139+00:00,Fartcoin,mint:9BB6NFEcjBCtnNLFko2FqVQBq8HHM13kCyYcdQbgpump,VERIFIED_LIVE,VERIFIED_WITH_WARNING,BASE_FILTER_ONLY,0.001881999999999941,0.9999999999999999,110.96785900008399,132.90424023938274,71.12618084721677,191.261795674658,1565.6221465736385,506.2600757613415,1500.0,False,0.0005,0.004549461067571183,0.005049461067571183,0.8065203067516946,5.376455615078845,0.0006182975921830539,0.985,False,False,False,False,True,CONFIRMED,,-0.0037857586597542956,0.005667758659754237,2026-08-01T04:49:50.229+00:00,0.0005,0.004549461067571183,8.065203067516945e-05,0.0005376455615078844,0.0006182975921830539,2.68302926013355,0.32853219563393904,3.011561455767489,False
e1bcfb7b-6cf2-4a73-8aae-6a4786a94534,e1bcfb7b-6cf2-4a73-8aae-6a4786a94534:5:38,5,38,VERIFIED_LIVE:2026-07-31 22:13:54:00000306,2026-07-31 22:13:54,21,2026-08-01T02:14:48.139+00:00,Fartcoin,mint:9BB6NFEcjBCtnNLFko2FqVQBq8HHM13kCyYcdQbgpump,VERIFIED_LIVE,VERIFIED_WITH_WARNING,BASE_FILTER_ONLY,0.001881999999999941,0.9999999999999999,110.96785900008399,22.079045449598226,71.50933701084102,93.18437832532044,1524.3489053049439,297.7406197858437,1500.0,False,0.0005,0.004740450136920354,0.005240450136920354,0.5541085071361118,7.5634823358383505,0.000811759084297446,0.985,False,False,False,False,True,CONFIRMED,,-0.004170209221217859,0.0060522092212178,2026-08-01T04:49:50.229+00:00,0.0005,0.004740450136920354,5.541085071361117e-05,0.000756348233583835,0.000811759084297446,2.784511231094856,0.4313278875119402,3.215839118606796,False
e1bcfb7b-6cf2-4a73-8aae-6a4786a94534,e1bcfb7b-6cf2-4a73-8aae-6a4786a94534:5:39,5,39,VERIFIED_LIVE:2026-07-31 22:13:54:00000306,2026-07-31 22:13:54,21,2026-08-01T02:14:48.139+00:00,Fartcoin,mint:9BB6NFEcjBCtnNLFko2FqVQBq8HHM13kCyYcdQbgpump,VERIFIED_LIVE,VERIFIED_WITH_WARNING,BASE_FILTER_ONLY,0.001881999999999941,0.9999999999999999,110.96785900008399,147.60672006195617,30.995677822228334,97.56487188139452,1081.6720976507147,387.135128765663,1500.0,False,0.0005,0.0011724870861287756,0.0016724870861287756,14.522979670046684,5.841497582645126,0.0020364477252691805,0.985,False,False,False,False,True,CONFIRMED,,-0.001826934811398015,0.0037089348113979563,2026-08-01T04:49:50.229+00:00,0.0005,0.0011724870861287756,0.0014522979670046681,0.0005841497582645125,0.0020364477252691805,0.888675391141779,1.082065741375794,1.970741132517573,False
e1bcfb7b-6cf2-4a73-8aae-6a4786a94534,e1bcfb7b-6cf2-4a73-8aae-6a4786a94534:5:40,5,40,VERIFIED_LIVE:2026-07-31 22:13:54:00000306,2026-07-31 22:13:54,21,2026-08-01T02:14:48.139+00:00,Fartcoin,mint:9BB6NFEcjBCtnNLFko2FqVQBq8HHM13kCyYcdQbgpump,VERIFIED_LIVE,VERIFIED_WITH_WARNING,BASE_FILTER_ONLY,0.001881999999999941,0.9999999999999999,110.96785900008399,69.88684639499846,59.30244097966201,180.50806474140208,1685.5116203789942,420.66521111614657,1500.0,False,0.0005,0.0023194977218507448,0.0028194977218507448,8.537682180788533,9.692210653260656,0.0018229892834049186,0.985,False,False,False,False,True,CONFIRMED,,-0.0027604870052557223,0.004642487005255663,2026-08-01T04:49:50.230+00:00,0.0005,0.0023194977218507448,0.0008537682180788531,0.0009692210653260653,0.0018229892834049186,1.4981390658080942,0.9686446776859595,2.4667837434940534,False
e1bcfb7b-6cf2-4a73-8aae-6a4786a94534,e1bcfb7b-6cf2-4a73-8aae-6a4786a94534:5:41,5,41,VERIFIED_LIVE:2026-07-31 22:13:54:00000306,2026-07-31 22:13:54,21,2026-08-01T02:14:48.139+00:00,Fartcoin,mint:9BB6NFEcjBCtnNLFko2FqVQBq8HHM13kCyYcdQbgpump,VERIFIED_LIVE,VERIFIED_WITH_WARNING,BASE_FILTER_ONLY,0.001881999999999941,0.9999999999999999,110.96785900008399,96.09500350441255,73.43347780045241,99.88239105420782,2395.812743214551,380.37873135915675,1500.0,False,0.0005,0.00404060415312402,0.004540604153124021,2.3367682304374755,2.035949056019545,0.00043727172864570197,0.985,False,False,False,False,True,CONFIRMED,,-0.0030958758817697814,0.004977875881769723,2026-08-01T04:49:50.230+00:00,0.0005,0.00404060415312402,0.0002336768230437475,0.00020359490560195446,0.00043727172864570197,2.4126483279086943,0.23234417037498176,2.6449924982836763,False
e1bcfb7b-6cf2-4a73-8aae-6a4786a94534,e1bcfb7b-6cf2-4a73-8aae-6a4786a94534:5:42,5,42,VERIFIED_LIVE:2026-07-31 22:13:54:00000306,2026-07-31 22:13:54,21,2026-08-01T02:14:48.139+00:00,Fartcoin,mint:9BB6NFEcjBCtnNLFko2FqVQBq8HHM13kCyYcdQbgpump,VERIFIED_LIVE,VERIFIED_WITH_WARNING,BASE_FILTER_ONLY,0.001881999999999941,0.9999999999999999,110.96785900008399,37.26162325159483,58.94168772799398,143.56448078604075,451.4630292610836,350.73565076571356,1500.0,False,0.0005,0.002595050403760318,0.003095050403760318,8.039078951745807,6.259608249624975,0.0014298687201370782,0.985,False,False,False,False,True,CONFIRMED,,-0.0026429191238974553,0.004524919123897396,2026-08-01T04:49:50.230+00:00,0.0005,0.002595050403760318,0.0008039078951745806,0.0006259608249624975,0.0014298687201370782,1.64455388085038,0.7597602126127114,2.4043140934630913,False
e1bcfb7b-6cf2-4a73-8aae-6a4786a94534,e1bcfb7b-6cf2-4a73-8aae-6a4786a94534:5:43,5,43,VERIFIED_LIVE:2026-07-31 22:13:54:00000306,2026-07-31 22:13:54,21,2026-08-01T02:14:48.139+00:00,Fartcoin,mint:9BB6NFEcjBCtnNLFko2FqVQBq8HHM13kCyYcdQbgpump,VERIFIED_LIVE,VERIFIED_WITH_WARNING,BASE_FILTER_ONLY,0.001881999999999941,0.9999999999999999,110.96785900008399,48.62147919588857,48.98629623096208,59.637698245036134,294.5458964553228,268.21333267197076,1500.0,False,0.0005,0.0038799386738360636,0.004379938673836063,4.732821905812124,1.6085304179542914,0.0006341352323766416,0.985,False,False,False,False,True,CONFIRMED,,-0.0031320739062127637,0.005014073906212705,2026-08-01T04:49:50.230+00:00,0.0005,0.0038799386738360636,0.0004732821905812123,0.00016085304179542912,0.0006341352323766416,2.3272787852477155,0.33694751986007515,2.6642263051077903,False
e1bcfb7b-6cf2-4a73-8aae-6a4786a94534,e1bcfb7b-6cf2-4a73-8aae-6a4786a94534:5:44,5,44,VERIFIED_LIVE:2026-07-31 22:13:54:00000306,2026-07-31 22:13:54,21,2026-08-01T02:14:48.139+00:00,Fartcoin,mint:9BB6NFEcjBCtnNLFko2FqVQBq8HHM13kCyYcdQbgpump,VERIFIED_LIVE,VERIFIED_WITH_WARNING,BASE_FILTER_ONLY,0.001881999999999941,0.9999999999999999,110.96785900008399,142.87018118138576,30.74625658320153,199.71662348969625,849.3983944826311,484.30092025436755,1500.0,False,0.0005,0.001712791959335081,0.002212791959335081,13.386753952370613,7.265249420804918,0.002065200337317553,0.985,False,False,False,False,True,CONFIRMED,,-0.002395992296652693,0.004277992296652634,2026-08-01T04:49:50.230+00:00,0.0005,0.001712791959335081,0.001338675395237061,0.0007265249420804917,0.002065200337317553,1.175766184556403,1.0973434310933143,2.2731096156497177,False
e1bcfb7b-6cf2-4a73-8aae-6a4786a94534,e1bcfb7b-6cf2-4a73-8aae-6a4786a94534:5:45,5,45,VERIFIED_LIVE:2026-07-31 22:13:54:00000306,2026-07-31 22:13:54,21,2026-08-01T02:14:48.139+00:00,Fartcoin,mint:9BB6NFEcjBCtnNLFko2FqVQBq8HHM13kCyYcdQbgpump,VERIFIED_LIVE,VERIFIED_WITH_WARNING,BASE_FILTER_ONLY,0.001881999999999941,0.9999999999999999,110.96785900008399,31.227333370129777,60.27322325365975,239.4257324907158,347.0008696641844,441.8941481145893,1500.0,False,0.0005,0.0035932208620811645,0.004093220862081165,12.794095124961403,0.21657966824571995,0.0013010674793207122,0.985,False,False,False,False,True,CONFIRMED,,-0.003512288341401936,0.005394288341401877,2026-08-01T04:49:50.230+00:00,0.0005,0.0035932208620811645,0.0012794095124961402,2.1657966824571994e-05,0.0013010674793207122,2.1749313826149272,0.6913217212118772,2.8662531038268044,False
e1bcfb7b-6cf2-4a73-8aae-6a4786a94534,e1bcfb7b-6cf2-4a73-8aae-6a4786a94534:5:46,5,46,VERIFIED_LIVE:2026-07-31 22:13:54:00000306,2026-07-31 22:13:54,21,2026-08-01T02:14:48.139+00:00,Fartcoin,mint:9BB6NFEcjBCtnNLFko2FqVQBq8HHM13kCyYcdQbgpump,VERIFIED_LIVE,VERIFIED_WITH_WARNING,BASE_FILTER_ONLY,0.001881999999999941,0.9999999999999999,110.96785900008399,121.51068544419077,49.100715672680195,44.41303562519861,1905.3350204315918,325.9922957421536,1500.0,False,0.0005,0.004005544023165669,0.004505544023165669,1.1759165557581908,4.739948051031291,0.0005915864606789481,0.985,False,False,False,False,True,CONFIRMED,,-0.003215130483844676,0.005097130483844617,2026-08-01T04:49:50.230+00:00,0.0005,0.004005544023165669,0.00011759165557581906,0.000473994805103129,0.0005915864606789481,2.3940191408957547,0.31433924584429684,2.7083583867400516,False
e1bcfb7b-6cf2-4a73-8aae-6a4786a94534,e1bcfb7b-6cf2-4a73-8aae-6a4786a94534:5:47,5,47,VERIFIED_LIVE:2026-07-31 22:13:54:00000306,2026-07-31 22:13:54,21,2026-08-01T02:14:48.139+00:00,Fartcoin,mint:9BB6NFEcjBCtnNLFko2FqVQBq8HHM13kCyYcdQbgpump,VERIFIED_LIVE,VERIFIED_WITH_WARNING,BASE_FILTER_ONLY,0.001881999999999941,0.9999999999999999,110.96785900008399,41.2541210285539,99.24661528295121,189.93986485199727,794.1506351543927,441.40846016358637,1500.0,False,0.0005,0.0007778326758343744,0.0012778326758343744,1.6707790696717022,0.6750567682296171,0.00023458358379013186,0.985,False,False,False,False,True,CONFIRMED,,0.0003695837403754347,0.0015124162596245063,2026-08-01T04:49:50.230+00:00,0.0005,0.0007778326758343744,0.0001670779069671702,6.75056768229617e-05,0.00023458358379013186,0.6789759170214742,0.12464589999476047,0.8036218170162347,True
e1bcfb7b-6cf2-4a73-8aae-6a4786a94534,e1bcfb7b-6cf2-4a73-8aae-6a4786a94534:5:48,5,48,VERIFIED_LIVE:2026-07-31 22:13:54:00000306,2026-07-31 22:13:54,21,2026-08-01T02:14:48.139+00:00,Fartcoin,mint:9BB6NFEcjBCtnNLFko2FqVQBq8HHM13kCyYcdQbgpump,VERIFIED_LIVE,VERIFIED_WITH_WARNING,BASE_FILTER_ONLY,0.001881999999999941,0.9999999999999999,110.96785900008399,36.80166952784887,27.491580391958664,244.66684092064548,1202.3835353874142,419.927949840537,1500.0,False,0.0005,0.0046602678687808815,0.005160267868780882,10.63779151211481,1.0569745872786718,0.001169476609939348,0.985,False,False,False,False,True,CONFIRMED,,-0.004447744478720289,0.00632974447872023,2026-08-01T04:49:50.230+00:00,0.0005,0.0046602678687808815,0.0010637791512114808,0.00010569745872786715,0.001169476609939348,2.7419064127423187,0.6214009617106189,3.3633073744529374,False
e1bcfb7b-6cf2-4a73-8aae-6a4786a94534,e1bcfb7b-6cf2-4a73-8aae-6a4786a94534:5:49,5,49,VERIFIED_LIVE:2026-07-31 22:13:54:00000306,2026-07-31 22:13:54,21,2026-08-01T02:14:48.139+00:00,Fartcoin,mint:9BB6NFEcjBCtnNLFko2FqVQBq8HHM13kCyYcdQbgpump,VERIFIED_LIVE,VERIFIED_WITH_WARNING,BASE_FILTER_ONLY,0.001881999999999941,0.9999999999999999,110.96785900008399,52.27762141938531,94.75294869188625,206.45359371124678,1213.302639616131,464.4520228226023,1500.0,False,0.0005,0.0009867368734871162,0.0014867368734871162,12.513371988905861,1.473471692726287,0.0013986843681632146,0.985,False,False,False,False,True,CONFIRMED,,-0.0010034212416503898,0.002885421241650331,2026-08-01T04:49:50.230+00:00,0.0005,0.0009867368734871162,0.001251337198890586,0.00014734716927262867,0.0013986843681632146,0.7899770847434446,0.7431904187902543,1.533167503533699,False
e1bcfb7b-6cf2-4a73-8aae-6a4786a94534,e1bcfb7b-6cf2-4a73-8aae-6a4786a94534:5:50,5,50,VERIFIED_LIVE:2026-07-31 22:13:54:00000306,2026-07-31 22:13:54,21,2026-08-01T02:14:48.139+00:00,Fartcoin,mint:9BB6NFEcjBCtnNLFko2FqVQBq8HHM13kCyYcdQbgpump,VERIFIED_LIVE,VERIFIED_WITH_WARNING,BASE_FILTER_ONLY,0.001881999999999941,0.9999999999999999,110.96785900008399,41.222351096904376,66.7709250850686,31.33645626235154,1209.3580314789897,250.2975914444085,1500.0,False,0.0005,0.00493097738507888,0.00543097738507888,2.688627330253628,5.724201383623491,0.0008412828713877117,0.985,False,False,False,False,True,CONFIRMED,,-0.004390260256466651,0.006272260256466592,2026-08-01T04:49:50.230+00:00,0.0005,0.00493097738507888,0.00026886273302536277,0.0005724201383623491,0.0008412828713877117,2.885747813538284,0.4470153408011361,3.33276315433942,False
e1bcfb7b-6cf2-4a73-8aae-6a4786a94534,e1bcfb7b-6cf2-4a73-8aae-6a4786a94534:5:51,5,51,VERIFIED_LIVE:2026-07-31 22:13:54:00000306,2026-07-31 22:13:54,21,2026-08-01T02:14:48.139+00:00,Fartcoin,mint:9BB6NFEcjBCtnNLFko2FqVQBq8HHM13kCyYcdQbgpump,VERIFIED_LIVE,VERIFIED_WITH_WARNING,BASE_FILTER_ONLY,0.001881999999999941,0.9999999999999999,110.96785900008399,39.525668998199215,21.013016064187113,45.04587161312234,262.93830846074894,216.55241567559264,1500.0,False,0.0005,0.0026776684208739683,0.0031776684208739683,13.854562089007194,1.3986580968212925,0.0015253220185828483,0.985,False,False,False,False,True,CONFIRMED,,-0.0028209904394568756,0.004702990439456817,2026-08-01T04:49:50.230+00:00,0.0005,0.0026776684208739683,0.0013854562089007192,0.00013986580968212924,0.0015253220185828483,1.6884529335143825,0.8104792872385208,2.4989322207529034,False
e1bcfb7b-6cf2-4a73-8aae-6a4786a94534,e1bcfb7b-6cf2-4a73-8aae-6a4786a94534:5:52,5,52,VERIFIED_LIVE:2026-07-31 22:13:54:00000306,2026-07-31 22:13:54,21,2026-08-01T02:14:48.139+00:00,Fartcoin,mint:9BB6NFEcjBCtnNLFko2FqVQBq8HHM13kCyYcdQbgpump,VERIFIED_LIVE,VERIFIED_WITH_WARNING,BASE_FILTER_ONLY,0.001881999999999941,0.9999999999999999,110.96785900008399,81.93970209516829,49.47544896833024,22.00762782725746,2185.4324072323857,264.39063789083997,1500.0,False,0.0005,0.0010480343901701846,0.0015480343901701846,5.001030268936233,7.746981100011228,0.0012748011368947459,0.985,True,False,False,False,False,MISSED,OPPORTUNITY_MISSED,0.0,0.001881999999999941,2026-08-01T04:49:50.230+00:00,0.0005,0.0010480343901701846,0.0005001030268936233,0.0007746981100011227,0.0012748011368947459,0.8225474974337051,0.6773651099334674,1.0,False
e1bcfb7b-6cf2-4a73-8aae-6a4786a94534,e1bcfb7b-6cf2-4a73-8aae-6a4786a94534:5:53,5,53,VERIFIED_LIVE:2026-07-31 22:13:54:00000306,2026-07-31 22:13:54,21,2026-08-01T02:14:48.139+00:00,Fartcoin,mint:9BB6NFEcjBCtnNLFko2FqVQBq8HHM13kCyYcdQbgpump,VERIFIED_LIVE,VERIFIED_WITH_WARNING,BASE_FILTER_ONLY,0.001881999999999941,0.9999999999999999,110.96785900008399,47.9348809464101,55.207803409420094,81.9334528471266,1152.231844240388,296.04399620304076,1500.0,False,0.0005,0.0011840322087977532,0.0016840322087977532,14.989850434743978,3.7849980379325707,0.0018774848472676545,0.985,False,False,False,False,True,CONFIRMED,,-0.0016795170560654667,0.0035615170560654077,2026-08-01T04:49:50.230+00:00,0.0005,0.0011840322087977532,0.0014989850434743977,0.000378499803793257,0.0018774848472676545,0.8948098877777928,0.9976008752750868,1.8924107630528795,False
e1bcfb7b-6cf2-4a73-8aae-6a4786a94534,e1bcfb7b-6cf2-4a73-8aae-6a4786a94534:5:54,5,54,VERIFIED_LIVE:2026-07-31 22:13:54:00000306,2026-07-31 22:13:54,21,2026-08-01T02:14:48.139+00:00,Fartcoin,mint:9BB6NFEcjBCtnNLFko2FqVQBq8HHM13kCyYcdQbgpump,VERIFIED_LIVE,VERIFIED_WITH_WARNING,BASE_FILTER_ONLY,0.001881999999999941,0.9999999999999999,110.96785900008399,97.32713726910335,53.942984085490835,136.13760116089304,780.4610053672739,398.3755815155712,1500.0,False,0.0005,0.003937233025079284,0.004437233025079285,8.906982665222099,7.671707319307197,0.0016578689984529293,0.985,False,False,False,False,True,CONFIRMED,,-0.004213102023532273,0.006095102023532214,2026-08-01T04:49:50.230+00:00,0.0005,0.003937233025079284,0.0008906982665222097,0.0007671707319307197,0.0016578689984529293,2.3577221174704697,0.8809080756923386,3.238630193162808,False
e1bcfb7b-6cf2-4a73-8aae-6a4786a94534,e1bcfb7b-6cf2-4a73-8aae-6a4786a94534:5:55,5,55,VERIFIED_LIVE:2026-07-31 22:13:54:00000306,2026-07-31 22:13:54,21,2026-08-01T02:14:48.139+00:00,Fartcoin,mint:9BB6NFEcjBCtnNLFko2FqVQBq8HHM13kCyYcdQbgpump,VERIFIED_LIVE,VERIFIED_WITH_WARNING,BASE_FILTER_ONLY,0.001881999999999941,0.9999999999999999,110.96785900008399,59.93363482753048,44.023146722877826,228.1079880875893,1038.7835884025615,443.03262863808163,1500.0,False,0.0005,0.0023945629474714262,0.0028945629474714262,1.5827614055937367,2.7967453913884177,0.00043795067969821535,0.985,True,False,False,False,False,MISSED,OPPORTUNITY_MISSED,0.0,0.001881999999999941,2026-08-01T04:49:50.230+00:00,0.0005,0.0023945629474714262,0.00015827614055937366,0.00027967453913884174,0.00043795067969821535,1.5380249455215287,0.23270493076420248,1.0,False
e1bcfb7b-6cf2-4a73-8aae-6a4786a94534,e1bcfb7b-6cf2-4a73-8aae-6a4786a94534:5:56,5,56,VERIFIED_LIVE:2026-07-31 22:13:54:00000306,2026-07-31 22:13:54,21,2026-08-01T02:14:48.139+00:00,Fartcoin,mint:9BB6NFEcjBCtnNLFko2FqVQBq8HHM13kCyYcdQbgpump,VERIFIED_LIVE,VERIFIED_WITH_WARNING,BASE_FILTER_ONLY,0.001881999999999941,0.9999999999999999,110.96785900008399,83.63482673165967,36.89783571103772,168.03413497184977,1613.6486213929911,399.5346564146312,1500.0,False,0.0005,0.0030695853553308872,0.0035695853553308872,6.065727169519707,7.711894838345945,0.001377762200786565,0.985,False,False,False,False,True,CONFIRMED,,-0.003065347556117511,0.004947347556117452,2026-08-01T04:49:50.230+00:00,0.0005,0.0030695853553308872,0.0006065727169519705,0.0007711894838345944,0.001377762200786565,1.8966978508666308,0.7320734329365611,2.628771283803192,False
e1bcfb7b-6cf2-4a73-8aae-6a4786a94534,e1bcfb7b-6cf2-4a73-8aae-6a4786a94534:5:57,5,57,VERIFIED_LIVE:2026-07-31 22:13:54:00000306,2026-07-31 22:13:54,21,2026-08-01T02:14:48.139+00:00,Fartcoin,mint:9BB6NFEcjBCtnNLFko2FqVQBq8HHM13kCyYcdQbgpump,VERIFIED_LIVE,VERIFIED_WITH_WARNING,BASE_FILTER_ONLY,0.001881999999999941,0.9999999999999999,110.96785900008399,84.01320750044842,59.25460705412343,186.97695376407577,2106.4437561174736,441.2126273187316,1500.0,False,0.0005,0.0009328658120096365,0.0014328658120096364,5.369703999260935,9.577660675993352,0.0014947364675254285,0.985,False,False,False,False,True,CONFIRMED,,-0.0010456022795351239,0.002927602279535065,2026-08-01T04:49:50.230+00:00,0.0005,0.0009328658120096365,0.0005369703999260934,0.000957766067599335,0.0014947364675254285,0.7613527162644428,0.794227666060295,1.5555803823247378,False
e1bcfb7b-6cf2-4a73-8aae-6a4786a94534,e1bcfb7b-6cf2-4a73-8aae-6a4786a94534:5:58,5,58,VERIFIED_LIVE:2026-07-31 22:13:54:00000306,2026-07-31 22:13:54,21,2026-08-01T02:14:48.139+00:00,Fartcoin,mint:9BB6NFEcjBCtnNLFko2FqVQBq8HHM13kCyYcdQbgpump,VERIFIED_LIVE,VERIFIED_WITH_WARNING,BASE_FILTER_ONLY,0.001881999999999941,0.9999999999999999,110.96785900008399,32.22108482083598,48.067687081768284,61.138495351305124,440.08113503552534,252.39512625399337,1500.0,False,0.0005,0.002986656355618321,0.003486656355618321,4.0498586852304355,7.623212113608701,0.0011673070798839135,0.985,False,False,False,False,True,CONFIRMED,,-0.0027719634355022936,0.004653963435502235,2026-08-01T04:49:50.230+00:00,0.0005,0.002986656355618321,0.0004049858685230435,0.0007623212113608699,0.0011673070798839135,1.8526335577143627,0.620248182722609,2.4728817404369714,False
e1bcfb7b-6cf2-4a73-8aae-6a4786a94534,e1bcfb7b-6cf2-4a73-8aae-6a4786a94534:5:59,5,59,VERIFIED_LIVE:2026-07-31 22:13:54:00000306,2026-07-31 22:13:54,21,2026-08-01T02:14:48.139+00:00,Fartcoin,mint:9BB6NFEcjBCtnNLFko2FqVQBq8HHM13kCyYcdQbgpump,VERIFIED_LIVE,VERIFIED_WITH_WARNING,BASE_FILTER_ONLY,0.001881999999999941,0.9999999999999999,110.96785900008399,66.47618729949852,22.389058149545253,162.17597876200438,1753.9901901546762,362.0090832111322,1500.0,False,0.0005,0.0028672138357880607,0.0033672138357880607,5.375135033311821,4.564324246487498,0.0009939459279799318,0.985,False,False,False,False,True,CONFIRMED,,-0.0024791597637680513,0.004361159763767992,2026-08-01T04:49:50.230+00:00,0.0005,0.0028672138357880607,0.0005375135033311821,0.0004564324246487497,0.0009939459279799318,1.7891678192285687,0.528132799139194,2.3173006183677627,False
e1bcfb7b-6cf2-4a73-8aae-6a4786a94534,e1bcfb7b-6cf2-4a73-8aae-6a4786a94534:5:60,5,60,VERIFIED_LIVE:2026-07-31 22:13:54:00000306,2026-07-31 22:13:54,21,2026-08-01T02:14:48.139+00:00,Fartcoin,mint:9BB6NFEcjBCtnNLFko2FqVQBq8HHM13kCyYcdQbgpump,VERIFIED_LIVE,VERIFIED_WITH_WARNING,BASE_FILTER_ONLY,0.001881999999999941,0.9999999999999999,110.96785900008399,48.77311156490779,111.00283231270022,42.524915702347954,2157.0096343936993,313.26871858003994,1500.0,False,0.0005,0.0002467999507564832,0.0007467999507564832,6.39625590496652,9.93328610624324,0.0016329542011209756,0.985,False,False,False,False,True,CONFIRMED,,-0.0004977541518775178,0.002379754151877459,2026-08-01T04:49:50.230+00:00,0.0005,0.0002467999507564832,0.0006396255904966519,0.0009933286106243238,0.0016329542011209756,0.39681187606615653,0.8676696073969324,1.264481483463089,False
e1bcfb7b-6cf2-4a73-8aae-6a4786a94534,e1bcfb7b-6cf2-4a73-8aae-6a4786a94534:5:61,5,61,VERIFIED_LIVE:2026-07-31 22:13:54:00000306,2026-07-31 22:13:54,21,2026-08-01T02:14:48.139+00:00,Fartcoin,mint:9BB6NFEcjBCtnNLFko2FqVQBq8HHM13kCyYcdQbgpump,VERIFIED_LIVE,VERIFIED_WITH_WARNING,BASE_FILTER_ONLY,0.001881999999999941,0.9999999999999999,110.96785900008399,98.76943178490406,95.00785155947047,48.90093939125031,550.6598612603066,353.6460817357088,1500.0,False,0.0005,0.002419081400203904,0.002919081400203904,1.32312398098837,8.824143335811884,0.0010147267316800252,0.985,False,False,False,False,True,CONFIRMED,,-0.002051808131883988,0.00393380813188393,2026-08-01T04:49:50.230+00:00,0.0005,0.002419081400203904,0.00013231239809883698,0.0008824143335811883,0.0010147267316800252,1.5510528162614217,0.5391746714559283,2.09022748771735,False
e1bcfb7b-6cf2-4a73-8aae-6a4786a94534,e1bcfb7b-6cf2-4a73-8aae-6a4786a94534:5:62,5,62,VERIFIED_LIVE:2026-07-31 22:13:54:00000306,2026-07-31 22:13:54,21,2026-08-01T02:14:48.139+00:00,Fartcoin,mint:9BB6NFEcjBCtnNLFko2FqVQBq8HHM13kCyYcdQbgpump,VERIFIED_LIVE,VERIFIED_WITH_WARNING,BASE_FILTER_ONLY,0.001881999999999941,0.9999999999999999,110.96785900008399,118.53052116678961,40.42708118822169,186.442123316987,1765.2514475008015,456.36758467208233,1500.0,False,0.0005,0.004438354089656222,0.004938354089656222,13.633207879383637,4.825329099822408,0.001845853697920604,0.985,False,False,False,False,True,CONFIRMED,,-0.004902207787576885,0.006784207787576826,2026-08-01T04:49:50.230+00:00,0.0005,0.004438354089656222,0.0013633207879383635,0.00048253290998224074,0.001845853697920604,2.6239926087440897,0.9807936758345707,3.6047862845786605,False
e1bcfb7b-6cf2-4a73-8aae-6a4786a94534,e1bcfb7b-6cf2-4a73-8aae-6a4786a94534:5:63,5,63,VERIFIED_LIVE:2026-07-31 22:13:54:00000306,2026-07-31 22:13:54,21,2026-08-01T02:14:48.139+00:00,Fartcoin,mint:9BB6NFEcjBCtnNLFko2FqVQBq8HHM13kCyYcdQbgpump,VERIFIED_LIVE,VERIFIED_WITH_WARNING,BASE_FILTER_ONLY,0.001881999999999941,0.9999999999999999,110.96785900008399,38.20669687303156,20.389769103117178,144.57089581615207,2005.0220777049628,314.13522079238476,1500.0,False,0.0005,0.0017039371610748793,0.0022039371610748796,3.017563694143597,9.785716805704286,0.001280328049984788,0.985,False,False,False,False,True,CONFIRMED,,-0.0016022652110597266,0.0034842652110596674,2026-08-01T04:49:50.230+00:00,0.0005,0.0017039371610748793,0.00030175636941435965,0.0009785716805704285,0.001280328049984788,1.1710611907943405,0.6803018331481553,1.8513630239424956,False
e1bcfb7b-6cf2-4a73-8aae-6a4786a94534,e1bcfb7b-6cf2-4a73-8aae-6a4786a94534:5:64,5,64,VERIFIED_LIVE:2026-07-31 22:13:54:00000306,2026-07-31 22:13:54,21,2026-08-01T02:14:48.139+00:00,Fartcoin,mint:9BB6NFEcjBCtnNLFko2FqVQBq8HHM13kCyYcdQbgpump,VERIFIED_LIVE,VERIFIED_WITH_WARNING,BASE_FILTER_ONLY,0.001881999999999941,0.9999999999999999,110.96785900008399,64.66985613005932,43.858606556356875,246.51543043374062,1247.768740144038,466.01175212024077,1500.0,False,0.0005,0.001718603141688557,0.002218603141688557,1.034744734438321,0.182401644240191,0.00012171463786785117,0.985,False,False,False,False,True,CONFIRMED,,-0.0004583177795564673,0.0023403177795564083,2026-08-01T04:49:50.230+00:00,0.0005,0.001718603141688557,0.00010347447344383208,1.8240164424019096e-05,0.00012171463786785117,1.178853954138484,0.06467302755996546,1.2435269816984493,False
e1bcfb7b-6cf2-4a73-8aae-6a4786a94534,e1bcfb7b-6cf2-4a73-8aae-6a4786a94534:5:65,5,65,VERIFIED_LIVE:2026-07-31 22:13:54:00000306,2026-07-31 22:13:54,21,2026-08-01T02:14:48.139+00:00,Fartcoin,mint:9BB6NFEcjBCtnNLFko2FqVQBq8HHM13kCyYcdQbgpump,VERIFIED_LIVE,VERIFIED_WITH_WARNING,BASE_FILTER_ONLY,0.001881999999999941,0.9999999999999999,110.96785900008399,40.762238685714465,50.92954477095229,247.98005027318072,1266.0321927923342,450.6396927299315,1500.0,False,0.0005,0.002730965996793113,0.003230965996793113,4.363821623481142,1.4231101703109716,0.0005786931793792113,0.985,False,False,False,False,True,CONFIRMED,,-0.0019276591761723833,0.003809659176172324,2026-08-01T04:49:50.230+00:00,0.0005,0.002730965996793113,0.0004363821623481141,0.00014231101703109715,0.0005786931793792113,1.716772580655268,0.3074884056212696,2.0242609862765373,False
e1bcfb7b-6cf2-4a73-8aae-6a4786a94534,e1bcfb7b-6cf2-4a73-8aae-6a4786a94534:5:66,5,66,VERIFIED_LIVE:2026-07-31 22:13:54:00000306,2026-07-31 22:13:54,21,2026-08-01T02:14:48.139+00:00,Fartcoin,mint:9BB6NFEcjBCtnNLFko2FqVQBq8HHM13kCyYcdQbgpump,VERIFIED_LIVE,VERIFIED_WITH_WARNING,BASE_FILTER_ONLY,0.001881999999999941,0.9999999999999999,110.96785900008399,45.83342657865845,103.68709766840959,224.92493251249226,2378.5036272511365,485.41331575964426,1500.0,False,0.0005,0.004323608154742963,0.004823608154742963,13.35227435736356,2.231499677514528,0.0015583774034878086,0.985,False,False,False,False,True,CONFIRMED,,-0.004499985558230831,0.006381985558230772,2026-08-01T04:49:50.230+00:00,0.0005,0.004323608154742963,0.0013352274357363559,0.00022314996775145275,0.0015583774034878086,2.5630223989070746,0.8280432537129955,3.39106565262007,False
e1bcfb7b-6cf2-4a73-8aae-6a4786a94534,e1bcfb7b-6cf2-4a73-8aae-6a4786a94534:5:67,5,67,VERIFIED_LIVE:2026-07-31 22:13:54:00000306,2026-07-31 22:13:54,21,2026-08-01T02:14:48.139+00:00,Fartcoin,mint:9BB6NFEcjBCtnNLFko2FqVQBq8HHM13kCyYcdQbgpump,VERIFIED_LIVE,VERIFIED_WITH_WARNING,BASE_FILTER_ONLY,0.001881999999999941,0.9999999999999999,110.96785900008399,114.77037860191552,26.134399530048263,35.79150231495779,1259.182505043908,287.66413944700554,1500.0,False,0.0005,0.004619577193168638,0.0051195771931686375,6.9675569810464735,3.7216946984613264,0.0010689251679507799,0.985,False,False,False,False,True,CONFIRMED,,-0.004306502361119477,0.006188502361119418,2026-08-01T04:49:50.230+00:00,0.0005,0.004619577193168638,0.0006967556981046473,0.0003721694698461326,0.0010689251679507799,2.7202854373904346,0.5679729904095714,3.288258427800006,False
e1bcfb7b-6cf2-4a73-8aae-6a4786a94534,e1bcfb7b-6cf2-4a73-8aae-6a4786a94534:5:68,5,68,VERIFIED_LIVE:2026-07-31 22:13:54:00000306,2026-07-31 22:13:54,21,2026-08-01T02:14:48.139+00:00,Fartcoin,mint:9BB6NFEcjBCtnNLFko2FqVQBq8HHM13kCyYcdQbgpump,VERIFIED_LIVE,VERIFIED_WITH_WARNING,BASE_FILTER_ONLY,0.001881999999999941,0.9999999999999999,110.96785900008399,56.589726246732894,46.98616415288486,26.963835206091343,2008.9340812962355,241.50758460579308,1500.0,False,0.0005,0.0021706494961685283,0.0026706494961685283,3.6984242661914313,5.908377409952516,0.0009606801676143945,0.985,True,False,False,False,False,MISSED,OPPORTUNITY_MISSED,0.0,0.001881999999999941,2026-08-01T04:49:50.230+00:00,0.0005,0.0021706494961685283,0.00036984242661914306,0.0005908377409952516,0.0009606801676143945,1.4190486164551606,0.5104570497419897,1.0,False
e1bcfb7b-6cf2-4a73-8aae-6a4786a94534,e1bcfb7b-6cf2-4a73-8aae-6a4786a94534:5:69,5,69,VERIFIED_LIVE:2026-07-31 22:13:54:00000306,2026-07-31 22:13:54,21,2026-08-01T02:14:48.139+00:00,Fartcoin,mint:9BB6NFEcjBCtnNLFko2FqVQBq8HHM13kCyYcdQbgpump,VERIFIED_LIVE,VERIFIED_WITH_WARNING,BASE_FILTER_ONLY,0.001881999999999941,0.9999999999999999,110.96785900008399,127.011457523599,25.50633372821421,64.93911573881502,1049.0558096553978,328.4247659907122,1500.0,False,0.0005,0.002058195604938332,0.002558195604938332,6.296267546385495,7.688098914457683,0.0013984366460843176,0.985,False,False,False,False,True,CONFIRMED,,-0.0020746322510227086,0.00395663225102265,2026-08-01T04:49:50.230+00:00,0.0005,0.002058195604938332,0.0006296267546385494,0.0007688098914457682,0.0013984366460843176,1.359296283176627,0.7430587917557713,2.1023550749323983,False
e1bcfb7b-6cf2-4a73-8aae-6a4786a94534,e1bcfb7b-6cf2-4a73-8aae-6a4786a94534:5:70,5,70,VERIFIED_LIVE:2026-07-31 22:13:54:00000306,2026-07-31 22:13:54,21,2026-08-01T02:14:48.139+00:00,Fartcoin,mint:9BB6NFEcjBCtnNLFko2FqVQBq8HHM13kCyYcdQbgpump,VERIFIED_LIVE,VERIFIED_WITH_WARNING,BASE_FILTER_ONLY,0.001881999999999941,0.9999999999999999,110.96785900008399,59.20391951271463,96.13412154395714,237.5239715975738,2421.432579005466,503.82987165432957,1500.0,False,0.0005,0.0037690304772123144,0.004269030477212315,3.3567879526683866,8.829560772257224,0.001218634872492561,0.985,False,False,False,False,True,CONFIRMED,,-0.003605665349704935,0.005487665349704875,2026-08-01T04:49:50.230+00:00,0.0005,0.0037690304772123144,0.0003356787952668386,0.0008829560772257223,0.001218634872492561,2.268347756223405,0.6475211862341121,2.915868942457517,False
e1bcfb7b-6cf2-4a73-8aae-6a4786a94534,e1bcfb7b-6cf2-4a73-8aae-6a4786a94534:5:71,5,71,VERIFIED_LIVE:2026-07-31 22:13:54:00000306,2026-07-31 22:13:54,21,2026-08-01T02:14:48.139+00:00,Fartcoin,mint:9BB6NFEcjBCtnNLFko2FqVQBq8HHM13kCyYcdQbgpump,VERIFIED_LIVE,VERIFIED_WITH_WARNING,BASE_FILTER_ONLY,0.001881999999999941,0.9999999999999999,110.96785900008399,41.993738512348884,92.1596730436769,210.97853710458406,1363.7835341045252,456.09980766069384,1500.0,False,0.0005,0.00421785174395374,0.004717851743953739,10.186256802411666,9.637211655877095,0.001982346845828876,0.985,False,False,False,False,True,CONFIRMED,,-0.004818198589782674,0.006700198589782615,2026-08-01T04:49:50.231+00:00,0.0005,0.00421785174395374,0.0010186256802411663,0.0009637211655877094,0.001982346845828876,2.5068287693697595,1.0533192592077247,3.5601480285774842,False
e1bcfb7b-6cf2-4a73-8aae-6a4786a94534,e1bcfb7b-6cf2-4a73-8aae-6a4786a94534:5:72,5,72,VERIFIED_LIVE:2026-07-31 22:13:54:00000306,2026-07-31 22:13:54,21,2026-08-01T02:14:48.139+00:00,Fartcoin,mint:9BB6NFEcjBCtnNLFko2FqVQBq8HHM13kCyYcdQbgpump,VERIFIED_LIVE,VERIFIED_WITH_WARNING,BASE_FILTER_ONLY,0.001881999999999941,0.9999999999999999,110.96785900008399,64.96712317221579,47.875548134672734,168.56387703218613,1858.6337581457074,392.37440733915867,1500.0,False,0.0005,0.0010850477340013883,0.0015850477340013883,1.7934601553236573,0.0114619760944068,0.0001804922131418064,0.985,False,False,False,False,True,CONFIRMED,,0.0001164600528567462,0.0017655399471431948,2026-08-01T04:49:50.231+00:00,0.0005,0.0010850477340013883,0.00017934601553236572,1.14619760944068e-06,0.0001804922131418064,0.8422145239114973,0.09590447031977262,0.93811899423127,True
e1bcfb7b-6cf2-4a73-8aae-6a4786a94534,e1bcfb7b-6cf2-4a73-8aae-6a4786a94534:5:73,5,73,VERIFIED_LIVE:2026-07-31 22:13:54:00000306,2026-07-31 22:13:54,21,2026-08-01T02:14:48.139+00:00,Fartcoin,mint:9BB6NFEcjBCtnNLFko2FqVQBq8HHM13kCyYcdQbgpump,VERIFIED_LIVE,VERIFIED_WITH_WARNING,BASE_FILTER_ONLY,0.001881999999999941,0.9999999999999999,110.96785900008399,57.328954680030186,33.39823374441821,92.80889542395062,882.2545496111726,294.503942848483,1500.0,False,0.0005,0.004697294275843704,0.005197294275843704,4.974957219570301,7.85364327611769,0.001282860049568799,0.985,False,False,False,False,True,CONFIRMED,,-0.004598154325412562,0.006480154325412503,2026-08-01T04:49:50.231+00:00,0.0005,0.004697294275843704,0.00049749572195703,0.000785364327611769,0.001282860049568799,2.7615803803633723,0.6816472101853556,3.443227590548728,False
e1bcfb7b-6cf2-4a73-8aae-6a4786a94534,e1bcfb7b-6cf2-4a73-8aae-6a4786a94534:5:74,5,74,VERIFIED_LIVE:2026-07-31 22:13:54:00000306,2026-07-31 22:13:54,21,2026-08-01T02:14:48.139+00:00,Fartcoin,mint:9BB6NFEcjBCtnNLFko2FqVQBq8HHM13kCyYcdQbgpump,VERIFIED_LIVE,VERIFIED_WITH_WARNING,BASE_FILTER_ONLY,0.001881999999999941,0.9999999999999999,110.96785900008399,54.22445748820341,34.979984328274675,134.77190781950705,1088.5061600122194,334.9442086360691,1500.0,False,0.0005,0.00023195568346047308,0.0007319556834604731,12.45679814341279,8.707317034501118,0.0021164115177913904,0.985,True,False,False,False,False,MISSED,OPPORTUNITY_MISSED,0.0,0.001881999999999941,2026-08-01T04:49:50.231+00:00,0.0005,0.00023195568346047308,0.0012456798143412788,0.0008707317034501117,0.0021164115177913904,0.38892438015966846,1.1245544727903596,1.0,False
e1bcfb7b-6cf2-4a73-8aae-6a4786a94534,e1bcfb7b-6cf2-4a73-8aae-6a4786a94534:5:75,5,75,VERIFIED_LIVE:2026-07-31 22:13:54:00000306,2026-07-31 22:13:54,21,2026-08-01T02:14:48.139+00:00,Fartcoin,mint:9BB6NFEcjBCtnNLFko2FqVQBq8HHM13kCyYcdQbgpump,VERIFIED_LIVE,VERIFIED_WITH_WARNING,BASE_FILTER_ONLY,0.001881999999999941,0.9999999999999999,110.96785900008399,142.31325690126505,33.22688804797312,147.51320528141974,1651.1564022169116,434.02120923074193,1500.0,False,0.0005,0.0002494851903215615,0.0007494851903215615,3.645875400387835,3.636042160119619,0.0007281917560507453,0.985,False,False,False,False,True,CONFIRMED,,0.00040432305362763407,0.001477676946372307,2026-08-01T04:49:50.231+00:00,0.0005,0.0002494851903215615,0.0003645875400387835,0.00036360421601196185,0.0007281917560507453,0.3982386771103002,0.38692441873048256,0.7851630958407828,True
e1bcfb7b-6cf2-4a73-8aae-6a4786a94534,e1bcfb7b-6cf2-4a73-8aae-6a4786a94534:5:76,5,76,VERIFIED_LIVE:2026-07-31 22:13:54:00000306,2026-07-31 22:13:54,21,2026-08-01T02:14:48.139+00:00,Fartcoin,mint:9BB6NFEcjBCtnNLFko2FqVQBq8HHM13kCyYcdQbgpump,VERIFIED_LIVE,VERIFIED_WITH_WARNING,BASE_FILTER_ONLY,0.001881999999999941,0.9999999999999999,110.96785900008399,89.71686903599144,103.59777564257139,242.9501511362481,348.7879822827262,547.2326548148949,1500.0,False,0.0005,0.0004271996807962172,0.0009271996807962172,3.5677952992339423,4.411883618121781,0.0007979678917355722,0.985,False,False,False,False,True,CONFIRMED,,0.00015683242746815157,0.0017251675725317894,2026-08-01T04:49:50.231+00:00,0.0005,0.0004271996807962172,0.00035677952992339417,0.000441188361812178,0.0007979678917355722,0.4926672055240416,0.42399994247374984,0.9166671479977915,True
e1bcfb7b-6cf2-4a73-8aae-6a4786a94534,e1bcfb7b-6cf2-4a73-8aae-6a4786a94534:5:77,5,77,VERIFIED_LIVE:2026-07-31 22:13:54:00000306,2026-07-31 22:13:54,21,2026-08-01T02:14:48.139+00:00,Fartcoin,mint:9BB6NFEcjBCtnNLFko2FqVQBq8HHM13kCyYcdQbgpump,VERIFIED_LIVE,VERIFIED_WITH_WARNING,BASE_FILTER_ONLY,0.001881999999999941,0.9999999999999999,110.96785900008399,131.43299162514677,30.961236344397275,220.18937730074018,1070.9084398793552,493.55146427036823,1500.0,False,0.0005,0.0020284785265876413,0.0025284785265876413,11.211122271220747,7.781501603091765,0.001899262387431251,0.985,False,False,False,False,True,CONFIRMED,,-0.002545740914018951,0.004427740914018892,2026-08-01T04:49:50.231+00:00,0.0005,0.0020284785265876413,0.0011211122271220745,0.0007781501603091764,0.001899262387431251,1.3435061246480982,1.0091723631409726,2.3526784877890705,False
e1bcfb7b-6cf2-4a73-8aae-6a4786a94534,e1bcfb7b-6cf2-4a73-8aae-6a4786a94534:5:78,5,78,VERIFIED_LIVE:2026-07-31 22:13:54:00000306,2026-07-31 22:13:54,21,2026-08-01T02:14:48.139+00:00,Fartcoin,mint:9BB6NFEcjBCtnNLFko2FqVQBq8HHM13kCyYcdQbgpump,VERIFIED_LIVE,VERIFIED_WITH_WARNING,BASE_FILTER_ONLY,0.001881999999999941,0.9999999999999999,110.96785900008399,135.23812507819866,90.66019299193998,63.30599556531366,1286.7304267643851,400.1721726355363,1500.0,False,0.0005,0.0005415126361058131,0.001041512636105813,4.125944628500969,5.5325803398945395,0.0009658524968395506,0.985,False,False,False,False,True,CONFIRMED,,-0.00012536513294542269,0.0020073651329453636,2026-08-01T04:49:50.231+00:00,0.0005,0.0005415126361058131,0.0004125944628500968,0.0005532580339894539,0.0009658524968395506,0.5534073518096948,0.5132053649519559,1.0666127167616506,False
e1bcfb7b-6cf2-4a73-8aae-6a4786a94534,e1bcfb7b-6cf2-4a73-8aae-6a4786a94534:5:79,5,79,VERIFIED_LIVE:2026-07-31 22:13:54:00000306,2026-07-31 22:13:54,21,2026-08-01T02:14:48.139+00:00,Fartcoin,mint:9BB6NFEcjBCtnNLFko2FqVQBq8HHM13kCyYcdQbgpump,VERIFIED_LIVE,VERIFIED_WITH_WARNING,BASE_FILTER_ONLY,0.001881999999999941,0.9999999999999999,110.96785900008399,108.70037683872822,34.07466994928297,190.1260963899514,415.7672584982615,443.86900217804657,1500.0,False,0.0005,0.0007602819477853387,0.0012602819477853387,4.879069866608594,0.4309301090552986,0.0005309999975663892,0.985,False,False,False,False,True,CONFIRMED,,9.071805464821309e-05,0.001791281945351728,2026-08-01T04:49:50.231+00:00,0.0005,0.0007602819477853387,0.0004879069866608593,4.309301090552985e-05,0.0005309999975663892,0.6696503442005198,0.2821466512042539,0.9517969954047737,True
e1bcfb7b-6cf2-4a73-8aae-6a4786a94534,e1bcfb7b-6cf2-4a73-8aae-6a4786a94534:5:80,5,80,VERIFIED_LIVE:2026-07-31 22:13:54:00000306,2026-07-31 22:13:54,21,2026-08-01T02:14:48.139+00:00,Fartcoin,mint:9BB6NFEcjBCtnNLFko2FqVQBq8HHM13kCyYcdQbgpump,VERIFIED_LIVE,VERIFIED_WITH_WARNING,BASE_FILTER_ONLY,0.001881999999999941,0.9999999999999999,110.96785900008399,88.89967119711878,57.45103161095511,163.09619969580902,1392.976983412454,420.41476150396693,1500.0,False,0.0005,0.0027353700669450545,0.0032353700669450545,7.848304093385271,4.0659705167041915,0.001191427461008946,0.985,False,False,False,False,True,CONFIRMED,,-0.0025447975279540595,0.0044267975279540005,2026-08-01T04:49:50.231+00:00,0.0005,0.0027353700669450545,0.000784830409338527,0.00040659705167041905,0.001191427461008946,1.7191126816924314,0.6330645382619465,2.352177219954378,False
e1bcfb7b-6cf2-4a73-8aae-6a4786a94534,e1bcfb7b-6cf2-4a73-8aae-6a4786a94534:5:81,5,81,VERIFIED_LIVE:2026-07-31 22:13:54:00000306,2026-07-31 22:13:54,21,2026-08-01T02:14:48.139+00:00,Fartcoin,mint:9BB6NFEcjBCtnNLFko2FqVQBq8HHM13kCyYcdQbgpump,VERIFIED_LIVE,VERIFIED_WITH_WARNING,BASE_FILTER_ONLY,0.001881999999999941,0.9999999999999999,110.96785900008399,109.50521987086836,37.5497321336518,166.96376359999846,685.3563408477168,424.9865746046026,1500.0,False,0.0005,0.003116004365144262,0.003616004365144262,11.822775359304083,8.083818428389483,0.0019906593787693562,0.985,False,False,False,False,True,CONFIRMED,,-0.003724663743913677,0.005606663743913618,2026-08-01T04:49:50.231+00:00,0.0005,0.003116004365144262,0.0011822775359304081,0.0008083818428389481,0.0019906593787693562,1.9213625744656617,1.0577361204938462,2.9790986949595077,False
e1bcfb7b-6cf2-4a73-8aae-6a4786a94534,e1bcfb7b-6cf2-4a73-8aae-6a4786a94534:5:82,5,82,VERIFIED_LIVE:2026-07-31 22:13:54:00000306,2026-07-31 22:13:54,21,2026-08-01T02:14:48.139+00:00,Fartcoin,mint:9BB6NFEcjBCtnNLFko2FqVQBq8HHM13kCyYcdQbgpump,VERIFIED_LIVE,VERIFIED_WITH_WARNING,BASE_FILTER_ONLY,0.001881999999999941,0.9999999999999999,110.96785900008399,148.45074803861303,57.27936391553808,54.1355177315188,752.4970713749544,370.8334886857539,1500.0,False,0.0005,0.0014136169613397297,0.0019136169613397298,2.4565917049724852,5.230806260799698,0.0007687397965772182,0.985,False,False,False,False,True,CONFIRMED,,-0.000800356757917007,0.0026823567579169483,2026-08-01T04:49:50.231+00:00,0.0005,0.0014136169613397297,0.0002456591704972485,0.0005230806260799696,0.0007687397965772182,1.0167996606481349,0.4084696049825942,1.425269265630729,False
e1bcfb7b-6cf2-4a73-8aae-6a4786a94534,e1bcfb7b-6cf2-4a73-8aae-6a4786a94534:5:83,5,83,VERIFIED_LIVE:2026-07-31 22:13:54:00000306,2026-07-31 22:13:54,21,2026-08-01T02:14:48.139+00:00,Fartcoin,mint:9BB6NFEcjBCtnNLFko2FqVQBq8HHM13kCyYcdQbgpump,VERIFIED_LIVE,VERIFIED_WITH_WARNING,BASE_FILTER_ONLY,0.001881999999999941,0.9999999999999999,110.96785900008399,54.55275364173721,115.38543529469274,108.58084968540483,1117.1140531358155,389.48689762191873,1500.0,False,0.0005,0.001061981969774126,0.001561981969774126,5.985389362379569,9.315846396507876,0.0015301235758887442,0.985,False,False,False,False,True,CONFIRMED,,-0.0012101055456629293,0.0030921055456628703,2026-08-01T04:49:50.231+00:00,0.0005,0.001061981969774126,0.0005985389362379568,0.0009315846396507874,0.0015301235758887442,0.8299585386685309,0.8130305929270947,1.6429891315956255,False
e1bcfb7b-6cf2-4a73-8aae-6a4786a94534,e1bcfb7b-6cf2-4a73-8aae-6a4786a94534:5:84,5,84,VERIFIED_LIVE:2026-07-31 22:13:54:00000306,2026-07-31 22:13:54,21,2026-08-01T02:14:48.139+00:00,Fartcoin,mint:9BB6NFEcjBCtnNLFko2FqVQBq8HHM13kCyYcdQbgpump,VERIFIED_LIVE,VERIFIED_WITH_WARNING,BASE_FILTER_ONLY,0.001881999999999941,0.9999999999999999,110.96785900008399,89.67982875106972,87.57112765143151,232.8765641914735,1596.1376297050638,521.0953795940587,1500.0,False,0.0005,0.0032266902355052103,0.0037266902355052103,13.74594386889128,6.31772827638613,0.0020063672145277404,0.985,False,False,False,False,True,CONFIRMED,,-0.0038510574500330097,0.005733057450032951,2026-08-01T04:49:50.231+00:00,0.0005,0.0032266902355052103,0.0013745943868891278,0.0006317728276386129,0.0020063672145277404,1.9801754705129262,1.066082473181617,3.046257943694543,False
e1bcfb7b-6cf2-4a73-8aae-6a4786a94534,e1bcfb7b-6cf2-4a73-8aae-6a4786a94534:5:85,5,85,VERIFIED_LIVE:2026-07-31 22:13:54:00000306,2026-07-31 22:13:54,21,2026-08-01T02:14:48.139+00:00,Fartcoin,mint:9BB6NFEcjBCtnNLFko2FqVQBq8HHM13kCyYcdQbgpump,VERIFIED_LIVE,VERIFIED_WITH_WARNING,BASE_FILTER_ONLY,0.001881999999999941,0.9999999999999999,110.96785900008399,108.85557736170628,105.17600497212096,159.1089774654029,2017.2078191035123,484.1084187993141,1500.0,False,0.0005,0.004464898409027767,0.004964898409027767,14.249765769245515,5.351168710664461,0.001960093447990997,0.985,False,False,False,False,True,CONFIRMED,,-0.005042991857018823,0.006924991857018764,2026-08-01T04:49:50.231+00:00,0.0005,0.004464898409027767,0.0014249765769245514,0.0005351168710664461,0.001960093447990997,2.6380969229691407,1.0414949245436018,3.6795918475127425,False
e1bcfb7b-6cf2-4a73-8aae-6a4786a94534,e1bcfb7b-6cf2-4a73-8aae-6a4786a94534:5:86,5,86,VERIFIED_LIVE:2026-07-31 22:13:54:00000306,2026-07-31 22:13:54,21,2026-08-01T02:14:48.139+00:00,Fartcoin,mint:9BB6NFEcjBCtnNLFko2FqVQBq8HHM13kCyYcdQbgpump,VERIFIED_LIVE,VERIFIED_WITH_WARNING,BASE_FILTER_ONLY,0.001881999999999941,0.9999999999999999,110.96785900008399,55.23097125864958,65.03368863314893,133.46083636938894,624.7177425557772,364.69335526127145,1500.0,False,0.0005,0.0037626237344706268,0.004262623734470627,11.352456141424035,5.197473547299133,0.0016549929688723165,0.985,True,False,False,False,False,MISSED,OPPORTUNITY_MISSED,0.0,0.001881999999999941,2026-08-01T04:49:50.231+00:00,0.0005,0.0037626237344706268,0.0011352456141424034,0.0005197473547299132,0.0016549929688723165,2.2649435358505636,0.879379898444404,1.0,False
e1bcfb7b-6cf2-4a73-8aae-6a4786a94534,e1bcfb7b-6cf2-4a73-8aae-6a4786a94534:5:87,5,87,VERIFIED_LIVE:2026-07-31 22:13:54:00000306,2026-07-31 22:13:54,21,2026-08-01T02:14:48.139+00:00,Fartcoin,mint:9BB6NFEcjBCtnNLFko2FqVQBq8HHM13kCyYcdQbgpump,VERIFIED_LIVE,VERIFIED_WITH_WARNING,BASE_FILTER_ONLY,0.001881999999999941,0.9999999999999999,110.96785900008399,32.810913556122124,72.0655003716362,132.62526823351538,1360.5686782973864,348.4695411613577,1500.0,False,0.0005,0.0028453556177721402,0.0033453556177721402,5.996008278872743,5.4954627723142115,0.0011491471051186953,0.985,False,False,False,False,True,CONFIRMED,,-0.0026125027228908948,0.004494502722890836,2026-08-01T04:49:50.231+00:00,0.0005,0.0028453556177721402,0.0005996008278872743,0.000549546277231421,0.0011491471051186953,1.7775534632158583,0.610598886885617,2.388152350101475,False
e1bcfb7b-6cf2-4a73-8aae-6a4786a94534,e1bcfb7b-6cf2-4a73-8aae-6a4786a94534:5:88,5,88,VERIFIED_LIVE:2026-07-31 22:13:54:00000306,2026-07-31 22:13:54,21,2026-08-01T02:14:48.139+00:00,Fartcoin,mint:9BB6NFEcjBCtnNLFko2FqVQBq8HHM13kCyYcdQbgpump,VERIFIED_LIVE,VERIFIED_WITH_WARNING,BASE_FILTER_ONLY,0.001881999999999941,0.9999999999999999,110.96785900008399,115.85996011988937,56.52409682295084,31.09391957761765,1169.2178488143518,314.44583552054183,1500.0,False,0.0005,0.002924662687857224,0.003424662687857224,12.136252292986015,3.346781481683301,0.0015483033774669314,0.985,False,False,False,False,True,CONFIRMED,,-0.0030909660653242145,0.0049729660653241555,2026-08-01T04:49:50.231+00:00,0.0005,0.002924662687857224,0.0012136252292986012,0.00033467814816833,0.0015483033774669314,1.8196932454077213,0.8226904237337832,2.6423836691415046,False
e1bcfb7b-6cf2-4a73-8aae-6a4786a94534,e1bcfb7b-6cf2-4a73-8aae-6a4786a94534:5:89,5,89,VERIFIED_LIVE:2026-07-31 22:13:54:00000306,2026-07-31 22:13:54,21,2026-08-01T02:14:48.139+00:00,Fartcoin,mint:9BB6NFEcjBCtnNLFko2FqVQBq8HHM13kCyYcdQbgpump,VERIFIED_LIVE,VERIFIED_WITH_WARNING,BASE_FILTER_ONLY,0.001881999999999941,0.9999999999999999,110.96785900008399,59.85567590659608,26.855749158052838,126.28666729868327,655.7952124094493,323.9659513634162,1500.0,False,0.0005,0.0026880953953422587,0.0031880953953422587,13.672300825342372,0.40114889207994886,0.0014073449717422319,0.985,False,False,False,False,True,CONFIRMED,,-0.0027134403670845495,0.0045954403670844905,2026-08-01T04:49:50.231+00:00,0.0005,0.0026880953953422587,0.0013672300825342371,4.011488920799488e-05,0.0014073449717422319,1.6939933025198504,0.7477922272806993,2.4417855298005495,False
e1bcfb7b-6cf2-4a73-8aae-6a4786a94534,e1bcfb7b-6cf2-4a73-8aae-6a4786a94534:5:90,5,90,VERIFIED_LIVE:2026-07-31 22:13:54:00000306,2026-07-31 22:13:54,21,2026-08-01T02:14:48.139+00:00,Fartcoin,mint:9BB6NFEcjBCtnNLFko2FqVQBq8HHM13kCyYcdQbgpump,VERIFIED_LIVE,VERIFIED_WITH_WARNING,BASE_FILTER_ONLY,0.001881999999999941,0.9999999999999999,110.96785900008399,129.78840431954586,27.264253358403227,107.52342608242422,739.4652236519817,375.5439427604573,1500.0,False,0.0005,0.0015840544219995088,0.002084054421999509,6.669114308680981,8.583421891804303,0.0015252536200485282,0.985,False,False,False,False,True,CONFIRMED,,-0.001727308042048096,0.0036093080420480372,2026-08-01T04:49:50.231+00:00,0.0005,0.0015840544219995088,0.000666911430868098,0.0008583421891804301,0.0015252536200485282,1.1073615419763942,0.8104429437027503,1.9178044856791447,False
e1bcfb7b-6cf2-4a73-8aae-6a4786a94534,e1bcfb7b-6cf2-4a73-8aae-6a4786a94534:5:91,5,91,VERIFIED_LIVE:2026-07-31 22:13:54:00000306,2026-07-31 22:13:54,21,2026-08-01T02:14:48.139+00:00,Fartcoin,mint:9BB6NFEcjBCtnNLFko2FqVQBq8HHM13kCyYcdQbgpump,VERIFIED_LIVE,VERIFIED_WITH_WARNING,BASE_FILTER_ONLY,0.001881999999999941,0.9999999999999999,110.96785900008399,81.46732946005577,58.759364461219235,131.16122453849457,2417.5956970953025,382.3557774598536,1500.0,False,0.0005,0.0010588775879672519,0.0015588775879672519,7.876121484219824,5.829287231907825,0.0013705408716127648,0.985,False,False,False,False,True,CONFIRMED,,-0.0010474184595800756,0.002929418459580017,2026-08-01T04:49:50.231+00:00,0.0005,0.0010588775879672519,0.0007876121484219823,0.0005829287231907825,0.0013705408716127648,0.8283090265501066,0.7282363823659977,1.5565454089161046,False
e1bcfb7b-6cf2-4a73-8aae-6a4786a94534,e1bcfb7b-6cf2-4a73-8aae-6a4786a94534:5:92,5,92,VERIFIED_LIVE:2026-07-31 22:13:54:00000306,2026-07-31 22:13:54,21,2026-08-01T02:14:48.139+00:00,Fartcoin,mint:9BB6NFEcjBCtnNLFko2FqVQBq8HHM13kCyYcdQbgpump,VERIFIED_LIVE,VERIFIED_WITH_WARNING,BASE_FILTER_ONLY,0.001881999999999941,0.9999999999999999,110.96785900008399,24.892043567923768,38.17131586931178,155.30385619757106,2243.4987670869914,329.3350746348906,1500.0,False,0.0005,0.003006526587387633,0.003506526587387633,6.871129708201604,3.2959335566910863,0.0010167063264892688,0.985,False,False,False,False,True,CONFIRMED,,-0.002641232913876961,0.0045232329138769015,2026-08-01T04:49:50.231+00:00,0.0005,0.003006526587387633,0.0006871129708201603,0.00032959335566910857,0.0010167063264892688,1.8631915979743587,0.54022652842152,2.4034181263958785,False
e1bcfb7b-6cf2-4a73-8aae-6a4786a94534,e1bcfb7b-6cf2-4a73-8aae-6a4786a94534:5:93,5,93,VERIFIED_LIVE:2026-07-31 22:13:54:00000306,2026-07-31 22:13:54,21,2026-08-01T02:14:48.139+00:00,Fartcoin,mint:9BB6NFEcjBCtnNLFko2FqVQBq8HHM13kCyYcdQbgpump,VERIFIED_LIVE,VERIFIED_WITH_WARNING,BASE_FILTER_ONLY,0.001881999999999941,0.9999999999999999,110.96785900008399,117.7344012977121,81.93974138371537,120.04009799209248,1408.5925406971387,430.68209967360394,1500.0,False,0.0005,0.0005407933963801009,0.001040793396380101,3.2470566555398834,2.161678602613797,0.0005408735258153679,0.985,False,False,False,False,True,CONFIRMED,,0.00030033307780447213,0.0015816669221954689,2026-08-01T04:49:50.231+00:00,0.0005,0.0005407933963801009,0.0003247056655539883,0.00021616786026137965,0.0005408735258153679,0.5530251840489552,0.287392946766942,0.8404181308158971,True
e1bcfb7b-6cf2-4a73-8aae-6a4786a94534,e1bcfb7b-6cf2-4a73-8aae-6a4786a94534:5:94,5,94,VERIFIED_LIVE:2026-07-31 22:13:54:00000306,2026-07-31 22:13:54,21,2026-08-01T02:14:48.139+00:00,Fartcoin,mint:9BB6NFEcjBCtnNLFko2FqVQBq8HHM13kCyYcdQbgpump,VERIFIED_LIVE,VERIFIED_WITH_WARNING,BASE_FILTER_ONLY,0.001881999999999941,0.9999999999999999,110.96785900008399,33.069600597666266,89.16674214248464,125.86576481236605,427.942634377173,359.06996655260093,1500.0,False,0.0005,0.001933461642628649,0.0024334616426286487,1.8419955296823642,5.3448933937203105,0.0007186888923402674,0.985,False,False,False,False,True,CONFIRMED,,-0.0012701505349689752,0.0031521505349689162,2026-08-01T04:49:50.231+00:00,0.0005,0.001933461642628649,0.0001841995529682364,0.000534489339372031,0.0007186888923402674,1.293018938697516,0.38187507563246015,1.6748940143299762,False
e1bcfb7b-6cf2-4a73-8aae-6a4786a94534,e1bcfb7b-6cf2-4a73-8aae-6a4786a94534:5:95,5,95,VERIFIED_LIVE:2026-07-31 22:13:54:00000306,2026-07-31 22:13:54,21,2026-08-01T02:14:48.139+00:00,Fartcoin,mint:9BB6NFEcjBCtnNLFko2FqVQBq8HHM13kCyYcdQbgpump,VERIFIED_LIVE,VERIFIED_WITH_WARNING,BASE_FILTER_ONLY,0.001881999999999941,0.9999999999999999,110.96785900008399,57.42547031312007,91.49339055123856,157.08118762060494,2246.6944440456987,416.9679074850476,1500.0,False,0.0005,0.0022612539824776153,0.0027612539824776153,8.126384501344647,5.989660935827529,0.0014116045437172174,0.985,False,False,False,False,True,CONFIRMED,,-0.0022908585261948917,0.004172858526194832,2026-08-01T04:49:50.231+00:00,0.0005,0.0022612539824776153,0.0008126384501344646,0.0005989660935827528,0.0014116045437172174,1.4671912765556332,0.7500555492652825,2.2172468258209155,False
e1bcfb7b-6cf2-4a73-8aae-6a4786a94534,e1bcfb7b-6cf2-4a73-8aae-6a4786a94534:5:96,5,96,VERIFIED_LIVE:2026-07-31 22:13:54:00000306,2026-07-31 22:13:54,21,2026-08-01T02:14:48.139+00:00,Fartcoin,mint:9BB6NFEcjBCtnNLFko2FqVQBq8HHM13kCyYcdQbgpump,VERIFIED_LIVE,VERIFIED_WITH_WARNING,BASE_FILTER_ONLY,0.001881999999999941,0.9999999999999999,110.96785900008399,134.50983892861132,111.14012863970866,34.15231881979302,576.4557573809836,390.770145388197,1500.0,False,0.0005,0.0008186187196406967,0.0013186187196406966,0.10530382906407287,9.273561193774398,0.000937886502283847,0.985,False,False,False,False,True,CONFIRMED,,-0.0003745052219246025,0.0022565052219245436,2026-08-01T04:49:50.231+00:00,0.0005,0.0008186187196406967,1.0530382906407286e-05,0.0009273561193774396,0.000937886502283847,0.7006475662278098,0.49834564414658683,1.1989932103743965,False
e1bcfb7b-6cf2-4a73-8aae-6a4786a94534,e1bcfb7b-6cf2-4a73-8aae-6a4786a94534:5:97,5,97,VERIFIED_LIVE:2026-07-31 22:13:54:00000306,2026-07-31 22:13:54,21,2026-08-01T02:14:48.139+00:00,Fartcoin,mint:9BB6NFEcjBCtnNLFko2FqVQBq8HHM13kCyYcdQbgpump,VERIFIED_LIVE,VERIFIED_WITH_WARNING,BASE_FILTER_ONLY,0.001881999999999941,0.9999999999999999,110.96785900008399,124.95405057145679,86.53027420399332,237.74918607344858,1765.6109600208704,560.2013698489827,1500.0,False,0.0005,0.004261620602740592,0.004761620602740591,6.403987663307988,5.5606900453308095,0.0011964677708638796,0.985,False,False,False,False,True,CONFIRMED,,-0.0040760883736045295,0.0059580883736044706,2026-08-01T04:49:50.231+00:00,0.0005,0.004261620602740592,0.0006403987663307987,0.0005560690045330809,0.0011964677708638796,2.530085336206557,0.6357427050286488,3.165828041235206,False
e1bcfb7b-6cf2-4a73-8aae-6a4786a94534,e1bcfb7b-6cf2-4a73-8aae-6a4786a94534:5:98,5,98,VERIFIED_LIVE:2026-07-31 22:13:54:00000306,2026-07-31 22:13:54,21,2026-08-01T02:14:48.139+00:00,Fartcoin,mint:9BB6NFEcjBCtnNLFko2FqVQBq8HHM13kCyYcdQbgpump,VERIFIED_LIVE,VERIFIED_WITH_WARNING,BASE_FILTER_ONLY,0.001881999999999941,0.9999999999999999,110.96785900008399,143.85637442999342,33.04769669933198,96.93679737479295,1162.9090229873468,384.80872750420235,1500.0,False,0.0005,0.0017259126946869085,0.0022259126946869087,10.955253492137125,0.6216284633070635,0.0011576881955444186,0.985,False,False,False,False,True,CONFIRMED,,-0.0015016008902313863,0.0033836008902313275,2026-08-01T04:49:50.231+00:00,0.0005,0.0017259126946869085,0.0010955253492137124,6.216284633070633e-05,0.0011576881955444186,1.1827378824054084,0.6151371921065116,1.79787507451192,False
e1bcfb7b-6cf2-4a73-8aae-6a4786a94534,e1bcfb7b-6cf2-4a73-8aae-6a4786a94534:5:99,5,99,VERIFIED_LIVE:2026-07-31 22:13:54:00000306,2026-07-31 22:13:54,21,2026-08-01T02:14:48.139+00:00,Fartcoin,mint:9BB6NFEcjBCtnNLFko2FqVQBq8HHM13kCyYcdQbgpump,VERIFIED_LIVE,VERIFIED_WITH_WARNING,BASE_FILTER_ONLY,0.001881999999999941,0.9999999999999999,110.96785900008399,135.67922377390914,101.44963521877408,130.28439351168456,1143.0730975905121,478.3811115044517,1500.0,False,0.0005,0.0007769135998035479,0.001276913599803548,6.60106292039894,3.9144918701591336,0.0010515554790558072,0.985,False,False,False,False,True,CONFIRMED,,-0.0004464690788594141,0.0023284690788593554,2026-08-01T04:49:50.231+00:00,0.0005,0.0007769135998035479,0.0006601062920398939,0.0003914491870159133,0.0010515554790558072,0.67848756631434,0.5587436126757918,1.237231178990132,False
e1bcfb7b-6cf2-4a73-8aae-6a4786a94534,e1bcfb7b-6cf2-4a73-8aae-6a4786a94534:5:100,5,100,VERIFIED_LIVE:2026-07-31 22:13:54:00000306,2026-07-31 22:13:54,21,2026-08-01T02:14:48.139+00:00,Fartcoin,mint:9BB6NFEcjBCtnNLFko2FqVQBq8HHM13kCyYcdQbgpump,VERIFIED_LIVE,VERIFIED_WITH_WARNING,BASE_FILTER_ONLY,0.001881999999999941,0.9999999999999999,110.96785900008399,53.550348230713546,63.6501521903938,63.85926936333389,2189.999323036574,292.02762878452523,1500.0,False,0.0005,0.002096099217011508,0.002596099217011508,1.5945275035468343,8.204336969882464,0.0009798864473429295,0.985,False,False,False,False,True,CONFIRMED,,-0.0016939856643544964,0.003575985664354437,2026-08-01T04:49:50.231+00:00,0.0005,0.002096099217011508,0.0001594527503546834,0.0008204336969882462,0.0009798864473429295,1.3794363533536607,0.5206622993320724,1.9000986526857329,False
