run_id,execution_index,attempt_id,event_id,cycle_id,token,profit_usd,capital_usd,peak_capital_usd,drawdown_percent
e1bcfb7b-6cf2-4a73-8aae-6a4786a94534,1,e1bcfb7b-6cf2-4a73-8aae-6a4786a94534:1:1,HISTORICAL:CYCLE-000006-20260730T214218000000:00000501,CYCLE-000006-20260730T214218000000,BOLT,0.024015763845928118,1000.0240157638459,1000.0240157638459,0.0
e1bcfb7b-6cf2-4a73-8aae-6a4786a94534,2,e1bcfb7b-6cf2-4a73-8aae-6a4786a94534:1:2,HISTORICAL:CYCLE-000006-20260730T214218000000:00000501,CYCLE-000006-20260730T214218000000,BOLT,0.02129897060614945,1000.0453147344521,1000.0453147344521,0.0
e1bcfb7b-6cf2-4a73-8aae-6a4786a94534,3,e1bcfb7b-6cf2-4a73-8aae-6a4786a94534:1:3,HISTORICAL:CYCLE-000006-20260730T214218000000:00000501,CYCLE-000006-20260730T214218000000,BOLT,0.022135054119622872,1000.0674497885717,1000.0674497885717,0.0
e1bcfb7b-6cf2-4a73-8aae-6a4786a94534,4,e1bcfb7b-6cf2-4a73-8aae-6a4786a94534:1:4,HISTORICAL:CYCLE-000006-20260730T214218000000:00000501,CYCLE-000006-20260730T214218000000,BOLT,0.02280837206907535,1000.0902581606408,1000.0902581606408,0.0
e1bcfb7b-6cf2-4a73-8aae-6a4786a94534,5,e1bcfb7b-6cf2-4a73-8aae-6a4786a94534:1:5,HISTORICAL:CYCLE-000006-20260730T214218000000:00000501,CYCLE-000006-20260730T214218000000,BOLT,0.02249292748220156,1000.112751088123,1000.112751088123,0.0
e1bcfb7b-6cf2-4a73-8aae-6a4786a94534,6,e1bcfb7b-6cf2-4a73-8aae-6a4786a94534:1:6,HISTORICAL:CYCLE-000006-20260730T214218000000:00000501,CYCLE-000006-20260730T214218000000,BOLT,0.022013084706423106,1000.1347641728294,1000.1347641728294,0.0
e1bcfb7b-6cf2-4a73-8aae-6a4786a94534,7,e1bcfb7b-6cf2-4a73-8aae-6a4786a94534:1:7,HISTORICAL:CYCLE-000006-20260730T214218000000:00000501,CYCLE-000006-20260730T214218000000,BOLT,0.022956503411481873,1000.1577206762408,1000.1577206762408,0.0
e1bcfb7b-6cf2-4a73-8aae-6a4786a94534,8,e1bcfb7b-6cf2-4a73-8aae-6a4786a94534:1:8,HISTORICAL:CYCLE-000006-20260730T214218000000:00000501,CYCLE-000006-20260730T214218000000,BOLT,0.02003775803250285,1000.1777584342733,1000.1777584342733,0.0
e1bcfb7b-6cf2-4a73-8aae-6a4786a94534,9,e1bcfb7b-6cf2-4a73-8aae-6a4786a94534:1:9,HISTORICAL:CYCLE-000006-20260730T214218000000:00000501,CYCLE-000006-20260730T214218000000,BOLT,0.02288816540012078,1000.2006465996734,1000.2006465996734,0.0
e1bcfb7b-6cf2-4a73-8aae-6a4786a94534,10,e1bcfb7b-6cf2-4a73-8aae-6a4786a94534:1:10,HISTORICAL:CYCLE-000006-20260730T214218000000:00000501,CYCLE-000006-20260730T214218000000,BOLT,0.023502542499030894,1000.2241491421725,1000.2241491421725,0.0
e1bcfb7b-6cf2-4a73-8aae-6a4786a94534,11,e1bcfb7b-6cf2-4a73-8aae-6a4786a94534:1:11,HISTORICAL:CYCLE-000006-20260730T214218000000:00000501,CYCLE-000006-20260730T214218000000,BOLT,0.021452248371468658,1000.2456013905439,1000.2456013905439,0.0
e1bcfb7b-6cf2-4a73-8aae-6a4786a94534,12,e1bcfb7b-6cf2-4a73-8aae-6a4786a94534:1:12,HISTORICAL:CYCLE-000006-20260730T214218000000:00000501,CYCLE-000006-20260730T214218000000,BOLT,0.02243886634182814,1000.2680402568858,1000.2680402568858,0.0
e1bcfb7b-6cf2-4a73-8aae-6a4786a94534,13,e1bcfb7b-6cf2-4a73-8aae-6a4786a94534:1:13,HISTORICAL:CYCLE-000006-20260730T214218000000:00000501,CYCLE-000006-20260730T214218000000,BOLT,0.02011153877020654,1000.288151795656,1000.288151795656,0.0
e1bcfb7b-6cf2-4a73-8aae-6a4786a94534,14,e1bcfb7b-6cf2-4a73-8aae-6a4786a94534:1:14,HISTORICAL:CYCLE-000006-20260730T214218000000:00000501,CYCLE-000006-20260730T214218000000,BOLT,0.021480983695463238,1000.3096327793514,1000.3096327793514,0.0
e1bcfb7b-6cf2-4a73-8aae-6a4786a94534,15,e1bcfb7b-6cf2-4a73-8aae-6a4786a94534:1:15,HISTORICAL:CYCLE-000006-20260730T214218000000:00000501,CYCLE-000006-20260730T214218000000,BOLT,0.02266411269771763,1000.3322968920492,1000.3322968920492,0.0
e1bcfb7b-6cf2-4a73-8aae-6a4786a94534,16,e1bcfb7b-6cf2-4a73-8aae-6a4786a94534:1:16,HISTORICAL:CYCLE-000006-20260730T214218000000:00000501,CYCLE-000006-20260730T214218000000,BOLT,0.023345622710470817,1000.3556425147597,1000.3556425147597,0.0
e1bcfb7b-6cf2-4a73-8aae-6a4786a94534,17,e1bcfb7b-6cf2-4a73-8aae-6a4786a94534:1:17,HISTORICAL:CYCLE-000006-20260730T214218000000:00000501,CYCLE-000006-20260730T214218000000,BOLT,0.021238354384357,1000.376880869144,1000.376880869144,0.0
e1bcfb7b-6cf2-4a73-8aae-6a4786a94534,18,e1bcfb7b-6cf2-4a73-8aae-6a4786a94534:1:18,HISTORICAL:CYCLE-000006-20260730T214218000000:00000501,CYCLE-000006-20260730T214218000000,BOLT,0.019498892836321016,1000.3963797619803,1000.3963797619803,0.0
e1bcfb7b-6cf2-4a73-8aae-6a4786a94534,19,e1bcfb7b-6cf2-4a73-8aae-6a4786a94534:1:20,HISTORICAL:CYCLE-000006-20260730T214218000000:00000501,CYCLE-000006-20260730T214218000000,BOLT,0.019880062512380232,1000.4162598244926,1000.4162598244926,0.0
e1bcfb7b-6cf2-4a73-8aae-6a4786a94534,20,e1bcfb7b-6cf2-4a73-8aae-6a4786a94534:1:21,HISTORICAL:CYCLE-000006-20260730T214218000000:00000501,CYCLE-000006-20260730T214218000000,BOLT,0.01878196169207281,1000.4350417861847,1000.4350417861847,0.0
e1bcfb7b-6cf2-4a73-8aae-6a4786a94534,21,e1bcfb7b-6cf2-4a73-8aae-6a4786a94534:1:22,HISTORICAL:CYCLE-000006-20260730T214218000000:00000501,CYCLE-000006-20260730T214218000000,BOLT,0.020078609644869162,1000.4551203958296,1000.4551203958296,0.0
e1bcfb7b-6cf2-4a73-8aae-6a4786a94534,22,e1bcfb7b-6cf2-4a73-8aae-6a4786a94534:1:23,HISTORICAL:CYCLE-000006-20260730T214218000000:00000501,CYCLE-000006-20260730T214218000000,BOLT,0.02278457648964183,1000.4779049723193,1000.4779049723193,0.0
e1bcfb7b-6cf2-4a73-8aae-6a4786a94534,23,e1bcfb7b-6cf2-4a73-8aae-6a4786a94534:1:24,HISTORICAL:CYCLE-000006-20260730T214218000000:00000501,CYCLE-000006-20260730T214218000000,BOLT,0.022306457245762103,1000.5002114295651,1000.5002114295651,0.0
e1bcfb7b-6cf2-4a73-8aae-6a4786a94534,24,e1bcfb7b-6cf2-4a73-8aae-6a4786a94534:1:25,HISTORICAL:CYCLE-000006-20260730T214218000000:00000501,CYCLE-000006-20260730T214218000000,BOLT,0.021610474722032785,1000.5218219042871,1000.5218219042871,0.0
e1bcfb7b-6cf2-4a73-8aae-6a4786a94534,25,e1bcfb7b-6cf2-4a73-8aae-6a4786a94534:1:26,HISTORICAL:CYCLE-000006-20260730T214218000000:00000501,CYCLE-000006-20260730T214218000000,BOLT,0.021810431844283724,1000.5436323361314,1000.5436323361314,0.0
e1bcfb7b-6cf2-4a73-8aae-6a4786a94534,26,e1bcfb7b-6cf2-4a73-8aae-6a4786a94534:1:27,HISTORICAL:CYCLE-000006-20260730T214218000000:00000501,CYCLE-000006-20260730T214218000000,BOLT,0.02361926274352964,1000.5672515988749,1000.5672515988749,0.0
e1bcfb7b-6cf2-4a73-8aae-6a4786a94534,27,e1bcfb7b-6cf2-4a73-8aae-6a4786a94534:1:28,HISTORICAL:CYCLE-000006-20260730T214218000000:00000501,CYCLE-000006-20260730T214218000000,BOLT,0.02020858913500865,1000.5874601880099,1000.5874601880099,0.0
e1bcfb7b-6cf2-4a73-8aae-6a4786a94534,28,e1bcfb7b-6cf2-4a73-8aae-6a4786a94534:1:29,HISTORICAL:CYCLE-000006-20260730T214218000000:00000501,CYCLE-000006-20260730T214218000000,BOLT,0.019889314854693856,1000.6073495028646,1000.6073495028646,0.0
e1bcfb7b-6cf2-4a73-8aae-6a4786a94534,29,e1bcfb7b-6cf2-4a73-8aae-6a4786a94534:1:30,HISTORICAL:CYCLE-000006-20260730T214218000000:00000501,CYCLE-000006-20260730T214218000000,BOLT,0.0217576889421972,1000.6291071918068,1000.6291071918068,0.0
e1bcfb7b-6cf2-4a73-8aae-6a4786a94534,30,e1bcfb7b-6cf2-4a73-8aae-6a4786a94534:1:31,HISTORICAL:CYCLE-000006-20260730T214218000000:00000501,CYCLE-000006-20260730T214218000000,BOLT,0.021558088577764284,1000.6506652803846,1000.6506652803846,0.0
e1bcfb7b-6cf2-4a73-8aae-6a4786a94534,31,e1bcfb7b-6cf2-4a73-8aae-6a4786a94534:1:32,HISTORICAL:CYCLE-000006-20260730T214218000000:00000501,CYCLE-000006-20260730T214218000000,BOLT,0.01927873544775031,1000.6699440158324,1000.6699440158324,0.0
e1bcfb7b-6cf2-4a73-8aae-6a4786a94534,32,e1bcfb7b-6cf2-4a73-8aae-6a4786a94534:1:33,HISTORICAL:CYCLE-000006-20260730T214218000000:00000501,CYCLE-000006-20260730T214218000000,BOLT,0.02302878092877973,1000.6929727967612,1000.6929727967612,0.0
e1bcfb7b-6cf2-4a73-8aae-6a4786a94534,33,e1bcfb7b-6cf2-4a73-8aae-6a4786a94534:1:34,HISTORICAL:CYCLE-000006-20260730T214218000000:00000501,CYCLE-000006-20260730T214218000000,BOLT,0.02354931551120014,1000.7165221122724,1000.7165221122724,0.0
e1bcfb7b-6cf2-4a73-8aae-6a4786a94534,34,e1bcfb7b-6cf2-4a73-8aae-6a4786a94534:1:35,HISTORICAL:CYCLE-000006-20260730T214218000000:00000501,CYCLE-000006-20260730T214218000000,BOLT,0.021776863979074162,1000.7382989762515,1000.7382989762515,0.0
e1bcfb7b-6cf2-4a73-8aae-6a4786a94534,35,e1bcfb7b-6cf2-4a73-8aae-6a4786a94534:1:36,HISTORICAL:CYCLE-000006-20260730T214218000000:00000501,CYCLE-000006-20260730T214218000000,BOLT,0.020064341822468433,1000.758363318074,1000.758363318074,0.0
e1bcfb7b-6cf2-4a73-8aae-6a4786a94534,36,e1bcfb7b-6cf2-4a73-8aae-6a4786a94534:1:37,HISTORICAL:CYCLE-000006-20260730T214218000000:00000501,CYCLE-000006-20260730T214218000000,BOLT,0.020511692309691555,1000.7788750103837,1000.7788750103837,0.0
e1bcfb7b-6cf2-4a73-8aae-6a4786a94534,37,e1bcfb7b-6cf2-4a73-8aae-6a4786a94534:1:38,HISTORICAL:CYCLE-000006-20260730T214218000000:00000501,CYCLE-000006-20260730T214218000000,BOLT,0.020447487438940787,1000.7993224978226,1000.7993224978226,0.0
e1bcfb7b-6cf2-4a73-8aae-6a4786a94534,38,e1bcfb7b-6cf2-4a73-8aae-6a4786a94534:1:39,HISTORICAL:CYCLE-000006-20260730T214218000000:00000501,CYCLE-000006-20260730T214218000000,BOLT,0.018910304649067136,1000.8182328024716,1000.8182328024716,0.0
e1bcfb7b-6cf2-4a73-8aae-6a4786a94534,39,e1bcfb7b-6cf2-4a73-8aae-6a4786a94534:1:40,HISTORICAL:CYCLE-000006-20260730T214218000000:00000501,CYCLE-000006-20260730T214218000000,BOLT,0.01964908963857695,1000.8378818921102,1000.8378818921102,0.0
e1bcfb7b-6cf2-4a73-8aae-6a4786a94534,40,e1bcfb7b-6cf2-4a73-8aae-6a4786a94534:1:41,HISTORICAL:CYCLE-000006-20260730T214218000000:00000501,CYCLE-000006-20260730T214218000000,BOLT,0.024638353050674845,1000.8625202451609,1000.8625202451609,0.0
e1bcfb7b-6cf2-4a73-8aae-6a4786a94534,41,e1bcfb7b-6cf2-4a73-8aae-6a4786a94534:1:42,HISTORICAL:CYCLE-000006-20260730T214218000000:00000501,CYCLE-000006-20260730T214218000000,BOLT,0.01983828972316291,1000.882358534884,1000.882358534884,0.0
e1bcfb7b-6cf2-4a73-8aae-6a4786a94534,42,e1bcfb7b-6cf2-4a73-8aae-6a4786a94534:1:43,HISTORICAL:CYCLE-000006-20260730T214218000000:00000501,CYCLE-000006-20260730T214218000000,BOLT,0.021630375043150425,1000.9039889099272,1000.9039889099272,0.0
e1bcfb7b-6cf2-4a73-8aae-6a4786a94534,43,e1bcfb7b-6cf2-4a73-8aae-6a4786a94534:1:44,HISTORICAL:CYCLE-000006-20260730T214218000000:00000501,CYCLE-000006-20260730T214218000000,BOLT,0.024166480847405143,1000.9281553907746,1000.9281553907746,0.0
e1bcfb7b-6cf2-4a73-8aae-6a4786a94534,44,e1bcfb7b-6cf2-4a73-8aae-6a4786a94534:1:45,HISTORICAL:CYCLE-000006-20260730T214218000000:00000501,CYCLE-000006-20260730T214218000000,BOLT,0.020193617021834767,1000.9483490077964,1000.9483490077964,0.0
e1bcfb7b-6cf2-4a73-8aae-6a4786a94534,45,e1bcfb7b-6cf2-4a73-8aae-6a4786a94534:1:46,HISTORICAL:CYCLE-000006-20260730T214218000000:00000501,CYCLE-000006-20260730T214218000000,BOLT,0.02248402449716304,1000.9708330322936,1000.9708330322936,0.0
e1bcfb7b-6cf2-4a73-8aae-6a4786a94534,46,e1bcfb7b-6cf2-4a73-8aae-6a4786a94534:1:47,HISTORICAL:CYCLE-000006-20260730T214218000000:00000501,CYCLE-000006-20260730T214218000000,BOLT,0.02355002183490135,1000.9943830541285,1000.9943830541285,0.0
e1bcfb7b-6cf2-4a73-8aae-6a4786a94534,47,e1bcfb7b-6cf2-4a73-8aae-6a4786a94534:1:48,HISTORICAL:CYCLE-000006-20260730T214218000000:00000501,CYCLE-000006-20260730T214218000000,BOLT,0.02040597911269522,1001.0147890332413,1001.0147890332413,0.0
e1bcfb7b-6cf2-4a73-8aae-6a4786a94534,48,e1bcfb7b-6cf2-4a73-8aae-6a4786a94534:1:49,HISTORICAL:CYCLE-000006-20260730T214218000000:00000501,CYCLE-000006-20260730T214218000000,BOLT,0.02220128019051826,1001.0369903134318,1001.0369903134318,0.0
e1bcfb7b-6cf2-4a73-8aae-6a4786a94534,49,e1bcfb7b-6cf2-4a73-8aae-6a4786a94534:1:50,HISTORICAL:CYCLE-000006-20260730T214218000000:00000501,CYCLE-000006-20260730T214218000000,BOLT,0.021606840432395205,1001.0585971538642,1001.0585971538642,0.0
e1bcfb7b-6cf2-4a73-8aae-6a4786a94534,50,e1bcfb7b-6cf2-4a73-8aae-6a4786a94534:1:51,HISTORICAL:CYCLE-000006-20260730T214218000000:00000501,CYCLE-000006-20260730T214218000000,BOLT,0.019326130012542242,1001.0779232838768,1001.0779232838768,0.0
e1bcfb7b-6cf2-4a73-8aae-6a4786a94534,51,e1bcfb7b-6cf2-4a73-8aae-6a4786a94534:1:52,HISTORICAL:CYCLE-000006-20260730T214218000000:00000501,CYCLE-000006-20260730T214218000000,BOLT,0.022521225845661564,1001.1004445097225,1001.1004445097225,0.0
e1bcfb7b-6cf2-4a73-8aae-6a4786a94534,52,e1bcfb7b-6cf2-4a73-8aae-6a4786a94534:1:53,HISTORICAL:CYCLE-000006-20260730T214218000000:00000501,CYCLE-000006-20260730T214218000000,BOLT,0.020471348509393188,1001.1209158582319,1001.1209158582319,0.0
e1bcfb7b-6cf2-4a73-8aae-6a4786a94534,53,e1bcfb7b-6cf2-4a73-8aae-6a4786a94534:1:54,HISTORICAL:CYCLE-000006-20260730T214218000000:00000501,CYCLE-000006-20260730T214218000000,BOLT,0.02111279478572621,1001.1420286530176,1001.1420286530176,0.0
e1bcfb7b-6cf2-4a73-8aae-6a4786a94534,54,e1bcfb7b-6cf2-4a73-8aae-6a4786a94534:1:55,HISTORICAL:CYCLE-000006-20260730T214218000000:00000501,CYCLE-000006-20260730T214218000000,BOLT,0.020154564654181265,1001.1621832176718,1001.1621832176718,0.0
e1bcfb7b-6cf2-4a73-8aae-6a4786a94534,55,e1bcfb7b-6cf2-4a73-8aae-6a4786a94534:1:56,HISTORICAL:CYCLE-000006-20260730T214218000000:00000501,CYCLE-000006-20260730T214218000000,BOLT,0.02230793280263986,1001.1844911504744,1001.1844911504744,0.0
e1bcfb7b-6cf2-4a73-8aae-6a4786a94534,56,e1bcfb7b-6cf2-4a73-8aae-6a4786a94534:1:57,HISTORICAL:CYCLE-000006-20260730T214218000000:00000501,CYCLE-000006-20260730T214218000000,BOLT,0.023594268354633557,1001.208085418829,1001.208085418829,0.0
e1bcfb7b-6cf2-4a73-8aae-6a4786a94534,57,e1bcfb7b-6cf2-4a73-8aae-6a4786a94534:1:58,HISTORICAL:CYCLE-000006-20260730T214218000000:00000501,CYCLE-000006-20260730T214218000000,BOLT,0.020169541547775865,1001.2282549603768,1001.2282549603768,0.0
e1bcfb7b-6cf2-4a73-8aae-6a4786a94534,58,e1bcfb7b-6cf2-4a73-8aae-6a4786a94534:1:59,HISTORICAL:CYCLE-000006-20260730T214218000000:00000501,CYCLE-000006-20260730T214218000000,BOLT,0.02400214007298869,1001.2522571004498,1001.2522571004498,0.0
e1bcfb7b-6cf2-4a73-8aae-6a4786a94534,59,e1bcfb7b-6cf2-4a73-8aae-6a4786a94534:1:60,HISTORICAL:CYCLE-000006-20260730T214218000000:00000501,CYCLE-000006-20260730T214218000000,BOLT,0.02319722287672214,1001.2754543233266,1001.2754543233266,0.0
e1bcfb7b-6cf2-4a73-8aae-6a4786a94534,60,e1bcfb7b-6cf2-4a73-8aae-6a4786a94534:1:61,HISTORICAL:CYCLE-000006-20260730T214218000000:00000501,CYCLE-000006-20260730T214218000000,BOLT,0.018881155677061813,1001.2943354790036,1001.2943354790036,0.0
e1bcfb7b-6cf2-4a73-8aae-6a4786a94534,61,e1bcfb7b-6cf2-4a73-8aae-6a4786a94534:1:62,HISTORICAL:CYCLE-000006-20260730T214218000000:00000501,CYCLE-000006-20260730T214218000000,BOLT,0.02207405456123477,1001.3164095335649,1001.3164095335649,0.0
e1bcfb7b-6cf2-4a73-8aae-6a4786a94534,62,e1bcfb7b-6cf2-4a73-8aae-6a4786a94534:1:63,HISTORICAL:CYCLE-000006-20260730T214218000000:00000501,CYCLE-000006-20260730T214218000000,BOLT,0.0210775984407326,1001.3374871320055,1001.3374871320055,0.0
e1bcfb7b-6cf2-4a73-8aae-6a4786a94534,63,e1bcfb7b-6cf2-4a73-8aae-6a4786a94534:1:65,HISTORICAL:CYCLE-000006-20260730T214218000000:00000501,CYCLE-000006-20260730T214218000000,BOLT,0.02249368214171846,1001.3599808141473,1001.3599808141473,0.0
e1bcfb7b-6cf2-4a73-8aae-6a4786a94534,64,e1bcfb7b-6cf2-4a73-8aae-6a4786a94534:1:66,HISTORICAL:CYCLE-000006-20260730T214218000000:00000501,CYCLE-000006-20260730T214218000000,BOLT,0.021650350718770108,1001.3816311648661,1001.3816311648661,0.0
e1bcfb7b-6cf2-4a73-8aae-6a4786a94534,65,e1bcfb7b-6cf2-4a73-8aae-6a4786a94534:1:67,HISTORICAL:CYCLE-000006-20260730T214218000000:00000501,CYCLE-000006-20260730T214218000000,BOLT,0.0198383414028262,1001.401469506269,1001.401469506269,0.0
e1bcfb7b-6cf2-4a73-8aae-6a4786a94534,66,e1bcfb7b-6cf2-4a73-8aae-6a4786a94534:1:68,HISTORICAL:CYCLE-000006-20260730T214218000000:00000501,CYCLE-000006-20260730T214218000000,BOLT,0.02025745730425406,1001.4217269635733,1001.4217269635733,0.0
e1bcfb7b-6cf2-4a73-8aae-6a4786a94534,67,e1bcfb7b-6cf2-4a73-8aae-6a4786a94534:1:69,HISTORICAL:CYCLE-000006-20260730T214218000000:00000501,CYCLE-000006-20260730T214218000000,BOLT,0.024388899675920544,1001.4461158632492,1001.4461158632492,0.0
e1bcfb7b-6cf2-4a73-8aae-6a4786a94534,68,e1bcfb7b-6cf2-4a73-8aae-6a4786a94534:1:70,HISTORICAL:CYCLE-000006-20260730T214218000000:00000501,CYCLE-000006-20260730T214218000000,BOLT,0.020684794849217623,1001.4668006580985,1001.4668006580985,0.0
e1bcfb7b-6cf2-4a73-8aae-6a4786a94534,69,e1bcfb7b-6cf2-4a73-8aae-6a4786a94534:1:71,HISTORICAL:CYCLE-000006-20260730T214218000000:00000501,CYCLE-000006-20260730T214218000000,BOLT,0.022286707640087337,1001.4890873657386,1001.4890873657386,0.0
e1bcfb7b-6cf2-4a73-8aae-6a4786a94534,70,e1bcfb7b-6cf2-4a73-8aae-6a4786a94534:1:72,HISTORICAL:CYCLE-000006-20260730T214218000000:00000501,CYCLE-000006-20260730T214218000000,BOLT,0.019356808093399812,1001.508444173832,1001.508444173832,0.0
e1bcfb7b-6cf2-4a73-8aae-6a4786a94534,71,e1bcfb7b-6cf2-4a73-8aae-6a4786a94534:1:73,HISTORICAL:CYCLE-000006-20260730T214218000000:00000501,CYCLE-000006-20260730T214218000000,BOLT,0.0241347070556023,1001.5325788808876,1001.5325788808876,0.0
e1bcfb7b-6cf2-4a73-8aae-6a4786a94534,72,e1bcfb7b-6cf2-4a73-8aae-6a4786a94534:1:74,HISTORICAL:CYCLE-000006-20260730T214218000000:00000501,CYCLE-000006-20260730T214218000000,BOLT,0.022222141168429875,1001.554801022056,1001.554801022056,0.0
e1bcfb7b-6cf2-4a73-8aae-6a4786a94534,73,e1bcfb7b-6cf2-4a73-8aae-6a4786a94534:1:75,HISTORICAL:CYCLE-000006-20260730T214218000000:00000501,CYCLE-000006-20260730T214218000000,BOLT,0.020809753394767542,1001.5756107754509,1001.5756107754509,0.0
e1bcfb7b-6cf2-4a73-8aae-6a4786a94534,74,e1bcfb7b-6cf2-4a73-8aae-6a4786a94534:1:76,HISTORICAL:CYCLE-000006-20260730T214218000000:00000501,CYCLE-000006-20260730T214218000000,BOLT,0.01886004000217626,1001.5944708154531,1001.5944708154531,0.0
e1bcfb7b-6cf2-4a73-8aae-6a4786a94534,75,e1bcfb7b-6cf2-4a73-8aae-6a4786a94534:1:77,HISTORICAL:CYCLE-000006-20260730T214218000000:00000501,CYCLE-000006-20260730T214218000000,BOLT,0.021737985372966603,1001.616208800826,1001.616208800826,0.0
e1bcfb7b-6cf2-4a73-8aae-6a4786a94534,76,e1bcfb7b-6cf2-4a73-8aae-6a4786a94534:1:78,HISTORICAL:CYCLE-000006-20260730T214218000000:00000501,CYCLE-000006-20260730T214218000000,BOLT,0.021886530588150255,1001.6380953314142,1001.6380953314142,0.0
e1bcfb7b-6cf2-4a73-8aae-6a4786a94534,77,e1bcfb7b-6cf2-4a73-8aae-6a4786a94534:1:79,HISTORICAL:CYCLE-000006-20260730T214218000000:00000501,CYCLE-000006-20260730T214218000000,BOLT,0.023164367803315065,1001.6612596992176,1001.6612596992176,0.0
e1bcfb7b-6cf2-4a73-8aae-6a4786a94534,78,e1bcfb7b-6cf2-4a73-8aae-6a4786a94534:1:80,HISTORICAL:CYCLE-000006-20260730T214218000000:00000501,CYCLE-000006-20260730T214218000000,BOLT,0.020360061440856243,1001.6816197606585,1001.6816197606585,0.0
e1bcfb7b-6cf2-4a73-8aae-6a4786a94534,79,e1bcfb7b-6cf2-4a73-8aae-6a4786a94534:1:81,HISTORICAL:CYCLE-000006-20260730T214218000000:00000501,CYCLE-000006-20260730T214218000000,BOLT,0.019217947402414344,1001.7008377080609,1001.7008377080609,0.0
e1bcfb7b-6cf2-4a73-8aae-6a4786a94534,80,e1bcfb7b-6cf2-4a73-8aae-6a4786a94534:1:82,HISTORICAL:CYCLE-000006-20260730T214218000000:00000501,CYCLE-000006-20260730T214218000000,BOLT,0.018997289407858824,1001.7198349974688,1001.7198349974688,0.0
e1bcfb7b-6cf2-4a73-8aae-6a4786a94534,81,e1bcfb7b-6cf2-4a73-8aae-6a4786a94534:1:83,HISTORICAL:CYCLE-000006-20260730T214218000000:00000501,CYCLE-000006-20260730T214218000000,BOLT,0.02029066700668583,1001.7401256644754,1001.7401256644754,0.0
e1bcfb7b-6cf2-4a73-8aae-6a4786a94534,82,e1bcfb7b-6cf2-4a73-8aae-6a4786a94534:1:84,HISTORICAL:CYCLE-000006-20260730T214218000000:00000501,CYCLE-000006-20260730T214218000000,BOLT,0.02341499472911638,1001.7635406592045,1001.7635406592045,0.0
e1bcfb7b-6cf2-4a73-8aae-6a4786a94534,83,e1bcfb7b-6cf2-4a73-8aae-6a4786a94534:1:86,HISTORICAL:CYCLE-000006-20260730T214218000000:00000501,CYCLE-000006-20260730T214218000000,BOLT,0.021346033008232325,1001.7848866922128,1001.7848866922128,0.0
e1bcfb7b-6cf2-4a73-8aae-6a4786a94534,84,e1bcfb7b-6cf2-4a73-8aae-6a4786a94534:1:87,HISTORICAL:CYCLE-000006-20260730T214218000000:00000501,CYCLE-000006-20260730T214218000000,BOLT,0.01837280850321474,1001.803259500716,1001.803259500716,0.0
e1bcfb7b-6cf2-4a73-8aae-6a4786a94534,85,e1bcfb7b-6cf2-4a73-8aae-6a4786a94534:1:88,HISTORICAL:CYCLE-000006-20260730T214218000000:00000501,CYCLE-000006-20260730T214218000000,BOLT,0.02154015831371759,1001.8247996590297,1001.8247996590297,0.0
e1bcfb7b-6cf2-4a73-8aae-6a4786a94534,86,e1bcfb7b-6cf2-4a73-8aae-6a4786a94534:1:89,HISTORICAL:CYCLE-000006-20260730T214218000000:00000501,CYCLE-000006-20260730T214218000000,BOLT,0.023431597006160213,1001.8482312560359,1001.8482312560359,0.0
e1bcfb7b-6cf2-4a73-8aae-6a4786a94534,87,e1bcfb7b-6cf2-4a73-8aae-6a4786a94534:1:90,HISTORICAL:CYCLE-000006-20260730T214218000000:00000501,CYCLE-000006-20260730T214218000000,BOLT,0.019881343826508156,1001.8681125998623,1001.8681125998623,0.0
e1bcfb7b-6cf2-4a73-8aae-6a4786a94534,88,e1bcfb7b-6cf2-4a73-8aae-6a4786a94534:1:92,HISTORICAL:CYCLE-000006-20260730T214218000000:00000501,CYCLE-000006-20260730T214218000000,BOLT,0.0222225654481218,1001.8903351653105,1001.8903351653105,0.0
e1bcfb7b-6cf2-4a73-8aae-6a4786a94534,89,e1bcfb7b-6cf2-4a73-8aae-6a4786a94534:1:93,HISTORICAL:CYCLE-000006-20260730T214218000000:00000501,CYCLE-000006-20260730T214218000000,BOLT,0.023601089652548354,1001.913936254963,1001.913936254963,0.0
e1bcfb7b-6cf2-4a73-8aae-6a4786a94534,90,e1bcfb7b-6cf2-4a73-8aae-6a4786a94534:1:94,HISTORICAL:CYCLE-000006-20260730T214218000000:00000501,CYCLE-000006-20260730T214218000000,BOLT,0.02235369560400855,1001.936289950567,1001.936289950567,0.0
e1bcfb7b-6cf2-4a73-8aae-6a4786a94534,91,e1bcfb7b-6cf2-4a73-8aae-6a4786a94534:1:95,HISTORICAL:CYCLE-000006-20260730T214218000000:00000501,CYCLE-000006-20260730T214218000000,BOLT,0.02322606755354705,1001.9595160181206,1001.9595160181206,0.0
e1bcfb7b-6cf2-4a73-8aae-6a4786a94534,92,e1bcfb7b-6cf2-4a73-8aae-6a4786a94534:1:96,HISTORICAL:CYCLE-000006-20260730T214218000000:00000501,CYCLE-000006-20260730T214218000000,BOLT,0.021006593593822828,1001.9805226117144,1001.9805226117144,0.0
e1bcfb7b-6cf2-4a73-8aae-6a4786a94534,93,e1bcfb7b-6cf2-4a73-8aae-6a4786a94534:1:97,HISTORICAL:CYCLE-000006-20260730T214218000000:00000501,CYCLE-000006-20260730T214218000000,BOLT,0.020063757124177635,1002.0005863688385,1002.0005863688385,0.0
e1bcfb7b-6cf2-4a73-8aae-6a4786a94534,94,e1bcfb7b-6cf2-4a73-8aae-6a4786a94534:1:98,HISTORICAL:CYCLE-000006-20260730T214218000000:00000501,CYCLE-000006-20260730T214218000000,BOLT,0.021869725505719778,1002.0224560943442,1002.0224560943442,0.0
e1bcfb7b-6cf2-4a73-8aae-6a4786a94534,95,e1bcfb7b-6cf2-4a73-8aae-6a4786a94534:1:99,HISTORICAL:CYCLE-000006-20260730T214218000000:00000501,CYCLE-000006-20260730T214218000000,BOLT,0.023225291135795276,1002.04568138548,1002.04568138548,0.0
e1bcfb7b-6cf2-4a73-8aae-6a4786a94534,96,e1bcfb7b-6cf2-4a73-8aae-6a4786a94534:1:100,HISTORICAL:CYCLE-000006-20260730T214218000000:00000501,CYCLE-000006-20260730T214218000000,BOLT,0.019188975870076258,1002.06487036135,1002.06487036135,0.0
e1bcfb7b-6cf2-4a73-8aae-6a4786a94534,97,e1bcfb7b-6cf2-4a73-8aae-6a4786a94534:2:2,HISTORICAL:CYCLE-000010-20260731T035444000000:00000901,CYCLE-000010-20260731T035444000000,MET,-0.0018738904669314813,1002.062996470883,1002.06487036135,0.0001870029099319673
e1bcfb7b-6cf2-4a73-8aae-6a4786a94534,98,e1bcfb7b-6cf2-4a73-8aae-6a4786a94534:2:3,HISTORICAL:CYCLE-000010-20260731T035444000000:00000901,CYCLE-000010-20260731T035444000000,MET,-0.0038597544851457794,1002.0591367163979,1002.06487036135,0.000572183011468522
e1bcfb7b-6cf2-4a73-8aae-6a4786a94534,99,e1bcfb7b-6cf2-4a73-8aae-6a4786a94534:2:4,HISTORICAL:CYCLE-000010-20260731T035444000000:00000901,CYCLE-000010-20260731T035444000000,MET,-0.004878204860607386,1002.0542585115373,1002.06487036135,0.0010589982870918791
e1bcfb7b-6cf2-4a73-8aae-6a4786a94534,100,e1bcfb7b-6cf2-4a73-8aae-6a4786a94534:2:5,HISTORICAL:CYCLE-000010-20260731T035444000000:00000901,CYCLE-000010-20260731T035444000000,MET,-0.004852338005824458,1002.0494061735316,1002.06487036135,0.0015432322073994649
e1bcfb7b-6cf2-4a73-8aae-6a4786a94534,101,e1bcfb7b-6cf2-4a73-8aae-6a4786a94534:2:6,HISTORICAL:CYCLE-000010-20260731T035444000000:00000901,CYCLE-000010-20260731T035444000000,MET,-0.005208263677284734,1002.0441979098542,1002.06487036135,0.002062985352268613
e1bcfb7b-6cf2-4a73-8aae-6a4786a94534,102,e1bcfb7b-6cf2-4a73-8aae-6a4786a94534:2:7,HISTORICAL:CYCLE-000010-20260731T035444000000:00000901,CYCLE-000010-20260731T035444000000,MET,-0.0063410542235008485,1002.0378568556307,1002.06487036135,0.0026957841271861914
e1bcfb7b-6cf2-4a73-8aae-6a4786a94534,103,e1bcfb7b-6cf2-4a73-8aae-6a4786a94534:2:8,HISTORICAL:CYCLE-000010-20260731T035444000000:00000901,CYCLE-000010-20260731T035444000000,MET,-0.004849822710184667,1002.0330070329205,1002.06487036135,0.003179767036240338
e1bcfb7b-6cf2-4a73-8aae-6a4786a94534,104,e1bcfb7b-6cf2-4a73-8aae-6a4786a94534:2:9,HISTORICAL:CYCLE-000010-20260731T035444000000:00000901,CYCLE-000010-20260731T035444000000,MET,-0.0029181202923381526,1002.0300889126282,1002.06487036135,0.0034709777530914816
e1bcfb7b-6cf2-4a73-8aae-6a4786a94534,105,e1bcfb7b-6cf2-4a73-8aae-6a4786a94534:2:10,HISTORICAL:CYCLE-000010-20260731T035444000000:00000901,CYCLE-000010-20260731T035444000000,MET,-0.0024216761115878763,1002.0276672365167,1002.06487036135,0.0037126463499252845
e1bcfb7b-6cf2-4a73-8aae-6a4786a94534,106,e1bcfb7b-6cf2-4a73-8aae-6a4786a94534:2:11,HISTORICAL:CYCLE-000010-20260731T035444000000:00000901,CYCLE-000010-20260731T035444000000,MET,-0.005747534077414598,1002.0219197024393,1002.06487036135,0.004286215411907636
e1bcfb7b-6cf2-4a73-8aae-6a4786a94534,107,e1bcfb7b-6cf2-4a73-8aae-6a4786a94534:2:12,HISTORICAL:CYCLE-000010-20260731T035444000000:00000901,CYCLE-000010-20260731T035444000000,MET,-0.004660818092005943,1002.0172588843473,1002.06487036135,0.004751336805729128
e1bcfb7b-6cf2-4a73-8aae-6a4786a94534,108,e1bcfb7b-6cf2-4a73-8aae-6a4786a94534:2:13,HISTORICAL:CYCLE-000010-20260731T035444000000:00000901,CYCLE-000010-20260731T035444000000,MET,-0.005798709834285623,1002.011460174513,1002.06487036135,0.00533001289804393
e1bcfb7b-6cf2-4a73-8aae-6a4786a94534,109,e1bcfb7b-6cf2-4a73-8aae-6a4786a94534:2:14,HISTORICAL:CYCLE-000010-20260731T035444000000:00000901,CYCLE-000010-20260731T035444000000,MET,-0.004960010480187296,1002.0065001640328,1002.06487036135,0.0058249918786377995
e1bcfb7b-6cf2-4a73-8aae-6a4786a94534,110,e1bcfb7b-6cf2-4a73-8aae-6a4786a94534:2:15,HISTORICAL:CYCLE-000010-20260731T035444000000:00000901,CYCLE-000010-20260731T035444000000,MET,-0.004829006264743255,1002.001671157768,1002.06487036135,0.006306897432622338
e1bcfb7b-6cf2-4a73-8aae-6a4786a94534,111,e1bcfb7b-6cf2-4a73-8aae-6a4786a94534:2:16,HISTORICAL:CYCLE-000010-20260731T035444000000:00000901,CYCLE-000010-20260731T035444000000,MET,-0.0012325651009540417,1002.000438592667,1002.06487036135,0.006429899958448714
e1bcfb7b-6cf2-4a73-8aae-6a4786a94534,112,e1bcfb7b-6cf2-4a73-8aae-6a4786a94534:2:17,HISTORICAL:CYCLE-000010-20260731T035444000000:00000901,CYCLE-000010-20260731T035444000000,MET,-0.005148161720178629,1001.9952904309469,1002.06487036135,0.006943655292304013
e1bcfb7b-6cf2-4a73-8aae-6a4786a94534,113,e1bcfb7b-6cf2-4a73-8aae-6a4786a94534:2:19,HISTORICAL:CYCLE-000010-20260731T035444000000:00000901,CYCLE-000010-20260731T035444000000,MET,-0.0043765774733059435,1001.9909138534736,1002.06487036135,0.007380411195314211
e1bcfb7b-6cf2-4a73-8aae-6a4786a94534,114,e1bcfb7b-6cf2-4a73-8aae-6a4786a94534:2:22,HISTORICAL:CYCLE-000010-20260731T035444000000:00000901,CYCLE-000010-20260731T035444000000,MET,-0.006846758564863786,1001.9840670949087,1002.06487036135,0.00806367619814569
e1bcfb7b-6cf2-4a73-8aae-6a4786a94534,115,e1bcfb7b-6cf2-4a73-8aae-6a4786a94534:2:24,HISTORICAL:CYCLE-000010-20260731T035444000000:00000901,CYCLE-000010-20260731T035444000000,MET,-0.001107692580140332,1001.9829594023286,1002.06487036135,0.008174217203315298
e1bcfb7b-6cf2-4a73-8aae-6a4786a94534,116,e1bcfb7b-6cf2-4a73-8aae-6a4786a94534:2:25,HISTORICAL:CYCLE-000010-20260731T035444000000:00000901,CYCLE-000010-20260731T035444000000,MET,-0.003587754481162381,1001.9793716478474,1002.06487036135,0.008532253353195676
e1bcfb7b-6cf2-4a73-8aae-6a4786a94534,117,e1bcfb7b-6cf2-4a73-8aae-6a4786a94534:2:26,HISTORICAL:CYCLE-000010-20260731T035444000000:00000901,CYCLE-000010-20260731T035444000000,MET,-0.005690958166457119,1001.9736806896809,1002.06487036135,0.00910017648220873
e1bcfb7b-6cf2-4a73-8aae-6a4786a94534,118,e1bcfb7b-6cf2-4a73-8aae-6a4786a94534:2:27,HISTORICAL:CYCLE-000010-20260731T035444000000:00000901,CYCLE-000010-20260731T035444000000,MET,-0.00583840439785234,1001.967842285283,1002.06487036135,0.009682813851361516
e1bcfb7b-6cf2-4a73-8aae-6a4786a94534,119,e1bcfb7b-6cf2-4a73-8aae-6a4786a94534:2:28,HISTORICAL:CYCLE-000010-20260731T035444000000:00000901,CYCLE-000010-20260731T035444000000,MET,-0.001644038796890018,1001.9661982464861,1002.06487036135,0.009846878957879697
e1bcfb7b-6cf2-4a73-8aae-6a4786a94534,120,e1bcfb7b-6cf2-4a73-8aae-6a4786a94534:2:29,HISTORICAL:CYCLE-000010-20260731T035444000000:00000901,CYCLE-000010-20260731T035444000000,MET,-0.004090094930574034,1001.9621081515555,1002.06487036135,0.010255045639653522
e1bcfb7b-6cf2-4a73-8aae-6a4786a94534,121,e1bcfb7b-6cf2-4a73-8aae-6a4786a94534:2:30,HISTORICAL:CYCLE-000010-20260731T035444000000:00000901,CYCLE-000010-20260731T035444000000,MET,-0.001988648957320185,1001.9601195025982,1002.06487036135,0.010453500751306235
e1bcfb7b-6cf2-4a73-8aae-6a4786a94534,122,e1bcfb7b-6cf2-4a73-8aae-6a4786a94534:2:31,HISTORICAL:CYCLE-000010-20260731T035444000000:00000901,CYCLE-000010-20260731T035444000000,MET,-0.005589622286954438,1001.9545298803113,1002.06487036135,0.011011311173792372
e1bcfb7b-6cf2-4a73-8aae-6a4786a94534,123,e1bcfb7b-6cf2-4a73-8aae-6a4786a94534:2:32,HISTORICAL:CYCLE-000010-20260731T035444000000:00000901,CYCLE-000010-20260731T035444000000,MET,-0.004920543197907854,1001.9496093371133,1002.06487036135,0.011502351558850482
e1bcfb7b-6cf2-4a73-8aae-6a4786a94534,124,e1bcfb7b-6cf2-4a73-8aae-6a4786a94534:2:33,HISTORICAL:CYCLE-000010-20260731T035444000000:00000901,CYCLE-000010-20260731T035444000000,MET,-0.004169140754522154,1001.9454401963588,1002.06487036135,0.01191840653470918
e1bcfb7b-6cf2-4a73-8aae-6a4786a94534,125,e1bcfb7b-6cf2-4a73-8aae-6a4786a94534:2:34,HISTORICAL:CYCLE-000010-20260731T035444000000:00000901,CYCLE-000010-20260731T035444000000,MET,-0.0043816103258604785,1001.941058586033,1002.06487036135,0.012355664685894769
e1bcfb7b-6cf2-4a73-8aae-6a4786a94534,126,e1bcfb7b-6cf2-4a73-8aae-6a4786a94534:2:35,HISTORICAL:CYCLE-000010-20260731T035444000000:00000901,CYCLE-000010-20260731T035444000000,MET,-0.004270202897156206,1001.9367883831359,1002.06487036135,0.012781805050999706
e1bcfb7b-6cf2-4a73-8aae-6a4786a94534,127,e1bcfb7b-6cf2-4a73-8aae-6a4786a94534:2:36,HISTORICAL:CYCLE-000010-20260731T035444000000:00000901,CYCLE-000010-20260731T035444000000,MET,-0.003931235882205225,1001.9328571472537,1002.06487036135,0.013174118562676258
e1bcfb7b-6cf2-4a73-8aae-6a4786a94534,128,e1bcfb7b-6cf2-4a73-8aae-6a4786a94534:2:37,HISTORICAL:CYCLE-000010-20260731T035444000000:00000901,CYCLE-000010-20260731T035444000000,MET,-0.0067187502648287465,1001.9261383969889,1002.06487036135,0.013844609113089263
e1bcfb7b-6cf2-4a73-8aae-6a4786a94534,129,e1bcfb7b-6cf2-4a73-8aae-6a4786a94534:2:38,HISTORICAL:CYCLE-000010-20260731T035444000000:00000901,CYCLE-000010-20260731T035444000000,MET,-0.0029171395637039798,1001.9232212574252,1002.06487036135,0.0141357219591708
e1bcfb7b-6cf2-4a73-8aae-6a4786a94534,130,e1bcfb7b-6cf2-4a73-8aae-6a4786a94534:2:39,HISTORICAL:CYCLE-000010-20260731T035444000000:00000901,CYCLE-000010-20260731T035444000000,MET,-0.003992184485778285,1001.9192290729394,1002.06487036135,0.014534117772045706
e1bcfb7b-6cf2-4a73-8aae-6a4786a94534,131,e1bcfb7b-6cf2-4a73-8aae-6a4786a94534:2:40,HISTORICAL:CYCLE-000010-20260731T035444000000:00000901,CYCLE-000010-20260731T035444000000,MET,-0.003989158278086582,1001.9152399146614,1002.06487036135,0.014932211587729224
e1bcfb7b-6cf2-4a73-8aae-6a4786a94534,132,e1bcfb7b-6cf2-4a73-8aae-6a4786a94534:2:41,HISTORICAL:CYCLE-000010-20260731T035444000000:00000901,CYCLE-000010-20260731T035444000000,MET,-0.005896203420728266,1001.9093437112406,1002.06487036135,0.015520616949015766
e1bcfb7b-6cf2-4a73-8aae-6a4786a94534,133,e1bcfb7b-6cf2-4a73-8aae-6a4786a94534:2:42,HISTORICAL:CYCLE-000010-20260731T035444000000:00000901,CYCLE-000010-20260731T035444000000,MET,-0.00405146924330192,1001.9052922419972,1002.06487036135,0.01592492902133452
e1bcfb7b-6cf2-4a73-8aae-6a4786a94534,134,e1bcfb7b-6cf2-4a73-8aae-6a4786a94534:2:44,HISTORICAL:CYCLE-000010-20260731T035444000000:00000901,CYCLE-000010-20260731T035444000000,MET,-0.003289215212534672,1001.9020030267847,1002.06487036135,0.016253172761822452
e1bcfb7b-6cf2-4a73-8aae-6a4786a94534,135,e1bcfb7b-6cf2-4a73-8aae-6a4786a94534:2:45,HISTORICAL:CYCLE-000010-20260731T035444000000:00000901,CYCLE-000010-20260731T035444000000,MET,-0.0022049953511433518,1001.8997980314335,1002.06487036135,0.016473217932184155
e1bcfb7b-6cf2-4a73-8aae-6a4786a94534,136,e1bcfb7b-6cf2-4a73-8aae-6a4786a94534:2:46,HISTORICAL:CYCLE-000010-20260731T035444000000:00000901,CYCLE-000010-20260731T035444000000,MET,-0.005221355869674142,1001.8945766755638,1002.06487036135,0.016994277598493458
e1bcfb7b-6cf2-4a73-8aae-6a4786a94534,137,e1bcfb7b-6cf2-4a73-8aae-6a4786a94534:2:47,HISTORICAL:CYCLE-000010-20260731T035444000000:00000901,CYCLE-000010-20260731T035444000000,MET,-0.00408415501357361,1001.8904925205502,1002.06487036135,0.017401851512561163
e1bcfb7b-6cf2-4a73-8aae-6a4786a94534,138,e1bcfb7b-6cf2-4a73-8aae-6a4786a94534:2:48,HISTORICAL:CYCLE-000010-20260731T035444000000:00000901,CYCLE-000010-20260731T035444000000,MET,-0.005319843796956233,1001.8851726767532,1002.06487036135,0.01793273967702485
e1bcfb7b-6cf2-4a73-8aae-6a4786a94534,139,e1bcfb7b-6cf2-4a73-8aae-6a4786a94534:2:50,HISTORICAL:CYCLE-000010-20260731T035444000000:00000901,CYCLE-000010-20260731T035444000000,MET,-0.006277864675727895,1001.8788948120774,1002.06487036135,0.01855923251810377
e1bcfb7b-6cf2-4a73-8aae-6a4786a94534,140,e1bcfb7b-6cf2-4a73-8aae-6a4786a94534:2:51,HISTORICAL:CYCLE-000010-20260731T035444000000:00000901,CYCLE-000010-20260731T035444000000,MET,-0.005716218008768746,1001.8731785940687,1002.06487036135,0.019129676426257902
e1bcfb7b-6cf2-4a73-8aae-6a4786a94534,141,e1bcfb7b-6cf2-4a73-8aae-6a4786a94534:2:52,HISTORICAL:CYCLE-000010-20260731T035444000000:00000901,CYCLE-000010-20260731T035444000000,MET,-0.001485369982345692,1001.8716932240864,1002.06487036135,0.019277907346856662
e1bcfb7b-6cf2-4a73-8aae-6a4786a94534,142,e1bcfb7b-6cf2-4a73-8aae-6a4786a94534:2:54,HISTORICAL:CYCLE-000010-20260731T035444000000:00000901,CYCLE-000010-20260731T035444000000,MET,-0.004548455156032054,1001.8671447689303,1002.06487036135,0.019731815600761884
e1bcfb7b-6cf2-4a73-8aae-6a4786a94534,143,e1bcfb7b-6cf2-4a73-8aae-6a4786a94534:2:55,HISTORICAL:CYCLE-000010-20260731T035444000000:00000901,CYCLE-000010-20260731T035444000000,MET,-0.00494681533708739,1001.8621979535932,1002.06487036135,0.02022547778605903
e1bcfb7b-6cf2-4a73-8aae-6a4786a94534,144,e1bcfb7b-6cf2-4a73-8aae-6a4786a94534:2:56,HISTORICAL:CYCLE-000010-20260731T035444000000:00000901,CYCLE-000010-20260731T035444000000,MET,-0.00485562986103914,1001.8573423237322,1002.06487036135,0.020710040213566892
e1bcfb7b-6cf2-4a73-8aae-6a4786a94534,145,e1bcfb7b-6cf2-4a73-8aae-6a4786a94534:2:57,HISTORICAL:CYCLE-000010-20260731T035444000000:00000901,CYCLE-000010-20260731T035444000000,MET,-0.007210025457340354,1001.8501322982748,1002.06487036135,0.021429557050307368
e1bcfb7b-6cf2-4a73-8aae-6a4786a94534,146,e1bcfb7b-6cf2-4a73-8aae-6a4786a94534:2:58,HISTORICAL:CYCLE-000010-20260731T035444000000:00000901,CYCLE-000010-20260731T035444000000,MET,-0.0061813108989544445,1001.8439509873759,1002.06487036135,0.02204641440971973
e1bcfb7b-6cf2-4a73-8aae-6a4786a94534,147,e1bcfb7b-6cf2-4a73-8aae-6a4786a94534:2:59,HISTORICAL:CYCLE-000010-20260731T035444000000:00000901,CYCLE-000010-20260731T035444000000,MET,-0.0038912261973484035,1001.8400597611786,1002.06487036135,0.022434735197365722
e1bcfb7b-6cf2-4a73-8aae-6a4786a94534,148,e1bcfb7b-6cf2-4a73-8aae-6a4786a94534:2:60,HISTORICAL:CYCLE-000010-20260731T035444000000:00000901,CYCLE-000010-20260731T035444000000,MET,-0.007350715334774655,1001.8327090458439,1002.06487036135,0.023168292031073796
e1bcfb7b-6cf2-4a73-8aae-6a4786a94534,149,e1bcfb7b-6cf2-4a73-8aae-6a4786a94534:2:61,HISTORICAL:CYCLE-000010-20260731T035444000000:00000901,CYCLE-000010-20260731T035444000000,MET,-0.00527208946725186,1001.8274369563767,1002.06487036135,0.02369441460289002
e1bcfb7b-6cf2-4a73-8aae-6a4786a94534,150,e1bcfb7b-6cf2-4a73-8aae-6a4786a94534:2:62,HISTORICAL:CYCLE-000010-20260731T035444000000:00000901,CYCLE-000010-20260731T035444000000,MET,-0.0042465031452919985,1001.8231904532314,1002.06487036135,0.02411818987641605
e1bcfb7b-6cf2-4a73-8aae-6a4786a94534,151,e1bcfb7b-6cf2-4a73-8aae-6a4786a94534:2:63,HISTORICAL:CYCLE-000010-20260731T035444000000:00000901,CYCLE-000010-20260731T035444000000,MET,-0.0060795268606490815,1001.8171109263708,1002.06487036135,0.02472488980577539
e1bcfb7b-6cf2-4a73-8aae-6a4786a94534,152,e1bcfb7b-6cf2-4a73-8aae-6a4786a94534:2:64,HISTORICAL:CYCLE-000010-20260731T035444000000:00000901,CYCLE-000010-20260731T035444000000,MET,-0.0029398848000270717,1001.8141710415707,1002.06487036135,0.025018272488576243
e1bcfb7b-6cf2-4a73-8aae-6a4786a94534,153,e1bcfb7b-6cf2-4a73-8aae-6a4786a94534:2:65,HISTORICAL:CYCLE-000010-20260731T035444000000:00000901,CYCLE-000010-20260731T035444000000,MET,-0.004031888610639264,1001.8101391529601,1002.06487036135,0.025420630532436615
e1bcfb7b-6cf2-4a73-8aae-6a4786a94534,154,e1bcfb7b-6cf2-4a73-8aae-6a4786a94534:2:66,HISTORICAL:CYCLE-000010-20260731T035444000000:00000901,CYCLE-000010-20260731T035444000000,MET,-0.005241530044214033,1001.8048976229159,1002.06487036135,0.025943703459079464
e1bcfb7b-6cf2-4a73-8aae-6a4786a94534,155,e1bcfb7b-6cf2-4a73-8aae-6a4786a94534:2:67,HISTORICAL:CYCLE-000010-20260731T035444000000:00000901,CYCLE-000010-20260731T035444000000,MET,-0.0055144212299666736,1001.7993832016859,1002.06487036135,0.026494009271908703
e1bcfb7b-6cf2-4a73-8aae-6a4786a94534,156,e1bcfb7b-6cf2-4a73-8aae-6a4786a94534:2:68,HISTORICAL:CYCLE-000010-20260731T035444000000:00000901,CYCLE-000010-20260731T035444000000,MET,-0.002273518201269706,1001.7971096834847,1002.06487036135,0.02672089260736023
e1bcfb7b-6cf2-4a73-8aae-6a4786a94534,157,e1bcfb7b-6cf2-4a73-8aae-6a4786a94534:2:69,HISTORICAL:CYCLE-000010-20260731T035444000000:00000901,CYCLE-000010-20260731T035444000000,MET,-0.0037781423619616234,1001.7933315411227,1002.06487036135,0.027097928313701662
e1bcfb7b-6cf2-4a73-8aae-6a4786a94534,158,e1bcfb7b-6cf2-4a73-8aae-6a4786a94534:2:70,HISTORICAL:CYCLE-000010-20260731T035444000000:00000901,CYCLE-000010-20260731T035444000000,MET,-0.005446295269951923,1001.7878852458527,1002.06487036135,0.027641435568675918
e1bcfb7b-6cf2-4a73-8aae-6a4786a94534,159,e1bcfb7b-6cf2-4a73-8aae-6a4786a94534:2:71,HISTORICAL:CYCLE-000010-20260731T035444000000:00000901,CYCLE-000010-20260731T035444000000,MET,-0.007290564457500537,1001.7805946813952,1002.06487036135,0.028368989709449212
e1bcfb7b-6cf2-4a73-8aae-6a4786a94534,160,e1bcfb7b-6cf2-4a73-8aae-6a4786a94534:2:72,HISTORICAL:CYCLE-000010-20260731T035444000000:00000901,CYCLE-000010-20260731T035444000000,MET,-0.005355701732562538,1001.7752389796626,1002.06487036135,0.028903456278529874
e1bcfb7b-6cf2-4a73-8aae-6a4786a94534,161,e1bcfb7b-6cf2-4a73-8aae-6a4786a94534:2:73,HISTORICAL:CYCLE-000010-20260731T035444000000:00000901,CYCLE-000010-20260731T035444000000,MET,-0.0016174943949340689,1001.7736214852677,1002.06487036135,0.02906487241463096
e1bcfb7b-6cf2-4a73-8aae-6a4786a94534,162,e1bcfb7b-6cf2-4a73-8aae-6a4786a94534:2:74,HISTORICAL:CYCLE-000010-20260731T035444000000:00000901,CYCLE-000010-20260731T035444000000,MET,-0.00335535081371588,1001.7702661344539,1002.06487036135,0.029399716087232013
e1bcfb7b-6cf2-4a73-8aae-6a4786a94534,163,e1bcfb7b-6cf2-4a73-8aae-6a4786a94534:2:75,HISTORICAL:CYCLE-000010-20260731T035444000000:00000901,CYCLE-000010-20260731T035444000000,MET,-0.0039579698101542375,1001.7663081646438,1002.06487036135,0.029794697482867942
e1bcfb7b-6cf2-4a73-8aae-6a4786a94534,164,e1bcfb7b-6cf2-4a73-8aae-6a4786a94534:2:76,HISTORICAL:CYCLE-000010-20260731T035444000000:00000901,CYCLE-000010-20260731T035444000000,MET,-0.002894339167817016,1001.7634138254759,1002.06487036135,0.030083534987647473
e1bcfb7b-6cf2-4a73-8aae-6a4786a94534,165,e1bcfb7b-6cf2-4a73-8aae-6a4786a94534:2:77,HISTORICAL:CYCLE-000010-20260731T035444000000:00000901,CYCLE-000010-20260731T035444000000,MET,-0.00576042872989688,1001.757653396746,1002.06487036135,0.03065839085778917
e1bcfb7b-6cf2-4a73-8aae-6a4786a94534,166,e1bcfb7b-6cf2-4a73-8aae-6a4786a94534:2:78,HISTORICAL:CYCLE-000010-20260731T035444000000:00000901,CYCLE-000010-20260731T035444000000,MET,-0.00615901113897657,1001.7514943856071,1002.06487036135,0.03127302283632833
e1bcfb7b-6cf2-4a73-8aae-6a4786a94534,167,e1bcfb7b-6cf2-4a73-8aae-6a4786a94534:2:79,HISTORICAL:CYCLE-000010-20260731T035444000000:00000901,CYCLE-000010-20260731T035444000000,MET,-0.0016756585791279648,1001.749818727028,1002.06487036135,0.031440243405438814
e1bcfb7b-6cf2-4a73-8aae-6a4786a94534,168,e1bcfb7b-6cf2-4a73-8aae-6a4786a94534:2:80,HISTORICAL:CYCLE-000010-20260731T035444000000:00000901,CYCLE-000010-20260731T035444000000,MET,-0.005451350392109822,1001.7443673766359,1002.06487036135,0.031984255130965526
e1bcfb7b-6cf2-4a73-8aae-6a4786a94534,169,e1bcfb7b-6cf2-4a73-8aae-6a4786a94534:2:81,HISTORICAL:CYCLE-000010-20260731T035444000000:00000901,CYCLE-000010-20260731T035444000000,MET,-0.0056373118783841995,1001.7387300647575,1002.06487036135,0.0325468246855991
e1bcfb7b-6cf2-4a73-8aae-6a4786a94534,170,e1bcfb7b-6cf2-4a73-8aae-6a4786a94534:2:82,HISTORICAL:CYCLE-000010-20260731T035444000000:00000901,CYCLE-000010-20260731T035444000000,MET,-0.0020320939163101168,1001.7366979708412,1002.06487036135,0.03274961534081969
e1bcfb7b-6cf2-4a73-8aae-6a4786a94534,171,e1bcfb7b-6cf2-4a73-8aae-6a4786a94534:2:83,HISTORICAL:CYCLE-000010-20260731T035444000000:00000901,CYCLE-000010-20260731T035444000000,MET,-0.004055468590940688,1001.7326425022502,1002.06487036135,0.03315432652379217
e1bcfb7b-6cf2-4a73-8aae-6a4786a94534,172,e1bcfb7b-6cf2-4a73-8aae-6a4786a94534:2:84,HISTORICAL:CYCLE-000010-20260731T035444000000:00000901,CYCLE-000010-20260731T035444000000,MET,-0.005023067052157925,1001.727619435198,1002.06487036135,0.03365559816805164
e1bcfb7b-6cf2-4a73-8aae-6a4786a94534,173,e1bcfb7b-6cf2-4a73-8aae-6a4786a94534:2:85,HISTORICAL:CYCLE-000010-20260731T035444000000:00000901,CYCLE-000010-20260731T035444000000,MET,-0.005357558318338131,1001.7222618768797,1002.06487036135,0.03419025001313682
e1bcfb7b-6cf2-4a73-8aae-6a4786a94534,174,e1bcfb7b-6cf2-4a73-8aae-6a4786a94534:2:86,HISTORICAL:CYCLE-000010-20260731T035444000000:00000901,CYCLE-000010-20260731T035444000000,MET,-0.0066639024982272765,1001.7155979743815,1002.06487036135,0.03485526708890624
e1bcfb7b-6cf2-4a73-8aae-6a4786a94534,175,e1bcfb7b-6cf2-4a73-8aae-6a4786a94534:2:87,HISTORICAL:CYCLE-000010-20260731T035444000000:00000901,CYCLE-000010-20260731T035444000000,MET,-0.003891580354941531,1001.7117063940266,1002.06487036135,0.03524362321933176
e1bcfb7b-6cf2-4a73-8aae-6a4786a94534,176,e1bcfb7b-6cf2-4a73-8aae-6a4786a94534:2:88,HISTORICAL:CYCLE-000010-20260731T035444000000:00000901,CYCLE-000010-20260731T035444000000,MET,-0.003299794790687022,1001.7084065992359,1002.06487036135,0.035572922737584306
e1bcfb7b-6cf2-4a73-8aae-6a4786a94534,177,e1bcfb7b-6cf2-4a73-8aae-6a4786a94534:2:89,HISTORICAL:CYCLE-000010-20260731T035444000000:00000901,CYCLE-000010-20260731T035444000000,MET,-0.002526045655082185,1001.7058805535809,1002.06487036135,0.03582500678221511
e1bcfb7b-6cf2-4a73-8aae-6a4786a94534,178,e1bcfb7b-6cf2-4a73-8aae-6a4786a94534:2:90,HISTORICAL:CYCLE-000010-20260731T035444000000:00000901,CYCLE-000010-20260731T035444000000,MET,-0.0039039518316583794,1001.7019766017493,1002.06487036135,0.03621459751102644
e1bcfb7b-6cf2-4a73-8aae-6a4786a94534,179,e1bcfb7b-6cf2-4a73-8aae-6a4786a94534:2:91,HISTORICAL:CYCLE-000010-20260731T035444000000:00000901,CYCLE-000010-20260731T035444000000,MET,-0.002795098718519533,1001.6991815030308,1002.06487036135,0.03649353142051191
e1bcfb7b-6cf2-4a73-8aae-6a4786a94534,180,e1bcfb7b-6cf2-4a73-8aae-6a4786a94534:2:92,HISTORICAL:CYCLE-000010-20260731T035444000000:00000901,CYCLE-000010-20260731T035444000000,MET,-0.0055322654106887146,1001.6936492376201,1002.06487036135,0.03704561797441916
e1bcfb7b-6cf2-4a73-8aae-6a4786a94534,181,e1bcfb7b-6cf2-4a73-8aae-6a4786a94534:2:93,HISTORICAL:CYCLE-000010-20260731T035444000000:00000901,CYCLE-000010-20260731T035444000000,MET,-0.001621527683079479,1001.6920277099371,1002.06487036135,0.03720743660822111
e1bcfb7b-6cf2-4a73-8aae-6a4786a94534,182,e1bcfb7b-6cf2-4a73-8aae-6a4786a94534:2:94,HISTORICAL:CYCLE-000010-20260731T035444000000:00000901,CYCLE-000010-20260731T035444000000,MET,-0.003110942130867407,1001.6889167678062,1002.06487036135,0.0375178897757657
e1bcfb7b-6cf2-4a73-8aae-6a4786a94534,183,e1bcfb7b-6cf2-4a73-8aae-6a4786a94534:2:95,HISTORICAL:CYCLE-000010-20260731T035444000000:00000901,CYCLE-000010-20260731T035444000000,MET,-0.006758082935615911,1001.6821586848706,1002.06487036135,0.03819230548830584
e1bcfb7b-6cf2-4a73-8aae-6a4786a94534,184,e1bcfb7b-6cf2-4a73-8aae-6a4786a94534:2:96,HISTORICAL:CYCLE-000010-20260731T035444000000:00000901,CYCLE-000010-20260731T035444000000,MET,-0.00595801751900186,1001.6762006673516,1002.06487036135,0.03878687952190545
e1bcfb7b-6cf2-4a73-8aae-6a4786a94534,185,e1bcfb7b-6cf2-4a73-8aae-6a4786a94534:2:97,HISTORICAL:CYCLE-000010-20260731T035444000000:00000901,CYCLE-000010-20260731T035444000000,MET,-0.005228656500839911,1001.6709720108507,1002.06487036135,0.039308667746953636
e1bcfb7b-6cf2-4a73-8aae-6a4786a94534,186,e1bcfb7b-6cf2-4a73-8aae-6a4786a94534:2:99,HISTORICAL:CYCLE-000010-20260731T035444000000:00000901,CYCLE-000010-20260731T035444000000,MET,-0.005704607799102213,1001.6652674030516,1002.06487036135,0.03987795302656152
e1bcfb7b-6cf2-4a73-8aae-6a4786a94534,187,e1bcfb7b-6cf2-4a73-8aae-6a4786a94534:2:100,HISTORICAL:CYCLE-000010-20260731T035444000000:00000901,CYCLE-000010-20260731T035444000000,MET,-0.0038967129958666765,1001.6613706900558,1002.06487036135,0.040266821363439335
e1bcfb7b-6cf2-4a73-8aae-6a4786a94534,188,e1bcfb7b-6cf2-4a73-8aae-6a4786a94534:3:1,HISTORICAL:CYCLE-000011-20260731T040859000000:00001001,CYCLE-000011-20260731T040859000000,BIRB,-0.002144720125969098,1001.6592259699298,1002.06487036135,0.040480851431696115
e1bcfb7b-6cf2-4a73-8aae-6a4786a94534,189,e1bcfb7b-6cf2-4a73-8aae-6a4786a94534:3:2,HISTORICAL:CYCLE-000011-20260731T040859000000:00001001,CYCLE-000011-20260731T040859000000,BIRB,-0.003537347614436757,1001.6556886223154,1002.06487036135,0.04083385728181713
e1bcfb7b-6cf2-4a73-8aae-6a4786a94534,190,e1bcfb7b-6cf2-4a73-8aae-6a4786a94534:3:3,HISTORICAL:CYCLE-000011-20260731T040859000000:00001001,CYCLE-000011-20260731T040859000000,BIRB,-0.0012745887894985558,1001.654414033526,1002.06487036135,0.04096105351702523
e1bcfb7b-6cf2-4a73-8aae-6a4786a94534,191,e1bcfb7b-6cf2-4a73-8aae-6a4786a94534:3:4,HISTORICAL:CYCLE-000011-20260731T040859000000:00001001,CYCLE-000011-20260731T040859000000,BIRB,-0.004317499130814686,1001.6500965343952,1002.06487036135,0.04139191375956259
e1bcfb7b-6cf2-4a73-8aae-6a4786a94534,192,e1bcfb7b-6cf2-4a73-8aae-6a4786a94534:3:5,HISTORICAL:CYCLE-000011-20260731T040859000000:00001001,CYCLE-000011-20260731T040859000000,BIRB,-0.0015713747004340764,1001.6485251596947,1002.06487036135,0.041548727429708956
e1bcfb7b-6cf2-4a73-8aae-6a4786a94534,193,e1bcfb7b-6cf2-4a73-8aae-6a4786a94534:3:6,HISTORICAL:CYCLE-000011-20260731T040859000000:00001001,CYCLE-000011-20260731T040859000000,BIRB,-0.0037552811465202465,1001.6447698785482,1002.06487036135,0.04192348172531937
e1bcfb7b-6cf2-4a73-8aae-6a4786a94534,194,e1bcfb7b-6cf2-4a73-8aae-6a4786a94534:3:7,HISTORICAL:CYCLE-000011-20260731T040859000000:00001001,CYCLE-000011-20260731T040859000000,BIRB,-0.00391010476786567,1001.6408597737803,1002.06487036135,0.04231368647987652
e1bcfb7b-6cf2-4a73-8aae-6a4786a94534,195,e1bcfb7b-6cf2-4a73-8aae-6a4786a94534:3:8,HISTORICAL:CYCLE-000011-20260731T040859000000:00001001,CYCLE-000011-20260731T040859000000,BIRB,-0.005799139919949104,1001.6350606338603,1002.06487036135,0.042892405492139185
e1bcfb7b-6cf2-4a73-8aae-6a4786a94534,196,e1bcfb7b-6cf2-4a73-8aae-6a4786a94534:3:9,HISTORICAL:CYCLE-000011-20260731T040859000000:00001001,CYCLE-000011-20260731T040859000000,BIRB,-0.0034485280250736512,1001.6316121058353,1002.06487036135,0.0432365476856284
e1bcfb7b-6cf2-4a73-8aae-6a4786a94534,197,e1bcfb7b-6cf2-4a73-8aae-6a4786a94534:3:10,HISTORICAL:CYCLE-000011-20260731T040859000000:00001001,CYCLE-000011-20260731T040859000000,BIRB,-0.003306557915504586,1001.6283055479198,1002.06487036135,0.04356652212274256
e1bcfb7b-6cf2-4a73-8aae-6a4786a94534,198,e1bcfb7b-6cf2-4a73-8aae-6a4786a94534:3:11,HISTORICAL:CYCLE-000011-20260731T040859000000:00001001,CYCLE-000011-20260731T040859000000,BIRB,-0.0014055600952036715,1001.6268999878246,1002.06487036135,0.04370678850038029
e1bcfb7b-6cf2-4a73-8aae-6a4786a94534,199,e1bcfb7b-6cf2-4a73-8aae-6a4786a94534:3:13,HISTORICAL:CYCLE-000011-20260731T040859000000:00001001,CYCLE-000011-20260731T040859000000,BIRB,-0.0019930206390488493,1001.6249069671856,1002.06487036135,0.043905679879368685
e1bcfb7b-6cf2-4a73-8aae-6a4786a94534,200,e1bcfb7b-6cf2-4a73-8aae-6a4786a94534:3:14,HISTORICAL:CYCLE-000011-20260731T040859000000:00001001,CYCLE-000011-20260731T040859000000,BIRB,-0.002419927456589717,1001.622487039729,1002.06487036135,0.044147173971033536
e1bcfb7b-6cf2-4a73-8aae-6a4786a94534,201,e1bcfb7b-6cf2-4a73-8aae-6a4786a94534:3:15,HISTORICAL:CYCLE-000011-20260731T040859000000:00001001,CYCLE-000011-20260731T040859000000,BIRB,-0.0026588145721902633,1001.6198282251568,1002.06487036135,0.044412507548814345
e1bcfb7b-6cf2-4a73-8aae-6a4786a94534,202,e1bcfb7b-6cf2-4a73-8aae-6a4786a94534:3:16,HISTORICAL:CYCLE-000011-20260731T040859000000:00001001,CYCLE-000011-20260731T040859000000,BIRB,-0.001570075545902452,1001.6182581496108,1002.06487036135,0.0445691915712146
e1bcfb7b-6cf2-4a73-8aae-6a4786a94534,203,e1bcfb7b-6cf2-4a73-8aae-6a4786a94534:3:17,HISTORICAL:CYCLE-000011-20260731T040859000000:00001001,CYCLE-000011-20260731T040859000000,BIRB,-0.002394781004290785,1001.6158633686065,1002.06487036135,0.04480817619937319
e1bcfb7b-6cf2-4a73-8aae-6a4786a94534,204,e1bcfb7b-6cf2-4a73-8aae-6a4786a94534:3:18,HISTORICAL:CYCLE-000011-20260731T040859000000:00001001,CYCLE-000011-20260731T040859000000,BIRB,-0.004887982763077822,1001.6109753858434,1002.06487036135,0.04529596725039739
e1bcfb7b-6cf2-4a73-8aae-6a4786a94534,205,e1bcfb7b-6cf2-4a73-8aae-6a4786a94534:3:19,HISTORICAL:CYCLE-000011-20260731T040859000000:00001001,CYCLE-000011-20260731T040859000000,BIRB,-0.004507588179012832,1001.6064677976644,1002.06487036135,0.04574579722770631
e1bcfb7b-6cf2-4a73-8aae-6a4786a94534,206,e1bcfb7b-6cf2-4a73-8aae-6a4786a94534:3:20,HISTORICAL:CYCLE-000011-20260731T040859000000:00001001,CYCLE-000011-20260731T040859000000,BIRB,-0.0022717633036920637,1001.6041960343607,1002.06487036135,0.04597250543502081
e1bcfb7b-6cf2-4a73-8aae-6a4786a94534,207,e1bcfb7b-6cf2-4a73-8aae-6a4786a94534:3:21,HISTORICAL:CYCLE-000011-20260731T040859000000:00001001,CYCLE-000011-20260731T040859000000,BIRB,-0.0029724088843886077,1001.6012236254763,1002.06487036135,0.046269133824288974
e1bcfb7b-6cf2-4a73-8aae-6a4786a94534,208,e1bcfb7b-6cf2-4a73-8aae-6a4786a94534:3:22,HISTORICAL:CYCLE-000011-20260731T040859000000:00001001,CYCLE-000011-20260731T040859000000,BIRB,-0.0029404841682090254,1001.5982831413081,1002.06487036135,0.04656257632039808
e1bcfb7b-6cf2-4a73-8aae-6a4786a94534,209,e1bcfb7b-6cf2-4a73-8aae-6a4786a94534:3:23,HISTORICAL:CYCLE-000011-20260731T040859000000:00001001,CYCLE-000011-20260731T040859000000,BIRB,-0.005242889772280167,1001.5930402515359,1002.06487036135,0.04708578493965358
e1bcfb7b-6cf2-4a73-8aae-6a4786a94534,210,e1bcfb7b-6cf2-4a73-8aae-6a4786a94534:3:24,HISTORICAL:CYCLE-000011-20260731T040859000000:00001001,CYCLE-000011-20260731T040859000000,BIRB,-0.0039446998870531335,1001.5890955516488,1002.06487036135,0.04747944207740021
e1bcfb7b-6cf2-4a73-8aae-6a4786a94534,211,e1bcfb7b-6cf2-4a73-8aae-6a4786a94534:3:25,HISTORICAL:CYCLE-000011-20260731T040859000000:00001001,CYCLE-000011-20260731T040859000000,BIRB,-0.003041123668720758,1001.5860544279801,1002.06487036135,0.047782927785627066
e1bcfb7b-6cf2-4a73-8aae-6a4786a94534,212,e1bcfb7b-6cf2-4a73-8aae-6a4786a94534:3:26,HISTORICAL:CYCLE-000011-20260731T040859000000:00001001,CYCLE-000011-20260731T040859000000,BIRB,-0.00204958899417149,1001.584004838986,1002.06487036135,0.04798746434356761
e1bcfb7b-6cf2-4a73-8aae-6a4786a94534,213,e1bcfb7b-6cf2-4a73-8aae-6a4786a94534:3:27,HISTORICAL:CYCLE-000011-20260731T040859000000:00001001,CYCLE-000011-20260731T040859000000,BIRB,-0.004655056751587468,1001.5793497822343,1002.06487036135,0.048452010790540845
e1bcfb7b-6cf2-4a73-8aae-6a4786a94534,214,e1bcfb7b-6cf2-4a73-8aae-6a4786a94534:3:28,HISTORICAL:CYCLE-000011-20260731T040859000000:00001001,CYCLE-000011-20260731T040859000000,BIRB,-0.0013250215276376263,1001.5780247607066,1002.06487036135,0.04858423990732581
e1bcfb7b-6cf2-4a73-8aae-6a4786a94534,215,e1bcfb7b-6cf2-4a73-8aae-6a4786a94534:3:29,HISTORICAL:CYCLE-000011-20260731T040859000000:00001001,CYCLE-000011-20260731T040859000000,BIRB,-0.005249391532105789,1001.5727753691746,1002.06487036135,0.04910809736279854
e1bcfb7b-6cf2-4a73-8aae-6a4786a94534,216,e1bcfb7b-6cf2-4a73-8aae-6a4786a94534:3:31,HISTORICAL:CYCLE-000011-20260731T040859000000:00001001,CYCLE-000011-20260731T040859000000,BIRB,-0.005426127012440137,1001.5673492421621,1002.06487036135,0.049649591947925856
e1bcfb7b-6cf2-4a73-8aae-6a4786a94534,217,e1bcfb7b-6cf2-4a73-8aae-6a4786a94534:3:32,HISTORICAL:CYCLE-000011-20260731T040859000000:00001001,CYCLE-000011-20260731T040859000000,BIRB,-0.0013058325005057547,1001.5660434096616,1002.06487036135,0.049779906116114346
e1bcfb7b-6cf2-4a73-8aae-6a4786a94534,218,e1bcfb7b-6cf2-4a73-8aae-6a4786a94534:3:34,HISTORICAL:CYCLE-000011-20260731T040859000000:00001001,CYCLE-000011-20260731T040859000000,BIRB,-0.006062990871370671,1001.5599804187902,1002.06487036135,0.050384955853976295
e1bcfb7b-6cf2-4a73-8aae-6a4786a94534,219,e1bcfb7b-6cf2-4a73-8aae-6a4786a94534:3:35,HISTORICAL:CYCLE-000011-20260731T040859000000:00001001,CYCLE-000011-20260731T040859000000,BIRB,-0.0008415511916392774,1001.5591388675986,1002.06487036135,0.05046893756180528
e1bcfb7b-6cf2-4a73-8aae-6a4786a94534,220,e1bcfb7b-6cf2-4a73-8aae-6a4786a94534:3:36,HISTORICAL:CYCLE-000011-20260731T040859000000:00001001,CYCLE-000011-20260731T040859000000,BIRB,-0.001797064834463707,1001.5573418027641,1002.06487036135,0.05064827373929538
e1bcfb7b-6cf2-4a73-8aae-6a4786a94534,221,e1bcfb7b-6cf2-4a73-8aae-6a4786a94534:3:37,HISTORICAL:CYCLE-000011-20260731T040859000000:00001001,CYCLE-000011-20260731T040859000000,BIRB,-0.005100266041296365,1001.5522415367228,1002.06487036135,0.051157249374717925
e1bcfb7b-6cf2-4a73-8aae-6a4786a94534,222,e1bcfb7b-6cf2-4a73-8aae-6a4786a94534:3:38,HISTORICAL:CYCLE-000011-20260731T040859000000:00001001,CYCLE-000011-20260731T040859000000,BIRB,-0.0009467653995149929,1001.5512947713233,1002.06487036135,0.05125173082272386
e1bcfb7b-6cf2-4a73-8aae-6a4786a94534,223,e1bcfb7b-6cf2-4a73-8aae-6a4786a94534:3:39,HISTORICAL:CYCLE-000011-20260731T040859000000:00001001,CYCLE-000011-20260731T040859000000,BIRB,-0.001735487147875179,1001.5495592841754,1002.06487036135,0.05142492192035207
e1bcfb7b-6cf2-4a73-8aae-6a4786a94534,224,e1bcfb7b-6cf2-4a73-8aae-6a4786a94534:3:40,HISTORICAL:CYCLE-000011-20260731T040859000000:00001001,CYCLE-000011-20260731T040859000000,BIRB,-0.003063045584613709,1001.5464962385907,1002.06487036135,0.05173059530291093
e1bcfb7b-6cf2-4a73-8aae-6a4786a94534,225,e1bcfb7b-6cf2-4a73-8aae-6a4786a94534:3:41,HISTORICAL:CYCLE-000011-20260731T040859000000:00001001,CYCLE-000011-20260731T040859000000,BIRB,-0.0018183408221802587,1001.5446778977686,1002.06487036135,0.05191205469500871
e1bcfb7b-6cf2-4a73-8aae-6a4786a94534,226,e1bcfb7b-6cf2-4a73-8aae-6a4786a94534:3:42,HISTORICAL:CYCLE-000011-20260731T040859000000:00001001,CYCLE-000011-20260731T040859000000,BIRB,-0.004380957272483334,1001.5402969404961,1002.06487036135,0.05234924767542865
e1bcfb7b-6cf2-4a73-8aae-6a4786a94534,227,e1bcfb7b-6cf2-4a73-8aae-6a4786a94534:3:44,HISTORICAL:CYCLE-000011-20260731T040859000000:00001001,CYCLE-000011-20260731T040859000000,BIRB,-0.003444438899293022,1001.5368525015969,1002.06487036135,0.052692981798948504
e1bcfb7b-6cf2-4a73-8aae-6a4786a94534,228,e1bcfb7b-6cf2-4a73-8aae-6a4786a94534:3:45,HISTORICAL:CYCLE-000011-20260731T040859000000:00001001,CYCLE-000011-20260731T040859000000,BIRB,-0.0006061229599090833,1001.536246378637,1002.06487036135,0.05275346919630246
e1bcfb7b-6cf2-4a73-8aae-6a4786a94534,229,e1bcfb7b-6cf2-4a73-8aae-6a4786a94534:3:46,HISTORICAL:CYCLE-000011-20260731T040859000000:00001001,CYCLE-000011-20260731T040859000000,BIRB,-0.004304224950608499,1001.5319421536864,1002.06487036135,0.053183004756116016
e1bcfb7b-6cf2-4a73-8aae-6a4786a94534,230,e1bcfb7b-6cf2-4a73-8aae-6a4786a94534:3:47,HISTORICAL:CYCLE-000011-20260731T040859000000:00001001,CYCLE-000011-20260731T040859000000,BIRB,-0.004945400399281283,1001.5269967532871,1002.06487036135,0.05367652573919187
e1bcfb7b-6cf2-4a73-8aae-6a4786a94534,231,e1bcfb7b-6cf2-4a73-8aae-6a4786a94534:3:48,HISTORICAL:CYCLE-000011-20260731T040859000000:00001001,CYCLE-000011-20260731T040859000000,BIRB,-0.005302147834455701,1001.5216946054527,1002.06487036135,0.05420564795385463
e1bcfb7b-6cf2-4a73-8aae-6a4786a94534,232,e1bcfb7b-6cf2-4a73-8aae-6a4786a94534:3:49,HISTORICAL:CYCLE-000011-20260731T040859000000:00001001,CYCLE-000011-20260731T040859000000,BIRB,-0.005112689549053846,1001.5165819159037,1002.06487036135,0.05471586338004688
e1bcfb7b-6cf2-4a73-8aae-6a4786a94534,233,e1bcfb7b-6cf2-4a73-8aae-6a4786a94534:3:50,HISTORICAL:CYCLE-000011-20260731T040859000000:00001001,CYCLE-000011-20260731T040859000000,BIRB,-0.005053359957870485,1001.5115285559458,1002.06487036135,0.055220158072668266
e1bcfb7b-6cf2-4a73-8aae-6a4786a94534,234,e1bcfb7b-6cf2-4a73-8aae-6a4786a94534:3:51,HISTORICAL:CYCLE-000011-20260731T040859000000:00001001,CYCLE-000011-20260731T040859000000,BIRB,-0.0041786531903767726,1001.5073499027554,1002.06487036135,0.05563716233196921
e1bcfb7b-6cf2-4a73-8aae-6a4786a94534,235,e1bcfb7b-6cf2-4a73-8aae-6a4786a94534:3:52,HISTORICAL:CYCLE-000011-20260731T040859000000:00001001,CYCLE-000011-20260731T040859000000,BIRB,-0.004267750496717679,1001.5030821522587,1002.06487036135,0.0560630579623801
e1bcfb7b-6cf2-4a73-8aae-6a4786a94534,236,e1bcfb7b-6cf2-4a73-8aae-6a4786a94534:3:53,HISTORICAL:CYCLE-000011-20260731T040859000000:00001001,CYCLE-000011-20260731T040859000000,BIRB,-0.0045659056263276775,1001.4985162466323,1002.06487036135,0.056518707667443976
e1bcfb7b-6cf2-4a73-8aae-6a4786a94534,237,e1bcfb7b-6cf2-4a73-8aae-6a4786a94534:3:54,HISTORICAL:CYCLE-000011-20260731T040859000000:00001001,CYCLE-000011-20260731T040859000000,BIRB,-0.0016054494031773091,1001.4969107972291,1002.06487036135,0.05667892178637837
e1bcfb7b-6cf2-4a73-8aae-6a4786a94534,238,e1bcfb7b-6cf2-4a73-8aae-6a4786a94534:3:55,HISTORICAL:CYCLE-000011-20260731T040859000000:00001001,CYCLE-000011-20260731T040859000000,BIRB,-0.004263116657594835,1001.4926476805715,1002.06487036135,0.05710435498773273
e1bcfb7b-6cf2-4a73-8aae-6a4786a94534,239,e1bcfb7b-6cf2-4a73-8aae-6a4786a94534:3:56,HISTORICAL:CYCLE-000011-20260731T040859000000:00001001,CYCLE-000011-20260731T040859000000,BIRB,-0.004728824163079206,1001.4879188564084,1002.06487036135,0.05757626297522275
e1bcfb7b-6cf2-4a73-8aae-6a4786a94534,240,e1bcfb7b-6cf2-4a73-8aae-6a4786a94534:3:57,HISTORICAL:CYCLE-000011-20260731T040859000000:00001001,CYCLE-000011-20260731T040859000000,BIRB,-0.003340589694981277,1001.4845782667135,1002.06487036135,0.057909633577643636
e1bcfb7b-6cf2-4a73-8aae-6a4786a94534,241,e1bcfb7b-6cf2-4a73-8aae-6a4786a94534:3:58,HISTORICAL:CYCLE-000011-20260731T040859000000:00001001,CYCLE-000011-20260731T040859000000,BIRB,-0.0037383366756854304,1001.4808399300377,1002.06487036135,0.058282696917782074
e1bcfb7b-6cf2-4a73-8aae-6a4786a94534,242,e1bcfb7b-6cf2-4a73-8aae-6a4786a94534:3:59,HISTORICAL:CYCLE-000011-20260731T040859000000:00001001,CYCLE-000011-20260731T040859000000,BIRB,-0.0016080440072753304,1001.4792318860304,1002.06487036135,0.05844316996247812
e1bcfb7b-6cf2-4a73-8aae-6a4786a94534,243,e1bcfb7b-6cf2-4a73-8aae-6a4786a94534:3:60,HISTORICAL:CYCLE-000011-20260731T040859000000:00001001,CYCLE-000011-20260731T040859000000,BIRB,-0.0008507674959461166,1001.4783811185345,1002.06487036135,0.05852807140161182
e1bcfb7b-6cf2-4a73-8aae-6a4786a94534,244,e1bcfb7b-6cf2-4a73-8aae-6a4786a94534:3:61,HISTORICAL:CYCLE-000011-20260731T040859000000:00001001,CYCLE-000011-20260731T040859000000,BIRB,-0.0041784366115303374,1001.474202681923,1002.06487036135,0.05894505404765307
e1bcfb7b-6cf2-4a73-8aae-6a4786a94534,245,e1bcfb7b-6cf2-4a73-8aae-6a4786a94534:3:62,HISTORICAL:CYCLE-000011-20260731T040859000000:00001001,CYCLE-000011-20260731T040859000000,BIRB,-0.004097559316098483,1001.4701051226069,1002.06487036135,0.059353965629851686
e1bcfb7b-6cf2-4a73-8aae-6a4786a94534,246,e1bcfb7b-6cf2-4a73-8aae-6a4786a94534:3:64,HISTORICAL:CYCLE-000011-20260731T040859000000:00001001,CYCLE-000011-20260731T040859000000,BIRB,-0.001803529768647858,1001.4683015928383,1002.06487036135,0.059533946968580574
e1bcfb7b-6cf2-4a73-8aae-6a4786a94534,247,e1bcfb7b-6cf2-4a73-8aae-6a4786a94534:3:65,HISTORICAL:CYCLE-000011-20260731T040859000000:00001001,CYCLE-000011-20260731T040859000000,BIRB,-0.002711848522257372,1001.465589744316,1002.06487036135,0.059804573013108944
e1bcfb7b-6cf2-4a73-8aae-6a4786a94534,248,e1bcfb7b-6cf2-4a73-8aae-6a4786a94534:3:66,HISTORICAL:CYCLE-000011-20260731T040859000000:00001001,CYCLE-000011-20260731T040859000000,BIRB,-0.0019082810896115803,1001.4636814632264,1002.06487036135,0.05999500789872195
e1bcfb7b-6cf2-4a73-8aae-6a4786a94534,249,e1bcfb7b-6cf2-4a73-8aae-6a4786a94534:3:67,HISTORICAL:CYCLE-000011-20260731T040859000000:00001001,CYCLE-000011-20260731T040859000000,BIRB,-0.003199065726090413,1001.4604823975003,1002.06487036135,0.06031425526690421
e1bcfb7b-6cf2-4a73-8aae-6a4786a94534,250,e1bcfb7b-6cf2-4a73-8aae-6a4786a94534:3:68,HISTORICAL:CYCLE-000011-20260731T040859000000:00001001,CYCLE-000011-20260731T040859000000,BIRB,-0.001351992199019836,1001.4591304053013,1002.06487036135,0.06044917589320519
e1bcfb7b-6cf2-4a73-8aae-6a4786a94534,251,e1bcfb7b-6cf2-4a73-8aae-6a4786a94534:3:69,HISTORICAL:CYCLE-000011-20260731T040859000000:00001001,CYCLE-000011-20260731T040859000000,BIRB,-0.003945211137979592,1001.4551851941633,1002.06487036135,0.060842884050698647
e1bcfb7b-6cf2-4a73-8aae-6a4786a94534,252,e1bcfb7b-6cf2-4a73-8aae-6a4786a94534:3:70,HISTORICAL:CYCLE-000011-20260731T040859000000:00001001,CYCLE-000011-20260731T040859000000,BIRB,-0.0024813020700713367,1001.4527038920932,1002.06487036135,0.06109050295677089
e1bcfb7b-6cf2-4a73-8aae-6a4786a94534,253,e1bcfb7b-6cf2-4a73-8aae-6a4786a94534:3:71,HISTORICAL:CYCLE-000011-20260731T040859000000:00001001,CYCLE-000011-20260731T040859000000,BIRB,-0.00521639791318362,1001.44748749418,1002.06487036135,0.061611067849069535
e1bcfb7b-6cf2-4a73-8aae-6a4786a94534,254,e1bcfb7b-6cf2-4a73-8aae-6a4786a94534:3:72,HISTORICAL:CYCLE-000011-20260731T040859000000:00001001,CYCLE-000011-20260731T040859000000,BIRB,-0.003714824156663672,1001.4437726700233,1002.06487036135,0.061981784782326174
e1bcfb7b-6cf2-4a73-8aae-6a4786a94534,255,e1bcfb7b-6cf2-4a73-8aae-6a4786a94534:3:73,HISTORICAL:CYCLE-000011-20260731T040859000000:00001001,CYCLE-000011-20260731T040859000000,BIRB,-0.004182131554998397,1001.4395905384683,1002.06487036135,0.06239913616133462
e1bcfb7b-6cf2-4a73-8aae-6a4786a94534,256,e1bcfb7b-6cf2-4a73-8aae-6a4786a94534:3:74,HISTORICAL:CYCLE-000011-20260731T040859000000:00001001,CYCLE-000011-20260731T040859000000,BIRB,-0.0046083128541702136,1001.4349822256141,1002.06487036135,0.06285901785068478
e1bcfb7b-6cf2-4a73-8aae-6a4786a94534,257,e1bcfb7b-6cf2-4a73-8aae-6a4786a94534:3:75,HISTORICAL:CYCLE-000011-20260731T040859000000:00001001,CYCLE-000011-20260731T040859000000,BIRB,-0.0007987997109038221,1001.4341834259033,1002.06487036135,0.06293873321986945
e1bcfb7b-6cf2-4a73-8aae-6a4786a94534,258,e1bcfb7b-6cf2-4a73-8aae-6a4786a94534:3:76,HISTORICAL:CYCLE-000011-20260731T040859000000:00001001,CYCLE-000011-20260731T040859000000,BIRB,-0.0013010606500213672,1001.4328823652532,1002.06487036135,0.06306857118630153
e1bcfb7b-6cf2-4a73-8aae-6a4786a94534,259,e1bcfb7b-6cf2-4a73-8aae-6a4786a94534:3:77,HISTORICAL:CYCLE-000011-20260731T040859000000:00001001,CYCLE-000011-20260731T040859000000,BIRB,-0.0008862584568658542,1001.4319961067964,1002.06487036135,0.06315701440819703
e1bcfb7b-6cf2-4a73-8aae-6a4786a94534,260,e1bcfb7b-6cf2-4a73-8aae-6a4786a94534:3:78,HISTORICAL:CYCLE-000011-20260731T040859000000:00001001,CYCLE-000011-20260731T040859000000,BIRB,-0.00452157438505797,1001.4274745324113,1002.06487036135,0.06360824012409803
e1bcfb7b-6cf2-4a73-8aae-6a4786a94534,261,e1bcfb7b-6cf2-4a73-8aae-6a4786a94534:3:79,HISTORICAL:CYCLE-000011-20260731T040859000000:00001001,CYCLE-000011-20260731T040859000000,BIRB,-0.0054158851486347855,1001.4220586472627,1002.06487036135,0.0641487126332963
e1bcfb7b-6cf2-4a73-8aae-6a4786a94534,262,e1bcfb7b-6cf2-4a73-8aae-6a4786a94534:3:80,HISTORICAL:CYCLE-000011-20260731T040859000000:00001001,CYCLE-000011-20260731T040859000000,BIRB,-0.0017373034981916615,1001.4203213437645,1002.06487036135,0.0643220849916723
e1bcfb7b-6cf2-4a73-8aae-6a4786a94534,263,e1bcfb7b-6cf2-4a73-8aae-6a4786a94534:3:81,HISTORICAL:CYCLE-000011-20260731T040859000000:00001001,CYCLE-000011-20260731T040859000000,BIRB,-0.004239994329374016,1001.4160813494351,1002.06487036135,0.06474521072482636
e1bcfb7b-6cf2-4a73-8aae-6a4786a94534,264,e1bcfb7b-6cf2-4a73-8aae-6a4786a94534:3:82,HISTORICAL:CYCLE-000011-20260731T040859000000:00001001,CYCLE-000011-20260731T040859000000,BIRB,-0.005057815659115557,1001.411023533776,1002.06487036135,0.06524995006942777
e1bcfb7b-6cf2-4a73-8aae-6a4786a94534,265,e1bcfb7b-6cf2-4a73-8aae-6a4786a94534:3:83,HISTORICAL:CYCLE-000011-20260731T040859000000:00001001,CYCLE-000011-20260731T040859000000,BIRB,-0.0019079605024437192,1001.4091155732735,1002.06487036135,0.06544035296237957
e1bcfb7b-6cf2-4a73-8aae-6a4786a94534,266,e1bcfb7b-6cf2-4a73-8aae-6a4786a94534:3:84,HISTORICAL:CYCLE-000011-20260731T040859000000:00001001,CYCLE-000011-20260731T040859000000,BIRB,-0.0025125397965667005,1001.4066030334769,1002.06487036135,0.06569108920420651
e1bcfb7b-6cf2-4a73-8aae-6a4786a94534,267,e1bcfb7b-6cf2-4a73-8aae-6a4786a94534:3:85,HISTORICAL:CYCLE-000011-20260731T040859000000:00001001,CYCLE-000011-20260731T040859000000,BIRB,-0.004435997320201024,1001.4021670361567,1002.06487036135,0.06613377484776464
e1bcfb7b-6cf2-4a73-8aae-6a4786a94534,268,e1bcfb7b-6cf2-4a73-8aae-6a4786a94534:3:86,HISTORICAL:CYCLE-000011-20260731T040859000000:00001001,CYCLE-000011-20260731T040859000000,BIRB,-0.002923911523820659,1001.3992431246329,1002.06487036135,0.06642556349441582
e1bcfb7b-6cf2-4a73-8aae-6a4786a94534,269,e1bcfb7b-6cf2-4a73-8aae-6a4786a94534:3:87,HISTORICAL:CYCLE-000011-20260731T040859000000:00001001,CYCLE-000011-20260731T040859000000,BIRB,-0.0037722913854534215,1001.3954708332475,1002.06487036135,0.06680201530876358
e1bcfb7b-6cf2-4a73-8aae-6a4786a94534,270,e1bcfb7b-6cf2-4a73-8aae-6a4786a94534:3:88,HISTORICAL:CYCLE-000011-20260731T040859000000:00001001,CYCLE-000011-20260731T040859000000,BIRB,-0.002994529940407285,1001.392476303307,1002.06487036135,0.0671008512453404
e1bcfb7b-6cf2-4a73-8aae-6a4786a94534,271,e1bcfb7b-6cf2-4a73-8aae-6a4786a94534:3:90,HISTORICAL:CYCLE-000011-20260731T040859000000:00001001,CYCLE-000011-20260731T040859000000,BIRB,-0.00438482817318882,1001.3880914751338,1002.06487036135,0.06753843051819068
e1bcfb7b-6cf2-4a73-8aae-6a4786a94534,272,e1bcfb7b-6cf2-4a73-8aae-6a4786a94534:3:91,HISTORICAL:CYCLE-000011-20260731T040859000000:00001001,CYCLE-000011-20260731T040859000000,BIRB,-0.0031279272789524635,1001.3849635478549,1002.06487036135,0.06785057870055164
e1bcfb7b-6cf2-4a73-8aae-6a4786a94534,273,e1bcfb7b-6cf2-4a73-8aae-6a4786a94534:3:92,HISTORICAL:CYCLE-000011-20260731T040859000000:00001001,CYCLE-000011-20260731T040859000000,BIRB,-0.004729415922032972,1001.3802341319329,1002.06487036135,0.0683225457420005
e1bcfb7b-6cf2-4a73-8aae-6a4786a94534,274,e1bcfb7b-6cf2-4a73-8aae-6a4786a94534:3:93,HISTORICAL:CYCLE-000011-20260731T040859000000:00001001,CYCLE-000011-20260731T040859000000,BIRB,-0.005139479838861779,1001.375094652094,1002.06487036135,0.06883543467672225
e1bcfb7b-6cf2-4a73-8aae-6a4786a94534,275,e1bcfb7b-6cf2-4a73-8aae-6a4786a94534:3:94,HISTORICAL:CYCLE-000011-20260731T040859000000:00001001,CYCLE-000011-20260731T040859000000,BIRB,-0.00368920920567676,1001.3714054428883,1002.06487036135,0.06920359539314386
e1bcfb7b-6cf2-4a73-8aae-6a4786a94534,276,e1bcfb7b-6cf2-4a73-8aae-6a4786a94534:3:95,HISTORICAL:CYCLE-000011-20260731T040859000000:00001001,CYCLE-000011-20260731T040859000000,BIRB,-0.005424126390739499,1001.3659813164976,1002.06487036135,0.06974489032834755
e1bcfb7b-6cf2-4a73-8aae-6a4786a94534,277,e1bcfb7b-6cf2-4a73-8aae-6a4786a94534:3:96,HISTORICAL:CYCLE-000011-20260731T040859000000:00001001,CYCLE-000011-20260731T040859000000,BIRB,-0.0034937534319983664,1001.3624875630655,1002.06487036135,0.07009354574332019
e1bcfb7b-6cf2-4a73-8aae-6a4786a94534,278,e1bcfb7b-6cf2-4a73-8aae-6a4786a94534:3:98,HISTORICAL:CYCLE-000011-20260731T040859000000:00001001,CYCLE-000011-20260731T040859000000,BIRB,-0.0009351847795774692,1001.361552378286,1002.06487036135,0.07018687151565536
e1bcfb7b-6cf2-4a73-8aae-6a4786a94534,279,e1bcfb7b-6cf2-4a73-8aae-6a4786a94534:3:99,HISTORICAL:CYCLE-000011-20260731T040859000000:00001001,CYCLE-000011-20260731T040859000000,BIRB,-0.0021329040437511834,1001.3594194742423,1002.06487036135,0.07039972241052311
e1bcfb7b-6cf2-4a73-8aae-6a4786a94534,280,e1bcfb7b-6cf2-4a73-8aae-6a4786a94534:3:100,HISTORICAL:CYCLE-000011-20260731T040859000000:00001001,CYCLE-000011-20260731T040859000000,BIRB,-0.0027580968957864626,1001.3566613773464,1002.06487036135,0.0706749637623966
e1bcfb7b-6cf2-4a73-8aae-6a4786a94534,281,e1bcfb7b-6cf2-4a73-8aae-6a4786a94534:4:1,VERIFIED_LIVE:2026-07-31 22:13:54:00000305,2026-07-31 22:13:54,Bonk,0.0029228086423871,1001.3595841859889,1002.06487036135,0.07038328517661958
e1bcfb7b-6cf2-4a73-8aae-6a4786a94534,282,e1bcfb7b-6cf2-4a73-8aae-6a4786a94534:4:2,VERIFIED_LIVE:2026-07-31 22:13:54:00000305,2026-07-31 22:13:54,Bonk,0.00410556556005608,1001.3636897515489,1002.06487036135,0.06997357461979979
e1bcfb7b-6cf2-4a73-8aae-6a4786a94534,283,e1bcfb7b-6cf2-4a73-8aae-6a4786a94534:4:3,VERIFIED_LIVE:2026-07-31 22:13:54:00000305,2026-07-31 22:13:54,Bonk,0.0019901415720389205,1001.365679893121,1002.06487036135,0.06977497055424471
e1bcfb7b-6cf2-4a73-8aae-6a4786a94534,284,e1bcfb7b-6cf2-4a73-8aae-6a4786a94534:4:4,VERIFIED_LIVE:2026-07-31 22:13:54:00000305,2026-07-31 22:13:54,Bonk,0.0041873316863089895,1001.3698672248073,1002.06487036135,0.06935710023364929
e1bcfb7b-6cf2-4a73-8aae-6a4786a94534,285,e1bcfb7b-6cf2-4a73-8aae-6a4786a94534:4:5,VERIFIED_LIVE:2026-07-31 22:13:54:00000305,2026-07-31 22:13:54,Bonk,3.76216579494092e-05,1001.3699048464653,1002.06487036135,0.06935334582023103
e1bcfb7b-6cf2-4a73-8aae-6a4786a94534,286,e1bcfb7b-6cf2-4a73-8aae-6a4786a94534:4:6,VERIFIED_LIVE:2026-07-31 22:13:54:00000305,2026-07-31 22:13:54,Bonk,0.0019997835020854095,1001.3719046299674,1002.06487036135,0.0691537795484978
e1bcfb7b-6cf2-4a73-8aae-6a4786a94534,287,e1bcfb7b-6cf2-4a73-8aae-6a4786a94534:4:7,VERIFIED_LIVE:2026-07-31 22:13:54:00000305,2026-07-31 22:13:54,Bonk,0.0016897517069809462,1001.3735943816744,1002.06487036135,0.06898515257064883
e1bcfb7b-6cf2-4a73-8aae-6a4786a94534,288,e1bcfb7b-6cf2-4a73-8aae-6a4786a94534:4:8,VERIFIED_LIVE:2026-07-31 22:13:54:00000305,2026-07-31 22:13:54,Bonk,0.002177450830398178,1001.3757718325047,1002.06487036135,0.06876785617649823
e1bcfb7b-6cf2-4a73-8aae-6a4786a94534,289,e1bcfb7b-6cf2-4a73-8aae-6a4786a94534:4:10,VERIFIED_LIVE:2026-07-31 22:13:54:00000305,2026-07-31 22:13:54,Bonk,0.0022985272569688046,1001.3780703597616,1002.06487036135,0.06853847708888518
e1bcfb7b-6cf2-4a73-8aae-6a4786a94534,290,e1bcfb7b-6cf2-4a73-8aae-6a4786a94534:4:11,VERIFIED_LIVE:2026-07-31 22:13:54:00000305,2026-07-31 22:13:54,Bonk,0.002969999806976717,1001.3810403595686,1002.06487036135,0.06824208911093983
e1bcfb7b-6cf2-4a73-8aae-6a4786a94534,291,e1bcfb7b-6cf2-4a73-8aae-6a4786a94534:4:12,VERIFIED_LIVE:2026-07-31 22:13:54:00000305,2026-07-31 22:13:54,Bonk,-0.0002652935424772287,1001.3807750660261,1002.06487036135,0.06826856379839216
e1bcfb7b-6cf2-4a73-8aae-6a4786a94534,292,e1bcfb7b-6cf2-4a73-8aae-6a4786a94534:4:13,VERIFIED_LIVE:2026-07-31 22:13:54:00000305,2026-07-31 22:13:54,Bonk,0.004248635411983552,1001.3850237014381,1002.06487036135,0.06784457573757703
e1bcfb7b-6cf2-4a73-8aae-6a4786a94534,293,e1bcfb7b-6cf2-4a73-8aae-6a4786a94534:4:14,VERIFIED_LIVE:2026-07-31 22:13:54:00000305,2026-07-31 22:13:54,Bonk,0.0035812182783512463,1001.3886049197164,1002.06487036135,0.06748719186111841
e1bcfb7b-6cf2-4a73-8aae-6a4786a94534,294,e1bcfb7b-6cf2-4a73-8aae-6a4786a94534:4:15,VERIFIED_LIVE:2026-07-31 22:13:54:00000305,2026-07-31 22:13:54,Bonk,0.0012776140393233448,1001.3898825337557,1002.06487036135,0.06735969372431407
e1bcfb7b-6cf2-4a73-8aae-6a4786a94534,295,e1bcfb7b-6cf2-4a73-8aae-6a4786a94534:4:16,VERIFIED_LIVE:2026-07-31 22:13:54:00000305,2026-07-31 22:13:54,Bonk,0.000524125653227495,1001.3904066594089,1002.06487036135,0.06730738916113489
e1bcfb7b-6cf2-4a73-8aae-6a4786a94534,296,e1bcfb7b-6cf2-4a73-8aae-6a4786a94534:4:17,VERIFIED_LIVE:2026-07-31 22:13:54:00000305,2026-07-31 22:13:54,Bonk,0.003736768372796075,1001.3941434277817,1002.06487036135,0.06693448232811731
e1bcfb7b-6cf2-4a73-8aae-6a4786a94534,297,e1bcfb7b-6cf2-4a73-8aae-6a4786a94534:4:18,VERIFIED_LIVE:2026-07-31 22:13:54:00000305,2026-07-31 22:13:54,Bonk,0.0013953542522285112,1001.395538782034,1002.06487036135,0.06679523443174329
e1bcfb7b-6cf2-4a73-8aae-6a4786a94534,298,e1bcfb7b-6cf2-4a73-8aae-6a4786a94534:4:19,VERIFIED_LIVE:2026-07-31 22:13:54:00000305,2026-07-31 22:13:54,Bonk,0.0003889282760613996,1001.39592771031,1002.06487036135,0.0667564217473012
e1bcfb7b-6cf2-4a73-8aae-6a4786a94534,299,e1bcfb7b-6cf2-4a73-8aae-6a4786a94534:4:20,VERIFIED_LIVE:2026-07-31 22:13:54:00000305,2026-07-31 22:13:54,Bonk,0.0020505339152510228,1001.3979782442253,1002.06487036135,0.06655179089196135
e1bcfb7b-6cf2-4a73-8aae-6a4786a94534,300,e1bcfb7b-6cf2-4a73-8aae-6a4786a94534:4:21,VERIFIED_LIVE:2026-07-31 22:13:54:00000305,2026-07-31 22:13:54,Bonk,0.000904825265804138,1001.3988830694911,1002.06487036135,0.06646149481507223
e1bcfb7b-6cf2-4a73-8aae-6a4786a94534,301,e1bcfb7b-6cf2-4a73-8aae-6a4786a94534:4:22,VERIFIED_LIVE:2026-07-31 22:13:54:00000305,2026-07-31 22:13:54,Bonk,0.004689054608095476,1001.4035721240992,1002.06487036135,0.0659935555881036
e1bcfb7b-6cf2-4a73-8aae-6a4786a94534,302,e1bcfb7b-6cf2-4a73-8aae-6a4786a94534:4:23,VERIFIED_LIVE:2026-07-31 22:13:54:00000305,2026-07-31 22:13:54,Bonk,0.00048607192378680164,1001.404058196023,1002.06487036135,0.06594504855645816
e1bcfb7b-6cf2-4a73-8aae-6a4786a94534,303,e1bcfb7b-6cf2-4a73-8aae-6a4786a94534:4:24,VERIFIED_LIVE:2026-07-31 22:13:54:00000305,2026-07-31 22:13:54,Bonk,0.004984082771475217,1001.4090422787945,1002.06487036135,0.06544766730711389
e1bcfb7b-6cf2-4a73-8aae-6a4786a94534,304,e1bcfb7b-6cf2-4a73-8aae-6a4786a94534:4:25,VERIFIED_LIVE:2026-07-31 22:13:54:00000305,2026-07-31 22:13:54,Bonk,0.0011705215246637195,1001.4102128003191,1002.06487036135,0.06533085635412722
e1bcfb7b-6cf2-4a73-8aae-6a4786a94534,305,e1bcfb7b-6cf2-4a73-8aae-6a4786a94534:4:26,VERIFIED_LIVE:2026-07-31 22:13:54:00000305,2026-07-31 22:13:54,Bonk,0.001277896638289117,1001.4114906969573,1002.06487036135,0.06520333001565669
e1bcfb7b-6cf2-4a73-8aae-6a4786a94534,306,e1bcfb7b-6cf2-4a73-8aae-6a4786a94534:4:27,VERIFIED_LIVE:2026-07-31 22:13:54:00000305,2026-07-31 22:13:54,Bonk,0.001763894675256387,1001.4132545916326,1002.06487036135,0.06502730401899362
e1bcfb7b-6cf2-4a73-8aae-6a4786a94534,307,e1bcfb7b-6cf2-4a73-8aae-6a4786a94534:4:28,VERIFIED_LIVE:2026-07-31 22:13:54:00000305,2026-07-31 22:13:54,Bonk,0.005096370390136373,1001.4183509620227,1002.06487036135,0.06451871714594334
e1bcfb7b-6cf2-4a73-8aae-6a4786a94534,308,e1bcfb7b-6cf2-4a73-8aae-6a4786a94534:4:29,VERIFIED_LIVE:2026-07-31 22:13:54:00000305,2026-07-31 22:13:54,Bonk,0.001269282493496741,1001.4196202445162,1002.06487036135,0.0643920504469092
e1bcfb7b-6cf2-4a73-8aae-6a4786a94534,309,e1bcfb7b-6cf2-4a73-8aae-6a4786a94534:4:30,VERIFIED_LIVE:2026-07-31 22:13:54:00000305,2026-07-31 22:13:54,Bonk,0.0011975881400857697,1001.4208178326562,1002.06487036135,0.06427253840976949
e1bcfb7b-6cf2-4a73-8aae-6a4786a94534,310,e1bcfb7b-6cf2-4a73-8aae-6a4786a94534:4:31,VERIFIED_LIVE:2026-07-31 22:13:54:00000305,2026-07-31 22:13:54,Bonk,0.0005369081824288212,1001.4213547408386,1002.06487036135,0.06421895822765693
e1bcfb7b-6cf2-4a73-8aae-6a4786a94534,311,e1bcfb7b-6cf2-4a73-8aae-6a4786a94534:4:32,VERIFIED_LIVE:2026-07-31 22:13:54:00000305,2026-07-31 22:13:54,Bonk,0.0035410577328839356,1001.4248957985715,1002.06487036135,0.06386558213020375
e1bcfb7b-6cf2-4a73-8aae-6a4786a94534,312,e1bcfb7b-6cf2-4a73-8aae-6a4786a94534:4:33,VERIFIED_LIVE:2026-07-31 22:13:54:00000305,2026-07-31 22:13:54,Bonk,0.0026146680542203666,1001.4275104666257,1002.06487036135,0.06360465410732395
e1bcfb7b-6cf2-4a73-8aae-6a4786a94534,313,e1bcfb7b-6cf2-4a73-8aae-6a4786a94534:4:34,VERIFIED_LIVE:2026-07-31 22:13:54:00000305,2026-07-31 22:13:54,Bonk,0.0039023366519357356,1001.4314128032776,1002.06487036135,0.06321522456365747
e1bcfb7b-6cf2-4a73-8aae-6a4786a94534,314,e1bcfb7b-6cf2-4a73-8aae-6a4786a94534:4:35,VERIFIED_LIVE:2026-07-31 22:13:54:00000305,2026-07-31 22:13:54,Bonk,0.003508873641945651,1001.4349216769195,1002.06487036135,0.06286506024338634
e1bcfb7b-6cf2-4a73-8aae-6a4786a94534,315,e1bcfb7b-6cf2-4a73-8aae-6a4786a94534:4:36,VERIFIED_LIVE:2026-07-31 22:13:54:00000305,2026-07-31 22:13:54,Bonk,0.001673609768239688,1001.4365952866877,1002.06487036135,0.06269804413318174
e1bcfb7b-6cf2-4a73-8aae-6a4786a94534,316,e1bcfb7b-6cf2-4a73-8aae-6a4786a94534:4:38,VERIFIED_LIVE:2026-07-31 22:13:54:00000305,2026-07-31 22:13:54,Bonk,0.0033725235947183805,1001.4399678102825,1002.06487036135,0.06236148672113191
e1bcfb7b-6cf2-4a73-8aae-6a4786a94534,317,e1bcfb7b-6cf2-4a73-8aae-6a4786a94534:4:39,VERIFIED_LIVE:2026-07-31 22:13:54:00000305,2026-07-31 22:13:54,Bonk,0.003502735671621933,1001.4434705459541,1002.06487036135,0.06201193493309423
e1bcfb7b-6cf2-4a73-8aae-6a4786a94534,318,e1bcfb7b-6cf2-4a73-8aae-6a4786a94534:4:40,VERIFIED_LIVE:2026-07-31 22:13:54:00000305,2026-07-31 22:13:54,Bonk,0.001342453396800983,1001.4448129993509,1002.06487036135,0.06187796622143892
e1bcfb7b-6cf2-4a73-8aae-6a4786a94534,319,e1bcfb7b-6cf2-4a73-8aae-6a4786a94534:4:41,VERIFIED_LIVE:2026-07-31 22:13:54:00000305,2026-07-31 22:13:54,Bonk,0.0034225628298192984,1001.4482355621807,1002.06487036135,0.06153641519704917
e1bcfb7b-6cf2-4a73-8aae-6a4786a94534,320,e1bcfb7b-6cf2-4a73-8aae-6a4786a94534:4:42,VERIFIED_LIVE:2026-07-31 22:13:54:00000305,2026-07-31 22:13:54,Bonk,0.0013825039030603203,1001.4496180660838,1002.06487036135,0.061398449687633104
e1bcfb7b-6cf2-4a73-8aae-6a4786a94534,321,e1bcfb7b-6cf2-4a73-8aae-6a4786a94534:4:45,VERIFIED_LIVE:2026-07-31 22:13:54:00000305,2026-07-31 22:13:54,Bonk,0.0015970332980725418,1001.4512150993818,1002.06487036135,0.06123907544498052
e1bcfb7b-6cf2-4a73-8aae-6a4786a94534,322,e1bcfb7b-6cf2-4a73-8aae-6a4786a94534:4:47,VERIFIED_LIVE:2026-07-31 22:13:54:00000305,2026-07-31 22:13:54,Bonk,0.0010725990571612601,1001.4522876984389,1002.06487036135,0.06113203656068775
e1bcfb7b-6cf2-4a73-8aae-6a4786a94534,323,e1bcfb7b-6cf2-4a73-8aae-6a4786a94534:4:48,VERIFIED_LIVE:2026-07-31 22:13:54:00000305,2026-07-31 22:13:54,Bonk,0.005029755789840647,1001.4573174542287,1002.06487036135,0.06063009742096137
e1bcfb7b-6cf2-4a73-8aae-6a4786a94534,324,e1bcfb7b-6cf2-4a73-8aae-6a4786a94534:4:49,VERIFIED_LIVE:2026-07-31 22:13:54:00000305,2026-07-31 22:13:54,Bonk,0.0009100783319265873,1001.4582275325606,1002.06487036135,0.06053927711991793
e1bcfb7b-6cf2-4a73-8aae-6a4786a94534,325,e1bcfb7b-6cf2-4a73-8aae-6a4786a94534:4:50,VERIFIED_LIVE:2026-07-31 22:13:54:00000305,2026-07-31 22:13:54,Bonk,7.565057169342353e-05,1001.4583031831323,1002.06487036135,0.06053172765142005
e1bcfb7b-6cf2-4a73-8aae-6a4786a94534,326,e1bcfb7b-6cf2-4a73-8aae-6a4786a94534:4:51,VERIFIED_LIVE:2026-07-31 22:13:54:00000305,2026-07-31 22:13:54,Bonk,0.0018518800886707801,1001.460155063221,1002.06487036135,0.06034692124382572
e1bcfb7b-6cf2-4a73-8aae-6a4786a94534,327,e1bcfb7b-6cf2-4a73-8aae-6a4786a94534:4:52,VERIFIED_LIVE:2026-07-31 22:13:54:00000305,2026-07-31 22:13:54,Bonk,0.002417968160083592,1001.4625730313811,1002.06487036135,0.060105622678072124
e1bcfb7b-6cf2-4a73-8aae-6a4786a94534,328,e1bcfb7b-6cf2-4a73-8aae-6a4786a94534:4:53,VERIFIED_LIVE:2026-07-31 22:13:54:00000305,2026-07-31 22:13:54,Bonk,0.003502892891209769,1001.4660759242723,1002.06487036135,0.05975605520047394
e1bcfb7b-6cf2-4a73-8aae-6a4786a94534,329,e1bcfb7b-6cf2-4a73-8aae-6a4786a94534:4:54,VERIFIED_LIVE:2026-07-31 22:13:54:00000305,2026-07-31 22:13:54,Bonk,0.0005635926742037474,1001.4666395169465,1002.06487036135,0.0596998120678304
e1bcfb7b-6cf2-4a73-8aae-6a4786a94534,330,e1bcfb7b-6cf2-4a73-8aae-6a4786a94534:4:55,VERIFIED_LIVE:2026-07-31 22:13:54:00000305,2026-07-31 22:13:54,Bonk,0.0032278618696067844,1001.4698673788162,1002.06487036135,0.059377691019074925
e1bcfb7b-6cf2-4a73-8aae-6a4786a94534,331,e1bcfb7b-6cf2-4a73-8aae-6a4786a94534:4:56,VERIFIED_LIVE:2026-07-31 22:13:54:00000305,2026-07-31 22:13:54,Bonk,0.004398673728904239,1001.4742660525451,1002.06487036135,0.0589387300436899
e1bcfb7b-6cf2-4a73-8aae-6a4786a94534,332,e1bcfb7b-6cf2-4a73-8aae-6a4786a94534:4:57,VERIFIED_LIVE:2026-07-31 22:13:54:00000305,2026-07-31 22:13:54,Bonk,6.43643537208147e-05,1001.4743304168989,1002.06487036135,0.05893230687133198
e1bcfb7b-6cf2-4a73-8aae-6a4786a94534,333,e1bcfb7b-6cf2-4a73-8aae-6a4786a94534:4:58,VERIFIED_LIVE:2026-07-31 22:13:54:00000305,2026-07-31 22:13:54,Bonk,0.0016982250330271347,1001.4760286419319,1002.06487036135,0.05876283430690631
e1bcfb7b-6cf2-4a73-8aae-6a4786a94534,334,e1bcfb7b-6cf2-4a73-8aae-6a4786a94534:4:59,VERIFIED_LIVE:2026-07-31 22:13:54:00000305,2026-07-31 22:13:54,Bonk,0.0019046293278727022,1001.4779332712598,1002.06487036135,0.0585727638449801
e1bcfb7b-6cf2-4a73-8aae-6a4786a94534,335,e1bcfb7b-6cf2-4a73-8aae-6a4786a94534:4:60,VERIFIED_LIVE:2026-07-31 22:13:54:00000305,2026-07-31 22:13:54,Bonk,0.0017063607099584528,1001.4796396319697,1002.06487036135,0.05840247938931244
e1bcfb7b-6cf2-4a73-8aae-6a4786a94534,336,e1bcfb7b-6cf2-4a73-8aae-6a4786a94534:4:62,VERIFIED_LIVE:2026-07-31 22:13:54:00000305,2026-07-31 22:13:54,Bonk,0.0023148519306143813,1001.4819544839003,1002.06487036135,0.058171471198221664
e1bcfb7b-6cf2-4a73-8aae-6a4786a94534,337,e1bcfb7b-6cf2-4a73-8aae-6a4786a94534:4:63,VERIFIED_LIVE:2026-07-31 22:13:54:00000305,2026-07-31 22:13:54,Bonk,0.0005843618740896273,1001.4825388457743,1002.06487036135,0.05811315542532517
e1bcfb7b-6cf2-4a73-8aae-6a4786a94534,338,e1bcfb7b-6cf2-4a73-8aae-6a4786a94534:4:65,VERIFIED_LIVE:2026-07-31 22:13:54:00000305,2026-07-31 22:13:54,Bonk,0.004395543096147378,1001.4869343888705,1002.06487036135,0.05767450686811341
e1bcfb7b-6cf2-4a73-8aae-6a4786a94534,339,e1bcfb7b-6cf2-4a73-8aae-6a4786a94534:4:66,VERIFIED_LIVE:2026-07-31 22:13:54:00000305,2026-07-31 22:13:54,Bonk,0.0010531614838595535,1001.4879875503543,1002.06487036135,0.05756940773581568
e1bcfb7b-6cf2-4a73-8aae-6a4786a94534,340,e1bcfb7b-6cf2-4a73-8aae-6a4786a94534:4:67,VERIFIED_LIVE:2026-07-31 22:13:54:00000305,2026-07-31 22:13:54,Bonk,0.0008807358218283594,1001.4888682861762,1002.06487036135,0.05748151563941535
e1bcfb7b-6cf2-4a73-8aae-6a4786a94534,341,e1bcfb7b-6cf2-4a73-8aae-6a4786a94534:4:69,VERIFIED_LIVE:2026-07-31 22:13:54:00000305,2026-07-31 22:13:54,Bonk,0.0008042014519734257,1001.4896724876281,1002.06487036135,0.05740126120921404
e1bcfb7b-6cf2-4a73-8aae-6a4786a94534,342,e1bcfb7b-6cf2-4a73-8aae-6a4786a94534:4:70,VERIFIED_LIVE:2026-07-31 22:13:54:00000305,2026-07-31 22:13:54,Bonk,0.000284096509570053,1001.4899565841376,1002.06487036135,0.057372910099628194
e1bcfb7b-6cf2-4a73-8aae-6a4786a94534,343,e1bcfb7b-6cf2-4a73-8aae-6a4786a94534:4:71,VERIFIED_LIVE:2026-07-31 22:13:54:00000305,2026-07-31 22:13:54,Bonk,0.004523860219093003,1001.4944804443568,1002.06487036135,0.056921456271343984
e1bcfb7b-6cf2-4a73-8aae-6a4786a94534,344,e1bcfb7b-6cf2-4a73-8aae-6a4786a94534:4:72,VERIFIED_LIVE:2026-07-31 22:13:54:00000305,2026-07-31 22:13:54,Bonk,0.0027289160619008834,1001.4972093604187,1002.06487036135,0.056649126989819
e1bcfb7b-6cf2-4a73-8aae-6a4786a94534,345,e1bcfb7b-6cf2-4a73-8aae-6a4786a94534:4:73,VERIFIED_LIVE:2026-07-31 22:13:54:00000305,2026-07-31 22:13:54,Bonk,0.0036477799510674135,1001.5008571403697,1002.06487036135,0.05628510066188908
e1bcfb7b-6cf2-4a73-8aae-6a4786a94534,346,e1bcfb7b-6cf2-4a73-8aae-6a4786a94534:4:74,VERIFIED_LIVE:2026-07-31 22:13:54:00000305,2026-07-31 22:13:54,Bonk,0.002129382987401295,1001.5029865233571,1002.06487036135,0.05607260114709985
e1bcfb7b-6cf2-4a73-8aae-6a4786a94534,347,e1bcfb7b-6cf2-4a73-8aae-6a4786a94534:4:75,VERIFIED_LIVE:2026-07-31 22:13:54:00000305,2026-07-31 22:13:54,Bonk,0.0052907035431564685,1001.5082772269003,1002.06487036135,0.05554462100332911
e1bcfb7b-6cf2-4a73-8aae-6a4786a94534,348,e1bcfb7b-6cf2-4a73-8aae-6a4786a94534:4:76,VERIFIED_LIVE:2026-07-31 22:13:54:00000305,2026-07-31 22:13:54,Bonk,0.003886143133859439,1001.5121633700342,1002.06487036135,0.055156807474604844
e1bcfb7b-6cf2-4a73-8aae-6a4786a94534,349,e1bcfb7b-6cf2-4a73-8aae-6a4786a94534:4:77,VERIFIED_LIVE:2026-07-31 22:13:54:00000305,2026-07-31 22:13:54,Bonk,0.000849538031662005,1001.5130129080658,1002.06487036135,0.05507202872856319
e1bcfb7b-6cf2-4a73-8aae-6a4786a94534,350,e1bcfb7b-6cf2-4a73-8aae-6a4786a94534:4:78,VERIFIED_LIVE:2026-07-31 22:13:54:00000305,2026-07-31 22:13:54,Bonk,0.002518419278153329,1001.515531327344,1002.06487036135,0.05482070575011217
e1bcfb7b-6cf2-4a73-8aae-6a4786a94534,351,e1bcfb7b-6cf2-4a73-8aae-6a4786a94534:4:80,VERIFIED_LIVE:2026-07-31 22:13:54:00000305,2026-07-31 22:13:54,Bonk,0.001146386422417293,1001.5166777137664,1002.06487036135,0.05470630333402844
e1bcfb7b-6cf2-4a73-8aae-6a4786a94534,352,e1bcfb7b-6cf2-4a73-8aae-6a4786a94534:4:81,VERIFIED_LIVE:2026-07-31 22:13:54:00000305,2026-07-31 22:13:54,Bonk,0.003135179501105167,1001.5198128932675,1002.06487036135,0.05439343142385261
e1bcfb7b-6cf2-4a73-8aae-6a4786a94534,353,e1bcfb7b-6cf2-4a73-8aae-6a4786a94534:4:82,VERIFIED_LIVE:2026-07-31 22:13:54:00000305,2026-07-31 22:13:54,Bonk,-0.0005924691307926042,1001.5192204241367,1002.06487036135,0.05445255625182425
e1bcfb7b-6cf2-4a73-8aae-6a4786a94534,354,e1bcfb7b-6cf2-4a73-8aae-6a4786a94534:4:83,VERIFIED_LIVE:2026-07-31 22:13:54:00000305,2026-07-31 22:13:54,Bonk,0.004492819409814965,1001.5237132435466,1002.06487036135,0.05400420010815191
e1bcfb7b-6cf2-4a73-8aae-6a4786a94534,355,e1bcfb7b-6cf2-4a73-8aae-6a4786a94534:4:84,VERIFIED_LIVE:2026-07-31 22:13:54:00000305,2026-07-31 22:13:54,Bonk,0.0011046324345427043,1001.5248178759812,1002.06487036135,0.05389396448695989
e1bcfb7b-6cf2-4a73-8aae-6a4786a94534,356,e1bcfb7b-6cf2-4a73-8aae-6a4786a94534:4:85,VERIFIED_LIVE:2026-07-31 22:13:54:00000305,2026-07-31 22:13:54,Bonk,0.003594289680294749,1001.5284121656615,1002.06487036135,0.05353527616381369
e1bcfb7b-6cf2-4a73-8aae-6a4786a94534,357,e1bcfb7b-6cf2-4a73-8aae-6a4786a94534:4:86,VERIFIED_LIVE:2026-07-31 22:13:54:00000305,2026-07-31 22:13:54,Bonk,0.0023539341046309417,1001.5307660997661,1002.06487036135,0.05330036780865627
e1bcfb7b-6cf2-4a73-8aae-6a4786a94534,358,e1bcfb7b-6cf2-4a73-8aae-6a4786a94534:4:87,VERIFIED_LIVE:2026-07-31 22:13:54:00000305,2026-07-31 22:13:54,Bonk,0.003195336816832916,1001.5339614365829,1002.06487036135,0.052981492563018345
e1bcfb7b-6cf2-4a73-8aae-6a4786a94534,359,e1bcfb7b-6cf2-4a73-8aae-6a4786a94534:4:88,VERIFIED_LIVE:2026-07-31 22:13:54:00000305,2026-07-31 22:13:54,Bonk,0.0009469192938285089,1001.5349083558767,1002.06487036135,0.052886995757289335
e1bcfb7b-6cf2-4a73-8aae-6a4786a94534,360,e1bcfb7b-6cf2-4a73-8aae-6a4786a94534:4:89,VERIFIED_LIVE:2026-07-31 22:13:54:00000305,2026-07-31 22:13:54,Bonk,0.0011002230804304782,1001.5360085789572,1002.06487036135,0.05277720016291091
e1bcfb7b-6cf2-4a73-8aae-6a4786a94534,361,e1bcfb7b-6cf2-4a73-8aae-6a4786a94534:4:90,VERIFIED_LIVE:2026-07-31 22:13:54:00000305,2026-07-31 22:13:54,Bonk,0.004875662944018413,1001.5408842419013,1002.06487036135,0.05229063855514644
e1bcfb7b-6cf2-4a73-8aae-6a4786a94534,362,e1bcfb7b-6cf2-4a73-8aae-6a4786a94534:4:91,VERIFIED_LIVE:2026-07-31 22:13:54:00000305,2026-07-31 22:13:54,Bonk,0.0051655560138163525,1001.5460497979151,1002.06487036135,0.05177514737622119
e1bcfb7b-6cf2-4a73-8aae-6a4786a94534,363,e1bcfb7b-6cf2-4a73-8aae-6a4786a94534:4:92,VERIFIED_LIVE:2026-07-31 22:13:54:00000305,2026-07-31 22:13:54,Bonk,0.0011783268782087292,1001.5472281247933,1002.06487036135,0.05165755749626156
e1bcfb7b-6cf2-4a73-8aae-6a4786a94534,364,e1bcfb7b-6cf2-4a73-8aae-6a4786a94534:4:93,VERIFIED_LIVE:2026-07-31 22:13:54:00000305,2026-07-31 22:13:54,Bonk,0.0015478036859356763,1001.5487759284792,1002.06487036135,0.051503096070483576
e1bcfb7b-6cf2-4a73-8aae-6a4786a94534,365,e1bcfb7b-6cf2-4a73-8aae-6a4786a94534:4:94,VERIFIED_LIVE:2026-07-31 22:13:54:00000305,2026-07-31 22:13:54,Bonk,0.0046775633569461055,1001.5534534918362,1002.06487036135,0.05103630360072433
e1bcfb7b-6cf2-4a73-8aae-6a4786a94534,366,e1bcfb7b-6cf2-4a73-8aae-6a4786a94534:4:95,VERIFIED_LIVE:2026-07-31 22:13:54:00000305,2026-07-31 22:13:54,Bonk,0.0027203043044217922,1001.5561737961406,1002.06487036135,0.05076483372039667
e1bcfb7b-6cf2-4a73-8aae-6a4786a94534,367,e1bcfb7b-6cf2-4a73-8aae-6a4786a94534:4:96,VERIFIED_LIVE:2026-07-31 22:13:54:00000305,2026-07-31 22:13:54,Bonk,0.004871711078421006,1001.561045507219,1002.06487036135,0.05027866648487114
e1bcfb7b-6cf2-4a73-8aae-6a4786a94534,368,e1bcfb7b-6cf2-4a73-8aae-6a4786a94534:4:97,VERIFIED_LIVE:2026-07-31 22:13:54:00000305,2026-07-31 22:13:54,Bonk,0.0018857536958854703,1001.5629312609149,1002.06487036135,0.050090479696603865
e1bcfb7b-6cf2-4a73-8aae-6a4786a94534,369,e1bcfb7b-6cf2-4a73-8aae-6a4786a94534:4:98,VERIFIED_LIVE:2026-07-31 22:13:54:00000305,2026-07-31 22:13:54,Bonk,0.0018418320948160368,1001.5647730930096,1002.06487036135,0.04990667601789404
e1bcfb7b-6cf2-4a73-8aae-6a4786a94534,370,e1bcfb7b-6cf2-4a73-8aae-6a4786a94534:4:99,VERIFIED_LIVE:2026-07-31 22:13:54:00000305,2026-07-31 22:13:54,Bonk,0.0010424437142508274,1001.5658155367239,1002.06487036135,0.04980264645403169
e1bcfb7b-6cf2-4a73-8aae-6a4786a94534,371,e1bcfb7b-6cf2-4a73-8aae-6a4786a94534:4:100,VERIFIED_LIVE:2026-07-31 22:13:54:00000305,2026-07-31 22:13:54,Bonk,0.0027921762610352225,1001.5686077129849,1002.06487036135,0.04952400418808984
e1bcfb7b-6cf2-4a73-8aae-6a4786a94534,372,e1bcfb7b-6cf2-4a73-8aae-6a4786a94534:5:1,VERIFIED_LIVE:2026-07-31 22:13:54:00000306,2026-07-31 22:13:54,Fartcoin,-0.0004481769574880394,1001.5681595360275,1002.06487036135,0.049568729531796626
e1bcfb7b-6cf2-4a73-8aae-6a4786a94534,373,e1bcfb7b-6cf2-4a73-8aae-6a4786a94534:5:2,VERIFIED_LIVE:2026-07-31 22:13:54:00000306,2026-07-31 22:13:54,Fartcoin,-0.004099375204165021,1001.5640601608233,1002.06487036135,0.04997782232862455
e1bcfb7b-6cf2-4a73-8aae-6a4786a94534,374,e1bcfb7b-6cf2-4a73-8aae-6a4786a94534:5:3,VERIFIED_LIVE:2026-07-31 22:13:54:00000306,2026-07-31 22:13:54,Fartcoin,-0.0006277579288613687,1001.5634324028944,1002.06487036135,0.05004046876474498
e1bcfb7b-6cf2-4a73-8aae-6a4786a94534,375,e1bcfb7b-6cf2-4a73-8aae-6a4786a94534:5:4,VERIFIED_LIVE:2026-07-31 22:13:54:00000306,2026-07-31 22:13:54,Fartcoin,-0.0005812764782754582,1001.562851126416,1002.06487036135,0.050098476633848206
e1bcfb7b-6cf2-4a73-8aae-6a4786a94534,376,e1bcfb7b-6cf2-4a73-8aae-6a4786a94534:5:5,VERIFIED_LIVE:2026-07-31 22:13:54:00000306,2026-07-31 22:13:54,Fartcoin,-0.002842076027595581,1001.5600090503884,1002.06487036135,0.05038209859402929
e1bcfb7b-6cf2-4a73-8aae-6a4786a94534,377,e1bcfb7b-6cf2-4a73-8aae-6a4786a94534:5:6,VERIFIED_LIVE:2026-07-31 22:13:54:00000306,2026-07-31 22:13:54,Fartcoin,-0.003890917777545145,1001.5561181326109,1002.06487036135,0.05077038860325159
e1bcfb7b-6cf2-4a73-8aae-6a4786a94534,378,e1bcfb7b-6cf2-4a73-8aae-6a4786a94534:5:7,VERIFIED_LIVE:2026-07-31 22:13:54:00000306,2026-07-31 22:13:54,Fartcoin,-0.002310286766933142,1001.553807845844,1002.06487036135,0.051000941218683475
e1bcfb7b-6cf2-4a73-8aae-6a4786a94534,379,e1bcfb7b-6cf2-4a73-8aae-6a4786a94534:5:8,VERIFIED_LIVE:2026-07-31 22:13:54:00000306,2026-07-31 22:13:54,Fartcoin,0.0007970034949511895,1001.554604849339,1002.06487036135,0.05092140510095613
e1bcfb7b-6cf2-4a73-8aae-6a4786a94534,380,e1bcfb7b-6cf2-4a73-8aae-6a4786a94534:5:9,VERIFIED_LIVE:2026-07-31 22:13:54:00000306,2026-07-31 22:13:54,Fartcoin,-0.003633060943671884,1001.5509717883953,1002.06487036135,0.0512839625611707
e1bcfb7b-6cf2-4a73-8aae-6a4786a94534,381,e1bcfb7b-6cf2-4a73-8aae-6a4786a94534:5:10,VERIFIED_LIVE:2026-07-31 22:13:54:00000306,2026-07-31 22:13:54,Fartcoin,-0.0015816261326753226,1001.5493901622626,1002.06487036135,0.05144179926210836
e1bcfb7b-6cf2-4a73-8aae-6a4786a94534,382,e1bcfb7b-6cf2-4a73-8aae-6a4786a94534:5:11,VERIFIED_LIVE:2026-07-31 22:13:54:00000306,2026-07-31 22:13:54,Fartcoin,-0.0025345589216114956,1001.546855603341,1002.06487036135,0.05169473287914302
e1bcfb7b-6cf2-4a73-8aae-6a4786a94534,383,e1bcfb7b-6cf2-4a73-8aae-6a4786a94534:5:12,VERIFIED_LIVE:2026-07-31 22:13:54:00000306,2026-07-31 22:13:54,Fartcoin,-0.003500777577859569,1001.5433548257631,1002.06487036135,0.05204408926129092
e1bcfb7b-6cf2-4a73-8aae-6a4786a94534,384,e1bcfb7b-6cf2-4a73-8aae-6a4786a94534:5:13,VERIFIED_LIVE:2026-07-31 22:13:54:00000306,2026-07-31 22:13:54,Fartcoin,-0.004238315834357651,1001.5391165099287,1002.06487036135,0.05246704749082004
e1bcfb7b-6cf2-4a73-8aae-6a4786a94534,385,e1bcfb7b-6cf2-4a73-8aae-6a4786a94534:5:14,VERIFIED_LIVE:2026-07-31 22:13:54:00000306,2026-07-31 22:13:54,Fartcoin,-0.003644471141376102,1001.5354720387874,1002.06487036135,0.05283074361959743
e1bcfb7b-6cf2-4a73-8aae-6a4786a94534,386,e1bcfb7b-6cf2-4a73-8aae-6a4786a94534:5:15,VERIFIED_LIVE:2026-07-31 22:13:54:00000306,2026-07-31 22:13:54,Fartcoin,-0.004300452578212861,1001.5311715862091,1002.06487036135,0.05325990271951805
e1bcfb7b-6cf2-4a73-8aae-6a4786a94534,387,e1bcfb7b-6cf2-4a73-8aae-6a4786a94534:5:16,VERIFIED_LIVE:2026-07-31 22:13:54:00000306,2026-07-31 22:13:54,Fartcoin,-0.002198432181199111,1001.5289731540279,1002.06487036135,0.05347929292530624
e1bcfb7b-6cf2-4a73-8aae-6a4786a94534,388,e1bcfb7b-6cf2-4a73-8aae-6a4786a94534:5:17,VERIFIED_LIVE:2026-07-31 22:13:54:00000306,2026-07-31 22:13:54,Fartcoin,-0.0006901691035049323,1001.5282829849244,1002.06487036135,0.05354816761833895
e1bcfb7b-6cf2-4a73-8aae-6a4786a94534,389,e1bcfb7b-6cf2-4a73-8aae-6a4786a94534:5:18,VERIFIED_LIVE:2026-07-31 22:13:54:00000306,2026-07-31 22:13:54,Fartcoin,-0.0035646256813385902,1001.5247183592431,1002.06487036135,0.05390389565419027
e1bcfb7b-6cf2-4a73-8aae-6a4786a94534,390,e1bcfb7b-6cf2-4a73-8aae-6a4786a94534:5:19,VERIFIED_LIVE:2026-07-31 22:13:54:00000306,2026-07-31 22:13:54,Fartcoin,-0.0010029996652363045,1001.5237153595779,1002.06487036135,0.05400398894105632
e1bcfb7b-6cf2-4a73-8aae-6a4786a94534,391,e1bcfb7b-6cf2-4a73-8aae-6a4786a94534:5:20,VERIFIED_LIVE:2026-07-31 22:13:54:00000306,2026-07-31 22:13:54,Fartcoin,-0.0038331093029982657,1001.5198822502749,1002.06487036135,0.05438651001492286
e1bcfb7b-6cf2-4a73-8aae-6a4786a94534,392,e1bcfb7b-6cf2-4a73-8aae-6a4786a94534:5:21,VERIFIED_LIVE:2026-07-31 22:13:54:00000306,2026-07-31 22:13:54,Fartcoin,-0.001916459549809943,1001.5179657907252,1002.06487036135,0.05457776106128179
e1bcfb7b-6cf2-4a73-8aae-6a4786a94534,393,e1bcfb7b-6cf2-4a73-8aae-6a4786a94534:5:22,VERIFIED_LIVE:2026-07-31 22:13:54:00000306,2026-07-31 22:13:54,Fartcoin,-0.0016868933904797732,1001.5162788973347,1002.06487036135,0.05474610279646784
e1bcfb7b-6cf2-4a73-8aae-6a4786a94534,394,e1bcfb7b-6cf2-4a73-8aae-6a4786a94534:5:24,VERIFIED_LIVE:2026-07-31 22:13:54:00000306,2026-07-31 22:13:54,Fartcoin,-0.0011619991351827935,1001.5151168981995,1002.06487036135,0.0548620632666505
e1bcfb7b-6cf2-4a73-8aae-6a4786a94534,395,e1bcfb7b-6cf2-4a73-8aae-6a4786a94534:5:26,VERIFIED_LIVE:2026-07-31 22:13:54:00000306,2026-07-31 22:13:54,Fartcoin,-0.0010399392303039265,1001.5140769589692,1002.06487036135,0.05496584289819337
e1bcfb7b-6cf2-4a73-8aae-6a4786a94534,396,e1bcfb7b-6cf2-4a73-8aae-6a4786a94534:5:27,VERIFIED_LIVE:2026-07-31 22:13:54:00000306,2026-07-31 22:13:54,Fartcoin,-0.0020285671209458616,1001.5120483918482,1002.06487036135,0.055168281600615515
e1bcfb7b-6cf2-4a73-8aae-6a4786a94534,397,e1bcfb7b-6cf2-4a73-8aae-6a4786a94534:5:28,VERIFIED_LIVE:2026-07-31 22:13:54:00000306,2026-07-31 22:13:54,Fartcoin,-0.0037666191512447816,1001.5082817726969,1002.06487036135,0.05554416736038019
e1bcfb7b-6cf2-4a73-8aae-6a4786a94534,398,e1bcfb7b-6cf2-4a73-8aae-6a4786a94534:5:29,VERIFIED_LIVE:2026-07-31 22:13:54:00000306,2026-07-31 22:13:54,Fartcoin,-0.002685925195834465,1001.5055958475011,1002.06487036135,0.055812206414063134
e1bcfb7b-6cf2-4a73-8aae-6a4786a94534,399,e1bcfb7b-6cf2-4a73-8aae-6a4786a94534:5:30,VERIFIED_LIVE:2026-07-31 22:13:54:00000306,2026-07-31 22:13:54,Fartcoin,-0.001455455961449856,1001.5041403915396,1002.06487036135,0.055957452096707
e1bcfb7b-6cf2-4a73-8aae-6a4786a94534,400,e1bcfb7b-6cf2-4a73-8aae-6a4786a94534:5:31,VERIFIED_LIVE:2026-07-31 22:13:54:00000306,2026-07-31 22:13:54,Fartcoin,-0.0011260975925184034,1001.5030142939471,1002.06487036135,0.056069829810549664
e1bcfb7b-6cf2-4a73-8aae-6a4786a94534,401,e1bcfb7b-6cf2-4a73-8aae-6a4786a94534:5:32,VERIFIED_LIVE:2026-07-31 22:13:54:00000306,2026-07-31 22:13:54,Fartcoin,-0.003867690513564564,1001.4991466034336,1002.06487036135,0.056455801879615554
e1bcfb7b-6cf2-4a73-8aae-6a4786a94534,402,e1bcfb7b-6cf2-4a73-8aae-6a4786a94534:5:34,VERIFIED_LIVE:2026-07-31 22:13:54:00000306,2026-07-31 22:13:54,Fartcoin,-0.0021072264973125403,1001.4970393769363,1002.06487036135,0.056666090310994996
e1bcfb7b-6cf2-4a73-8aae-6a4786a94534,403,e1bcfb7b-6cf2-4a73-8aae-6a4786a94534:5:35,VERIFIED_LIVE:2026-07-31 22:13:54:00000306,2026-07-31 22:13:54,Fartcoin,-0.0018011000006623876,1001.4952382769357,1002.06487036135,0.056845829173609606
e1bcfb7b-6cf2-4a73-8aae-6a4786a94534,404,e1bcfb7b-6cf2-4a73-8aae-6a4786a94534:5:36,VERIFIED_LIVE:2026-07-31 22:13:54:00000306,2026-07-31 22:13:54,Fartcoin,-0.003950276687078955,1001.4912880002486,1002.06487036135,0.057240042842197136
e1bcfb7b-6cf2-4a73-8aae-6a4786a94534,405,e1bcfb7b-6cf2-4a73-8aae-6a4786a94534:5:37,VERIFIED_LIVE:2026-07-31 22:13:54:00000306,2026-07-31 22:13:54,Fartcoin,-0.0037857586597542956,1001.4875022415888,1002.06487036135,0.05761783860889322
e1bcfb7b-6cf2-4a73-8aae-6a4786a94534,406,e1bcfb7b-6cf2-4a73-8aae-6a4786a94534:5:38,VERIFIED_LIVE:2026-07-31 22:13:54:00000306,2026-07-31 22:13:54,Fartcoin,-0.004170209221217859,1001.4833320323676,1002.06487036135,0.058034000211257875
e1bcfb7b-6cf2-4a73-8aae-6a4786a94534,407,e1bcfb7b-6cf2-4a73-8aae-6a4786a94534:5:39,VERIFIED_LIVE:2026-07-31 22:13:54:00000306,2026-07-31 22:13:54,Fartcoin,-0.001826934811398015,1001.4815050975561,1002.06487036135,0.05821631723139135
e1bcfb7b-6cf2-4a73-8aae-6a4786a94534,408,e1bcfb7b-6cf2-4a73-8aae-6a4786a94534:5:40,VERIFIED_LIVE:2026-07-31 22:13:54:00000306,2026-07-31 22:13:54,Fartcoin,-0.0027604870052557223,1001.4787446105508,1002.06487036135,0.05849179710169956
e1bcfb7b-6cf2-4a73-8aae-6a4786a94534,409,e1bcfb7b-6cf2-4a73-8aae-6a4786a94534:5:41,VERIFIED_LIVE:2026-07-31 22:13:54:00000306,2026-07-31 22:13:54,Fartcoin,-0.0030958758817697814,1001.4756487346691,1002.06487036135,0.05880074674890394
e1bcfb7b-6cf2-4a73-8aae-6a4786a94534,410,e1bcfb7b-6cf2-4a73-8aae-6a4786a94534:5:42,VERIFIED_LIVE:2026-07-31 22:13:54:00000306,2026-07-31 22:13:54,Fartcoin,-0.0026429191238974553,1001.4730058155452,1002.06487036135,0.059064494057294005
e1bcfb7b-6cf2-4a73-8aae-6a4786a94534,411,e1bcfb7b-6cf2-4a73-8aae-6a4786a94534:5:43,VERIFIED_LIVE:2026-07-31 22:13:54:00000306,2026-07-31 22:13:54,Fartcoin,-0.0031320739062127637,1001.469873741639,1002.06487036135,0.05937705604791932
e1bcfb7b-6cf2-4a73-8aae-6a4786a94534,412,e1bcfb7b-6cf2-4a73-8aae-6a4786a94534:5:44,VERIFIED_LIVE:2026-07-31 22:13:54:00000306,2026-07-31 22:13:54,Fartcoin,-0.002395992296652693,1001.4674777493424,1002.06487036135,0.05961616155571001
e1bcfb7b-6cf2-4a73-8aae-6a4786a94534,413,e1bcfb7b-6cf2-4a73-8aae-6a4786a94534:5:45,VERIFIED_LIVE:2026-07-31 22:13:54:00000306,2026-07-31 22:13:54,Fartcoin,-0.003512288341401936,1001.463965461001,1002.06487036135,0.059966666642287836
e1bcfb7b-6cf2-4a73-8aae-6a4786a94534,414,e1bcfb7b-6cf2-4a73-8aae-6a4786a94534:5:46,VERIFIED_LIVE:2026-07-31 22:13:54:00000306,2026-07-31 22:13:54,Fartcoin,-0.003215130483844676,1001.4607503305172,1002.06487036135,0.06028751717591006
e1bcfb7b-6cf2-4a73-8aae-6a4786a94534,415,e1bcfb7b-6cf2-4a73-8aae-6a4786a94534:5:47,VERIFIED_LIVE:2026-07-31 22:13:54:00000306,2026-07-31 22:13:54,Fartcoin,0.0003695837403754347,1001.4611199142576,1002.06487036135,0.06025063495886751
e1bcfb7b-6cf2-4a73-8aae-6a4786a94534,416,e1bcfb7b-6cf2-4a73-8aae-6a4786a94534:5:48,VERIFIED_LIVE:2026-07-31 22:13:54:00000306,2026-07-31 22:13:54,Fartcoin,-0.004447744478720289,1001.4566721697788,1002.06487036135,0.06069449289763899
e1bcfb7b-6cf2-4a73-8aae-6a4786a94534,417,e1bcfb7b-6cf2-4a73-8aae-6a4786a94534:5:49,VERIFIED_LIVE:2026-07-31 22:13:54:00000306,2026-07-31 22:13:54,Fartcoin,-0.0010034212416503898,1001.4556687485372,1002.06487036135,0.06079462825527174
e1bcfb7b-6cf2-4a73-8aae-6a4786a94534,418,e1bcfb7b-6cf2-4a73-8aae-6a4786a94534:5:50,VERIFIED_LIVE:2026-07-31 22:13:54:00000306,2026-07-31 22:13:54,Fartcoin,-0.004390260256466651,1001.4512784882806,1002.06487036135,0.06123274961710841
e1bcfb7b-6cf2-4a73-8aae-6a4786a94534,419,e1bcfb7b-6cf2-4a73-8aae-6a4786a94534:5:51,VERIFIED_LIVE:2026-07-31 22:13:54:00000306,2026-07-31 22:13:54,Fartcoin,-0.0028209904394568756,1001.4484574978412,1002.06487036135,0.061514267363401064
e1bcfb7b-6cf2-4a73-8aae-6a4786a94534,420,e1bcfb7b-6cf2-4a73-8aae-6a4786a94534:5:53,VERIFIED_LIVE:2026-07-31 22:13:54:00000306,2026-07-31 22:13:54,Fartcoin,-0.0016795170560654667,1001.4467779807851,1002.06487036135,0.06168187298513216
e1bcfb7b-6cf2-4a73-8aae-6a4786a94534,421,e1bcfb7b-6cf2-4a73-8aae-6a4786a94534:5:54,VERIFIED_LIVE:2026-07-31 22:13:54:00000306,2026-07-31 22:13:54,Fartcoin,-0.004213102023532273,1001.4425648787616,1002.06487036135,0.062102315029169505
e1bcfb7b-6cf2-4a73-8aae-6a4786a94534,422,e1bcfb7b-6cf2-4a73-8aae-6a4786a94534:5:56,VERIFIED_LIVE:2026-07-31 22:13:54:00000306,2026-07-31 22:13:54,Fartcoin,-0.003065347556117511,1001.4394995312055,1002.06487036135,0.062408218134525476
e1bcfb7b-6cf2-4a73-8aae-6a4786a94534,423,e1bcfb7b-6cf2-4a73-8aae-6a4786a94534:5:57,VERIFIED_LIVE:2026-07-31 22:13:54:00000306,2026-07-31 22:13:54,Fartcoin,-0.0010456022795351239,1001.4384539289259,1002.06487036135,0.06251256290405675
e1bcfb7b-6cf2-4a73-8aae-6a4786a94534,424,e1bcfb7b-6cf2-4a73-8aae-6a4786a94534:5:58,VERIFIED_LIVE:2026-07-31 22:13:54:00000306,2026-07-31 22:13:54,Fartcoin,-0.0027719634355022936,1001.4356819654904,1002.06487036135,0.06278918805253854
e1bcfb7b-6cf2-4a73-8aae-6a4786a94534,425,e1bcfb7b-6cf2-4a73-8aae-6a4786a94534:5:59,VERIFIED_LIVE:2026-07-31 22:13:54:00000306,2026-07-31 22:13:54,Fartcoin,-0.0024791597637680513,1001.4332028057266,1002.06487036135,0.06303659316942202
e1bcfb7b-6cf2-4a73-8aae-6a4786a94534,426,e1bcfb7b-6cf2-4a73-8aae-6a4786a94534:5:60,VERIFIED_LIVE:2026-07-31 22:13:54:00000306,2026-07-31 22:13:54,Fartcoin,-0.0004977541518775178,1001.4327050515748,1002.06487036135,0.06308626601661864
e1bcfb7b-6cf2-4a73-8aae-6a4786a94534,427,e1bcfb7b-6cf2-4a73-8aae-6a4786a94534:5:61,VERIFIED_LIVE:2026-07-31 22:13:54:00000306,2026-07-31 22:13:54,Fartcoin,-0.002051808131883988,1001.4306532434429,1002.06487036135,0.06329102403105434
e1bcfb7b-6cf2-4a73-8aae-6a4786a94534,428,e1bcfb7b-6cf2-4a73-8aae-6a4786a94534:5:62,VERIFIED_LIVE:2026-07-31 22:13:54:00000306,2026-07-31 22:13:54,Fartcoin,-0.004902207787576885,1001.4257510356553,1002.06487036135,0.0637802346533009
e1bcfb7b-6cf2-4a73-8aae-6a4786a94534,429,e1bcfb7b-6cf2-4a73-8aae-6a4786a94534:5:63,VERIFIED_LIVE:2026-07-31 22:13:54:00000306,2026-07-31 22:13:54,Fartcoin,-0.0016022652110597266,1001.4241487704442,1002.06487036135,0.06394013100916383
e1bcfb7b-6cf2-4a73-8aae-6a4786a94534,430,e1bcfb7b-6cf2-4a73-8aae-6a4786a94534:5:64,VERIFIED_LIVE:2026-07-31 22:13:54:00000306,2026-07-31 22:13:54,Fartcoin,-0.0004583177795564673,1001.4236904526646,1002.06487036135,0.06398586834545267
e1bcfb7b-6cf2-4a73-8aae-6a4786a94534,431,e1bcfb7b-6cf2-4a73-8aae-6a4786a94534:5:65,VERIFIED_LIVE:2026-07-31 22:13:54:00000306,2026-07-31 22:13:54,Fartcoin,-0.0019276591761723833,1001.4217627934884,1002.06487036135,0.0641782370466435
e1bcfb7b-6cf2-4a73-8aae-6a4786a94534,432,e1bcfb7b-6cf2-4a73-8aae-6a4786a94534:5:66,VERIFIED_LIVE:2026-07-31 22:13:54:00000306,2026-07-31 22:13:54,Fartcoin,-0.004499985558230831,1001.4172628079301,1002.06487036135,0.06462730832848894
e1bcfb7b-6cf2-4a73-8aae-6a4786a94534,433,e1bcfb7b-6cf2-4a73-8aae-6a4786a94534:5:67,VERIFIED_LIVE:2026-07-31 22:13:54:00000306,2026-07-31 22:13:54,Fartcoin,-0.004306502361119477,1001.412956305569,1002.06487036135,0.06505707116007022
e1bcfb7b-6cf2-4a73-8aae-6a4786a94534,434,e1bcfb7b-6cf2-4a73-8aae-6a4786a94534:5:69,VERIFIED_LIVE:2026-07-31 22:13:54:00000306,2026-07-31 22:13:54,Fartcoin,-0.0020746322510227086,1001.4108816733179,1002.06487036135,0.06526410688324545
e1bcfb7b-6cf2-4a73-8aae-6a4786a94534,435,e1bcfb7b-6cf2-4a73-8aae-6a4786a94534:5:70,VERIFIED_LIVE:2026-07-31 22:13:54:00000306,2026-07-31 22:13:54,Fartcoin,-0.003605665349704935,1001.4072760079682,1002.06487036135,0.06562393042924099
e1bcfb7b-6cf2-4a73-8aae-6a4786a94534,436,e1bcfb7b-6cf2-4a73-8aae-6a4786a94534:5:71,VERIFIED_LIVE:2026-07-31 22:13:54:00000306,2026-07-31 22:13:54,Fartcoin,-0.004818198589782674,1001.4024578093785,1002.06487036135,0.06610475744276782
e1bcfb7b-6cf2-4a73-8aae-6a4786a94534,437,e1bcfb7b-6cf2-4a73-8aae-6a4786a94534:5:72,VERIFIED_LIVE:2026-07-31 22:13:54:00000306,2026-07-31 22:13:54,Fartcoin,0.0001164600528567462,1001.4025742694313,1002.06487036135,0.06609313543542406
e1bcfb7b-6cf2-4a73-8aae-6a4786a94534,438,e1bcfb7b-6cf2-4a73-8aae-6a4786a94534:5:73,VERIFIED_LIVE:2026-07-31 22:13:54:00000306,2026-07-31 22:13:54,Fartcoin,-0.004598154325412562,1001.3979761151058,1002.06487036135,0.06655200336517969
e1bcfb7b-6cf2-4a73-8aae-6a4786a94534,439,e1bcfb7b-6cf2-4a73-8aae-6a4786a94534:5:75,VERIFIED_LIVE:2026-07-31 22:13:54:00000306,2026-07-31 22:13:54,Fartcoin,0.00040432305362763407,1001.3983804381595,1002.06487036135,0.0665116543752473
e1bcfb7b-6cf2-4a73-8aae-6a4786a94534,440,e1bcfb7b-6cf2-4a73-8aae-6a4786a94534:5:76,VERIFIED_LIVE:2026-07-31 22:13:54:00000306,2026-07-31 22:13:54,Fartcoin,0.00015683242746815157,1001.398537270587,1002.06487036135,0.06649600344963187
e1bcfb7b-6cf2-4a73-8aae-6a4786a94534,441,e1bcfb7b-6cf2-4a73-8aae-6a4786a94534:5:77,VERIFIED_LIVE:2026-07-31 22:13:54:00000306,2026-07-31 22:13:54,Fartcoin,-0.002545740914018951,1001.395991529673,1002.06487036135,0.0667500529617242
e1bcfb7b-6cf2-4a73-8aae-6a4786a94534,442,e1bcfb7b-6cf2-4a73-8aae-6a4786a94534:5:78,VERIFIED_LIVE:2026-07-31 22:13:54:00000306,2026-07-31 22:13:54,Fartcoin,-0.00012536513294542269,1001.39586616454,1002.06487036135,0.0667625636420842
e1bcfb7b-6cf2-4a73-8aae-6a4786a94534,443,e1bcfb7b-6cf2-4a73-8aae-6a4786a94534:5:79,VERIFIED_LIVE:2026-07-31 22:13:54:00000306,2026-07-31 22:13:54,Fartcoin,9.071805464821309e-05,1001.3959568825946,1002.06487036135,0.06675351053012739
e1bcfb7b-6cf2-4a73-8aae-6a4786a94534,444,e1bcfb7b-6cf2-4a73-8aae-6a4786a94534:5:80,VERIFIED_LIVE:2026-07-31 22:13:54:00000306,2026-07-31 22:13:54,Fartcoin,-0.0025447975279540595,1001.3934120850666,1002.06487036135,0.06700746589801544
e1bcfb7b-6cf2-4a73-8aae-6a4786a94534,445,e1bcfb7b-6cf2-4a73-8aae-6a4786a94534:5:81,VERIFIED_LIVE:2026-07-31 22:13:54:00000306,2026-07-31 22:13:54,Fartcoin,-0.003724663743913677,1001.3896874213227,1002.06487036135,0.06737916476243933
e1bcfb7b-6cf2-4a73-8aae-6a4786a94534,446,e1bcfb7b-6cf2-4a73-8aae-6a4786a94534:5:82,VERIFIED_LIVE:2026-07-31 22:13:54:00000306,2026-07-31 22:13:54,Fartcoin,-0.000800356757917007,1001.3888870645648,1002.06487036135,0.06745903551548499
e1bcfb7b-6cf2-4a73-8aae-6a4786a94534,447,e1bcfb7b-6cf2-4a73-8aae-6a4786a94534:5:83,VERIFIED_LIVE:2026-07-31 22:13:54:00000306,2026-07-31 22:13:54,Fartcoin,-0.0012101055456629293,1001.3876769590191,1002.06487036135,0.06757979671382815
e1bcfb7b-6cf2-4a73-8aae-6a4786a94534,448,e1bcfb7b-6cf2-4a73-8aae-6a4786a94534:5:84,VERIFIED_LIVE:2026-07-31 22:13:54:00000306,2026-07-31 22:13:54,Fartcoin,-0.0038510574500330097,1001.3838259015691,1002.06487036135,0.06796410890397644
e1bcfb7b-6cf2-4a73-8aae-6a4786a94534,449,e1bcfb7b-6cf2-4a73-8aae-6a4786a94534:5:85,VERIFIED_LIVE:2026-07-31 22:13:54:00000306,2026-07-31 22:13:54,Fartcoin,-0.005042991857018823,1001.3787829097121,1002.06487036135,0.06846736892298586
e1bcfb7b-6cf2-4a73-8aae-6a4786a94534,450,e1bcfb7b-6cf2-4a73-8aae-6a4786a94534:5:87,VERIFIED_LIVE:2026-07-31 22:13:54:00000306,2026-07-31 22:13:54,Fartcoin,-0.0026125027228908948,1001.3761704069892,1002.06487036135,0.06872808085892193
e1bcfb7b-6cf2-4a73-8aae-6a4786a94534,451,e1bcfb7b-6cf2-4a73-8aae-6a4786a94534:5:88,VERIFIED_LIVE:2026-07-31 22:13:54:00000306,2026-07-31 22:13:54,Fartcoin,-0.0030909660653242145,1001.3730794409239,1002.06487036135,0.06903654053620814
e1bcfb7b-6cf2-4a73-8aae-6a4786a94534,452,e1bcfb7b-6cf2-4a73-8aae-6a4786a94534:5:89,VERIFIED_LIVE:2026-07-31 22:13:54:00000306,2026-07-31 22:13:54,Fartcoin,-0.0027134403670845495,1001.3703660005568,1002.06487036135,0.06930732543719922
e1bcfb7b-6cf2-4a73-8aae-6a4786a94534,453,e1bcfb7b-6cf2-4a73-8aae-6a4786a94534:5:90,VERIFIED_LIVE:2026-07-31 22:13:54:00000306,2026-07-31 22:13:54,Fartcoin,-0.001727308042048096,1001.3686386925148,1002.06487036135,0.06947970030964044
e1bcfb7b-6cf2-4a73-8aae-6a4786a94534,454,e1bcfb7b-6cf2-4a73-8aae-6a4786a94534:5:91,VERIFIED_LIVE:2026-07-31 22:13:54:00000306,2026-07-31 22:13:54,Fartcoin,-0.0010474184595800756,1001.3675912740551,1002.06487036135,0.06958422632293565
e1bcfb7b-6cf2-4a73-8aae-6a4786a94534,455,e1bcfb7b-6cf2-4a73-8aae-6a4786a94534:5:92,VERIFIED_LIVE:2026-07-31 22:13:54:00000306,2026-07-31 22:13:54,Fartcoin,-0.002641232913876961,1001.3649500411412,1002.06487036135,0.06984780535778892
e1bcfb7b-6cf2-4a73-8aae-6a4786a94534,456,e1bcfb7b-6cf2-4a73-8aae-6a4786a94534:5:93,VERIFIED_LIVE:2026-07-31 22:13:54:00000306,2026-07-31 22:13:54,Fartcoin,0.00030033307780447213,1001.365250374219,1002.06487036135,0.06981783393710689
e1bcfb7b-6cf2-4a73-8aae-6a4786a94534,457,e1bcfb7b-6cf2-4a73-8aae-6a4786a94534:5:94,VERIFIED_LIVE:2026-07-31 22:13:54:00000306,2026-07-31 22:13:54,Fartcoin,-0.0012701505349689752,1001.363980223684,1002.06487036135,0.06994458726142354
e1bcfb7b-6cf2-4a73-8aae-6a4786a94534,458,e1bcfb7b-6cf2-4a73-8aae-6a4786a94534:5:95,VERIFIED_LIVE:2026-07-31 22:13:54:00000306,2026-07-31 22:13:54,Fartcoin,-0.0022908585261948917,1001.3616893651579,1002.06487036135,0.07017320105619256
e1bcfb7b-6cf2-4a73-8aae-6a4786a94534,459,e1bcfb7b-6cf2-4a73-8aae-6a4786a94534:5:96,VERIFIED_LIVE:2026-07-31 22:13:54:00000306,2026-07-31 22:13:54,Fartcoin,-0.0003745052219246025,1001.361314859936,1002.06487036135,0.0702105744072561
e1bcfb7b-6cf2-4a73-8aae-6a4786a94534,460,e1bcfb7b-6cf2-4a73-8aae-6a4786a94534:5:97,VERIFIED_LIVE:2026-07-31 22:13:54:00000306,2026-07-31 22:13:54,Fartcoin,-0.0040760883736045295,1001.3572387715624,1002.06487036135,0.07061734331954603
e1bcfb7b-6cf2-4a73-8aae-6a4786a94534,461,e1bcfb7b-6cf2-4a73-8aae-6a4786a94534:5:98,VERIFIED_LIVE:2026-07-31 22:13:54:00000306,2026-07-31 22:13:54,Fartcoin,-0.0015016008902313863,1001.3557371706721,1002.06487036135,0.07076719398637196
e1bcfb7b-6cf2-4a73-8aae-6a4786a94534,462,e1bcfb7b-6cf2-4a73-8aae-6a4786a94534:5:99,VERIFIED_LIVE:2026-07-31 22:13:54:00000306,2026-07-31 22:13:54,Fartcoin,-0.0004464690788594141,1001.3552907015933,1002.06487036135,0.07081174889414725
e1bcfb7b-6cf2-4a73-8aae-6a4786a94534,463,e1bcfb7b-6cf2-4a73-8aae-6a4786a94534:5:100,VERIFIED_LIVE:2026-07-31 22:13:54:00000306,2026-07-31 22:13:54,Fartcoin,-0.0016939856643544964,1001.3535967159289,1002.06487036135,0.0709807983952788
